event_id,user_id,session_id,timestamp,product_id,search_event_id
AU00008_0_SESS_U00008_0_0,U00008,SESS_U00008_0_0,2026-06-01 20:00:17,P0006,SU00008_0_SESS_U00008_0_0
AU00027_0_SESS_U00027_0_0,U00027,SESS_U00027_0_0,2026-06-01 13:12:39,P0261,SU00027_0_SESS_U00027_0_0
AU00037_0_SESS_U00037_0_1,U00037,SESS_U00037_0_1,2026-06-01 14:41:52,P0450,SU00037_0_SESS_U00037_0_1
AU00048_0_SESS_U00048_0_0,U00048,SESS_U00048_0_0,2026-06-01 15:24:22,P0041,SU00048_0_SESS_U00048_0_0
AU00058_0_SESS_U00058_0_1,U00058,SESS_U00058_0_1,2026-06-01 20:57:18,P0482,SU00058_0_SESS_U00058_0_1
AU00058_0_SESS_U00058_0_1,U00058,SESS_U00058_0_1,2026-06-01 16:11:32,P0451,SU00058_0_SESS_U00058_0_1
AU00060_0_SESS_U00060_0_0,U00060,SESS_U00060_0_0,2026-06-01 22:05:40,P0249,SU00060_0_SESS_U00060_0_0
AU00060_0_SESS_U00060_0_0,U00060,SESS_U00060_0_0,2026-06-01 07:22:46,P0049,SU00060_0_SESS_U00060_0_0
AU00073_0_SESS_U00073_0_0,U00073,SESS_U00073_0_0,2026-06-01 12:02:43,P0433,SU00073_0_SESS_U00073_0_0
AU00080_0_SESS_U00080_0_0,U00080,SESS_U00080_0_0,2026-06-01 09:20:34,P0006,SU00080_0_SESS_U00080_0_0
AU00080_0_SESS_U00080_0_1,U00080,SESS_U00080_0_1,2026-06-01 07:27:21,P0246,SU00080_0_SESS_U00080_0_1
AU00097_0_SESS_U00097_0_0,U00097,SESS_U00097_0_0,2026-06-01 10:33:34,P0115,SU00097_0_SESS_U00097_0_0
AU00106_0_SESS_U00106_0_0,U00106,SESS_U00106_0_0,2026-06-01 19:41:42,P0059,SU00106_0_SESS_U00106_0_0
AU00112_0_SESS_U00112_0_0,U00112,SESS_U00112_0_0,2026-06-01 07:01:57,P0002,SU00112_0_SESS_U00112_0_0
AU00119_0_SESS_U00119_0_0,U00119,SESS_U00119_0_0,2026-06-01 20:40:36,P0016,SU00119_0_SESS_U00119_0_0
AU00120_0_SESS_U00120_0_0,U00120,SESS_U00120_0_0,2026-06-01 07:58:27,P0166,SU00120_0_SESS_U00120_0_0
AU00123_0_SESS_U00123_0_0,U00123,SESS_U00123_0_0,2026-06-01 20:38:30,P0028,SU00123_0_SESS_U00123_0_0
AU00125_0_SESS_U00125_0_0,U00125,SESS_U00125_0_0,2026-06-01 11:45:15,P0001,SU00125_0_SESS_U00125_0_0
AU00129_0_SESS_U00129_0_0,U00129,SESS_U00129_0_0,2026-06-01 07:56:35,P0427,SU00129_0_SESS_U00129_0_0
AU00149_0_SESS_U00149_0_0,U00149,SESS_U00149_0_0,2026-06-01 14:18:46,P0069,SU00149_0_SESS_U00149_0_0
AU00170_0_SESS_U00170_0_0,U00170,SESS_U00170_0_0,2026-06-01 12:22:36,P0002,SU00170_0_SESS_U00170_0_0
AU00179_0_SESS_U00179_0_0,U00179,SESS_U00179_0_0,2026-06-01 18:31:23,P0433,SU00179_0_SESS_U00179_0_0
AU00179_0_SESS_U00179_0_0,U00179,SESS_U00179_0_0,2026-06-01 21:36:39,P0427,SU00179_0_SESS_U00179_0_0
AU00179_0_SESS_U00179_0_1,U00179,SESS_U00179_0_1,2026-06-01 20:31:13,P0183,SU00179_0_SESS_U00179_0_1
AU00200_0_SESS_U00200_0_0,U00200,SESS_U00200_0_0,2026-06-01 14:36:02,P0065,SU00200_0_SESS_U00200_0_0
AU00216_0_SESS_U00216_0_0,U00216,SESS_U00216_0_0,2026-06-01 18:46:54,P0279,SU00216_0_SESS_U00216_0_0
AU00225_0_SESS_U00225_0_0,U00225,SESS_U00225_0_0,2026-06-01 11:31:34,P0467,SU00225_0_SESS_U00225_0_0
AU00231_0_SESS_U00231_0_0,U00231,SESS_U00231_0_0,2026-06-01 17:14:36,P0001,SU00231_0_SESS_U00231_0_0
AU00237_0_SESS_U00237_0_0,U00237,SESS_U00237_0_0,2026-06-01 18:09:57,P0016,SU00237_0_SESS_U00237_0_0
AU00246_0_SESS_U00246_0_1,U00246,SESS_U00246_0_1,2026-06-01 15:34:17,P0149,SU00246_0_SESS_U00246_0_1
AU00254_0_SESS_U00254_0_0,U00254,SESS_U00254_0_0,2026-06-01 07:59:39,P0012,SU00254_0_SESS_U00254_0_0
AU00265_0_SESS_U00265_0_0,U00265,SESS_U00265_0_0,2026-06-01 15:48:41,P0048,SU00265_0_SESS_U00265_0_0
AU00269_0_SESS_U00269_0_0,U00269,SESS_U00269_0_0,2026-06-01 16:43:27,P0041,SU00269_0_SESS_U00269_0_0
AU00270_0_SESS_U00270_0_0,U00270,SESS_U00270_0_0,2026-06-01 19:56:26,P0249,SU00270_0_SESS_U00270_0_0
AU00270_0_SESS_U00270_0_1,U00270,SESS_U00270_0_1,2026-06-01 07:16:40,P0074,SU00270_0_SESS_U00270_0_1
AU00274_0_SESS_U00274_0_0,U00274,SESS_U00274_0_0,2026-06-01 16:35:57,P0013,SU00274_0_SESS_U00274_0_0
AU00289_0_SESS_U00289_0_0,U00289,SESS_U00289_0_0,2026-06-01 22:32:44,P0369,SU00289_0_SESS_U00289_0_0
AU00297_0_SESS_U00297_0_1,U00297,SESS_U00297_0_1,2026-06-01 20:07:42,P0344,SU00297_0_SESS_U00297_0_1
AU00316_0_SESS_U00316_0_0,U00316,SESS_U00316_0_0,2026-06-01 14:55:37,P0023,SU00316_0_SESS_U00316_0_0
AU00323_0_SESS_U00323_0_0,U00323,SESS_U00323_0_0,2026-06-01 10:03:27,P0467,SU00323_0_SESS_U00323_0_0
AU00326_0_SESS_U00326_0_1,U00326,SESS_U00326_0_1,2026-06-01 19:02:51,P0003,SU00326_0_SESS_U00326_0_1
AU00329_0_SESS_U00329_0_0,U00329,SESS_U00329_0_0,2026-06-01 07:22:38,P0078,SU00329_0_SESS_U00329_0_0
AU00335_0_SESS_U00335_0_1,U00335,SESS_U00335_0_1,2026-06-01 09:21:39,P0183,SU00335_0_SESS_U00335_0_1
AU00346_0_SESS_U00346_0_1,U00346,SESS_U00346_0_1,2026-06-01 08:52:22,P0107,SU00346_0_SESS_U00346_0_1
AU00349_0_SESS_U00349_0_0,U00349,SESS_U00349_0_0,2026-06-01 20:50:47,P0039,SU00349_0_SESS_U00349_0_0
AU00350_0_SESS_U00350_0_0,U00350,SESS_U00350_0_0,2026-06-01 17:58:13,P0073,SU00350_0_SESS_U00350_0_0
AU00361_0_SESS_U00361_0_0,U00361,SESS_U00361_0_0,2026-06-01 13:05:48,P0131,SU00361_0_SESS_U00361_0_0
AU00376_0_SESS_U00376_0_0,U00376,SESS_U00376_0_0,2026-06-01 15:09:49,P0047,SU00376_0_SESS_U00376_0_0
AU00388_0_SESS_U00388_0_0,U00388,SESS_U00388_0_0,2026-06-01 21:25:50,P0565,SU00388_0_SESS_U00388_0_0
AU00394_0_SESS_U00394_0_0,U00394,SESS_U00394_0_0,2026-06-01 10:49:49,P0012,SU00394_0_SESS_U00394_0_0
AU00421_0_SESS_U00421_0_0,U00421,SESS_U00421_0_0,2026-06-01 21:12:32,P0015,SU00421_0_SESS_U00421_0_0
AU00426_0_SESS_U00426_0_1,U00426,SESS_U00426_0_1,2026-06-01 13:45:48,P0009,SU00426_0_SESS_U00426_0_1
AU00427_0_SESS_U00427_0_0,U00427,SESS_U00427_0_0,2026-06-01 19:01:12,P0300,SU00427_0_SESS_U00427_0_0
AU00442_0_SESS_U00442_0_0,U00442,SESS_U00442_0_0,2026-06-01 09:44:29,P0032,SU00442_0_SESS_U00442_0_0
AU00451_0_SESS_U00451_0_0,U00451,SESS_U00451_0_0,2026-06-01 09:45:17,P0001,SU00451_0_SESS_U00451_0_0
AU00453_0_SESS_U00453_0_0,U00453,SESS_U00453_0_0,2026-06-01 10:05:38,P0017,SU00453_0_SESS_U00453_0_0
AU00458_0_SESS_U00458_0_0,U00458,SESS_U00458_0_0,2026-06-01 07:21:33,P0400,SU00458_0_SESS_U00458_0_0
AU00459_0_SESS_U00459_0_0,U00459,SESS_U00459_0_0,2026-06-01 17:23:55,P0027,SU00459_0_SESS_U00459_0_0
AU00460_0_SESS_U00460_0_0,U00460,SESS_U00460_0_0,2026-06-01 15:01:37,P0012,SU00460_0_SESS_U00460_0_0
AU00475_0_SESS_U00475_0_0,U00475,SESS_U00475_0_0,2026-06-01 15:11:14,P0048,SU00475_0_SESS_U00475_0_0
AU00479_0_SESS_U00479_0_0,U00479,SESS_U00479_0_0,2026-06-01 19:54:23,P0437,SU00479_0_SESS_U00479_0_0
AU00480_0_SESS_U00480_0_0,U00480,SESS_U00480_0_0,2026-06-01 10:07:41,P0222,SU00480_0_SESS_U00480_0_0
AU00481_0_SESS_U00481_0_0,U00481,SESS_U00481_0_0,2026-06-01 21:30:23,P0002,SU00481_0_SESS_U00481_0_0
AU00484_0_SESS_U00484_0_0,U00484,SESS_U00484_0_0,2026-06-01 14:33:44,P0088,SU00484_0_SESS_U00484_0_0
AU00484_0_SESS_U00484_0_0,U00484,SESS_U00484_0_0,2026-06-01 10:13:40,P0230,SU00484_0_SESS_U00484_0_0
AU00500_0_SESS_U00500_0_0,U00500,SESS_U00500_0_0,2026-06-01 07:36:24,P0011,SU00500_0_SESS_U00500_0_0
AU00500_0_SESS_U00500_0_1,U00500,SESS_U00500_0_1,2026-06-01 11:47:48,P0004,SU00500_0_SESS_U00500_0_1
AU00512_0_SESS_U00512_0_0,U00512,SESS_U00512_0_0,2026-06-01 15:41:28,P0002,SU00512_0_SESS_U00512_0_0
AU00513_0_SESS_U00513_0_1,U00513,SESS_U00513_0_1,2026-06-01 19:39:47,P0584,SU00513_0_SESS_U00513_0_1
AU00530_0_SESS_U00530_0_0,U00530,SESS_U00530_0_0,2026-06-01 09:44:28,P0002,SU00530_0_SESS_U00530_0_0
AU00537_0_SESS_U00537_0_0,U00537,SESS_U00537_0_0,2026-06-01 07:14:32,P0021,SU00537_0_SESS_U00537_0_0
AU00537_0_SESS_U00537_0_0,U00537,SESS_U00537_0_0,2026-06-01 20:08:43,P0011,SU00537_0_SESS_U00537_0_0
AU00538_0_SESS_U00538_0_0,U00538,SESS_U00538_0_0,2026-06-01 14:32:42,P0128,SU00538_0_SESS_U00538_0_0
AU00542_0_SESS_U00542_0_0,U00542,SESS_U00542_0_0,2026-06-01 14:09:27,P0222,SU00542_0_SESS_U00542_0_0
AU00543_0_SESS_U00543_0_0,U00543,SESS_U00543_0_0,2026-06-01 10:42:55,P0192,SU00543_0_SESS_U00543_0_0
AU00549_0_SESS_U00549_0_0,U00549,SESS_U00549_0_0,2026-06-01 08:02:16,P0121,SU00549_0_SESS_U00549_0_0
AU00562_0_SESS_U00562_0_0,U00562,SESS_U00562_0_0,2026-06-01 18:25:41,P0084,SU00562_0_SESS_U00562_0_0
AU00597_0_SESS_U00597_0_1,U00597,SESS_U00597_0_1,2026-06-01 12:33:22,P0072,SU00597_0_SESS_U00597_0_1
AU00630_0_SESS_U00630_0_0,U00630,SESS_U00630_0_0,2026-06-01 18:39:33,P0451,SU00630_0_SESS_U00630_0_0
AU00633_0_SESS_U00633_0_0,U00633,SESS_U00633_0_0,2026-06-01 11:32:34,P0025,SU00633_0_SESS_U00633_0_0
AU00636_0_SESS_U00636_0_1,U00636,SESS_U00636_0_1,2026-06-01 19:01:26,P0002,SU00636_0_SESS_U00636_0_1
AU00642_0_SESS_U00642_0_0,U00642,SESS_U00642_0_0,2026-06-01 12:38:17,P0227,SU00642_0_SESS_U00642_0_0
AU00669_0_SESS_U00669_0_0,U00669,SESS_U00669_0_0,2026-06-01 16:37:16,P0037,SU00669_0_SESS_U00669_0_0
AU00671_0_SESS_U00671_0_1,U00671,SESS_U00671_0_1,2026-06-01 22:08:03,P0126,SU00671_0_SESS_U00671_0_1
AU00674_0_SESS_U00674_0_0,U00674,SESS_U00674_0_0,2026-06-01 09:46:35,P0014,SU00674_0_SESS_U00674_0_0
AU00677_0_SESS_U00677_0_0,U00677,SESS_U00677_0_0,2026-06-01 15:36:47,P0002,SU00677_0_SESS_U00677_0_0
AU00694_0_SESS_U00694_0_0,U00694,SESS_U00694_0_0,2026-06-01 15:32:30,P0062,SU00694_0_SESS_U00694_0_0
AU00698_0_SESS_U00698_0_0,U00698,SESS_U00698_0_0,2026-06-01 14:27:30,P0006,SU00698_0_SESS_U00698_0_0
AU00706_0_SESS_U00706_0_0,U00706,SESS_U00706_0_0,2026-06-01 15:42:36,P0079,SU00706_0_SESS_U00706_0_0
AU00714_0_SESS_U00714_0_0,U00714,SESS_U00714_0_0,2026-06-01 18:21:43,P0156,SU00714_0_SESS_U00714_0_0
AU00714_0_SESS_U00714_0_1,U00714,SESS_U00714_0_1,2026-06-01 10:24:45,P0152,SU00714_0_SESS_U00714_0_1
AU00721_0_SESS_U00721_0_0,U00721,SESS_U00721_0_0,2026-06-01 14:03:39,P0492,SU00721_0_SESS_U00721_0_0
AU00732_0_SESS_U00732_0_0,U00732,SESS_U00732_0_0,2026-06-01 08:52:57,P0002,SU00732_0_SESS_U00732_0_0
AU00753_0_SESS_U00753_0_0,U00753,SESS_U00753_0_0,2026-06-01 12:22:26,P0011,SU00753_0_SESS_U00753_0_0
AU00771_0_SESS_U00771_0_0,U00771,SESS_U00771_0_0,2026-06-01 14:18:35,P0004,SU00771_0_SESS_U00771_0_0
AU00771_0_SESS_U00771_0_0,U00771,SESS_U00771_0_0,2026-06-01 20:58:36,P0009,SU00771_0_SESS_U00771_0_0
AU00786_0_SESS_U00786_0_0,U00786,SESS_U00786_0_0,2026-06-01 13:44:10,P0115,SU00786_0_SESS_U00786_0_0
AU00789_0_SESS_U00789_0_0,U00789,SESS_U00789_0_0,2026-06-01 17:08:19,P0280,SU00789_0_SESS_U00789_0_0
AU00003_1_SESS_U00003_1_0,U00003,SESS_U00003_1_0,2026-06-02 15:24:53,P0202,SU00003_1_SESS_U00003_1_0
AU00003_1_SESS_U00003_1_1,U00003,SESS_U00003_1_1,2026-06-02 09:56:51,P0118,SU00003_1_SESS_U00003_1_1
AU00003_1_SESS_U00003_1_1,U00003,SESS_U00003_1_1,2026-06-02 09:24:26,P0450,SU00003_1_SESS_U00003_1_1
AU00008_1_SESS_U00008_1_0,U00008,SESS_U00008_1_0,2026-06-02 15:23:23,P0002,SU00008_1_SESS_U00008_1_0
AU00014_1_SESS_U00014_1_0,U00014,SESS_U00014_1_0,2026-06-02 16:31:39,P0167,SU00014_1_SESS_U00014_1_0
AU00022_1_SESS_U00022_1_0,U00022,SESS_U00022_1_0,2026-06-02 11:06:50,P0077,SU00022_1_SESS_U00022_1_0
AU00022_1_SESS_U00022_1_1,U00022,SESS_U00022_1_1,2026-06-02 11:13:29,P0083,SU00022_1_SESS_U00022_1_1
AU00029_1_SESS_U00029_1_0,U00029,SESS_U00029_1_0,2026-06-02 22:12:17,P0002,SU00029_1_SESS_U00029_1_0
AU00033_1_SESS_U00033_1_0,U00033,SESS_U00033_1_0,2026-06-02 11:19:53,P0121,SU00033_1_SESS_U00033_1_0
AU00043_1_SESS_U00043_1_0,U00043,SESS_U00043_1_0,2026-06-02 18:43:49,P0235,SU00043_1_SESS_U00043_1_0
AU00055_1_SESS_U00055_1_0,U00055,SESS_U00055_1_0,2026-06-02 08:38:39,P0161,SU00055_1_SESS_U00055_1_0
AU00064_1_SESS_U00064_1_0,U00064,SESS_U00064_1_0,2026-06-02 12:33:32,P0002,SU00064_1_SESS_U00064_1_0
AU00074_1_SESS_U00074_1_0,U00074,SESS_U00074_1_0,2026-06-02 13:51:21,P0041,SU00074_1_SESS_U00074_1_0
AU00076_1_SESS_U00076_1_0,U00076,SESS_U00076_1_0,2026-06-02 20:36:55,P0002,SU00076_1_SESS_U00076_1_0
AU00077_1_SESS_U00077_1_0,U00077,SESS_U00077_1_0,2026-06-02 09:28:31,P0565,SU00077_1_SESS_U00077_1_0
AU00129_1_SESS_U00129_1_0,U00129,SESS_U00129_1_0,2026-06-02 11:28:20,P0670,SU00129_1_SESS_U00129_1_0
AU00134_1_SESS_U00134_1_0,U00134,SESS_U00134_1_0,2026-06-02 10:36:44,P0025,SU00134_1_SESS_U00134_1_0
AU00163_1_SESS_U00163_1_0,U00163,SESS_U00163_1_0,2026-06-02 16:25:59,P0129,SU00163_1_SESS_U00163_1_0
AU00163_1_SESS_U00163_1_0,U00163,SESS_U00163_1_0,2026-06-02 10:21:26,P0181,SU00163_1_SESS_U00163_1_0
AU00164_1_SESS_U00164_1_0,U00164,SESS_U00164_1_0,2026-06-02 10:00:46,P0584,SU00164_1_SESS_U00164_1_0
AU00167_1_SESS_U00167_1_0,U00167,SESS_U00167_1_0,2026-06-02 16:16:42,P0139,SU00167_1_SESS_U00167_1_0
AU00172_1_SESS_U00172_1_0,U00172,SESS_U00172_1_0,2026-06-02 18:20:21,P0024,SU00172_1_SESS_U00172_1_0
AU00180_1_SESS_U00180_1_0,U00180,SESS_U00180_1_0,2026-06-02 12:20:31,P0011,SU00180_1_SESS_U00180_1_0
AU00180_1_SESS_U00180_1_0,U00180,SESS_U00180_1_0,2026-06-02 18:54:51,P0042,SU00180_1_SESS_U00180_1_0
AU00183_1_SESS_U00183_1_0,U00183,SESS_U00183_1_0,2026-06-02 14:15:51,P0276,SU00183_1_SESS_U00183_1_0
AU00187_1_SESS_U00187_1_0,U00187,SESS_U00187_1_0,2026-06-02 20:12:50,P0199,SU00187_1_SESS_U00187_1_0
AU00199_1_SESS_U00199_1_0,U00199,SESS_U00199_1_0,2026-06-02 21:20:43,P0482,SU00199_1_SESS_U00199_1_0
AU00206_1_SESS_U00206_1_0,U00206,SESS_U00206_1_0,2026-06-02 14:11:17,P0163,SU00206_1_SESS_U00206_1_0
AU00207_1_SESS_U00207_1_0,U00207,SESS_U00207_1_0,2026-06-02 19:36:26,P0009,SU00207_1_SESS_U00207_1_0
AU00208_1_SESS_U00208_1_0,U00208,SESS_U00208_1_0,2026-06-02 14:39:37,P0122,SU00208_1_SESS_U00208_1_0
AU00217_1_SESS_U00217_1_0,U00217,SESS_U00217_1_0,2026-06-02 10:00:53,P0492,SU00217_1_SESS_U00217_1_0
AU00219_1_SESS_U00219_1_0,U00219,SESS_U00219_1_0,2026-06-02 10:43:54,P0002,SU00219_1_SESS_U00219_1_0
AU00221_1_SESS_U00221_1_0,U00221,SESS_U00221_1_0,2026-06-02 09:14:14,P0025,SU00221_1_SESS_U00221_1_0
AU00232_1_SESS_U00232_1_1,U00232,SESS_U00232_1_1,2026-06-02 09:56:36,P0451,SU00232_1_SESS_U00232_1_1
AU00240_1_SESS_U00240_1_0,U00240,SESS_U00240_1_0,2026-06-02 07:09:40,P0010,SU00240_1_SESS_U00240_1_0
AU00251_1_SESS_U00251_1_0,U00251,SESS_U00251_1_0,2026-06-02 14:30:28,P0139,SU00251_1_SESS_U00251_1_0
AU00264_1_SESS_U00264_1_0,U00264,SESS_U00264_1_0,2026-06-02 21:09:43,P0461,SU00264_1_SESS_U00264_1_0
AU00268_1_SESS_U00268_1_0,U00268,SESS_U00268_1_0,2026-06-02 19:50:50,P0086,SU00268_1_SESS_U00268_1_0
AU00273_1_SESS_U00273_1_0,U00273,SESS_U00273_1_0,2026-06-02 09:07:50,P0016,SU00273_1_SESS_U00273_1_0
AU00273_1_SESS_U00273_1_1,U00273,SESS_U00273_1_1,2026-06-02 10:13:27,P0002,SU00273_1_SESS_U00273_1_1
AU00287_1_SESS_U00287_1_0,U00287,SESS_U00287_1_0,2026-06-02 14:19:27,P0276,SU00287_1_SESS_U00287_1_0
AU00287_1_SESS_U00287_1_1,U00287,SESS_U00287_1_1,2026-06-02 09:43:27,P0038,SU00287_1_SESS_U00287_1_1
AU00291_1_SESS_U00291_1_0,U00291,SESS_U00291_1_0,2026-06-02 18:18:43,P0482,SU00291_1_SESS_U00291_1_0
AU00306_1_SESS_U00306_1_0,U00306,SESS_U00306_1_0,2026-06-02 14:10:46,P0080,SU00306_1_SESS_U00306_1_0
AU00318_1_SESS_U00318_1_0,U00318,SESS_U00318_1_0,2026-06-02 10:42:02,P0006,SU00318_1_SESS_U00318_1_0
AU00318_1_SESS_U00318_1_0,U00318,SESS_U00318_1_0,2026-06-02 18:35:56,P0494,SU00318_1_SESS_U00318_1_0
AU00318_1_SESS_U00318_1_1,U00318,SESS_U00318_1_1,2026-06-02 15:53:39,P0262,SU00318_1_SESS_U00318_1_1
AU00332_1_SESS_U00332_1_0,U00332,SESS_U00332_1_0,2026-06-02 13:18:29,P0046,SU00332_1_SESS_U00332_1_0
AU00336_1_SESS_U00336_1_0,U00336,SESS_U00336_1_0,2026-06-02 11:54:48,P0002,SU00336_1_SESS_U00336_1_0
AU00339_1_SESS_U00339_1_0,U00339,SESS_U00339_1_0,2026-06-02 18:19:24,P0005,SU00339_1_SESS_U00339_1_0
AU00340_1_SESS_U00340_1_0,U00340,SESS_U00340_1_0,2026-06-02 18:55:45,P0566,SU00340_1_SESS_U00340_1_0
AU00340_1_SESS_U00340_1_0,U00340,SESS_U00340_1_0,2026-06-02 16:52:19,P0046,SU00340_1_SESS_U00340_1_0
AU00341_1_SESS_U00341_1_0,U00341,SESS_U00341_1_0,2026-06-02 12:32:23,P0022,SU00341_1_SESS_U00341_1_0
AU00361_1_SESS_U00361_1_0,U00361,SESS_U00361_1_0,2026-06-02 12:26:35,P0394,SU00361_1_SESS_U00361_1_0
AU00374_1_SESS_U00374_1_0,U00374,SESS_U00374_1_0,2026-06-02 08:10:52,P0062,SU00374_1_SESS_U00374_1_0
AU00374_1_SESS_U00374_1_1,U00374,SESS_U00374_1_1,2026-06-02 12:10:15,P0002,SU00374_1_SESS_U00374_1_1
AU00386_1_SESS_U00386_1_0,U00386,SESS_U00386_1_0,2026-06-02 09:32:43,P0065,SU00386_1_SESS_U00386_1_0
AU00394_1_SESS_U00394_1_0,U00394,SESS_U00394_1_0,2026-06-02 10:55:50,P0002,SU00394_1_SESS_U00394_1_0
AU00397_1_SESS_U00397_1_0,U00397,SESS_U00397_1_0,2026-06-02 21:03:38,P0239,SU00397_1_SESS_U00397_1_0
AU00399_1_SESS_U00399_1_0,U00399,SESS_U00399_1_0,2026-06-02 18:43:20,P0397,SU00399_1_SESS_U00399_1_0
AU00402_1_SESS_U00402_1_0,U00402,SESS_U00402_1_0,2026-06-02 17:48:59,P0339,SU00402_1_SESS_U00402_1_0
AU00408_1_SESS_U00408_1_0,U00408,SESS_U00408_1_0,2026-06-02 12:40:38,P0085,SU00408_1_SESS_U00408_1_0
AU00427_1_SESS_U00427_1_0,U00427,SESS_U00427_1_0,2026-06-02 13:37:42,P0398,SU00427_1_SESS_U00427_1_0
AU00427_1_SESS_U00427_1_0,U00427,SESS_U00427_1_0,2026-06-02 11:13:59,P0186,SU00427_1_SESS_U00427_1_0
AU00442_1_SESS_U00442_1_0,U00442,SESS_U00442_1_0,2026-06-02 17:44:44,P0122,SU00442_1_SESS_U00442_1_0
AU00457_1_SESS_U00457_1_0,U00457,SESS_U00457_1_0,2026-06-02 13:47:53,P0197,SU00457_1_SESS_U00457_1_0
AU00466_1_SESS_U00466_1_1,U00466,SESS_U00466_1_1,2026-06-02 15:46:03,P0015,SU00466_1_SESS_U00466_1_1
AU00480_1_SESS_U00480_1_0,U00480,SESS_U00480_1_0,2026-06-02 21:31:19,P0024,SU00480_1_SESS_U00480_1_0
AU00488_1_SESS_U00488_1_0,U00488,SESS_U00488_1_0,2026-06-02 08:35:40,P0181,SU00488_1_SESS_U00488_1_0
AU00517_1_SESS_U00517_1_0,U00517,SESS_U00517_1_0,2026-06-02 07:15:33,P0167,SU00517_1_SESS_U00517_1_0
AU00520_1_SESS_U00520_1_0,U00520,SESS_U00520_1_0,2026-06-02 11:06:32,P0155,SU00520_1_SESS_U00520_1_0
AU00521_1_SESS_U00521_1_1,U00521,SESS_U00521_1_1,2026-06-02 21:30:37,P0084,SU00521_1_SESS_U00521_1_1
AU00532_1_SESS_U00532_1_0,U00532,SESS_U00532_1_0,2026-06-02 19:42:52,P0342,SU00532_1_SESS_U00532_1_0
AU00553_1_SESS_U00553_1_0,U00553,SESS_U00553_1_0,2026-06-02 10:46:21,P0599,SU00553_1_SESS_U00553_1_0
AU00554_1_SESS_U00554_1_0,U00554,SESS_U00554_1_0,2026-06-02 17:41:32,P0002,SU00554_1_SESS_U00554_1_0
AU00554_1_SESS_U00554_1_1,U00554,SESS_U00554_1_1,2026-06-02 16:59:08,P0129,SU00554_1_SESS_U00554_1_1
AU00584_1_SESS_U00584_1_0,U00584,SESS_U00584_1_0,2026-06-02 18:46:29,P0228,SU00584_1_SESS_U00584_1_0
AU00591_1_SESS_U00591_1_0,U00591,SESS_U00591_1_0,2026-06-02 09:41:53,P0487,SU00591_1_SESS_U00591_1_0
AU00591_1_SESS_U00591_1_0,U00591,SESS_U00591_1_0,2026-06-02 17:09:14,P0342,SU00591_1_SESS_U00591_1_0
AU00683_1_SESS_U00683_1_0,U00683,SESS_U00683_1_0,2026-06-02 08:59:33,P0184,SU00683_1_SESS_U00683_1_0
AU00686_1_SESS_U00686_1_0,U00686,SESS_U00686_1_0,2026-06-02 09:32:48,P0012,SU00686_1_SESS_U00686_1_0
AU00696_1_SESS_U00696_1_1,U00696,SESS_U00696_1_1,2026-06-02 08:39:53,P0012,SU00696_1_SESS_U00696_1_1
AU00696_1_SESS_U00696_1_1,U00696,SESS_U00696_1_1,2026-06-02 17:44:38,P0148,SU00696_1_SESS_U00696_1_1
AU00705_1_SESS_U00705_1_0,U00705,SESS_U00705_1_0,2026-06-02 22:48:43,P0566,SU00705_1_SESS_U00705_1_0
AU00705_1_SESS_U00705_1_1,U00705,SESS_U00705_1_1,2026-06-02 21:28:27,P0585,SU00705_1_SESS_U00705_1_1
AU00706_1_SESS_U00706_1_0,U00706,SESS_U00706_1_0,2026-06-02 14:27:30,P0125,SU00706_1_SESS_U00706_1_0
AU00708_1_SESS_U00708_1_0,U00708,SESS_U00708_1_0,2026-06-02 18:24:45,P0023,SU00708_1_SESS_U00708_1_0
AU00711_1_SESS_U00711_1_0,U00711,SESS_U00711_1_0,2026-06-02 21:31:40,P0008,SU00711_1_SESS_U00711_1_0
AU00718_1_SESS_U00718_1_0,U00718,SESS_U00718_1_0,2026-06-02 21:10:37,P0200,SU00718_1_SESS_U00718_1_0
AU00731_1_SESS_U00731_1_0,U00731,SESS_U00731_1_0,2026-06-02 14:52:14,P0210,SU00731_1_SESS_U00731_1_0
AU00754_1_SESS_U00754_1_0,U00754,SESS_U00754_1_0,2026-06-02 22:49:58,P0016,SU00754_1_SESS_U00754_1_0
AU00775_1_SESS_U00775_1_0,U00775,SESS_U00775_1_0,2026-06-02 09:08:45,P0305,SU00775_1_SESS_U00775_1_0
AU00784_1_SESS_U00784_1_0,U00784,SESS_U00784_1_0,2026-06-02 13:13:32,P0004,SU00784_1_SESS_U00784_1_0
AU00798_1_SESS_U00798_1_0,U00798,SESS_U00798_1_0,2026-06-02 20:26:47,P0616,SU00798_1_SESS_U00798_1_0
AU00009_2_SESS_U00009_2_1,U00009,SESS_U00009_2_1,2026-06-03 09:58:42,P0002,SU00009_2_SESS_U00009_2_1
AU00013_2_SESS_U00013_2_0,U00013,SESS_U00013_2_0,2026-06-03 17:04:29,P0155,SU00013_2_SESS_U00013_2_0
AU00023_2_SESS_U00023_2_0,U00023,SESS_U00023_2_0,2026-06-03 07:23:33,P0003,SU00023_2_SESS_U00023_2_0
AU00024_2_SESS_U00024_2_0,U00024,SESS_U00024_2_0,2026-06-03 15:53:28,P0012,SU00024_2_SESS_U00024_2_0
AU00029_2_SESS_U00029_2_1,U00029,SESS_U00029_2_1,2026-06-03 16:33:40,P0011,SU00029_2_SESS_U00029_2_1
AU00039_2_SESS_U00039_2_0,U00039,SESS_U00039_2_0,2026-06-03 18:48:56,P0008,SU00039_2_SESS_U00039_2_0
AU00055_2_SESS_U00055_2_0,U00055,SESS_U00055_2_0,2026-06-03 07:22:36,P0098,SU00055_2_SESS_U00055_2_0
AU00072_2_SESS_U00072_2_0,U00072,SESS_U00072_2_0,2026-06-03 19:51:35,P0001,SU00072_2_SESS_U00072_2_0
AU00072_2_SESS_U00072_2_1,U00072,SESS_U00072_2_1,2026-06-03 07:31:29,P0009,SU00072_2_SESS_U00072_2_1
AU00075_2_SESS_U00075_2_0,U00075,SESS_U00075_2_0,2026-06-03 17:17:29,P0003,SU00075_2_SESS_U00075_2_0
AU00083_2_SESS_U00083_2_0,U00083,SESS_U00083_2_0,2026-06-03 10:26:35,P0138,SU00083_2_SESS_U00083_2_0
AU00083_2_SESS_U00083_2_0,U00083,SESS_U00083_2_0,2026-06-03 16:59:38,P0461,SU00083_2_SESS_U00083_2_0
AU00087_2_SESS_U00087_2_0,U00087,SESS_U00087_2_0,2026-06-03 10:25:37,P0173,SU00087_2_SESS_U00087_2_0
AU00089_2_SESS_U00089_2_1,U00089,SESS_U00089_2_1,2026-06-03 20:16:25,P0085,SU00089_2_SESS_U00089_2_1
AU00091_2_SESS_U00091_2_1,U00091,SESS_U00091_2_1,2026-06-03 13:09:52,P0014,SU00091_2_SESS_U00091_2_1
AU00098_2_SESS_U00098_2_0,U00098,SESS_U00098_2_0,2026-06-03 17:54:20,P0195,SU00098_2_SESS_U00098_2_0
AU00099_2_SESS_U00099_2_0,U00099,SESS_U00099_2_0,2026-06-03 16:13:49,P0390,SU00099_2_SESS_U00099_2_0
AU00099_2_SESS_U00099_2_0,U00099,SESS_U00099_2_0,2026-06-03 13:15:24,P0079,SU00099_2_SESS_U00099_2_0
AU00102_2_SESS_U00102_2_0,U00102,SESS_U00102_2_0,2026-06-03 22:00:36,P0120,SU00102_2_SESS_U00102_2_0
AU00102_2_SESS_U00102_2_0,U00102,SESS_U00102_2_0,2026-06-03 18:10:27,P0285,SU00102_2_SESS_U00102_2_0
AU00118_2_SESS_U00118_2_0,U00118,SESS_U00118_2_0,2026-06-03 21:52:39,P0054,SU00118_2_SESS_U00118_2_0
AU00118_2_SESS_U00118_2_0,U00118,SESS_U00118_2_0,2026-06-03 13:46:49,P0056,SU00118_2_SESS_U00118_2_0
AU00126_2_SESS_U00126_2_0,U00126,SESS_U00126_2_0,2026-06-03 07:55:25,P0039,SU00126_2_SESS_U00126_2_0
AU00149_2_SESS_U00149_2_0,U00149,SESS_U00149_2_0,2026-06-03 18:45:39,P0261,SU00149_2_SESS_U00149_2_0
AU00168_2_SESS_U00168_2_1,U00168,SESS_U00168_2_1,2026-06-03 12:56:23,P0186,SU00168_2_SESS_U00168_2_1
AU00222_2_SESS_U00222_2_0,U00222,SESS_U00222_2_0,2026-06-03 09:41:54,P0013,SU00222_2_SESS_U00222_2_0
AU00225_2_SESS_U00225_2_0,U00225,SESS_U00225_2_0,2026-06-03 20:28:49,P0101,SU00225_2_SESS_U00225_2_0
AU00227_2_SESS_U00227_2_0,U00227,SESS_U00227_2_0,2026-06-03 18:20:17,P0002,SU00227_2_SESS_U00227_2_0
AU00234_2_SESS_U00234_2_0,U00234,SESS_U00234_2_0,2026-06-03 14:12:18,P0121,SU00234_2_SESS_U00234_2_0
AU00262_2_SESS_U00262_2_0,U00262,SESS_U00262_2_0,2026-06-03 10:48:46,P0002,SU00262_2_SESS_U00262_2_0
AU00274_2_SESS_U00274_2_0,U00274,SESS_U00274_2_0,2026-06-03 10:02:02,P0016,SU00274_2_SESS_U00274_2_0
AU00305_2_SESS_U00305_2_0,U00305,SESS_U00305_2_0,2026-06-03 18:00:54,P0002,SU00305_2_SESS_U00305_2_0
AU00318_2_SESS_U00318_2_0,U00318,SESS_U00318_2_0,2026-06-03 17:56:26,P0072,SU00318_2_SESS_U00318_2_0
AU00321_2_SESS_U00321_2_0,U00321,SESS_U00321_2_0,2026-06-03 18:44:23,P0098,SU00321_2_SESS_U00321_2_0
AU00321_2_SESS_U00321_2_0,U00321,SESS_U00321_2_0,2026-06-03 18:20:33,P0351,SU00321_2_SESS_U00321_2_0
AU00328_2_SESS_U00328_2_0,U00328,SESS_U00328_2_0,2026-06-03 13:20:51,P0115,SU00328_2_SESS_U00328_2_0
AU00329_2_SESS_U00329_2_0,U00329,SESS_U00329_2_0,2026-06-03 20:41:51,P0514,SU00329_2_SESS_U00329_2_0
AU00333_2_SESS_U00333_2_0,U00333,SESS_U00333_2_0,2026-06-03 18:27:41,P0205,SU00333_2_SESS_U00333_2_0
AU00334_2_SESS_U00334_2_0,U00334,SESS_U00334_2_0,2026-06-03 22:25:35,P0192,SU00334_2_SESS_U00334_2_0
AU00337_2_SESS_U00337_2_0,U00337,SESS_U00337_2_0,2026-06-03 09:52:28,P0002,SU00337_2_SESS_U00337_2_0
AU00337_2_SESS_U00337_2_0,U00337,SESS_U00337_2_0,2026-06-03 09:12:38,P0051,SU00337_2_SESS_U00337_2_0
AU00348_2_SESS_U00348_2_0,U00348,SESS_U00348_2_0,2026-06-03 10:49:53,P0042,SU00348_2_SESS_U00348_2_0
AU00350_2_SESS_U00350_2_0,U00350,SESS_U00350_2_0,2026-06-03 20:03:50,P0394,SU00350_2_SESS_U00350_2_0
AU00352_2_SESS_U00352_2_0,U00352,SESS_U00352_2_0,2026-06-03 10:43:50,P0006,SU00352_2_SESS_U00352_2_0
AU00359_2_SESS_U00359_2_1,U00359,SESS_U00359_2_1,2026-06-03 18:46:14,P0002,SU00359_2_SESS_U00359_2_1
AU00365_2_SESS_U00365_2_0,U00365,SESS_U00365_2_0,2026-06-03 08:17:43,P0640,SU00365_2_SESS_U00365_2_0
AU00381_2_SESS_U00381_2_1,U00381,SESS_U00381_2_1,2026-06-03 07:29:49,P0451,SU00381_2_SESS_U00381_2_1
AU00387_2_SESS_U00387_2_0,U00387,SESS_U00387_2_0,2026-06-03 08:43:18,P0016,SU00387_2_SESS_U00387_2_0
AU00399_2_SESS_U00399_2_0,U00399,SESS_U00399_2_0,2026-06-03 12:18:45,P0186,SU00399_2_SESS_U00399_2_0
AU00400_2_SESS_U00400_2_0,U00400,SESS_U00400_2_0,2026-06-03 19:23:38,P0016,SU00400_2_SESS_U00400_2_0
AU00410_2_SESS_U00410_2_0,U00410,SESS_U00410_2_0,2026-06-03 12:51:31,P0038,SU00410_2_SESS_U00410_2_0
AU00436_2_SESS_U00436_2_0,U00436,SESS_U00436_2_0,2026-06-03 17:00:27,P0008,SU00436_2_SESS_U00436_2_0
AU00454_2_SESS_U00454_2_0,U00454,SESS_U00454_2_0,2026-06-03 18:07:39,P0008,SU00454_2_SESS_U00454_2_0
AU00456_2_SESS_U00456_2_0,U00456,SESS_U00456_2_0,2026-06-03 21:01:43,P0080,SU00456_2_SESS_U00456_2_0
AU00457_2_SESS_U00457_2_0,U00457,SESS_U00457_2_0,2026-06-03 15:58:50,P0214,SU00457_2_SESS_U00457_2_0
AU00459_2_SESS_U00459_2_0,U00459,SESS_U00459_2_0,2026-06-03 13:13:28,P0016,SU00459_2_SESS_U00459_2_0
AU00460_2_SESS_U00460_2_0,U00460,SESS_U00460_2_0,2026-06-03 07:07:35,P0002,SU00460_2_SESS_U00460_2_0
AU00463_2_SESS_U00463_2_0,U00463,SESS_U00463_2_0,2026-06-03 20:06:48,P0214,SU00463_2_SESS_U00463_2_0
AU00468_2_SESS_U00468_2_0,U00468,SESS_U00468_2_0,2026-06-03 13:22:32,P0028,SU00468_2_SESS_U00468_2_0
AU00469_2_SESS_U00469_2_0,U00469,SESS_U00469_2_0,2026-06-03 16:36:13,P0239,SU00469_2_SESS_U00469_2_0
AU00471_2_SESS_U00471_2_0,U00471,SESS_U00471_2_0,2026-06-03 16:11:31,P0138,SU00471_2_SESS_U00471_2_0
AU00484_2_SESS_U00484_2_0,U00484,SESS_U00484_2_0,2026-06-03 08:20:45,P0136,SU00484_2_SESS_U00484_2_0
AU00484_2_SESS_U00484_2_0,U00484,SESS_U00484_2_0,2026-06-03 20:37:55,P0107,SU00484_2_SESS_U00484_2_0
AU00487_2_SESS_U00487_2_0,U00487,SESS_U00487_2_0,2026-06-03 20:21:11,P0330,SU00487_2_SESS_U00487_2_0
AU00487_2_SESS_U00487_2_1,U00487,SESS_U00487_2_1,2026-06-03 18:02:45,P0075,SU00487_2_SESS_U00487_2_1
AU00494_2_SESS_U00494_2_1,U00494,SESS_U00494_2_1,2026-06-03 21:20:52,P0174,SU00494_2_SESS_U00494_2_1
AU00494_2_SESS_U00494_2_1,U00494,SESS_U00494_2_1,2026-06-03 08:22:13,P0046,SU00494_2_SESS_U00494_2_1
AU00534_2_SESS_U00534_2_0,U00534,SESS_U00534_2_0,2026-06-03 20:02:39,P0013,SU00534_2_SESS_U00534_2_0
AU00534_2_SESS_U00534_2_0,U00534,SESS_U00534_2_0,2026-06-03 07:23:50,P0599,SU00534_2_SESS_U00534_2_0
AU00538_2_SESS_U00538_2_0,U00538,SESS_U00538_2_0,2026-06-03 13:29:41,P0109,SU00538_2_SESS_U00538_2_0
AU00539_2_SESS_U00539_2_0,U00539,SESS_U00539_2_0,2026-06-03 08:36:16,P0002,SU00539_2_SESS_U00539_2_0
AU00547_2_SESS_U00547_2_0,U00547,SESS_U00547_2_0,2026-06-03 17:44:48,P0078,SU00547_2_SESS_U00547_2_0
AU00547_2_SESS_U00547_2_1,U00547,SESS_U00547_2_1,2026-06-03 09:26:25,P0413,SU00547_2_SESS_U00547_2_1
AU00555_2_SESS_U00555_2_0,U00555,SESS_U00555_2_0,2026-06-03 09:40:36,P0277,SU00555_2_SESS_U00555_2_0
AU00555_2_SESS_U00555_2_1,U00555,SESS_U00555_2_1,2026-06-03 09:19:46,P0421,SU00555_2_SESS_U00555_2_1
AU00555_2_SESS_U00555_2_1,U00555,SESS_U00555_2_1,2026-06-03 12:36:38,P0126,SU00555_2_SESS_U00555_2_1
AU00555_2_SESS_U00555_2_1,U00555,SESS_U00555_2_1,2026-06-03 11:20:37,P0210,SU00555_2_SESS_U00555_2_1
AU00560_2_SESS_U00560_2_0,U00560,SESS_U00560_2_0,2026-06-03 20:20:19,P0157,SU00560_2_SESS_U00560_2_0
AU00560_2_SESS_U00560_2_0,U00560,SESS_U00560_2_0,2026-06-03 10:21:43,P0038,SU00560_2_SESS_U00560_2_0
AU00569_2_SESS_U00569_2_0,U00569,SESS_U00569_2_0,2026-06-03 13:17:36,P0640,SU00569_2_SESS_U00569_2_0
AU00578_2_SESS_U00578_2_0,U00578,SESS_U00578_2_0,2026-06-03 14:59:25,P0044,SU00578_2_SESS_U00578_2_0
AU00590_2_SESS_U00590_2_0,U00590,SESS_U00590_2_0,2026-06-03 20:19:56,P0622,SU00590_2_SESS_U00590_2_0
AU00595_2_SESS_U00595_2_0,U00595,SESS_U00595_2_0,2026-06-03 14:21:37,P0427,SU00595_2_SESS_U00595_2_0
AU00603_2_SESS_U00603_2_0,U00603,SESS_U00603_2_0,2026-06-03 15:17:50,P0025,SU00603_2_SESS_U00603_2_0
AU00617_2_SESS_U00617_2_0,U00617,SESS_U00617_2_0,2026-06-03 12:31:46,P0007,SU00617_2_SESS_U00617_2_0
AU00618_2_SESS_U00618_2_0,U00618,SESS_U00618_2_0,2026-06-03 22:32:34,P0125,SU00618_2_SESS_U00618_2_0
AU00619_2_SESS_U00619_2_0,U00619,SESS_U00619_2_0,2026-06-03 13:10:31,P0263,SU00619_2_SESS_U00619_2_0
AU00635_2_SESS_U00635_2_0,U00635,SESS_U00635_2_0,2026-06-03 19:11:41,P0086,SU00635_2_SESS_U00635_2_0
AU00653_2_SESS_U00653_2_0,U00653,SESS_U00653_2_0,2026-06-03 08:37:28,P0262,SU00653_2_SESS_U00653_2_0
AU00653_2_SESS_U00653_2_0,U00653,SESS_U00653_2_0,2026-06-03 18:17:41,P0012,SU00653_2_SESS_U00653_2_0
AU00656_2_SESS_U00656_2_0,U00656,SESS_U00656_2_0,2026-06-03 11:31:45,P0014,SU00656_2_SESS_U00656_2_0
AU00680_2_SESS_U00680_2_0,U00680,SESS_U00680_2_0,2026-06-03 08:42:42,P0002,SU00680_2_SESS_U00680_2_0
AU00715_2_SESS_U00715_2_0,U00715,SESS_U00715_2_0,2026-06-03 07:27:44,P0002,SU00715_2_SESS_U00715_2_0
AU00717_2_SESS_U00717_2_0,U00717,SESS_U00717_2_0,2026-06-03 09:03:31,P0007,SU00717_2_SESS_U00717_2_0
AU00742_2_SESS_U00742_2_0,U00742,SESS_U00742_2_0,2026-06-03 14:46:26,P0053,SU00742_2_SESS_U00742_2_0
AU00742_2_SESS_U00742_2_1,U00742,SESS_U00742_2_1,2026-06-03 15:13:17,P0047,SU00742_2_SESS_U00742_2_1
AU00760_2_SESS_U00760_2_1,U00760,SESS_U00760_2_1,2026-06-03 12:43:30,P0013,SU00760_2_SESS_U00760_2_1
AU00016_3_SESS_U00016_3_0,U00016,SESS_U00016_3_0,2026-06-04 16:28:41,P0036,SU00016_3_SESS_U00016_3_0
AU00027_3_SESS_U00027_3_1,U00027,SESS_U00027_3_1,2026-06-04 08:12:54,P0081,SU00027_3_SESS_U00027_3_1
AU00046_3_SESS_U00046_3_0,U00046,SESS_U00046_3_0,2026-06-04 18:21:23,P0116,SU00046_3_SESS_U00046_3_0
AU00051_3_SESS_U00051_3_0,U00051,SESS_U00051_3_0,2026-06-04 18:34:30,P0002,SU00051_3_SESS_U00051_3_0
AU00053_3_SESS_U00053_3_0,U00053,SESS_U00053_3_0,2026-06-04 12:08:50,P0079,SU00053_3_SESS_U00053_3_0
AU00055_3_SESS_U00055_3_0,U00055,SESS_U00055_3_0,2026-06-04 18:59:25,P0009,SU00055_3_SESS_U00055_3_0
AU00062_3_SESS_U00062_3_0,U00062,SESS_U00062_3_0,2026-06-04 17:27:29,P0161,SU00062_3_SESS_U00062_3_0
AU00078_3_SESS_U00078_3_0,U00078,SESS_U00078_3_0,2026-06-04 11:01:54,P0163,SU00078_3_SESS_U00078_3_0
AU00089_3_SESS_U00089_3_0,U00089,SESS_U00089_3_0,2026-06-04 15:04:43,P0002,SU00089_3_SESS_U00089_3_0
AU00092_3_SESS_U00092_3_0,U00092,SESS_U00092_3_0,2026-06-04 11:47:46,P0048,SU00092_3_SESS_U00092_3_0
AU00096_3_SESS_U00096_3_0,U00096,SESS_U00096_3_0,2026-06-04 12:01:32,P0002,SU00096_3_SESS_U00096_3_0
AU00096_3_SESS_U00096_3_0,U00096,SESS_U00096_3_0,2026-06-04 09:55:42,P0002,SU00096_3_SESS_U00096_3_0
AU00100_3_SESS_U00100_3_0,U00100,SESS_U00100_3_0,2026-06-04 20:53:27,P0488,SU00100_3_SESS_U00100_3_0
AU00104_3_SESS_U00104_3_0,U00104,SESS_U00104_3_0,2026-06-04 15:47:44,P0183,SU00104_3_SESS_U00104_3_0
AU00118_3_SESS_U00118_3_0,U00118,SESS_U00118_3_0,2026-06-04 08:38:50,P0101,SU00118_3_SESS_U00118_3_0
AU00129_3_SESS_U00129_3_0,U00129,SESS_U00129_3_0,2026-06-04 08:46:55,P0085,SU00129_3_SESS_U00129_3_0
AU00129_3_SESS_U00129_3_0,U00129,SESS_U00129_3_0,2026-06-04 17:04:31,P0003,SU00129_3_SESS_U00129_3_0
AU00133_3_SESS_U00133_3_0,U00133,SESS_U00133_3_0,2026-06-04 21:29:29,P0171,SU00133_3_SESS_U00133_3_0
AU00138_3_SESS_U00138_3_0,U00138,SESS_U00138_3_0,2026-06-04 12:30:26,P0566,SU00138_3_SESS_U00138_3_0
AU00145_3_SESS_U00145_3_0,U00145,SESS_U00145_3_0,2026-06-04 22:59:17,P0001,SU00145_3_SESS_U00145_3_0
AU00150_3_SESS_U00150_3_0,U00150,SESS_U00150_3_0,2026-06-04 07:35:28,P0009,SU00150_3_SESS_U00150_3_0
AU00153_3_SESS_U00153_3_0,U00153,SESS_U00153_3_0,2026-06-04 13:13:41,P0005,SU00153_3_SESS_U00153_3_0
AU00153_3_SESS_U00153_3_0,U00153,SESS_U00153_3_0,2026-06-04 19:10:42,P0433,SU00153_3_SESS_U00153_3_0
AU00157_3_SESS_U00157_3_0,U00157,SESS_U00157_3_0,2026-06-04 12:56:47,P0092,SU00157_3_SESS_U00157_3_0
AU00166_3_SESS_U00166_3_0,U00166,SESS_U00166_3_0,2026-06-04 20:26:24,P0207,SU00166_3_SESS_U00166_3_0
AU00166_3_SESS_U00166_3_1,U00166,SESS_U00166_3_1,2026-06-04 20:03:40,P0012,SU00166_3_SESS_U00166_3_1
AU00169_3_SESS_U00169_3_0,U00169,SESS_U00169_3_0,2026-06-04 18:55:33,P0437,SU00169_3_SESS_U00169_3_0
AU00173_3_SESS_U00173_3_0,U00173,SESS_U00173_3_0,2026-06-04 20:38:39,P0069,SU00173_3_SESS_U00173_3_0
AU00199_3_SESS_U00199_3_0,U00199,SESS_U00199_3_0,2026-06-04 21:08:19,P0058,SU00199_3_SESS_U00199_3_0
AU00220_3_SESS_U00220_3_0,U00220,SESS_U00220_3_0,2026-06-04 18:13:53,P0171,SU00220_3_SESS_U00220_3_0
AU00230_3_SESS_U00230_3_1,U00230,SESS_U00230_3_1,2026-06-04 17:16:36,P0211,SU00230_3_SESS_U00230_3_1
AU00239_3_SESS_U00239_3_0,U00239,SESS_U00239_3_0,2026-06-04 12:51:55,P0016,SU00239_3_SESS_U00239_3_0
AU00239_3_SESS_U00239_3_1,U00239,SESS_U00239_3_1,2026-06-04 20:48:14,P0299,SU00239_3_SESS_U00239_3_1
AU00292_3_SESS_U00292_3_0,U00292,SESS_U00292_3_0,2026-06-04 19:44:42,P0006,SU00292_3_SESS_U00292_3_0
AU00305_3_SESS_U00305_3_0,U00305,SESS_U00305_3_0,2026-06-04 15:42:26,P0006,SU00305_3_SESS_U00305_3_0
AU00306_3_SESS_U00306_3_0,U00306,SESS_U00306_3_0,2026-06-04 11:19:22,P0029,SU00306_3_SESS_U00306_3_0
AU00326_3_SESS_U00326_3_0,U00326,SESS_U00326_3_0,2026-06-04 15:25:11,P0615,SU00326_3_SESS_U00326_3_0
AU00326_3_SESS_U00326_3_0,U00326,SESS_U00326_3_0,2026-06-04 10:14:56,P0101,SU00326_3_SESS_U00326_3_0
AU00326_3_SESS_U00326_3_1,U00326,SESS_U00326_3_1,2026-06-04 22:34:39,P0046,SU00326_3_SESS_U00326_3_1
AU00330_3_SESS_U00330_3_0,U00330,SESS_U00330_3_0,2026-06-04 09:08:20,P0004,SU00330_3_SESS_U00330_3_0
AU00349_3_SESS_U00349_3_0,U00349,SESS_U00349_3_0,2026-06-04 18:44:51,P0044,SU00349_3_SESS_U00349_3_0
AU00349_3_SESS_U00349_3_1,U00349,SESS_U00349_3_1,2026-06-04 12:34:55,P0004,SU00349_3_SESS_U00349_3_1
AU00354_3_SESS_U00354_3_0,U00354,SESS_U00354_3_0,2026-06-04 17:07:54,P0009,SU00354_3_SESS_U00354_3_0
AU00382_3_SESS_U00382_3_0,U00382,SESS_U00382_3_0,2026-06-04 09:07:47,P0032,SU00382_3_SESS_U00382_3_0
AU00386_3_SESS_U00386_3_0,U00386,SESS_U00386_3_0,2026-06-04 20:38:01,P0002,SU00386_3_SESS_U00386_3_0
AU00388_3_SESS_U00388_3_0,U00388,SESS_U00388_3_0,2026-06-04 09:47:25,P0236,SU00388_3_SESS_U00388_3_0
AU00401_3_SESS_U00401_3_0,U00401,SESS_U00401_3_0,2026-06-04 09:47:43,P0059,SU00401_3_SESS_U00401_3_0
AU00408_3_SESS_U00408_3_0,U00408,SESS_U00408_3_0,2026-06-04 21:16:51,P0098,SU00408_3_SESS_U00408_3_0
AU00436_3_SESS_U00436_3_0,U00436,SESS_U00436_3_0,2026-06-04 12:50:17,P0036,SU00436_3_SESS_U00436_3_0
AU00438_3_SESS_U00438_3_0,U00438,SESS_U00438_3_0,2026-06-04 18:03:42,P0277,SU00438_3_SESS_U00438_3_0
AU00438_3_SESS_U00438_3_0,U00438,SESS_U00438_3_0,2026-06-04 22:24:38,P0210,SU00438_3_SESS_U00438_3_0
AU00442_3_SESS_U00442_3_1,U00442,SESS_U00442_3_1,2026-06-04 16:13:45,P0433,SU00442_3_SESS_U00442_3_1
AU00454_3_SESS_U00454_3_0,U00454,SESS_U00454_3_0,2026-06-04 15:09:44,P0002,SU00454_3_SESS_U00454_3_0
AU00458_3_SESS_U00458_3_0,U00458,SESS_U00458_3_0,2026-06-04 17:08:35,P0197,SU00458_3_SESS_U00458_3_0
AU00466_3_SESS_U00466_3_0,U00466,SESS_U00466_3_0,2026-06-04 13:34:40,P0159,SU00466_3_SESS_U00466_3_0
AU00483_3_SESS_U00483_3_0,U00483,SESS_U00483_3_0,2026-06-04 22:19:54,P0002,SU00483_3_SESS_U00483_3_0
AU00502_3_SESS_U00502_3_0,U00502,SESS_U00502_3_0,2026-06-04 07:42:01,P0263,SU00502_3_SESS_U00502_3_0
AU00513_3_SESS_U00513_3_0,U00513,SESS_U00513_3_0,2026-06-04 10:27:31,P0225,SU00513_3_SESS_U00513_3_0
AU00533_3_SESS_U00533_3_0,U00533,SESS_U00533_3_0,2026-06-04 14:55:19,P0085,SU00533_3_SESS_U00533_3_0
AU00537_3_SESS_U00537_3_0,U00537,SESS_U00537_3_0,2026-06-04 11:00:55,P0013,SU00537_3_SESS_U00537_3_0
AU00557_3_SESS_U00557_3_0,U00557,SESS_U00557_3_0,2026-06-04 22:58:46,P0006,SU00557_3_SESS_U00557_3_0
AU00561_3_SESS_U00561_3_0,U00561,SESS_U00561_3_0,2026-06-04 10:35:41,P0146,SU00561_3_SESS_U00561_3_0
AU00572_3_SESS_U00572_3_0,U00572,SESS_U00572_3_0,2026-06-04 14:31:47,P0002,SU00572_3_SESS_U00572_3_0
AU00577_3_SESS_U00577_3_0,U00577,SESS_U00577_3_0,2026-06-04 17:50:18,P0227,SU00577_3_SESS_U00577_3_0
AU00579_3_SESS_U00579_3_0,U00579,SESS_U00579_3_0,2026-06-04 11:34:28,P0002,SU00579_3_SESS_U00579_3_0
AU00587_3_SESS_U00587_3_0,U00587,SESS_U00587_3_0,2026-06-04 08:39:02,P0156,SU00587_3_SESS_U00587_3_0
AU00606_3_SESS_U00606_3_0,U00606,SESS_U00606_3_0,2026-06-04 09:54:14,P0002,SU00606_3_SESS_U00606_3_0
AU00606_3_SESS_U00606_3_1,U00606,SESS_U00606_3_1,2026-06-04 09:35:39,P0003,SU00606_3_SESS_U00606_3_1
AU00608_3_SESS_U00608_3_0,U00608,SESS_U00608_3_0,2026-06-04 12:07:55,P0001,SU00608_3_SESS_U00608_3_0
AU00611_3_SESS_U00611_3_0,U00611,SESS_U00611_3_0,2026-06-04 22:51:51,P0159,SU00611_3_SESS_U00611_3_0
AU00620_3_SESS_U00620_3_0,U00620,SESS_U00620_3_0,2026-06-04 17:08:09,P0031,SU00620_3_SESS_U00620_3_0
AU00620_3_SESS_U00620_3_0,U00620,SESS_U00620_3_0,2026-06-04 16:12:43,P0016,SU00620_3_SESS_U00620_3_0
AU00660_3_SESS_U00660_3_0,U00660,SESS_U00660_3_0,2026-06-04 11:11:34,P0135,SU00660_3_SESS_U00660_3_0
AU00665_3_SESS_U00665_3_0,U00665,SESS_U00665_3_0,2026-06-04 19:48:27,P0174,SU00665_3_SESS_U00665_3_0
AU00668_3_SESS_U00668_3_0,U00668,SESS_U00668_3_0,2026-06-04 16:20:03,P0012,SU00668_3_SESS_U00668_3_0
AU00674_3_SESS_U00674_3_0,U00674,SESS_U00674_3_0,2026-06-04 20:00:49,P0180,SU00674_3_SESS_U00674_3_0
AU00679_3_SESS_U00679_3_1,U00679,SESS_U00679_3_1,2026-06-04 20:00:42,P0003,SU00679_3_SESS_U00679_3_1
AU00692_3_SESS_U00692_3_0,U00692,SESS_U00692_3_0,2026-06-04 18:35:02,P0167,SU00692_3_SESS_U00692_3_0
AU00692_3_SESS_U00692_3_0,U00692,SESS_U00692_3_0,2026-06-04 21:07:23,P0156,SU00692_3_SESS_U00692_3_0
AU00693_3_SESS_U00693_3_0,U00693,SESS_U00693_3_0,2026-06-04 21:10:42,P0492,SU00693_3_SESS_U00693_3_0
AU00709_3_SESS_U00709_3_0,U00709,SESS_U00709_3_0,2026-06-04 16:00:35,P0120,SU00709_3_SESS_U00709_3_0
AU00709_3_SESS_U00709_3_0,U00709,SESS_U00709_3_0,2026-06-04 16:27:46,P0046,SU00709_3_SESS_U00709_3_0
AU00712_3_SESS_U00712_3_0,U00712,SESS_U00712_3_0,2026-06-04 08:04:48,P0004,SU00712_3_SESS_U00712_3_0
AU00712_3_SESS_U00712_3_0,U00712,SESS_U00712_3_0,2026-06-04 07:40:51,P0027,SU00712_3_SESS_U00712_3_0
AU00718_3_SESS_U00718_3_0,U00718,SESS_U00718_3_0,2026-06-04 22:17:50,P0412,SU00718_3_SESS_U00718_3_0
AU00725_3_SESS_U00725_3_0,U00725,SESS_U00725_3_0,2026-06-04 20:53:23,P0010,SU00725_3_SESS_U00725_3_0
AU00727_3_SESS_U00727_3_0,U00727,SESS_U00727_3_0,2026-06-04 17:10:42,P0002,SU00727_3_SESS_U00727_3_0
AU00731_3_SESS_U00731_3_0,U00731,SESS_U00731_3_0,2026-06-04 19:03:53,P0046,SU00731_3_SESS_U00731_3_0
AU00752_3_SESS_U00752_3_0,U00752,SESS_U00752_3_0,2026-06-04 14:52:33,P0004,SU00752_3_SESS_U00752_3_0
AU00756_3_SESS_U00756_3_0,U00756,SESS_U00756_3_0,2026-06-04 22:57:53,P0017,SU00756_3_SESS_U00756_3_0
AU00758_3_SESS_U00758_3_0,U00758,SESS_U00758_3_0,2026-06-04 17:57:47,P0007,SU00758_3_SESS_U00758_3_0
AU00762_3_SESS_U00762_3_0,U00762,SESS_U00762_3_0,2026-06-04 21:46:41,P0002,SU00762_3_SESS_U00762_3_0
AU00772_3_SESS_U00772_3_0,U00772,SESS_U00772_3_0,2026-06-04 10:34:47,P0563,SU00772_3_SESS_U00772_3_0
AU00772_3_SESS_U00772_3_0,U00772,SESS_U00772_3_0,2026-06-04 21:36:56,P0020,SU00772_3_SESS_U00772_3_0
AU00775_3_SESS_U00775_3_0,U00775,SESS_U00775_3_0,2026-06-04 21:07:20,P0125,SU00775_3_SESS_U00775_3_0
AU00779_3_SESS_U00779_3_0,U00779,SESS_U00779_3_0,2026-06-04 18:30:31,P0010,SU00779_3_SESS_U00779_3_0
AU00782_3_SESS_U00782_3_0,U00782,SESS_U00782_3_0,2026-06-04 22:42:38,P0063,SU00782_3_SESS_U00782_3_0
AU00793_3_SESS_U00793_3_0,U00793,SESS_U00793_3_0,2026-06-04 17:29:55,P0009,SU00793_3_SESS_U00793_3_0
AU00793_3_SESS_U00793_3_0,U00793,SESS_U00793_3_0,2026-06-04 09:28:48,P0002,SU00793_3_SESS_U00793_3_0
AU00003_4_SESS_U00003_4_0,U00003,SESS_U00003_4_0,2026-06-05 18:56:26,P0134,SU00003_4_SESS_U00003_4_0
AU00004_4_SESS_U00004_4_0,U00004,SESS_U00004_4_0,2026-06-05 13:53:30,P0002,SU00004_4_SESS_U00004_4_0
AU00009_4_SESS_U00009_4_0,U00009,SESS_U00009_4_0,2026-06-05 12:19:28,P0002,SU00009_4_SESS_U00009_4_0
AU00017_4_SESS_U00017_4_0,U00017,SESS_U00017_4_0,2026-06-05 18:06:47,P0482,SU00017_4_SESS_U00017_4_0
AU00025_4_SESS_U00025_4_0,U00025,SESS_U00025_4_0,2026-06-05 11:19:35,P0021,SU00025_4_SESS_U00025_4_0
AU00043_4_SESS_U00043_4_0,U00043,SESS_U00043_4_0,2026-06-05 19:44:34,P0149,SU00043_4_SESS_U00043_4_0
AU00052_4_SESS_U00052_4_0,U00052,SESS_U00052_4_0,2026-06-05 08:57:24,P0167,SU00052_4_SESS_U00052_4_0
AU00058_4_SESS_U00058_4_0,U00058,SESS_U00058_4_0,2026-06-05 12:17:40,P0011,SU00058_4_SESS_U00058_4_0
AU00069_4_SESS_U00069_4_0,U00069,SESS_U00069_4_0,2026-06-05 13:41:31,P0098,SU00069_4_SESS_U00069_4_0
AU00069_4_SESS_U00069_4_1,U00069,SESS_U00069_4_1,2026-06-05 21:10:45,P0492,SU00069_4_SESS_U00069_4_1
AU00076_4_SESS_U00076_4_0,U00076,SESS_U00076_4_0,2026-06-05 16:42:35,P0086,SU00076_4_SESS_U00076_4_0
AU00081_4_SESS_U00081_4_0,U00081,SESS_U00081_4_0,2026-06-05 22:36:58,P0101,SU00081_4_SESS_U00081_4_0
AU00082_4_SESS_U00082_4_0,U00082,SESS_U00082_4_0,2026-06-05 20:47:50,P0121,SU00082_4_SESS_U00082_4_0
AU00087_4_SESS_U00087_4_0,U00087,SESS_U00087_4_0,2026-06-05 21:42:43,P0427,SU00087_4_SESS_U00087_4_0
AU00088_4_SESS_U00088_4_0,U00088,SESS_U00088_4_0,2026-06-05 15:09:49,P0023,SU00088_4_SESS_U00088_4_0
AU00100_4_SESS_U00100_4_1,U00100,SESS_U00100_4_1,2026-06-05 19:23:56,P0381,SU00100_4_SESS_U00100_4_1
AU00104_4_SESS_U00104_4_0,U00104,SESS_U00104_4_0,2026-06-05 20:18:29,P0053,SU00104_4_SESS_U00104_4_0
AU00108_4_SESS_U00108_4_0,U00108,SESS_U00108_4_0,2026-06-05 15:55:33,P0002,SU00108_4_SESS_U00108_4_0
AU00135_4_SESS_U00135_4_0,U00135,SESS_U00135_4_0,2026-06-05 20:08:51,P0014,SU00135_4_SESS_U00135_4_0
AU00144_4_SESS_U00144_4_1,U00144,SESS_U00144_4_1,2026-06-05 07:12:44,P0002,SU00144_4_SESS_U00144_4_1
AU00171_4_SESS_U00171_4_0,U00171,SESS_U00171_4_0,2026-06-05 15:21:58,P0009,SU00171_4_SESS_U00171_4_0
AU00191_4_SESS_U00191_4_0,U00191,SESS_U00191_4_0,2026-06-05 17:00:28,P0061,SU00191_4_SESS_U00191_4_0
AU00214_4_SESS_U00214_4_0,U00214,SESS_U00214_4_0,2026-06-05 16:30:50,P0003,SU00214_4_SESS_U00214_4_0
AU00214_4_SESS_U00214_4_0,U00214,SESS_U00214_4_0,2026-06-05 09:14:16,P0016,SU00214_4_SESS_U00214_4_0
AU00218_4_SESS_U00218_4_0,U00218,SESS_U00218_4_0,2026-06-05 11:36:33,P0006,SU00218_4_SESS_U00218_4_0
AU00223_4_SESS_U00223_4_0,U00223,SESS_U00223_4_0,2026-06-05 12:49:41,P0142,SU00223_4_SESS_U00223_4_0
AU00227_4_SESS_U00227_4_0,U00227,SESS_U00227_4_0,2026-06-05 18:33:41,P0002,SU00227_4_SESS_U00227_4_0
AU00233_4_SESS_U00233_4_0,U00233,SESS_U00233_4_0,2026-06-05 20:31:44,P0002,SU00233_4_SESS_U00233_4_0
AU00263_4_SESS_U00263_4_0,U00263,SESS_U00263_4_0,2026-06-05 22:20:15,P0051,SU00263_4_SESS_U00263_4_0
AU00269_4_SESS_U00269_4_0,U00269,SESS_U00269_4_0,2026-06-05 11:21:47,P0002,SU00269_4_SESS_U00269_4_0
AU00271_4_SESS_U00271_4_0,U00271,SESS_U00271_4_0,2026-06-05 21:44:41,P0339,SU00271_4_SESS_U00271_4_0
AU00277_4_SESS_U00277_4_0,U00277,SESS_U00277_4_0,2026-06-05 14:35:45,P0002,SU00277_4_SESS_U00277_4_0
AU00285_4_SESS_U00285_4_0,U00285,SESS_U00285_4_0,2026-06-05 17:47:29,P0055,SU00285_4_SESS_U00285_4_0
AU00296_4_SESS_U00296_4_0,U00296,SESS_U00296_4_0,2026-06-05 13:53:29,P0235,SU00296_4_SESS_U00296_4_0
AU00303_4_SESS_U00303_4_0,U00303,SESS_U00303_4_0,2026-06-05 18:21:10,P0200,SU00303_4_SESS_U00303_4_0
AU00307_4_SESS_U00307_4_0,U00307,SESS_U00307_4_0,2026-06-05 11:36:21,P0670,SU00307_4_SESS_U00307_4_0
AU00308_4_SESS_U00308_4_1,U00308,SESS_U00308_4_1,2026-06-05 14:58:49,P0203,SU00308_4_SESS_U00308_4_1
AU00313_4_SESS_U00313_4_0,U00313,SESS_U00313_4_0,2026-06-05 15:32:10,P0276,SU00313_4_SESS_U00313_4_0
AU00330_4_SESS_U00330_4_0,U00330,SESS_U00330_4_0,2026-06-05 17:31:50,P0381,SU00330_4_SESS_U00330_4_0
AU00336_4_SESS_U00336_4_0,U00336,SESS_U00336_4_0,2026-06-05 20:17:34,P0195,SU00336_4_SESS_U00336_4_0
AU00347_4_SESS_U00347_4_0,U00347,SESS_U00347_4_0,2026-06-05 16:31:31,P0411,SU00347_4_SESS_U00347_4_0
AU00362_4_SESS_U00362_4_0,U00362,SESS_U00362_4_0,2026-06-05 10:24:25,P0016,SU00362_4_SESS_U00362_4_0
AU00362_4_SESS_U00362_4_1,U00362,SESS_U00362_4_1,2026-06-05 08:23:54,P0001,SU00362_4_SESS_U00362_4_1
AU00364_4_SESS_U00364_4_0,U00364,SESS_U00364_4_0,2026-06-05 16:36:15,P0001,SU00364_4_SESS_U00364_4_0
AU00366_4_SESS_U00366_4_1,U00366,SESS_U00366_4_1,2026-06-05 19:10:42,P0002,SU00366_4_SESS_U00366_4_1
AU00370_4_SESS_U00370_4_0,U00370,SESS_U00370_4_0,2026-06-05 11:59:33,P0421,SU00370_4_SESS_U00370_4_0
AU00375_4_SESS_U00375_4_0,U00375,SESS_U00375_4_0,2026-06-05 14:40:40,P0006,SU00375_4_SESS_U00375_4_0
AU00377_4_SESS_U00377_4_0,U00377,SESS_U00377_4_0,2026-06-05 14:29:35,P0032,SU00377_4_SESS_U00377_4_0
AU00382_4_SESS_U00382_4_0,U00382,SESS_U00382_4_0,2026-06-05 19:31:26,P0148,SU00382_4_SESS_U00382_4_0
AU00384_4_SESS_U00384_4_0,U00384,SESS_U00384_4_0,2026-06-05 16:23:28,P0180,SU00384_4_SESS_U00384_4_0
AU00388_4_SESS_U00388_4_0,U00388,SESS_U00388_4_0,2026-06-05 10:34:17,P0142,SU00388_4_SESS_U00388_4_0
AU00418_4_SESS_U00418_4_0,U00418,SESS_U00418_4_0,2026-06-05 07:50:18,P0111,SU00418_4_SESS_U00418_4_0
AU00418_4_SESS_U00418_4_0,U00418,SESS_U00418_4_0,2026-06-05 20:44:46,P0131,SU00418_4_SESS_U00418_4_0
AU00432_4_SESS_U00432_4_0,U00432,SESS_U00432_4_0,2026-06-05 22:46:49,P0032,SU00432_4_SESS_U00432_4_0
AU00437_4_SESS_U00437_4_0,U00437,SESS_U00437_4_0,2026-06-05 10:45:26,P0116,SU00437_4_SESS_U00437_4_0
AU00444_4_SESS_U00444_4_0,U00444,SESS_U00444_4_0,2026-06-05 07:24:49,P0102,SU00444_4_SESS_U00444_4_0
AU00447_4_SESS_U00447_4_0,U00447,SESS_U00447_4_0,2026-06-05 15:21:45,P0002,SU00447_4_SESS_U00447_4_0
AU00458_4_SESS_U00458_4_0,U00458,SESS_U00458_4_0,2026-06-05 12:45:45,P0121,SU00458_4_SESS_U00458_4_0
AU00458_4_SESS_U00458_4_0,U00458,SESS_U00458_4_0,2026-06-05 17:20:25,P0109,SU00458_4_SESS_U00458_4_0
AU00463_4_SESS_U00463_4_0,U00463,SESS_U00463_4_0,2026-06-05 08:20:26,P0121,SU00463_4_SESS_U00463_4_0
AU00464_4_SESS_U00464_4_0,U00464,SESS_U00464_4_0,2026-06-05 15:26:25,P0075,SU00464_4_SESS_U00464_4_0
AU00475_4_SESS_U00475_4_0,U00475,SESS_U00475_4_0,2026-06-05 22:13:36,P0017,SU00475_4_SESS_U00475_4_0
AU00478_4_SESS_U00478_4_1,U00478,SESS_U00478_4_1,2026-06-05 07:20:50,P0044,SU00478_4_SESS_U00478_4_1
AU00478_4_SESS_U00478_4_1,U00478,SESS_U00478_4_1,2026-06-05 08:06:27,P0008,SU00478_4_SESS_U00478_4_1
AU00490_4_SESS_U00490_4_0,U00490,SESS_U00490_4_0,2026-06-05 14:48:46,P0002,SU00490_4_SESS_U00490_4_0
AU00523_4_SESS_U00523_4_0,U00523,SESS_U00523_4_0,2026-06-05 09:20:25,P0017,SU00523_4_SESS_U00523_4_0
AU00536_4_SESS_U00536_4_0,U00536,SESS_U00536_4_0,2026-06-05 21:48:40,P0186,SU00536_4_SESS_U00536_4_0
AU00547_4_SESS_U00547_4_0,U00547,SESS_U00547_4_0,2026-06-05 21:12:19,P0138,SU00547_4_SESS_U00547_4_0
AU00548_4_SESS_U00548_4_1,U00548,SESS_U00548_4_1,2026-06-05 08:50:29,P0004,SU00548_4_SESS_U00548_4_1
AU00563_4_SESS_U00563_4_1,U00563,SESS_U00563_4_1,2026-06-05 22:42:43,P0411,SU00563_4_SESS_U00563_4_1
AU00572_4_SESS_U00572_4_0,U00572,SESS_U00572_4_0,2026-06-05 19:17:30,P0002,SU00572_4_SESS_U00572_4_0
AU00572_4_SESS_U00572_4_0,U00572,SESS_U00572_4_0,2026-06-05 10:20:55,P0210,SU00572_4_SESS_U00572_4_0
AU00582_4_SESS_U00582_4_0,U00582,SESS_U00582_4_0,2026-06-05 21:16:53,P0330,SU00582_4_SESS_U00582_4_0
AU00595_4_SESS_U00595_4_0,U00595,SESS_U00595_4_0,2026-06-05 22:17:17,P0308,SU00595_4_SESS_U00595_4_0
AU00597_4_SESS_U00597_4_0,U00597,SESS_U00597_4_0,2026-06-05 18:46:01,P0033,SU00597_4_SESS_U00597_4_0
AU00599_4_SESS_U00599_4_0,U00599,SESS_U00599_4_0,2026-06-05 21:32:36,P0041,SU00599_4_SESS_U00599_4_0
AU00601_4_SESS_U00601_4_0,U00601,SESS_U00601_4_0,2026-06-05 15:54:38,P0081,SU00601_4_SESS_U00601_4_0
AU00611_4_SESS_U00611_4_1,U00611,SESS_U00611_4_1,2026-06-05 22:08:38,P0450,SU00611_4_SESS_U00611_4_1
AU00630_4_SESS_U00630_4_0,U00630,SESS_U00630_4_0,2026-06-05 17:37:49,P0222,SU00630_4_SESS_U00630_4_0
AU00632_4_SESS_U00632_4_0,U00632,SESS_U00632_4_0,2026-06-05 22:01:24,P0009,SU00632_4_SESS_U00632_4_0
AU00643_4_SESS_U00643_4_0,U00643,SESS_U00643_4_0,2026-06-05 18:41:35,P0005,SU00643_4_SESS_U00643_4_0
AU00673_4_SESS_U00673_4_0,U00673,SESS_U00673_4_0,2026-06-05 20:54:50,P0003,SU00673_4_SESS_U00673_4_0
AU00680_4_SESS_U00680_4_0,U00680,SESS_U00680_4_0,2026-06-05 20:42:13,P0003,SU00680_4_SESS_U00680_4_0
AU00705_4_SESS_U00705_4_0,U00705,SESS_U00705_4_0,2026-06-05 11:35:45,P0494,SU00705_4_SESS_U00705_4_0
AU00716_4_SESS_U00716_4_0,U00716,SESS_U00716_4_0,2026-06-05 09:11:46,P0167,SU00716_4_SESS_U00716_4_0
AU00720_4_SESS_U00720_4_0,U00720,SESS_U00720_4_0,2026-06-05 07:01:59,P0013,SU00720_4_SESS_U00720_4_0
AU00729_4_SESS_U00729_4_1,U00729,SESS_U00729_4_1,2026-06-05 16:47:16,P0438,SU00729_4_SESS_U00729_4_1
AU00750_4_SESS_U00750_4_0,U00750,SESS_U00750_4_0,2026-06-05 13:58:28,P0049,SU00750_4_SESS_U00750_4_0
AU00755_4_SESS_U00755_4_0,U00755,SESS_U00755_4_0,2026-06-05 08:44:24,P0192,SU00755_4_SESS_U00755_4_0
AU00758_4_SESS_U00758_4_0,U00758,SESS_U00758_4_0,2026-06-05 15:50:18,P0002,SU00758_4_SESS_U00758_4_0
AU00758_4_SESS_U00758_4_0,U00758,SESS_U00758_4_0,2026-06-05 15:40:41,P0016,SU00758_4_SESS_U00758_4_0
AU00761_4_SESS_U00761_4_0,U00761,SESS_U00761_4_0,2026-06-05 20:37:41,P0263,SU00761_4_SESS_U00761_4_0
AU00767_4_SESS_U00767_4_0,U00767,SESS_U00767_4_0,2026-06-05 20:13:29,P0127,SU00767_4_SESS_U00767_4_0
AU00770_4_SESS_U00770_4_0,U00770,SESS_U00770_4_0,2026-06-05 19:32:32,P0002,SU00770_4_SESS_U00770_4_0
AU00783_4_SESS_U00783_4_0,U00783,SESS_U00783_4_0,2026-06-05 11:07:39,P0072,SU00783_4_SESS_U00783_4_0
AU00795_4_SESS_U00795_4_1,U00795,SESS_U00795_4_1,2026-06-05 07:28:51,P0239,SU00795_4_SESS_U00795_4_1
AU00008_5_SESS_U00008_5_1,U00008,SESS_U00008_5_1,2026-06-06 13:33:27,P0018,SU00008_5_SESS_U00008_5_1
AU00013_5_SESS_U00013_5_1,U00013,SESS_U00013_5_1,2026-06-06 18:08:24,P0488,SU00013_5_SESS_U00013_5_1
AU00027_5_SESS_U00027_5_0,U00027,SESS_U00027_5_0,2026-06-06 13:51:55,P0040,SU00027_5_SESS_U00027_5_0
AU00027_5_SESS_U00027_5_1,U00027,SESS_U00027_5_1,2026-06-06 17:16:20,P0227,SU00027_5_SESS_U00027_5_1
AU00031_5_SESS_U00031_5_0,U00031,SESS_U00031_5_0,2026-06-06 12:06:39,P0488,SU00031_5_SESS_U00031_5_0
AU00039_5_SESS_U00039_5_0,U00039,SESS_U00039_5_0,2026-06-06 20:22:16,P0011,SU00039_5_SESS_U00039_5_0
AU00049_5_SESS_U00049_5_0,U00049,SESS_U00049_5_0,2026-06-06 17:19:44,P0072,SU00049_5_SESS_U00049_5_0
AU00049_5_SESS_U00049_5_0,U00049,SESS_U00049_5_0,2026-06-06 15:54:21,P0112,SU00049_5_SESS_U00049_5_0
AU00050_5_SESS_U00050_5_0,U00050,SESS_U00050_5_0,2026-06-06 17:15:23,P0024,SU00050_5_SESS_U00050_5_0
AU00057_5_SESS_U00057_5_1,U00057,SESS_U00057_5_1,2026-06-06 09:45:21,P0002,SU00057_5_SESS_U00057_5_1
AU00070_5_SESS_U00070_5_0,U00070,SESS_U00070_5_0,2026-06-06 10:37:26,P0277,SU00070_5_SESS_U00070_5_0
AU00112_5_SESS_U00112_5_1,U00112,SESS_U00112_5_1,2026-06-06 19:01:32,P0004,SU00112_5_SESS_U00112_5_1
AU00130_5_SESS_U00130_5_0,U00130,SESS_U00130_5_0,2026-06-06 22:01:11,P0125,SU00130_5_SESS_U00130_5_0
AU00142_5_SESS_U00142_5_0,U00142,SESS_U00142_5_0,2026-06-06 16:06:37,P0174,SU00142_5_SESS_U00142_5_0
AU00148_5_SESS_U00148_5_0,U00148,SESS_U00148_5_0,2026-06-06 16:48:49,P0599,SU00148_5_SESS_U00148_5_0
AU00158_5_SESS_U00158_5_0,U00158,SESS_U00158_5_0,2026-06-06 16:45:45,P0022,SU00158_5_SESS_U00158_5_0
AU00168_5_SESS_U00168_5_0,U00168,SESS_U00168_5_0,2026-06-06 08:13:43,P0211,SU00168_5_SESS_U00168_5_0
AU00181_5_SESS_U00181_5_0,U00181,SESS_U00181_5_0,2026-06-06 09:50:33,P0280,SU00181_5_SESS_U00181_5_0
AU00186_5_SESS_U00186_5_0,U00186,SESS_U00186_5_0,2026-06-06 21:50:24,P0004,SU00186_5_SESS_U00186_5_0
AU00195_5_SESS_U00195_5_0,U00195,SESS_U00195_5_0,2026-06-06 14:22:54,P0181,SU00195_5_SESS_U00195_5_0
AU00198_5_SESS_U00198_5_0,U00198,SESS_U00198_5_0,2026-06-06 21:00:27,P0112,SU00198_5_SESS_U00198_5_0
AU00201_5_SESS_U00201_5_0,U00201,SESS_U00201_5_0,2026-06-06 19:33:24,P0077,SU00201_5_SESS_U00201_5_0
AU00202_5_SESS_U00202_5_0,U00202,SESS_U00202_5_0,2026-06-06 18:49:34,P0002,SU00202_5_SESS_U00202_5_0
AU00213_5_SESS_U00213_5_0,U00213,SESS_U00213_5_0,2026-06-06 12:25:30,P0017,SU00213_5_SESS_U00213_5_0
AU00216_5_SESS_U00216_5_0,U00216,SESS_U00216_5_0,2026-06-06 21:35:37,P0056,SU00216_5_SESS_U00216_5_0
AU00216_5_SESS_U00216_5_1,U00216,SESS_U00216_5_1,2026-06-06 09:09:32,P0023,SU00216_5_SESS_U00216_5_1
AU00217_5_SESS_U00217_5_0,U00217,SESS_U00217_5_0,2026-06-06 08:01:40,P0397,SU00217_5_SESS_U00217_5_0
AU00226_5_SESS_U00226_5_0,U00226,SESS_U00226_5_0,2026-06-06 19:47:42,P0279,SU00226_5_SESS_U00226_5_0
AU00232_5_SESS_U00232_5_0,U00232,SESS_U00232_5_0,2026-06-06 22:06:41,P0042,SU00232_5_SESS_U00232_5_0
AU00240_5_SESS_U00240_5_0,U00240,SESS_U00240_5_0,2026-06-06 07:49:44,P0002,SU00240_5_SESS_U00240_5_0
AU00240_5_SESS_U00240_5_0,U00240,SESS_U00240_5_0,2026-06-06 15:12:29,P0017,SU00240_5_SESS_U00240_5_0
AU00240_5_SESS_U00240_5_1,U00240,SESS_U00240_5_1,2026-06-06 13:56:28,P0004,SU00240_5_SESS_U00240_5_1
AU00293_5_SESS_U00293_5_0,U00293,SESS_U00293_5_0,2026-06-06 07:08:50,P0227,SU00293_5_SESS_U00293_5_0
AU00303_5_SESS_U00303_5_0,U00303,SESS_U00303_5_0,2026-06-06 11:00:44,P0288,SU00303_5_SESS_U00303_5_0
AU00306_5_SESS_U00306_5_0,U00306,SESS_U00306_5_0,2026-06-06 14:54:38,P0049,SU00306_5_SESS_U00306_5_0
AU00306_5_SESS_U00306_5_1,U00306,SESS_U00306_5_1,2026-06-06 12:18:33,P0139,SU00306_5_SESS_U00306_5_1
AU00325_5_SESS_U00325_5_0,U00325,SESS_U00325_5_0,2026-06-06 18:39:50,P0001,SU00325_5_SESS_U00325_5_0
AU00331_5_SESS_U00331_5_0,U00331,SESS_U00331_5_0,2026-06-06 09:34:24,P0018,SU00331_5_SESS_U00331_5_0
AU00338_5_SESS_U00338_5_0,U00338,SESS_U00338_5_0,2026-06-06 14:03:38,P0001,SU00338_5_SESS_U00338_5_0
AU00340_5_SESS_U00340_5_0,U00340,SESS_U00340_5_0,2026-06-06 14:07:12,P0091,SU00340_5_SESS_U00340_5_0
AU00351_5_SESS_U00351_5_0,U00351,SESS_U00351_5_0,2026-06-06 16:01:57,P0184,SU00351_5_SESS_U00351_5_0
AU00353_5_SESS_U00353_5_0,U00353,SESS_U00353_5_0,2026-06-06 21:26:15,P0121,SU00353_5_SESS_U00353_5_0
AU00354_5_SESS_U00354_5_0,U00354,SESS_U00354_5_0,2026-06-06 17:46:50,P0001,SU00354_5_SESS_U00354_5_0
AU00359_5_SESS_U00359_5_0,U00359,SESS_U00359_5_0,2026-06-06 10:22:50,P0022,SU00359_5_SESS_U00359_5_0
AU00368_5_SESS_U00368_5_0,U00368,SESS_U00368_5_0,2026-06-06 22:44:47,P0012,SU00368_5_SESS_U00368_5_0
AU00369_5_SESS_U00369_5_0,U00369,SESS_U00369_5_0,2026-06-06 19:48:23,P0451,SU00369_5_SESS_U00369_5_0
AU00384_5_SESS_U00384_5_0,U00384,SESS_U00384_5_0,2026-06-06 10:06:48,P0083,SU00384_5_SESS_U00384_5_0
AU00385_5_SESS_U00385_5_0,U00385,SESS_U00385_5_0,2026-06-06 21:19:46,P0169,SU00385_5_SESS_U00385_5_0
AU00386_5_SESS_U00386_5_0,U00386,SESS_U00386_5_0,2026-06-06 21:15:32,P0002,SU00386_5_SESS_U00386_5_0
AU00397_5_SESS_U00397_5_0,U00397,SESS_U00397_5_0,2026-06-06 19:06:53,P0640,SU00397_5_SESS_U00397_5_0
AU00406_5_SESS_U00406_5_0,U00406,SESS_U00406_5_0,2026-06-06 12:09:45,P0001,SU00406_5_SESS_U00406_5_0
AU00429_5_SESS_U00429_5_0,U00429,SESS_U00429_5_0,2026-06-06 18:18:22,P0111,SU00429_5_SESS_U00429_5_0
AU00429_5_SESS_U00429_5_1,U00429,SESS_U00429_5_1,2026-06-06 21:37:45,P0051,SU00429_5_SESS_U00429_5_1
AU00432_5_SESS_U00432_5_0,U00432,SESS_U00432_5_0,2026-06-06 20:32:42,P0155,SU00432_5_SESS_U00432_5_0
AU00433_5_SESS_U00433_5_0,U00433,SESS_U00433_5_0,2026-06-06 19:42:26,P0482,SU00433_5_SESS_U00433_5_0
AU00446_5_SESS_U00446_5_0,U00446,SESS_U00446_5_0,2026-06-06 16:00:24,P0002,SU00446_5_SESS_U00446_5_0
AU00466_5_SESS_U00466_5_0,U00466,SESS_U00466_5_0,2026-06-06 13:51:25,P0077,SU00466_5_SESS_U00466_5_0
AU00493_5_SESS_U00493_5_0,U00493,SESS_U00493_5_0,2026-06-06 20:03:45,P0002,SU00493_5_SESS_U00493_5_0
AU00517_5_SESS_U00517_5_0,U00517,SESS_U00517_5_0,2026-06-06 18:04:50,P0004,SU00517_5_SESS_U00517_5_0
AU00537_5_SESS_U00537_5_0,U00537,SESS_U00537_5_0,2026-06-06 20:48:39,P0004,SU00537_5_SESS_U00537_5_0
AU00542_5_SESS_U00542_5_0,U00542,SESS_U00542_5_0,2026-06-06 13:51:41,P0171,SU00542_5_SESS_U00542_5_0
AU00545_5_SESS_U00545_5_0,U00545,SESS_U00545_5_0,2026-06-06 20:29:24,P0174,SU00545_5_SESS_U00545_5_0
AU00564_5_SESS_U00564_5_0,U00564,SESS_U00564_5_0,2026-06-06 18:34:22,P0005,SU00564_5_SESS_U00564_5_0
AU00568_5_SESS_U00568_5_0,U00568,SESS_U00568_5_0,2026-06-06 16:43:36,P0122,SU00568_5_SESS_U00568_5_0
AU00568_5_SESS_U00568_5_0,U00568,SESS_U00568_5_0,2026-06-06 14:46:28,P0033,SU00568_5_SESS_U00568_5_0
AU00577_5_SESS_U00577_5_0,U00577,SESS_U00577_5_0,2026-06-06 09:03:48,P0236,SU00577_5_SESS_U00577_5_0
AU00577_5_SESS_U00577_5_1,U00577,SESS_U00577_5_1,2026-06-06 13:47:25,P0075,SU00577_5_SESS_U00577_5_1
AU00582_5_SESS_U00582_5_0,U00582,SESS_U00582_5_0,2026-06-06 09:39:51,P0227,SU00582_5_SESS_U00582_5_0
AU00588_5_SESS_U00588_5_0,U00588,SESS_U00588_5_0,2026-06-06 14:28:41,P0002,SU00588_5_SESS_U00588_5_0
AU00591_5_SESS_U00591_5_0,U00591,SESS_U00591_5_0,2026-06-06 18:57:43,P0074,SU00591_5_SESS_U00591_5_0
AU00599_5_SESS_U00599_5_0,U00599,SESS_U00599_5_0,2026-06-06 15:15:53,P0002,SU00599_5_SESS_U00599_5_0
AU00606_5_SESS_U00606_5_0,U00606,SESS_U00606_5_0,2026-06-06 13:38:54,P0027,SU00606_5_SESS_U00606_5_0
AU00610_5_SESS_U00610_5_0,U00610,SESS_U00610_5_0,2026-06-06 08:04:49,P0640,SU00610_5_SESS_U00610_5_0
AU00614_5_SESS_U00614_5_0,U00614,SESS_U00614_5_0,2026-06-06 16:10:57,P0036,SU00614_5_SESS_U00614_5_0
AU00619_5_SESS_U00619_5_0,U00619,SESS_U00619_5_0,2026-06-06 16:54:17,P0285,SU00619_5_SESS_U00619_5_0
AU00627_5_SESS_U00627_5_0,U00627,SESS_U00627_5_0,2026-06-06 14:41:36,P0006,SU00627_5_SESS_U00627_5_0
AU00632_5_SESS_U00632_5_0,U00632,SESS_U00632_5_0,2026-06-06 14:45:33,P0016,SU00632_5_SESS_U00632_5_0
AU00633_5_SESS_U00633_5_1,U00633,SESS_U00633_5_1,2026-06-06 21:50:28,P0234,SU00633_5_SESS_U00633_5_1
AU00642_5_SESS_U00642_5_0,U00642,SESS_U00642_5_0,2026-06-06 11:05:36,P0264,SU00642_5_SESS_U00642_5_0
AU00661_5_SESS_U00661_5_1,U00661,SESS_U00661_5_1,2026-06-06 16:06:39,P0264,SU00661_5_SESS_U00661_5_1
AU00675_5_SESS_U00675_5_0,U00675,SESS_U00675_5_0,2026-06-06 08:16:26,P0210,SU00675_5_SESS_U00675_5_0
AU00676_5_SESS_U00676_5_1,U00676,SESS_U00676_5_1,2026-06-06 08:06:22,P0088,SU00676_5_SESS_U00676_5_1
AU00678_5_SESS_U00678_5_0,U00678,SESS_U00678_5_0,2026-06-06 17:00:41,P0006,SU00678_5_SESS_U00678_5_0
AU00683_5_SESS_U00683_5_0,U00683,SESS_U00683_5_0,2026-06-06 18:51:29,P0107,SU00683_5_SESS_U00683_5_0
AU00683_5_SESS_U00683_5_0,U00683,SESS_U00683_5_0,2026-06-06 10:30:53,P0227,SU00683_5_SESS_U00683_5_0
AU00689_5_SESS_U00689_5_0,U00689,SESS_U00689_5_0,2026-06-06 09:04:41,P0005,SU00689_5_SESS_U00689_5_0
AU00694_5_SESS_U00694_5_0,U00694,SESS_U00694_5_0,2026-06-06 07:05:49,P0030,SU00694_5_SESS_U00694_5_0
AU00706_5_SESS_U00706_5_0,U00706,SESS_U00706_5_0,2026-06-06 22:15:24,P0433,SU00706_5_SESS_U00706_5_0
AU00722_5_SESS_U00722_5_0,U00722,SESS_U00722_5_0,2026-06-06 12:18:20,P0004,SU00722_5_SESS_U00722_5_0
AU00723_5_SESS_U00723_5_0,U00723,SESS_U00723_5_0,2026-06-06 08:14:21,P0488,SU00723_5_SESS_U00723_5_0
AU00726_5_SESS_U00726_5_0,U00726,SESS_U00726_5_0,2026-06-06 20:51:25,P0256,SU00726_5_SESS_U00726_5_0
AU00730_5_SESS_U00730_5_0,U00730,SESS_U00730_5_0,2026-06-06 19:24:32,P0001,SU00730_5_SESS_U00730_5_0
AU00746_5_SESS_U00746_5_0,U00746,SESS_U00746_5_0,2026-06-06 22:05:59,P0060,SU00746_5_SESS_U00746_5_0
AU00759_5_SESS_U00759_5_0,U00759,SESS_U00759_5_0,2026-06-06 20:12:12,P0063,SU00759_5_SESS_U00759_5_0
AU00761_5_SESS_U00761_5_0,U00761,SESS_U00761_5_0,2026-06-06 19:49:44,P0013,SU00761_5_SESS_U00761_5_0
AU00761_5_SESS_U00761_5_1,U00761,SESS_U00761_5_1,2026-06-06 19:45:43,P0021,SU00761_5_SESS_U00761_5_1
AU00766_5_SESS_U00766_5_0,U00766,SESS_U00766_5_0,2026-06-06 22:42:41,P0016,SU00766_5_SESS_U00766_5_0
AU00774_5_SESS_U00774_5_0,U00774,SESS_U00774_5_0,2026-06-06 17:07:40,P0057,SU00774_5_SESS_U00774_5_0
AU00784_5_SESS_U00784_5_0,U00784,SESS_U00784_5_0,2026-06-06 21:56:35,P0002,SU00784_5_SESS_U00784_5_0
AU00793_5_SESS_U00793_5_0,U00793,SESS_U00793_5_0,2026-06-06 17:52:45,P0010,SU00793_5_SESS_U00793_5_0
AU00793_5_SESS_U00793_5_1,U00793,SESS_U00793_5_1,2026-06-06 07:27:23,P0012,SU00793_5_SESS_U00793_5_1
AU00799_5_SESS_U00799_5_0,U00799,SESS_U00799_5_0,2026-06-06 14:38:26,P0004,SU00799_5_SESS_U00799_5_0
AU00008_6_SESS_U00008_6_0,U00008,SESS_U00008_6_0,2026-06-07 19:05:47,P0003,SU00008_6_SESS_U00008_6_0
AU00008_6_SESS_U00008_6_0,U00008,SESS_U00008_6_0,2026-06-07 20:51:21,P0013,SU00008_6_SESS_U00008_6_0
AU00009_6_SESS_U00009_6_0,U00009,SESS_U00009_6_0,2026-06-07 19:06:39,P0166,SU00009_6_SESS_U00009_6_0
AU00017_6_SESS_U00017_6_0,U00017,SESS_U00017_6_0,2026-06-07 22:13:31,P0079,SU00017_6_SESS_U00017_6_0
AU00026_6_SESS_U00026_6_0,U00026,SESS_U00026_6_0,2026-06-07 07:50:27,P0002,SU00026_6_SESS_U00026_6_0
AU00034_6_SESS_U00034_6_0,U00034,SESS_U00034_6_0,2026-06-07 10:36:29,P0004,SU00034_6_SESS_U00034_6_0
AU00034_6_SESS_U00034_6_1,U00034,SESS_U00034_6_1,2026-06-07 09:46:25,P0002,SU00034_6_SESS_U00034_6_1
AU00034_6_SESS_U00034_6_1,U00034,SESS_U00034_6_1,2026-06-07 16:22:19,P0010,SU00034_6_SESS_U00034_6_1
AU00038_6_SESS_U00038_6_0,U00038,SESS_U00038_6_0,2026-06-07 20:49:36,P0004,SU00038_6_SESS_U00038_6_0
AU00038_6_SESS_U00038_6_0,U00038,SESS_U00038_6_0,2026-06-07 14:55:19,P0002,SU00038_6_SESS_U00038_6_0
AU00051_6_SESS_U00051_6_0,U00051,SESS_U00051_6_0,2026-06-07 09:52:27,P0186,SU00051_6_SESS_U00051_6_0
AU00053_6_SESS_U00053_6_0,U00053,SESS_U00053_6_0,2026-06-07 15:09:18,P0411,SU00053_6_SESS_U00053_6_0
AU00053_6_SESS_U00053_6_1,U00053,SESS_U00053_6_1,2026-06-07 10:28:15,P0181,SU00053_6_SESS_U00053_6_1
AU00088_6_SESS_U00088_6_0,U00088,SESS_U00088_6_0,2026-06-07 15:39:43,P0002,SU00088_6_SESS_U00088_6_0
AU00088_6_SESS_U00088_6_1,U00088,SESS_U00088_6_1,2026-06-07 19:43:14,P0012,SU00088_6_SESS_U00088_6_1
AU00101_6_SESS_U00101_6_0,U00101,SESS_U00101_6_0,2026-06-07 07:18:36,P0014,SU00101_6_SESS_U00101_6_0
AU00105_6_SESS_U00105_6_0,U00105,SESS_U00105_6_0,2026-06-07 07:58:14,P0584,SU00105_6_SESS_U00105_6_0
AU00106_6_SESS_U00106_6_0,U00106,SESS_U00106_6_0,2026-06-07 13:42:20,P0065,SU00106_6_SESS_U00106_6_0
AU00109_6_SESS_U00109_6_0,U00109,SESS_U00109_6_0,2026-06-07 13:23:33,P0013,SU00109_6_SESS_U00109_6_0
AU00109_6_SESS_U00109_6_0,U00109,SESS_U00109_6_0,2026-06-07 08:42:09,P0014,SU00109_6_SESS_U00109_6_0
AU00110_6_SESS_U00110_6_0,U00110,SESS_U00110_6_0,2026-06-07 21:45:57,P0014,SU00110_6_SESS_U00110_6_0
AU00114_6_SESS_U00114_6_0,U00114,SESS_U00114_6_0,2026-06-07 20:42:51,P0069,SU00114_6_SESS_U00114_6_0
AU00117_6_SESS_U00117_6_0,U00117,SESS_U00117_6_0,2026-06-07 17:00:19,P0134,SU00117_6_SESS_U00117_6_0
AU00117_6_SESS_U00117_6_0,U00117,SESS_U00117_6_0,2026-06-07 18:13:19,P0531,SU00117_6_SESS_U00117_6_0
AU00119_6_SESS_U00119_6_0,U00119,SESS_U00119_6_0,2026-06-07 17:49:30,P0006,SU00119_6_SESS_U00119_6_0
AU00126_6_SESS_U00126_6_0,U00126,SESS_U00126_6_0,2026-06-07 08:26:26,P0101,SU00126_6_SESS_U00126_6_0
AU00126_6_SESS_U00126_6_0,U00126,SESS_U00126_6_0,2026-06-07 11:41:50,P0156,SU00126_6_SESS_U00126_6_0
AU00138_6_SESS_U00138_6_0,U00138,SESS_U00138_6_0,2026-06-07 22:24:25,P0118,SU00138_6_SESS_U00138_6_0
AU00142_6_SESS_U00142_6_0,U00142,SESS_U00142_6_0,2026-06-07 14:53:54,P0001,SU00142_6_SESS_U00142_6_0
AU00143_6_SESS_U00143_6_0,U00143,SESS_U00143_6_0,2026-06-07 14:03:08,P0002,SU00143_6_SESS_U00143_6_0
AU00152_6_SESS_U00152_6_0,U00152,SESS_U00152_6_0,2026-06-07 20:11:40,P0044,SU00152_6_SESS_U00152_6_0
AU00162_6_SESS_U00162_6_0,U00162,SESS_U00162_6_0,2026-06-07 22:37:42,P0166,SU00162_6_SESS_U00162_6_0
AU00163_6_SESS_U00163_6_0,U00163,SESS_U00163_6_0,2026-06-07 15:17:26,P0058,SU00163_6_SESS_U00163_6_0
AU00170_6_SESS_U00170_6_0,U00170,SESS_U00170_6_0,2026-06-07 13:57:18,P0159,SU00170_6_SESS_U00170_6_0
AU00173_6_SESS_U00173_6_0,U00173,SESS_U00173_6_0,2026-06-07 08:00:04,P0263,SU00173_6_SESS_U00173_6_0
AU00197_6_SESS_U00197_6_0,U00197,SESS_U00197_6_0,2026-06-07 09:53:59,P0030,SU00197_6_SESS_U00197_6_0
AU00207_6_SESS_U00207_6_0,U00207,SESS_U00207_6_0,2026-06-07 15:11:31,P0018,SU00207_6_SESS_U00207_6_0
AU00208_6_SESS_U00208_6_0,U00208,SESS_U00208_6_0,2026-06-07 11:29:35,P0049,SU00208_6_SESS_U00208_6_0
AU00208_6_SESS_U00208_6_0,U00208,SESS_U00208_6_0,2026-06-07 12:07:42,P0263,SU00208_6_SESS_U00208_6_0
AU00222_6_SESS_U00222_6_0,U00222,SESS_U00222_6_0,2026-06-07 17:51:40,P0017,SU00222_6_SESS_U00222_6_0
AU00228_6_SESS_U00228_6_0,U00228,SESS_U00228_6_0,2026-06-07 17:55:50,P0092,SU00228_6_SESS_U00228_6_0
AU00255_6_SESS_U00255_6_0,U00255,SESS_U00255_6_0,2026-06-07 21:46:33,P0514,SU00255_6_SESS_U00255_6_0
AU00259_6_SESS_U00259_6_1,U00259,SESS_U00259_6_1,2026-06-07 11:38:44,P0002,SU00259_6_SESS_U00259_6_1
AU00262_6_SESS_U00262_6_0,U00262,SESS_U00262_6_0,2026-06-07 12:20:24,P0017,SU00262_6_SESS_U00262_6_0
AU00264_6_SESS_U00264_6_0,U00264,SESS_U00264_6_0,2026-06-07 16:25:42,P0005,SU00264_6_SESS_U00264_6_0
AU00271_6_SESS_U00271_6_0,U00271,SESS_U00271_6_0,2026-06-07 13:28:34,P0080,SU00271_6_SESS_U00271_6_0
AU00274_6_SESS_U00274_6_0,U00274,SESS_U00274_6_0,2026-06-07 08:20:38,P0245,SU00274_6_SESS_U00274_6_0
AU00277_6_SESS_U00277_6_0,U00277,SESS_U00277_6_0,2026-06-07 16:47:45,P0006,SU00277_6_SESS_U00277_6_0
AU00280_6_SESS_U00280_6_1,U00280,SESS_U00280_6_1,2026-06-07 07:30:52,P0092,SU00280_6_SESS_U00280_6_1
AU00285_6_SESS_U00285_6_0,U00285,SESS_U00285_6_0,2026-06-07 07:58:57,P0467,SU00285_6_SESS_U00285_6_0
AU00286_6_SESS_U00286_6_0,U00286,SESS_U00286_6_0,2026-06-07 22:03:57,P0111,SU00286_6_SESS_U00286_6_0
AU00292_6_SESS_U00292_6_0,U00292,SESS_U00292_6_0,2026-06-07 12:17:33,P0015,SU00292_6_SESS_U00292_6_0
AU00298_6_SESS_U00298_6_0,U00298,SESS_U00298_6_0,2026-06-07 17:37:30,P0015,SU00298_6_SESS_U00298_6_0
AU00316_6_SESS_U00316_6_0,U00316,SESS_U00316_6_0,2026-06-07 10:11:42,P0013,SU00316_6_SESS_U00316_6_0
AU00326_6_SESS_U00326_6_0,U00326,SESS_U00326_6_0,2026-06-07 21:38:38,P0044,SU00326_6_SESS_U00326_6_0
AU00334_6_SESS_U00334_6_0,U00334,SESS_U00334_6_0,2026-06-07 22:11:44,P0615,SU00334_6_SESS_U00334_6_0
AU00334_6_SESS_U00334_6_0,U00334,SESS_U00334_6_0,2026-06-07 13:08:54,P0112,SU00334_6_SESS_U00334_6_0
AU00336_6_SESS_U00336_6_0,U00336,SESS_U00336_6_0,2026-06-07 09:53:18,P0002,SU00336_6_SESS_U00336_6_0
AU00346_6_SESS_U00346_6_0,U00346,SESS_U00346_6_0,2026-06-07 22:37:36,P0433,SU00346_6_SESS_U00346_6_0
AU00365_6_SESS_U00365_6_0,U00365,SESS_U00365_6_0,2026-06-07 14:48:12,P0111,SU00365_6_SESS_U00365_6_0
AU00396_6_SESS_U00396_6_1,U00396,SESS_U00396_6_1,2026-06-07 19:32:15,P0086,SU00396_6_SESS_U00396_6_1
AU00398_6_SESS_U00398_6_0,U00398,SESS_U00398_6_0,2026-06-07 21:19:33,P0002,SU00398_6_SESS_U00398_6_0
AU00398_6_SESS_U00398_6_1,U00398,SESS_U00398_6_1,2026-06-07 13:29:31,P0492,SU00398_6_SESS_U00398_6_1
AU00422_6_SESS_U00422_6_0,U00422,SESS_U00422_6_0,2026-06-07 09:29:50,P0022,SU00422_6_SESS_U00422_6_0
AU00442_6_SESS_U00442_6_0,U00442,SESS_U00442_6_0,2026-06-07 16:49:30,P0024,SU00442_6_SESS_U00442_6_0
AU00469_6_SESS_U00469_6_0,U00469,SESS_U00469_6_0,2026-06-07 14:19:35,P0227,SU00469_6_SESS_U00469_6_0
AU00470_6_SESS_U00470_6_0,U00470,SESS_U00470_6_0,2026-06-07 13:59:39,P0004,SU00470_6_SESS_U00470_6_0
AU00486_6_SESS_U00486_6_0,U00486,SESS_U00486_6_0,2026-06-07 08:59:45,P0222,SU00486_6_SESS_U00486_6_0
AU00489_6_SESS_U00489_6_0,U00489,SESS_U00489_6_0,2026-06-07 09:11:46,P0005,SU00489_6_SESS_U00489_6_0
AU00492_6_SESS_U00492_6_0,U00492,SESS_U00492_6_0,2026-06-07 17:56:47,P0086,SU00492_6_SESS_U00492_6_0
AU00512_6_SESS_U00512_6_0,U00512,SESS_U00512_6_0,2026-06-07 18:48:26,P0002,SU00512_6_SESS_U00512_6_0
AU00518_6_SESS_U00518_6_0,U00518,SESS_U00518_6_0,2026-06-07 08:30:49,P0001,SU00518_6_SESS_U00518_6_0
AU00534_6_SESS_U00534_6_0,U00534,SESS_U00534_6_0,2026-06-07 20:28:52,P0217,SU00534_6_SESS_U00534_6_0
AU00538_6_SESS_U00538_6_1,U00538,SESS_U00538_6_1,2026-06-07 09:44:35,P0002,SU00538_6_SESS_U00538_6_1
AU00558_6_SESS_U00558_6_0,U00558,SESS_U00558_6_0,2026-06-07 22:20:56,P0079,SU00558_6_SESS_U00558_6_0
AU00568_6_SESS_U00568_6_0,U00568,SESS_U00568_6_0,2026-06-07 17:29:08,P0112,SU00568_6_SESS_U00568_6_0
AU00571_6_SESS_U00571_6_0,U00571,SESS_U00571_6_0,2026-06-07 19:13:29,P0002,SU00571_6_SESS_U00571_6_0
AU00593_6_SESS_U00593_6_0,U00593,SESS_U00593_6_0,2026-06-07 12:09:55,P0012,SU00593_6_SESS_U00593_6_0
AU00598_6_SESS_U00598_6_0,U00598,SESS_U00598_6_0,2026-06-07 15:28:29,P0001,SU00598_6_SESS_U00598_6_0
AU00635_6_SESS_U00635_6_0,U00635,SESS_U00635_6_0,2026-06-07 09:46:44,P0002,SU00635_6_SESS_U00635_6_0
AU00642_6_SESS_U00642_6_0,U00642,SESS_U00642_6_0,2026-06-07 07:34:28,P0156,SU00642_6_SESS_U00642_6_0
AU00653_6_SESS_U00653_6_0,U00653,SESS_U00653_6_0,2026-06-07 21:19:51,P0110,SU00653_6_SESS_U00653_6_0
AU00661_6_SESS_U00661_6_0,U00661,SESS_U00661_6_0,2026-06-07 17:13:37,P0622,SU00661_6_SESS_U00661_6_0
AU00671_6_SESS_U00671_6_0,U00671,SESS_U00671_6_0,2026-06-07 22:29:26,P0075,SU00671_6_SESS_U00671_6_0
AU00672_6_SESS_U00672_6_0,U00672,SESS_U00672_6_0,2026-06-07 22:41:43,P0154,SU00672_6_SESS_U00672_6_0
AU00675_6_SESS_U00675_6_0,U00675,SESS_U00675_6_0,2026-06-07 12:26:17,P0487,SU00675_6_SESS_U00675_6_0
AU00692_6_SESS_U00692_6_1,U00692,SESS_U00692_6_1,2026-06-07 11:20:20,P0220,SU00692_6_SESS_U00692_6_1
AU00707_6_SESS_U00707_6_0,U00707,SESS_U00707_6_0,2026-06-07 09:21:27,P0031,SU00707_6_SESS_U00707_6_0
AU00721_6_SESS_U00721_6_1,U00721,SESS_U00721_6_1,2026-06-07 07:13:16,P0028,SU00721_6_SESS_U00721_6_1
AU00721_6_SESS_U00721_6_1,U00721,SESS_U00721_6_1,2026-06-07 21:44:23,P0514,SU00721_6_SESS_U00721_6_1
AU00722_6_SESS_U00722_6_0,U00722,SESS_U00722_6_0,2026-06-07 10:08:39,P0013,SU00722_6_SESS_U00722_6_0
AU00727_6_SESS_U00727_6_0,U00727,SESS_U00727_6_0,2026-06-07 18:33:42,P0013,SU00727_6_SESS_U00727_6_0
AU00729_6_SESS_U00729_6_0,U00729,SESS_U00729_6_0,2026-06-07 17:51:16,P0351,SU00729_6_SESS_U00729_6_0
AU00730_6_SESS_U00730_6_0,U00730,SESS_U00730_6_0,2026-06-07 18:04:42,P0111,SU00730_6_SESS_U00730_6_0
AU00736_6_SESS_U00736_6_0,U00736,SESS_U00736_6_0,2026-06-07 22:27:46,P0051,SU00736_6_SESS_U00736_6_0
AU00737_6_SESS_U00737_6_0,U00737,SESS_U00737_6_0,2026-06-07 07:25:44,P0149,SU00737_6_SESS_U00737_6_0
AU00749_6_SESS_U00749_6_1,U00749,SESS_U00749_6_1,2026-06-07 20:51:15,P0014,SU00749_6_SESS_U00749_6_1
AU00770_6_SESS_U00770_6_0,U00770,SESS_U00770_6_0,2026-06-07 13:30:41,P0013,SU00770_6_SESS_U00770_6_0
AU00779_6_SESS_U00779_6_0,U00779,SESS_U00779_6_0,2026-06-07 16:39:34,P0012,SU00779_6_SESS_U00779_6_0
AU00783_6_SESS_U00783_6_0,U00783,SESS_U00783_6_0,2026-06-07 10:07:59,P0009,SU00783_6_SESS_U00783_6_0
AU00784_6_SESS_U00784_6_0,U00784,SESS_U00784_6_0,2026-06-07 15:48:55,P0002,SU00784_6_SESS_U00784_6_0
AU00790_6_SESS_U00790_6_0,U00790,SESS_U00790_6_0,2026-06-07 18:17:42,P0276,SU00790_6_SESS_U00790_6_0
AU00001_7_SESS_U00001_7_0,U00001,SESS_U00001_7_0,2026-06-08 07:39:36,P0236,SU00001_7_SESS_U00001_7_0
AU00004_7_SESS_U00004_7_0,U00004,SESS_U00004_7_0,2026-06-08 15:38:40,P0009,SU00004_7_SESS_U00004_7_0
AU00016_7_SESS_U00016_7_0,U00016,SESS_U00016_7_0,2026-06-08 19:11:22,P0009,SU00016_7_SESS_U00016_7_0
AU00026_7_SESS_U00026_7_0,U00026,SESS_U00026_7_0,2026-06-08 20:07:55,P0181,SU00026_7_SESS_U00026_7_0
AU00028_7_SESS_U00028_7_0,U00028,SESS_U00028_7_0,2026-06-08 22:57:40,P0063,SU00028_7_SESS_U00028_7_0
AU00030_7_SESS_U00030_7_0,U00030,SESS_U00030_7_0,2026-06-08 22:17:35,P0002,SU00030_7_SESS_U00030_7_0
AU00031_7_SESS_U00031_7_0,U00031,SESS_U00031_7_0,2026-06-08 13:09:35,P0190,SU00031_7_SESS_U00031_7_0
AU00031_7_SESS_U00031_7_0,U00031,SESS_U00031_7_0,2026-06-08 09:54:48,P0165,SU00031_7_SESS_U00031_7_0
AU00076_7_SESS_U00076_7_0,U00076,SESS_U00076_7_0,2026-06-08 08:52:25,P0152,SU00076_7_SESS_U00076_7_0
AU00076_7_SESS_U00076_7_0,U00076,SESS_U00076_7_0,2026-06-08 12:28:51,P0003,SU00076_7_SESS_U00076_7_0
AU00086_7_SESS_U00086_7_0,U00086,SESS_U00086_7_0,2026-06-08 16:27:53,P0010,SU00086_7_SESS_U00086_7_0
AU00092_7_SESS_U00092_7_0,U00092,SESS_U00092_7_0,2026-06-08 20:18:21,P0002,SU00092_7_SESS_U00092_7_0
AU00092_7_SESS_U00092_7_0,U00092,SESS_U00092_7_0,2026-06-08 08:02:56,P0123,SU00092_7_SESS_U00092_7_0
AU00099_7_SESS_U00099_7_0,U00099,SESS_U00099_7_0,2026-06-08 21:16:49,P0174,SU00099_7_SESS_U00099_7_0
AU00118_7_SESS_U00118_7_0,U00118,SESS_U00118_7_0,2026-06-08 16:51:49,P0135,SU00118_7_SESS_U00118_7_0
AU00118_7_SESS_U00118_7_0,U00118,SESS_U00118_7_0,2026-06-08 20:52:53,P0116,SU00118_7_SESS_U00118_7_0
AU00128_7_SESS_U00128_7_0,U00128,SESS_U00128_7_0,2026-06-08 15:47:37,P0171,SU00128_7_SESS_U00128_7_0
AU00135_7_SESS_U00135_7_0,U00135,SESS_U00135_7_0,2026-06-08 19:11:44,P0041,SU00135_7_SESS_U00135_7_0
AU00180_7_SESS_U00180_7_1,U00180,SESS_U00180_7_1,2026-06-08 16:07:39,P0002,SU00180_7_SESS_U00180_7_1
AU00183_7_SESS_U00183_7_0,U00183,SESS_U00183_7_0,2026-06-08 07:28:18,P0004,SU00183_7_SESS_U00183_7_0
AU00184_7_SESS_U00184_7_0,U00184,SESS_U00184_7_0,2026-06-08 09:35:38,P0016,SU00184_7_SESS_U00184_7_0
AU00184_7_SESS_U00184_7_0,U00184,SESS_U00184_7_0,2026-06-08 18:46:08,P0101,SU00184_7_SESS_U00184_7_0
AU00185_7_SESS_U00185_7_0,U00185,SESS_U00185_7_0,2026-06-08 16:33:36,P0024,SU00185_7_SESS_U00185_7_0
AU00203_7_SESS_U00203_7_0,U00203,SESS_U00203_7_0,2026-06-08 21:14:18,P0086,SU00203_7_SESS_U00203_7_0
AU00225_7_SESS_U00225_7_0,U00225,SESS_U00225_7_0,2026-06-08 13:33:36,P0197,SU00225_7_SESS_U00225_7_0
AU00226_7_SESS_U00226_7_0,U00226,SESS_U00226_7_0,2026-06-08 19:56:30,P0002,SU00226_7_SESS_U00226_7_0
AU00227_7_SESS_U00227_7_0,U00227,SESS_U00227_7_0,2026-06-08 20:48:22,P0427,SU00227_7_SESS_U00227_7_0
AU00234_7_SESS_U00234_7_0,U00234,SESS_U00234_7_0,2026-06-08 22:35:50,P0427,SU00234_7_SESS_U00234_7_0
AU00239_7_SESS_U00239_7_0,U00239,SESS_U00239_7_0,2026-06-08 07:00:45,P0030,SU00239_7_SESS_U00239_7_0
AU00239_7_SESS_U00239_7_1,U00239,SESS_U00239_7_1,2026-06-08 11:32:48,P0048,SU00239_7_SESS_U00239_7_1
AU00245_7_SESS_U00245_7_0,U00245,SESS_U00245_7_0,2026-06-08 07:26:15,P0047,SU00245_7_SESS_U00245_7_0
AU00254_7_SESS_U00254_7_1,U00254,SESS_U00254_7_1,2026-06-08 13:38:44,P0002,SU00254_7_SESS_U00254_7_1
AU00268_7_SESS_U00268_7_0,U00268,SESS_U00268_7_0,2026-06-08 13:05:31,P0107,SU00268_7_SESS_U00268_7_0
AU00280_7_SESS_U00280_7_0,U00280,SESS_U00280_7_0,2026-06-08 11:29:15,P0120,SU00280_7_SESS_U00280_7_0
AU00294_7_SESS_U00294_7_0,U00294,SESS_U00294_7_0,2026-06-08 18:31:58,P0004,SU00294_7_SESS_U00294_7_0
AU00295_7_SESS_U00295_7_0,U00295,SESS_U00295_7_0,2026-06-08 10:21:53,P0119,SU00295_7_SESS_U00295_7_0
AU00307_7_SESS_U00307_7_0,U00307,SESS_U00307_7_0,2026-06-08 11:43:29,P0002,SU00307_7_SESS_U00307_7_0
AU00314_7_SESS_U00314_7_0,U00314,SESS_U00314_7_0,2026-06-08 12:45:52,P0310,SU00314_7_SESS_U00314_7_0
AU00331_7_SESS_U00331_7_0,U00331,SESS_U00331_7_0,2026-06-08 15:55:42,P0005,SU00331_7_SESS_U00331_7_0
AU00331_7_SESS_U00331_7_1,U00331,SESS_U00331_7_1,2026-06-08 08:57:45,P0002,SU00331_7_SESS_U00331_7_1
AU00349_7_SESS_U00349_7_1,U00349,SESS_U00349_7_1,2026-06-08 12:42:22,P0002,SU00349_7_SESS_U00349_7_1
AU00349_7_SESS_U00349_7_1,U00349,SESS_U00349_7_1,2026-06-08 12:35:55,P0002,SU00349_7_SESS_U00349_7_1
AU00355_7_SESS_U00355_7_0,U00355,SESS_U00355_7_0,2026-06-08 22:45:00,P0111,SU00355_7_SESS_U00355_7_0
AU00357_7_SESS_U00357_7_0,U00357,SESS_U00357_7_0,2026-06-08 16:12:40,P0038,SU00357_7_SESS_U00357_7_0
AU00361_7_SESS_U00361_7_0,U00361,SESS_U00361_7_0,2026-06-08 07:56:31,P0075,SU00361_7_SESS_U00361_7_0
AU00382_7_SESS_U00382_7_0,U00382,SESS_U00382_7_0,2026-06-08 09:06:29,P0060,SU00382_7_SESS_U00382_7_0
AU00390_7_SESS_U00390_7_0,U00390,SESS_U00390_7_0,2026-06-08 12:01:41,P0110,SU00390_7_SESS_U00390_7_0
AU00393_7_SESS_U00393_7_0,U00393,SESS_U00393_7_0,2026-06-08 16:25:33,P0013,SU00393_7_SESS_U00393_7_0
AU00398_7_SESS_U00398_7_0,U00398,SESS_U00398_7_0,2026-06-08 12:20:16,P0006,SU00398_7_SESS_U00398_7_0
AU00400_7_SESS_U00400_7_1,U00400,SESS_U00400_7_1,2026-06-08 17:28:56,P0051,SU00400_7_SESS_U00400_7_1
AU00402_7_SESS_U00402_7_0,U00402,SESS_U00402_7_0,2026-06-08 17:47:40,P0397,SU00402_7_SESS_U00402_7_0
AU00429_7_SESS_U00429_7_0,U00429,SESS_U00429_7_0,2026-06-08 07:20:37,P0001,SU00429_7_SESS_U00429_7_0
AU00429_7_SESS_U00429_7_0,U00429,SESS_U00429_7_0,2026-06-08 09:14:21,P0002,SU00429_7_SESS_U00429_7_0
AU00430_7_SESS_U00430_7_0,U00430,SESS_U00430_7_0,2026-06-08 07:36:27,P0092,SU00430_7_SESS_U00430_7_0
AU00443_7_SESS_U00443_7_0,U00443,SESS_U00443_7_0,2026-06-08 12:42:46,P0002,SU00443_7_SESS_U00443_7_0
AU00450_7_SESS_U00450_7_0,U00450,SESS_U00450_7_0,2026-06-08 17:25:28,P0218,SU00450_7_SESS_U00450_7_0
AU00450_7_SESS_U00450_7_0,U00450,SESS_U00450_7_0,2026-06-08 21:23:16,P0046,SU00450_7_SESS_U00450_7_0
AU00462_7_SESS_U00462_7_0,U00462,SESS_U00462_7_0,2026-06-08 12:59:19,P0421,SU00462_7_SESS_U00462_7_0
AU00474_7_SESS_U00474_7_0,U00474,SESS_U00474_7_0,2026-06-08 15:52:24,P0112,SU00474_7_SESS_U00474_7_0
AU00487_7_SESS_U00487_7_0,U00487,SESS_U00487_7_0,2026-06-08 22:33:50,P0186,SU00487_7_SESS_U00487_7_0
AU00492_7_SESS_U00492_7_0,U00492,SESS_U00492_7_0,2026-06-08 11:18:23,P0083,SU00492_7_SESS_U00492_7_0
AU00495_7_SESS_U00495_7_0,U00495,SESS_U00495_7_0,2026-06-08 18:35:32,P0072,SU00495_7_SESS_U00495_7_0
AU00526_7_SESS_U00526_7_0,U00526,SESS_U00526_7_0,2026-06-08 07:24:25,P0181,SU00526_7_SESS_U00526_7_0
AU00534_7_SESS_U00534_7_1,U00534,SESS_U00534_7_1,2026-06-08 16:35:32,P0134,SU00534_7_SESS_U00534_7_1
AU00545_7_SESS_U00545_7_0,U00545,SESS_U00545_7_0,2026-06-08 15:51:01,P0012,SU00545_7_SESS_U00545_7_0
AU00545_7_SESS_U00545_7_1,U00545,SESS_U00545_7_1,2026-06-08 12:52:33,P0565,SU00545_7_SESS_U00545_7_1
AU00562_7_SESS_U00562_7_0,U00562,SESS_U00562_7_0,2026-06-08 20:20:53,P0043,SU00562_7_SESS_U00562_7_0
AU00562_7_SESS_U00562_7_0,U00562,SESS_U00562_7_0,2026-06-08 15:19:52,P0277,SU00562_7_SESS_U00562_7_0
AU00563_7_SESS_U00563_7_0,U00563,SESS_U00563_7_0,2026-06-08 11:12:49,P0060,SU00563_7_SESS_U00563_7_0
AU00564_7_SESS_U00564_7_1,U00564,SESS_U00564_7_1,2026-06-08 12:20:28,P0263,SU00564_7_SESS_U00564_7_1
AU00567_7_SESS_U00567_7_0,U00567,SESS_U00567_7_0,2026-06-08 12:55:45,P0305,SU00567_7_SESS_U00567_7_0
AU00568_7_SESS_U00568_7_0,U00568,SESS_U00568_7_0,2026-06-08 16:40:38,P0074,SU00568_7_SESS_U00568_7_0
AU00568_7_SESS_U00568_7_1,U00568,SESS_U00568_7_1,2026-06-08 15:10:08,P0183,SU00568_7_SESS_U00568_7_1
AU00571_7_SESS_U00571_7_1,U00571,SESS_U00571_7_1,2026-06-08 07:18:22,P0013,SU00571_7_SESS_U00571_7_1
AU00577_7_SESS_U00577_7_0,U00577,SESS_U00577_7_0,2026-06-08 13:03:25,P0072,SU00577_7_SESS_U00577_7_0
AU00579_7_SESS_U00579_7_0,U00579,SESS_U00579_7_0,2026-06-08 20:39:28,P0012,SU00579_7_SESS_U00579_7_0
AU00584_7_SESS_U00584_7_0,U00584,SESS_U00584_7_0,2026-06-08 21:08:28,P0421,SU00584_7_SESS_U00584_7_0
AU00601_7_SESS_U00601_7_0,U00601,SESS_U00601_7_0,2026-06-08 17:04:30,P0566,SU00601_7_SESS_U00601_7_0
AU00605_7_SESS_U00605_7_0,U00605,SESS_U00605_7_0,2026-06-08 15:31:44,P0246,SU00605_7_SESS_U00605_7_0
AU00611_7_SESS_U00611_7_0,U00611,SESS_U00611_7_0,2026-06-08 11:41:39,P0152,SU00611_7_SESS_U00611_7_0
AU00616_7_SESS_U00616_7_0,U00616,SESS_U00616_7_0,2026-06-08 13:58:29,P0075,SU00616_7_SESS_U00616_7_0
AU00617_7_SESS_U00617_7_0,U00617,SESS_U00617_7_0,2026-06-08 17:02:52,P0012,SU00617_7_SESS_U00617_7_0
AU00622_7_SESS_U00622_7_0,U00622,SESS_U00622_7_0,2026-06-08 12:02:27,P0080,SU00622_7_SESS_U00622_7_0
AU00622_7_SESS_U00622_7_0,U00622,SESS_U00622_7_0,2026-06-08 21:06:36,P0009,SU00622_7_SESS_U00622_7_0
AU00628_7_SESS_U00628_7_0,U00628,SESS_U00628_7_0,2026-06-08 13:24:33,P0053,SU00628_7_SESS_U00628_7_0
AU00630_7_SESS_U00630_7_0,U00630,SESS_U00630_7_0,2026-06-08 21:33:42,P0055,SU00630_7_SESS_U00630_7_0
AU00638_7_SESS_U00638_7_0,U00638,SESS_U00638_7_0,2026-06-08 20:43:38,P0002,SU00638_7_SESS_U00638_7_0
AU00641_7_SESS_U00641_7_0,U00641,SESS_U00641_7_0,2026-06-08 21:44:48,P0083,SU00641_7_SESS_U00641_7_0
AU00646_7_SESS_U00646_7_1,U00646,SESS_U00646_7_1,2026-06-08 07:25:20,P0146,SU00646_7_SESS_U00646_7_1
AU00647_7_SESS_U00647_7_0,U00647,SESS_U00647_7_0,2026-06-08 13:57:44,P0243,SU00647_7_SESS_U00647_7_0
AU00651_7_SESS_U00651_7_0,U00651,SESS_U00651_7_0,2026-06-08 12:41:50,P0042,SU00651_7_SESS_U00651_7_0
AU00663_7_SESS_U00663_7_0,U00663,SESS_U00663_7_0,2026-06-08 19:31:43,P0261,SU00663_7_SESS_U00663_7_0
AU00670_7_SESS_U00670_7_0,U00670,SESS_U00670_7_0,2026-06-08 07:23:51,P0218,SU00670_7_SESS_U00670_7_0
AU00677_7_SESS_U00677_7_0,U00677,SESS_U00677_7_0,2026-06-08 13:18:32,P0002,SU00677_7_SESS_U00677_7_0
AU00680_7_SESS_U00680_7_0,U00680,SESS_U00680_7_0,2026-06-08 16:07:23,P0003,SU00680_7_SESS_U00680_7_0
AU00684_7_SESS_U00684_7_0,U00684,SESS_U00684_7_0,2026-06-08 08:49:30,P0101,SU00684_7_SESS_U00684_7_0
AU00687_7_SESS_U00687_7_0,U00687,SESS_U00687_7_0,2026-06-08 20:39:39,P0051,SU00687_7_SESS_U00687_7_0
AU00705_7_SESS_U00705_7_0,U00705,SESS_U00705_7_0,2026-06-08 19:19:42,P0227,SU00705_7_SESS_U00705_7_0
AU00705_7_SESS_U00705_7_0,U00705,SESS_U00705_7_0,2026-06-08 09:58:24,P0055,SU00705_7_SESS_U00705_7_0
AU00713_7_SESS_U00713_7_0,U00713,SESS_U00713_7_0,2026-06-08 11:58:02,P0167,SU00713_7_SESS_U00713_7_0
AU00714_7_SESS_U00714_7_0,U00714,SESS_U00714_7_0,2026-06-08 17:56:51,P0115,SU00714_7_SESS_U00714_7_0
AU00721_7_SESS_U00721_7_1,U00721,SESS_U00721_7_1,2026-06-08 22:57:40,P0506,SU00721_7_SESS_U00721_7_1
AU00725_7_SESS_U00725_7_0,U00725,SESS_U00725_7_0,2026-06-08 11:30:25,P0002,SU00725_7_SESS_U00725_7_0
AU00750_7_SESS_U00750_7_1,U00750,SESS_U00750_7_1,2026-06-08 21:43:59,P0232,SU00750_7_SESS_U00750_7_1
AU00757_7_SESS_U00757_7_0,U00757,SESS_U00757_7_0,2026-06-08 19:30:27,P0001,SU00757_7_SESS_U00757_7_0
AU00757_7_SESS_U00757_7_0,U00757,SESS_U00757_7_0,2026-06-08 11:10:14,P0005,SU00757_7_SESS_U00757_7_0
AU00766_7_SESS_U00766_7_0,U00766,SESS_U00766_7_0,2026-06-08 13:07:48,P0133,SU00766_7_SESS_U00766_7_0
AU00780_7_SESS_U00780_7_0,U00780,SESS_U00780_7_0,2026-06-08 22:50:44,P0005,SU00780_7_SESS_U00780_7_0
AU00789_7_SESS_U00789_7_0,U00789,SESS_U00789_7_0,2026-06-08 15:43:23,P0228,SU00789_7_SESS_U00789_7_0
AU00792_7_SESS_U00792_7_0,U00792,SESS_U00792_7_0,2026-06-08 21:33:27,P0080,SU00792_7_SESS_U00792_7_0
AU00799_7_SESS_U00799_7_0,U00799,SESS_U00799_7_0,2026-06-08 18:48:50,P0002,SU00799_7_SESS_U00799_7_0
AU00002_8_SESS_U00002_8_0,U00002,SESS_U00002_8_0,2026-06-09 16:35:57,P0002,SU00002_8_SESS_U00002_8_0
AU00005_8_SESS_U00005_8_0,U00005,SESS_U00005_8_0,2026-06-09 13:21:37,P0072,SU00005_8_SESS_U00005_8_0
AU00012_8_SESS_U00012_8_0,U00012,SESS_U00012_8_0,2026-06-09 16:43:31,P0128,SU00012_8_SESS_U00012_8_0
AU00015_8_SESS_U00015_8_0,U00015,SESS_U00015_8_0,2026-06-09 07:48:44,P0015,SU00015_8_SESS_U00015_8_0
AU00033_8_SESS_U00033_8_0,U00033,SESS_U00033_8_0,2026-06-09 14:47:43,P0002,SU00033_8_SESS_U00033_8_0
AU00034_8_SESS_U00034_8_0,U00034,SESS_U00034_8_0,2026-06-09 15:53:43,P0012,SU00034_8_SESS_U00034_8_0
AU00034_8_SESS_U00034_8_0,U00034,SESS_U00034_8_0,2026-06-09 18:19:29,P0006,SU00034_8_SESS_U00034_8_0
AU00049_8_SESS_U00049_8_0,U00049,SESS_U00049_8_0,2026-06-09 19:00:36,P0016,SU00049_8_SESS_U00049_8_0
AU00050_8_SESS_U00050_8_0,U00050,SESS_U00050_8_0,2026-06-09 10:46:26,P0111,SU00050_8_SESS_U00050_8_0
AU00081_8_SESS_U00081_8_0,U00081,SESS_U00081_8_0,2026-06-09 16:03:49,P0222,SU00081_8_SESS_U00081_8_0
AU00093_8_SESS_U00093_8_0,U00093,SESS_U00093_8_0,2026-06-09 07:21:24,P0108,SU00093_8_SESS_U00093_8_0
AU00093_8_SESS_U00093_8_1,U00093,SESS_U00093_8_1,2026-06-09 15:07:29,P0566,SU00093_8_SESS_U00093_8_1
AU00106_8_SESS_U00106_8_0,U00106,SESS_U00106_8_0,2026-06-09 08:53:24,P0033,SU00106_8_SESS_U00106_8_0
AU00108_8_SESS_U00108_8_0,U00108,SESS_U00108_8_0,2026-06-09 08:15:42,P0002,SU00108_8_SESS_U00108_8_0
AU00111_8_SESS_U00111_8_1,U00111,SESS_U00111_8_1,2026-06-09 17:38:43,P0437,SU00111_8_SESS_U00111_8_1
AU00113_8_SESS_U00113_8_0,U00113,SESS_U00113_8_0,2026-06-09 17:09:38,P0056,SU00113_8_SESS_U00113_8_0
AU00117_8_SESS_U00117_8_0,U00117,SESS_U00117_8_0,2026-06-09 19:30:52,P0107,SU00117_8_SESS_U00117_8_0
AU00142_8_SESS_U00142_8_0,U00142,SESS_U00142_8_0,2026-06-09 10:17:34,P0024,SU00142_8_SESS_U00142_8_0
AU00144_8_SESS_U00144_8_0,U00144,SESS_U00144_8_0,2026-06-09 15:22:38,P0011,SU00144_8_SESS_U00144_8_0
AU00146_8_SESS_U00146_8_0,U00146,SESS_U00146_8_0,2026-06-09 11:03:58,P0049,SU00146_8_SESS_U00146_8_0
AU00146_8_SESS_U00146_8_0,U00146,SESS_U00146_8_0,2026-06-09 08:52:26,P0001,SU00146_8_SESS_U00146_8_0
AU00149_8_SESS_U00149_8_0,U00149,SESS_U00149_8_0,2026-06-09 10:54:49,P0016,SU00149_8_SESS_U00149_8_0
AU00156_8_SESS_U00156_8_0,U00156,SESS_U00156_8_0,2026-06-09 11:41:41,P0450,SU00156_8_SESS_U00156_8_0
AU00162_8_SESS_U00162_8_0,U00162,SESS_U00162_8_0,2026-06-09 15:43:41,P0048,SU00162_8_SESS_U00162_8_0
AU00169_8_SESS_U00169_8_0,U00169,SESS_U00169_8_0,2026-06-09 20:52:25,P0616,SU00169_8_SESS_U00169_8_0
AU00201_8_SESS_U00201_8_0,U00201,SESS_U00201_8_0,2026-06-09 19:24:34,P0232,SU00201_8_SESS_U00201_8_0
AU00224_8_SESS_U00224_8_0,U00224,SESS_U00224_8_0,2026-06-09 14:50:43,P0149,SU00224_8_SESS_U00224_8_0
AU00246_8_SESS_U00246_8_0,U00246,SESS_U00246_8_0,2026-06-09 19:51:31,P0084,SU00246_8_SESS_U00246_8_0
AU00273_8_SESS_U00273_8_0,U00273,SESS_U00273_8_0,2026-06-09 14:35:14,P0004,SU00273_8_SESS_U00273_8_0
AU00275_8_SESS_U00275_8_0,U00275,SESS_U00275_8_0,2026-06-09 17:24:48,P0016,SU00275_8_SESS_U00275_8_0
AU00282_8_SESS_U00282_8_0,U00282,SESS_U00282_8_0,2026-06-09 13:55:13,P0433,SU00282_8_SESS_U00282_8_0
AU00292_8_SESS_U00292_8_0,U00292,SESS_U00292_8_0,2026-06-09 18:10:46,P0001,SU00292_8_SESS_U00292_8_0
AU00299_8_SESS_U00299_8_0,U00299,SESS_U00299_8_0,2026-06-09 16:57:26,P0003,SU00299_8_SESS_U00299_8_0
AU00299_8_SESS_U00299_8_1,U00299,SESS_U00299_8_1,2026-06-09 12:47:18,P0159,SU00299_8_SESS_U00299_8_1
AU00304_8_SESS_U00304_8_1,U00304,SESS_U00304_8_1,2026-06-09 16:39:17,P0014,SU00304_8_SESS_U00304_8_1
AU00305_8_SESS_U00305_8_0,U00305,SESS_U00305_8_0,2026-06-09 09:24:33,P0025,SU00305_8_SESS_U00305_8_0
AU00308_8_SESS_U00308_8_0,U00308,SESS_U00308_8_0,2026-06-09 07:22:38,P0210,SU00308_8_SESS_U00308_8_0
AU00313_8_SESS_U00313_8_0,U00313,SESS_U00313_8_0,2026-06-09 21:46:22,P0046,SU00313_8_SESS_U00313_8_0
AU00313_8_SESS_U00313_8_1,U00313,SESS_U00313_8_1,2026-06-09 07:30:38,P0463,SU00313_8_SESS_U00313_8_1
AU00313_8_SESS_U00313_8_1,U00313,SESS_U00313_8_1,2026-06-09 12:54:46,P0021,SU00313_8_SESS_U00313_8_1
AU00313_8_SESS_U00313_8_1,U00313,SESS_U00313_8_1,2026-06-09 08:18:26,P0394,SU00313_8_SESS_U00313_8_1
AU00328_8_SESS_U00328_8_0,U00328,SESS_U00328_8_0,2026-06-09 19:43:24,P0421,SU00328_8_SESS_U00328_8_0
AU00337_8_SESS_U00337_8_0,U00337,SESS_U00337_8_0,2026-06-09 14:11:48,P0009,SU00337_8_SESS_U00337_8_0
AU00342_8_SESS_U00342_8_0,U00342,SESS_U00342_8_0,2026-06-09 14:38:39,P0584,SU00342_8_SESS_U00342_8_0
AU00355_8_SESS_U00355_8_0,U00355,SESS_U00355_8_0,2026-06-09 19:34:43,P0091,SU00355_8_SESS_U00355_8_0
AU00374_8_SESS_U00374_8_0,U00374,SESS_U00374_8_0,2026-06-09 17:59:24,P0002,SU00374_8_SESS_U00374_8_0
AU00376_8_SESS_U00376_8_0,U00376,SESS_U00376_8_0,2026-06-09 09:48:33,P0004,SU00376_8_SESS_U00376_8_0
AU00391_8_SESS_U00391_8_0,U00391,SESS_U00391_8_0,2026-06-09 14:13:52,P0092,SU00391_8_SESS_U00391_8_0
AU00391_8_SESS_U00391_8_0,U00391,SESS_U00391_8_0,2026-06-09 18:30:36,P0067,SU00391_8_SESS_U00391_8_0
AU00404_8_SESS_U00404_8_1,U00404,SESS_U00404_8_1,2026-06-09 08:37:45,P0003,SU00404_8_SESS_U00404_8_1
AU00404_8_SESS_U00404_8_1,U00404,SESS_U00404_8_1,2026-06-09 22:03:51,P0005,SU00404_8_SESS_U00404_8_1
AU00405_8_SESS_U00405_8_0,U00405,SESS_U00405_8_0,2026-06-09 17:14:46,P0017,SU00405_8_SESS_U00405_8_0
AU00405_8_SESS_U00405_8_0,U00405,SESS_U00405_8_0,2026-06-09 07:48:53,P0421,SU00405_8_SESS_U00405_8_0
AU00407_8_SESS_U00407_8_0,U00407,SESS_U00407_8_0,2026-06-09 21:24:51,P0095,SU00407_8_SESS_U00407_8_0
AU00423_8_SESS_U00423_8_0,U00423,SESS_U00423_8_0,2026-06-09 18:51:15,P0005,SU00423_8_SESS_U00423_8_0
AU00434_8_SESS_U00434_8_0,U00434,SESS_U00434_8_0,2026-06-09 18:31:41,P0041,SU00434_8_SESS_U00434_8_0
AU00440_8_SESS_U00440_8_0,U00440,SESS_U00440_8_0,2026-06-09 14:32:39,P0006,SU00440_8_SESS_U00440_8_0
AU00443_8_SESS_U00443_8_0,U00443,SESS_U00443_8_0,2026-06-09 18:53:40,P0004,SU00443_8_SESS_U00443_8_0
AU00461_8_SESS_U00461_8_0,U00461,SESS_U00461_8_0,2026-06-09 13:28:43,P0047,SU00461_8_SESS_U00461_8_0
AU00461_8_SESS_U00461_8_0,U00461,SESS_U00461_8_0,2026-06-09 12:10:29,P0016,SU00461_8_SESS_U00461_8_0
AU00472_8_SESS_U00472_8_0,U00472,SESS_U00472_8_0,2026-06-09 08:16:49,P0010,SU00472_8_SESS_U00472_8_0
AU00479_8_SESS_U00479_8_0,U00479,SESS_U00479_8_0,2026-06-09 12:19:33,P0032,SU00479_8_SESS_U00479_8_0
AU00480_8_SESS_U00480_8_0,U00480,SESS_U00480_8_0,2026-06-09 09:42:37,P0046,SU00480_8_SESS_U00480_8_0
AU00490_8_SESS_U00490_8_1,U00490,SESS_U00490_8_1,2026-06-09 21:13:54,P0044,SU00490_8_SESS_U00490_8_1
AU00497_8_SESS_U00497_8_0,U00497,SESS_U00497_8_0,2026-06-09 14:23:37,P0012,SU00497_8_SESS_U00497_8_0
AU00500_8_SESS_U00500_8_0,U00500,SESS_U00500_8_0,2026-06-09 19:47:41,P0136,SU00500_8_SESS_U00500_8_0
AU00501_8_SESS_U00501_8_0,U00501,SESS_U00501_8_0,2026-06-09 16:17:52,P0002,SU00501_8_SESS_U00501_8_0
AU00512_8_SESS_U00512_8_0,U00512,SESS_U00512_8_0,2026-06-09 20:15:34,P0017,SU00512_8_SESS_U00512_8_0
AU00518_8_SESS_U00518_8_0,U00518,SESS_U00518_8_0,2026-06-09 15:01:52,P0027,SU00518_8_SESS_U00518_8_0
AU00520_8_SESS_U00520_8_0,U00520,SESS_U00520_8_0,2026-06-09 09:53:50,P0330,SU00520_8_SESS_U00520_8_0
AU00521_8_SESS_U00521_8_0,U00521,SESS_U00521_8_0,2026-06-09 07:14:57,P0021,SU00521_8_SESS_U00521_8_0
AU00540_8_SESS_U00540_8_0,U00540,SESS_U00540_8_0,2026-06-09 21:44:43,P0013,SU00540_8_SESS_U00540_8_0
AU00553_8_SESS_U00553_8_0,U00553,SESS_U00553_8_0,2026-06-09 16:18:33,P0005,SU00553_8_SESS_U00553_8_0
AU00557_8_SESS_U00557_8_0,U00557,SESS_U00557_8_0,2026-06-09 10:41:33,P0065,SU00557_8_SESS_U00557_8_0
AU00557_8_SESS_U00557_8_0,U00557,SESS_U00557_8_0,2026-06-09 15:29:22,P0264,SU00557_8_SESS_U00557_8_0
AU00558_8_SESS_U00558_8_1,U00558,SESS_U00558_8_1,2026-06-09 16:24:41,P0173,SU00558_8_SESS_U00558_8_1
AU00558_8_SESS_U00558_8_1,U00558,SESS_U00558_8_1,2026-06-09 17:09:21,P0234,SU00558_8_SESS_U00558_8_1
AU00568_8_SESS_U00568_8_0,U00568,SESS_U00568_8_0,2026-06-09 22:54:47,P0024,SU00568_8_SESS_U00568_8_0
AU00573_8_SESS_U00573_8_1,U00573,SESS_U00573_8_1,2026-06-09 15:56:45,P0116,SU00573_8_SESS_U00573_8_1
AU00573_8_SESS_U00573_8_1,U00573,SESS_U00573_8_1,2026-06-09 15:57:23,P0416,SU00573_8_SESS_U00573_8_1
AU00574_8_SESS_U00574_8_1,U00574,SESS_U00574_8_1,2026-06-09 12:29:38,P0020,SU00574_8_SESS_U00574_8_1
AU00585_8_SESS_U00585_8_0,U00585,SESS_U00585_8_0,2026-06-09 18:23:28,P0111,SU00585_8_SESS_U00585_8_0
AU00592_8_SESS_U00592_8_0,U00592,SESS_U00592_8_0,2026-06-09 12:36:45,P0236,SU00592_8_SESS_U00592_8_0
AU00600_8_SESS_U00600_8_0,U00600,SESS_U00600_8_0,2026-06-09 21:43:26,P0016,SU00600_8_SESS_U00600_8_0
AU00609_8_SESS_U00609_8_0,U00609,SESS_U00609_8_0,2026-06-09 11:02:17,P0222,SU00609_8_SESS_U00609_8_0
AU00621_8_SESS_U00621_8_0,U00621,SESS_U00621_8_0,2026-06-09 07:30:24,P0002,SU00621_8_SESS_U00621_8_0
AU00621_8_SESS_U00621_8_1,U00621,SESS_U00621_8_1,2026-06-09 21:11:36,P0280,SU00621_8_SESS_U00621_8_1
AU00630_8_SESS_U00630_8_0,U00630,SESS_U00630_8_0,2026-06-09 14:52:35,P0421,SU00630_8_SESS_U00630_8_0
AU00645_8_SESS_U00645_8_0,U00645,SESS_U00645_8_0,2026-06-09 22:05:43,P0075,SU00645_8_SESS_U00645_8_0
AU00648_8_SESS_U00648_8_0,U00648,SESS_U00648_8_0,2026-06-09 09:21:39,P0016,SU00648_8_SESS_U00648_8_0
AU00655_8_SESS_U00655_8_0,U00655,SESS_U00655_8_0,2026-06-09 22:19:36,P0174,SU00655_8_SESS_U00655_8_0
AU00669_8_SESS_U00669_8_0,U00669,SESS_U00669_8_0,2026-06-09 17:27:36,P0136,SU00669_8_SESS_U00669_8_0
AU00682_8_SESS_U00682_8_0,U00682,SESS_U00682_8_0,2026-06-09 12:25:59,P0058,SU00682_8_SESS_U00682_8_0
AU00734_8_SESS_U00734_8_0,U00734,SESS_U00734_8_0,2026-06-09 13:13:25,P0033,SU00734_8_SESS_U00734_8_0
AU00743_8_SESS_U00743_8_0,U00743,SESS_U00743_8_0,2026-06-09 12:54:33,P0002,SU00743_8_SESS_U00743_8_0
AU00751_8_SESS_U00751_8_0,U00751,SESS_U00751_8_0,2026-06-09 19:40:46,P0584,SU00751_8_SESS_U00751_8_0
AU00751_8_SESS_U00751_8_0,U00751,SESS_U00751_8_0,2026-06-09 19:13:46,P0094,SU00751_8_SESS_U00751_8_0
AU00792_8_SESS_U00792_8_0,U00792,SESS_U00792_8_0,2026-06-09 10:20:35,P0186,SU00792_8_SESS_U00792_8_0
AU00797_8_SESS_U00797_8_0,U00797,SESS_U00797_8_0,2026-06-09 19:23:39,P0285,SU00797_8_SESS_U00797_8_0
AU00003_9_SESS_U00003_9_0,U00003,SESS_U00003_9_0,2026-06-10 08:34:39,P0332,SU00003_9_SESS_U00003_9_0
AU00027_9_SESS_U00027_9_0,U00027,SESS_U00027_9_0,2026-06-10 16:26:44,P0563,SU00027_9_SESS_U00027_9_0
AU00027_9_SESS_U00027_9_0,U00027,SESS_U00027_9_0,2026-06-10 14:56:56,P0107,SU00027_9_SESS_U00027_9_0
AU00031_9_SESS_U00031_9_0,U00031,SESS_U00031_9_0,2026-06-10 16:01:35,P0013,SU00031_9_SESS_U00031_9_0
AU00035_9_SESS_U00035_9_0,U00035,SESS_U00035_9_0,2026-06-10 11:26:41,P0040,SU00035_9_SESS_U00035_9_0
AU00036_9_SESS_U00036_9_0,U00036,SESS_U00036_9_0,2026-06-10 21:34:25,P0002,SU00036_9_SESS_U00036_9_0
AU00049_9_SESS_U00049_9_0,U00049,SESS_U00049_9_0,2026-06-10 09:10:37,P0004,SU00049_9_SESS_U00049_9_0
AU00060_9_SESS_U00060_9_1,U00060,SESS_U00060_9_1,2026-06-10 20:36:44,P0126,SU00060_9_SESS_U00060_9_1
AU00095_9_SESS_U00095_9_0,U00095,SESS_U00095_9_0,2026-06-10 13:13:35,P0107,SU00095_9_SESS_U00095_9_0
AU00095_9_SESS_U00095_9_0,U00095,SESS_U00095_9_0,2026-06-10 17:34:40,P0205,SU00095_9_SESS_U00095_9_0
AU00110_9_SESS_U00110_9_0,U00110,SESS_U00110_9_0,2026-06-10 16:35:39,P0092,SU00110_9_SESS_U00110_9_0
AU00110_9_SESS_U00110_9_1,U00110,SESS_U00110_9_1,2026-06-10 14:06:51,P0002,SU00110_9_SESS_U00110_9_1
AU00127_9_SESS_U00127_9_1,U00127,SESS_U00127_9_1,2026-06-10 14:10:30,P0234,SU00127_9_SESS_U00127_9_1
AU00135_9_SESS_U00135_9_0,U00135,SESS_U00135_9_0,2026-06-10 10:53:33,P0002,SU00135_9_SESS_U00135_9_0
AU00167_9_SESS_U00167_9_0,U00167,SESS_U00167_9_0,2026-06-10 19:36:54,P0116,SU00167_9_SESS_U00167_9_0
AU00187_9_SESS_U00187_9_0,U00187,SESS_U00187_9_0,2026-06-10 11:11:48,P0584,SU00187_9_SESS_U00187_9_0
AU00200_9_SESS_U00200_9_0,U00200,SESS_U00200_9_0,2026-06-10 13:10:46,P0412,SU00200_9_SESS_U00200_9_0
AU00226_9_SESS_U00226_9_0,U00226,SESS_U00226_9_0,2026-06-10 17:42:34,P0013,SU00226_9_SESS_U00226_9_0
AU00233_9_SESS_U00233_9_0,U00233,SESS_U00233_9_0,2026-06-10 09:15:43,P0013,SU00233_9_SESS_U00233_9_0
AU00234_9_SESS_U00234_9_0,U00234,SESS_U00234_9_0,2026-06-10 11:41:25,P0016,SU00234_9_SESS_U00234_9_0
AU00244_9_SESS_U00244_9_0,U00244,SESS_U00244_9_0,2026-06-10 12:30:58,P0004,SU00244_9_SESS_U00244_9_0
AU00246_9_SESS_U00246_9_0,U00246,SESS_U00246_9_0,2026-06-10 20:19:46,P0145,SU00246_9_SESS_U00246_9_0
AU00248_9_SESS_U00248_9_0,U00248,SESS_U00248_9_0,2026-06-10 21:43:28,P0058,SU00248_9_SESS_U00248_9_0
AU00256_9_SESS_U00256_9_0,U00256,SESS_U00256_9_0,2026-06-10 09:53:42,P0640,SU00256_9_SESS_U00256_9_0
AU00277_9_SESS_U00277_9_0,U00277,SESS_U00277_9_0,2026-06-10 09:09:24,P0002,SU00277_9_SESS_U00277_9_0
AU00282_9_SESS_U00282_9_0,U00282,SESS_U00282_9_0,2026-06-10 14:39:20,P0022,SU00282_9_SESS_U00282_9_0
AU00286_9_SESS_U00286_9_0,U00286,SESS_U00286_9_0,2026-06-10 20:24:52,P0197,SU00286_9_SESS_U00286_9_0
AU00291_9_SESS_U00291_9_0,U00291,SESS_U00291_9_0,2026-06-10 22:49:37,P0022,SU00291_9_SESS_U00291_9_0
AU00295_9_SESS_U00295_9_0,U00295,SESS_U00295_9_0,2026-06-10 11:14:27,P0016,SU00295_9_SESS_U00295_9_0
AU00299_9_SESS_U00299_9_0,U00299,SESS_U00299_9_0,2026-06-10 16:55:43,P0016,SU00299_9_SESS_U00299_9_0
AU00301_9_SESS_U00301_9_0,U00301,SESS_U00301_9_0,2026-06-10 15:17:48,P0308,SU00301_9_SESS_U00301_9_0
AU00307_9_SESS_U00307_9_0,U00307,SESS_U00307_9_0,2026-06-10 09:59:56,P0017,SU00307_9_SESS_U00307_9_0
AU00309_9_SESS_U00309_9_0,U00309,SESS_U00309_9_0,2026-06-10 22:29:38,P0016,SU00309_9_SESS_U00309_9_0
AU00310_9_SESS_U00310_9_0,U00310,SESS_U00310_9_0,2026-06-10 10:10:37,P0195,SU00310_9_SESS_U00310_9_0
AU00313_9_SESS_U00313_9_0,U00313,SESS_U00313_9_0,2026-06-10 15:19:29,P0670,SU00313_9_SESS_U00313_9_0
AU00318_9_SESS_U00318_9_0,U00318,SESS_U00318_9_0,2026-06-10 10:17:34,P0125,SU00318_9_SESS_U00318_9_0
AU00345_9_SESS_U00345_9_0,U00345,SESS_U00345_9_0,2026-06-10 11:23:52,P0016,SU00345_9_SESS_U00345_9_0
AU00348_9_SESS_U00348_9_0,U00348,SESS_U00348_9_0,2026-06-10 21:21:42,P0016,SU00348_9_SESS_U00348_9_0
AU00364_9_SESS_U00364_9_0,U00364,SESS_U00364_9_0,2026-06-10 11:42:35,P0016,SU00364_9_SESS_U00364_9_0
AU00369_9_SESS_U00369_9_0,U00369,SESS_U00369_9_0,2026-06-10 13:31:35,P0400,SU00369_9_SESS_U00369_9_0
AU00372_9_SESS_U00372_9_0,U00372,SESS_U00372_9_0,2026-06-10 20:53:31,P0461,SU00372_9_SESS_U00372_9_0
AU00372_9_SESS_U00372_9_0,U00372,SESS_U00372_9_0,2026-06-10 11:55:42,P0062,SU00372_9_SESS_U00372_9_0
AU00375_9_SESS_U00375_9_0,U00375,SESS_U00375_9_0,2026-06-10 20:20:40,P0041,SU00375_9_SESS_U00375_9_0
AU00379_9_SESS_U00379_9_0,U00379,SESS_U00379_9_0,2026-06-10 16:33:29,P0009,SU00379_9_SESS_U00379_9_0
AU00385_9_SESS_U00385_9_0,U00385,SESS_U00385_9_0,2026-06-10 19:46:14,P0144,SU00385_9_SESS_U00385_9_0
AU00398_9_SESS_U00398_9_0,U00398,SESS_U00398_9_0,2026-06-10 10:13:41,P0002,SU00398_9_SESS_U00398_9_0
AU00411_9_SESS_U00411_9_0,U00411,SESS_U00411_9_0,2026-06-10 19:52:48,P0002,SU00411_9_SESS_U00411_9_0
AU00424_9_SESS_U00424_9_0,U00424,SESS_U00424_9_0,2026-06-10 10:22:21,P0098,SU00424_9_SESS_U00424_9_0
AU00431_9_SESS_U00431_9_0,U00431,SESS_U00431_9_0,2026-06-10 09:31:41,P0040,SU00431_9_SESS_U00431_9_0
AU00438_9_SESS_U00438_9_0,U00438,SESS_U00438_9_0,2026-06-10 17:28:24,P0421,SU00438_9_SESS_U00438_9_0
AU00438_9_SESS_U00438_9_0,U00438,SESS_U00438_9_0,2026-06-10 16:18:23,P0300,SU00438_9_SESS_U00438_9_0
AU00439_9_SESS_U00439_9_0,U00439,SESS_U00439_9_0,2026-06-10 19:51:38,P0002,SU00439_9_SESS_U00439_9_0
AU00443_9_SESS_U00443_9_0,U00443,SESS_U00443_9_0,2026-06-10 21:24:35,P0005,SU00443_9_SESS_U00443_9_0
AU00450_9_SESS_U00450_9_0,U00450,SESS_U00450_9_0,2026-06-10 19:56:27,P0072,SU00450_9_SESS_U00450_9_0
AU00456_9_SESS_U00456_9_0,U00456,SESS_U00456_9_0,2026-06-10 11:11:36,P0025,SU00456_9_SESS_U00456_9_0
AU00459_9_SESS_U00459_9_0,U00459,SESS_U00459_9_0,2026-06-10 10:00:41,P0016,SU00459_9_SESS_U00459_9_0
AU00459_9_SESS_U00459_9_1,U00459,SESS_U00459_9_1,2026-06-10 15:19:18,P0002,SU00459_9_SESS_U00459_9_1
AU00461_9_SESS_U00461_9_0,U00461,SESS_U00461_9_0,2026-06-10 14:46:43,P0024,SU00461_9_SESS_U00461_9_0
AU00462_9_SESS_U00462_9_0,U00462,SESS_U00462_9_0,2026-06-10 09:46:33,P0467,SU00462_9_SESS_U00462_9_0
AU00464_9_SESS_U00464_9_0,U00464,SESS_U00464_9_0,2026-06-10 08:53:36,P0039,SU00464_9_SESS_U00464_9_0
AU00504_9_SESS_U00504_9_0,U00504,SESS_U00504_9_0,2026-06-10 21:54:32,P0002,SU00504_9_SESS_U00504_9_0
AU00509_9_SESS_U00509_9_0,U00509,SESS_U00509_9_0,2026-06-10 18:50:20,P0036,SU00509_9_SESS_U00509_9_0
AU00536_9_SESS_U00536_9_1,U00536,SESS_U00536_9_1,2026-06-10 18:05:33,P0016,SU00536_9_SESS_U00536_9_1
AU00542_9_SESS_U00542_9_0,U00542,SESS_U00542_9_0,2026-06-10 11:32:29,P0197,SU00542_9_SESS_U00542_9_0
AU00549_9_SESS_U00549_9_0,U00549,SESS_U00549_9_0,2026-06-10 14:38:35,P0451,SU00549_9_SESS_U00549_9_0
AU00549_9_SESS_U00549_9_1,U00549,SESS_U00549_9_1,2026-06-10 13:55:27,P0028,SU00549_9_SESS_U00549_9_1
AU00549_9_SESS_U00549_9_1,U00549,SESS_U00549_9_1,2026-06-10 22:24:22,P0298,SU00549_9_SESS_U00549_9_1
AU00557_9_SESS_U00557_9_1,U00557,SESS_U00557_9_1,2026-06-10 09:22:40,P0394,SU00557_9_SESS_U00557_9_1
AU00565_9_SESS_U00565_9_1,U00565,SESS_U00565_9_1,2026-06-10 17:48:42,P0155,SU00565_9_SESS_U00565_9_1
AU00592_9_SESS_U00592_9_0,U00592,SESS_U00592_9_0,2026-06-10 08:59:46,P0161,SU00592_9_SESS_U00592_9_0
AU00602_9_SESS_U00602_9_0,U00602,SESS_U00602_9_0,2026-06-10 21:37:16,P0214,SU00602_9_SESS_U00602_9_0
AU00602_9_SESS_U00602_9_1,U00602,SESS_U00602_9_1,2026-06-10 20:33:42,P0117,SU00602_9_SESS_U00602_9_1
AU00604_9_SESS_U00604_9_0,U00604,SESS_U00604_9_0,2026-06-10 18:22:56,P0121,SU00604_9_SESS_U00604_9_0
AU00606_9_SESS_U00606_9_0,U00606,SESS_U00606_9_0,2026-06-10 21:11:51,P0197,SU00606_9_SESS_U00606_9_0
AU00609_9_SESS_U00609_9_0,U00609,SESS_U00609_9_0,2026-06-10 08:32:29,P0218,SU00609_9_SESS_U00609_9_0
AU00657_9_SESS_U00657_9_0,U00657,SESS_U00657_9_0,2026-06-10 13:19:34,P0042,SU00657_9_SESS_U00657_9_0
AU00657_9_SESS_U00657_9_0,U00657,SESS_U00657_9_0,2026-06-10 17:37:47,P0002,SU00657_9_SESS_U00657_9_0
AU00668_9_SESS_U00668_9_0,U00668,SESS_U00668_9_0,2026-06-10 14:12:56,P0006,SU00668_9_SESS_U00668_9_0
AU00678_9_SESS_U00678_9_0,U00678,SESS_U00678_9_0,2026-06-10 21:09:37,P0002,SU00678_9_SESS_U00678_9_0
AU00681_9_SESS_U00681_9_0,U00681,SESS_U00681_9_0,2026-06-10 16:05:35,P0002,SU00681_9_SESS_U00681_9_0
AU00688_9_SESS_U00688_9_0,U00688,SESS_U00688_9_0,2026-06-10 19:39:49,P0020,SU00688_9_SESS_U00688_9_0
AU00719_9_SESS_U00719_9_0,U00719,SESS_U00719_9_0,2026-06-10 18:07:45,P0154,SU00719_9_SESS_U00719_9_0
AU00719_9_SESS_U00719_9_0,U00719,SESS_U00719_9_0,2026-06-10 19:31:34,P0246,SU00719_9_SESS_U00719_9_0
AU00723_9_SESS_U00723_9_0,U00723,SESS_U00723_9_0,2026-06-10 21:45:30,P0288,SU00723_9_SESS_U00723_9_0
AU00724_9_SESS_U00724_9_0,U00724,SESS_U00724_9_0,2026-06-10 12:16:41,P0356,SU00724_9_SESS_U00724_9_0
AU00748_9_SESS_U00748_9_0,U00748,SESS_U00748_9_0,2026-06-10 10:03:32,P0002,SU00748_9_SESS_U00748_9_0
AU00749_9_SESS_U00749_9_0,U00749,SESS_U00749_9_0,2026-06-10 15:36:43,P0188,SU00749_9_SESS_U00749_9_0
AU00773_9_SESS_U00773_9_0,U00773,SESS_U00773_9_0,2026-06-10 15:48:18,P0006,SU00773_9_SESS_U00773_9_0
AU00789_9_SESS_U00789_9_0,U00789,SESS_U00789_9_0,2026-06-10 13:16:51,P0214,SU00789_9_SESS_U00789_9_0
AU00790_9_SESS_U00790_9_0,U00790,SESS_U00790_9_0,2026-06-10 07:06:49,P0186,SU00790_9_SESS_U00790_9_0
AU00790_9_SESS_U00790_9_0,U00790,SESS_U00790_9_0,2026-06-10 18:08:50,P0072,SU00790_9_SESS_U00790_9_0
AU00003_10_SESS_U00003_10_0,U00003,SESS_U00003_10_0,2026-06-11 08:28:47,P0616,SU00003_10_SESS_U00003_10_0
AU00011_10_SESS_U00011_10_0,U00011,SESS_U00011_10_0,2026-06-11 19:25:39,P0006,SU00011_10_SESS_U00011_10_0
AU00017_10_SESS_U00017_10_0,U00017,SESS_U00017_10_0,2026-06-11 20:11:57,P0023,SU00017_10_SESS_U00017_10_0
AU00023_10_SESS_U00023_10_0,U00023,SESS_U00023_10_0,2026-06-11 13:56:30,P0002,SU00023_10_SESS_U00023_10_0
AU00024_10_SESS_U00024_10_0,U00024,SESS_U00024_10_0,2026-06-11 12:16:42,P0184,SU00024_10_SESS_U00024_10_0
AU00027_10_SESS_U00027_10_1,U00027,SESS_U00027_10_1,2026-06-11 07:30:38,P0167,SU00027_10_SESS_U00027_10_1
AU00047_10_SESS_U00047_10_0,U00047,SESS_U00047_10_0,2026-06-11 22:47:29,P0002,SU00047_10_SESS_U00047_10_0
AU00047_10_SESS_U00047_10_0,U00047,SESS_U00047_10_0,2026-06-11 16:01:38,P0670,SU00047_10_SESS_U00047_10_0
AU00055_10_SESS_U00055_10_1,U00055,SESS_U00055_10_1,2026-06-11 11:00:12,P0016,SU00055_10_SESS_U00055_10_1
AU00055_10_SESS_U00055_10_1,U00055,SESS_U00055_10_1,2026-06-11 20:04:49,P0169,SU00055_10_SESS_U00055_10_1
AU00056_10_SESS_U00056_10_0,U00056,SESS_U00056_10_0,2026-06-11 16:32:27,P0003,SU00056_10_SESS_U00056_10_0
AU00056_10_SESS_U00056_10_0,U00056,SESS_U00056_10_0,2026-06-11 19:21:26,P0544,SU00056_10_SESS_U00056_10_0
AU00059_10_SESS_U00059_10_0,U00059,SESS_U00059_10_0,2026-06-11 21:03:41,P0016,SU00059_10_SESS_U00059_10_0
AU00061_10_SESS_U00061_10_0,U00061,SESS_U00061_10_0,2026-06-11 21:27:17,P0016,SU00061_10_SESS_U00061_10_0
AU00064_10_SESS_U00064_10_0,U00064,SESS_U00064_10_0,2026-06-11 15:37:31,P0016,SU00064_10_SESS_U00064_10_0
AU00064_10_SESS_U00064_10_0,U00064,SESS_U00064_10_0,2026-06-11 22:07:55,P0058,SU00064_10_SESS_U00064_10_0
AU00068_10_SESS_U00068_10_0,U00068,SESS_U00068_10_0,2026-06-11 07:38:28,P0072,SU00068_10_SESS_U00068_10_0
AU00085_10_SESS_U00085_10_0,U00085,SESS_U00085_10_0,2026-06-11 10:59:34,P0002,SU00085_10_SESS_U00085_10_0
AU00096_10_SESS_U00096_10_0,U00096,SESS_U00096_10_0,2026-06-11 19:33:53,P0002,SU00096_10_SESS_U00096_10_0
AU00097_10_SESS_U00097_10_0,U00097,SESS_U00097_10_0,2026-06-11 11:54:41,P0245,SU00097_10_SESS_U00097_10_0
AU00104_10_SESS_U00104_10_0,U00104,SESS_U00104_10_0,2026-06-11 12:36:30,P0183,SU00104_10_SESS_U00104_10_0
AU00104_10_SESS_U00104_10_0,U00104,SESS_U00104_10_0,2026-06-11 09:28:38,P0012,SU00104_10_SESS_U00104_10_0
AU00110_10_SESS_U00110_10_0,U00110,SESS_U00110_10_0,2026-06-11 12:07:48,P0065,SU00110_10_SESS_U00110_10_0
AU00120_10_SESS_U00120_10_0,U00120,SESS_U00120_10_0,2026-06-11 17:32:49,P0002,SU00120_10_SESS_U00120_10_0
AU00130_10_SESS_U00130_10_0,U00130,SESS_U00130_10_0,2026-06-11 21:25:45,P0094,SU00130_10_SESS_U00130_10_0
AU00130_10_SESS_U00130_10_0,U00130,SESS_U00130_10_0,2026-06-11 07:15:38,P0356,SU00130_10_SESS_U00130_10_0
AU00134_10_SESS_U00134_10_0,U00134,SESS_U00134_10_0,2026-06-11 08:54:24,P0004,SU00134_10_SESS_U00134_10_0
AU00135_10_SESS_U00135_10_1,U00135,SESS_U00135_10_1,2026-06-11 10:57:46,P0056,SU00135_10_SESS_U00135_10_1
AU00148_10_SESS_U00148_10_0,U00148,SESS_U00148_10_0,2026-06-11 21:35:15,P0003,SU00148_10_SESS_U00148_10_0
AU00152_10_SESS_U00152_10_0,U00152,SESS_U00152_10_0,2026-06-11 18:03:33,P0002,SU00152_10_SESS_U00152_10_0
AU00153_10_SESS_U00153_10_0,U00153,SESS_U00153_10_0,2026-06-11 12:38:41,P0180,SU00153_10_SESS_U00153_10_0
AU00153_10_SESS_U00153_10_0,U00153,SESS_U00153_10_0,2026-06-11 08:21:23,P0640,SU00153_10_SESS_U00153_10_0
AU00154_10_SESS_U00154_10_0,U00154,SESS_U00154_10_0,2026-06-11 07:06:43,P0116,SU00154_10_SESS_U00154_10_0
AU00181_10_SESS_U00181_10_0,U00181,SESS_U00181_10_0,2026-06-11 21:24:32,P0243,SU00181_10_SESS_U00181_10_0
AU00206_10_SESS_U00206_10_0,U00206,SESS_U00206_10_0,2026-06-11 13:12:22,P0450,SU00206_10_SESS_U00206_10_0
AU00206_10_SESS_U00206_10_1,U00206,SESS_U00206_10_1,2026-06-11 09:29:30,P0037,SU00206_10_SESS_U00206_10_1
AU00206_10_SESS_U00206_10_1,U00206,SESS_U00206_10_1,2026-06-11 13:12:32,P0089,SU00206_10_SESS_U00206_10_1
AU00220_10_SESS_U00220_10_0,U00220,SESS_U00220_10_0,2026-06-11 13:30:37,P0281,SU00220_10_SESS_U00220_10_0
AU00224_10_SESS_U00224_10_0,U00224,SESS_U00224_10_0,2026-06-11 22:42:14,P0049,SU00224_10_SESS_U00224_10_0
AU00227_10_SESS_U00227_10_0,U00227,SESS_U00227_10_0,2026-06-11 16:48:59,P0091,SU00227_10_SESS_U00227_10_0
AU00234_10_SESS_U00234_10_0,U00234,SESS_U00234_10_0,2026-06-11 10:28:39,P0117,SU00234_10_SESS_U00234_10_0
AU00237_10_SESS_U00237_10_0,U00237,SESS_U00237_10_0,2026-06-11 17:09:27,P0002,SU00237_10_SESS_U00237_10_0
AU00241_10_SESS_U00241_10_0,U00241,SESS_U00241_10_0,2026-06-11 18:59:29,P0112,SU00241_10_SESS_U00241_10_0
AU00254_10_SESS_U00254_10_0,U00254,SESS_U00254_10_0,2026-06-11 08:42:33,P0002,SU00254_10_SESS_U00254_10_0
AU00254_10_SESS_U00254_10_1,U00254,SESS_U00254_10_1,2026-06-11 21:35:46,P0127,SU00254_10_SESS_U00254_10_1
AU00257_10_SESS_U00257_10_0,U00257,SESS_U00257_10_0,2026-06-11 10:23:48,P0566,SU00257_10_SESS_U00257_10_0
AU00262_10_SESS_U00262_10_0,U00262,SESS_U00262_10_0,2026-06-11 15:06:31,P0002,SU00262_10_SESS_U00262_10_0
AU00280_10_SESS_U00280_10_0,U00280,SESS_U00280_10_0,2026-06-11 08:23:20,P0002,SU00280_10_SESS_U00280_10_0
AU00292_10_SESS_U00292_10_0,U00292,SESS_U00292_10_0,2026-06-11 13:54:18,P0016,SU00292_10_SESS_U00292_10_0
AU00310_10_SESS_U00310_10_0,U00310,SESS_U00310_10_0,2026-06-11 07:36:50,P0183,SU00310_10_SESS_U00310_10_0
AU00322_10_SESS_U00322_10_0,U00322,SESS_U00322_10_0,2026-06-11 15:39:30,P0092,SU00322_10_SESS_U00322_10_0
AU00328_10_SESS_U00328_10_0,U00328,SESS_U00328_10_0,2026-06-11 14:21:27,P0427,SU00328_10_SESS_U00328_10_0
AU00334_10_SESS_U00334_10_0,U00334,SESS_U00334_10_0,2026-06-11 14:31:52,P0514,SU00334_10_SESS_U00334_10_0
AU00342_10_SESS_U00342_10_0,U00342,SESS_U00342_10_0,2026-06-11 18:30:41,P0034,SU00342_10_SESS_U00342_10_0
AU00351_10_SESS_U00351_10_0,U00351,SESS_U00351_10_0,2026-06-11 22:44:59,P0239,SU00351_10_SESS_U00351_10_0
AU00356_10_SESS_U00356_10_0,U00356,SESS_U00356_10_0,2026-06-11 08:14:58,P0044,SU00356_10_SESS_U00356_10_0
AU00357_10_SESS_U00357_10_0,U00357,SESS_U00357_10_0,2026-06-11 17:15:50,P0006,SU00357_10_SESS_U00357_10_0
AU00358_10_SESS_U00358_10_1,U00358,SESS_U00358_10_1,2026-06-11 20:06:31,P0154,SU00358_10_SESS_U00358_10_1
AU00372_10_SESS_U00372_10_0,U00372,SESS_U00372_10_0,2026-06-11 19:57:56,P0002,SU00372_10_SESS_U00372_10_0
AU00387_10_SESS_U00387_10_0,U00387,SESS_U00387_10_0,2026-06-11 09:04:37,P0304,SU00387_10_SESS_U00387_10_0
AU00393_10_SESS_U00393_10_0,U00393,SESS_U00393_10_0,2026-06-11 22:28:37,P0001,SU00393_10_SESS_U00393_10_0
AU00430_10_SESS_U00430_10_0,U00430,SESS_U00430_10_0,2026-06-11 11:43:26,P0007,SU00430_10_SESS_U00430_10_0
AU00440_10_SESS_U00440_10_0,U00440,SESS_U00440_10_0,2026-06-11 14:17:38,P0002,SU00440_10_SESS_U00440_10_0
AU00458_10_SESS_U00458_10_0,U00458,SESS_U00458_10_0,2026-06-11 11:55:03,P0031,SU00458_10_SESS_U00458_10_0
AU00461_10_SESS_U00461_10_0,U00461,SESS_U00461_10_0,2026-06-11 09:09:43,P0009,SU00461_10_SESS_U00461_10_0
AU00467_10_SESS_U00467_10_0,U00467,SESS_U00467_10_0,2026-06-11 08:03:35,P0028,SU00467_10_SESS_U00467_10_0
AU00472_10_SESS_U00472_10_1,U00472,SESS_U00472_10_1,2026-06-11 09:51:35,P0076,SU00472_10_SESS_U00472_10_1
AU00485_10_SESS_U00485_10_0,U00485,SESS_U00485_10_0,2026-06-11 11:53:42,P0017,SU00485_10_SESS_U00485_10_0
AU00487_10_SESS_U00487_10_0,U00487,SESS_U00487_10_0,2026-06-11 19:07:42,P0261,SU00487_10_SESS_U00487_10_0
AU00488_10_SESS_U00488_10_0,U00488,SESS_U00488_10_0,2026-06-11 21:16:46,P0067,SU00488_10_SESS_U00488_10_0
AU00503_10_SESS_U00503_10_0,U00503,SESS_U00503_10_0,2026-06-11 11:06:58,P0225,SU00503_10_SESS_U00503_10_0
AU00515_10_SESS_U00515_10_0,U00515,SESS_U00515_10_0,2026-06-11 14:53:12,P0125,SU00515_10_SESS_U00515_10_0
AU00518_10_SESS_U00518_10_0,U00518,SESS_U00518_10_0,2026-06-11 10:56:02,P0018,SU00518_10_SESS_U00518_10_0
AU00521_10_SESS_U00521_10_0,U00521,SESS_U00521_10_0,2026-06-11 12:49:37,P0128,SU00521_10_SESS_U00521_10_0
AU00532_10_SESS_U00532_10_0,U00532,SESS_U00532_10_0,2026-06-11 07:43:31,P0046,SU00532_10_SESS_U00532_10_0
AU00535_10_SESS_U00535_10_0,U00535,SESS_U00535_10_0,2026-06-11 09:22:16,P0305,SU00535_10_SESS_U00535_10_0
AU00536_10_SESS_U00536_10_0,U00536,SESS_U00536_10_0,2026-06-11 13:39:58,P0174,SU00536_10_SESS_U00536_10_0
AU00548_10_SESS_U00548_10_1,U00548,SESS_U00548_10_1,2026-06-11 16:11:42,P0015,SU00548_10_SESS_U00548_10_1
AU00560_10_SESS_U00560_10_0,U00560,SESS_U00560_10_0,2026-06-11 18:58:40,P0285,SU00560_10_SESS_U00560_10_0
AU00566_10_SESS_U00566_10_0,U00566,SESS_U00566_10_0,2026-06-11 10:05:49,P0190,SU00566_10_SESS_U00566_10_0
AU00569_10_SESS_U00569_10_0,U00569,SESS_U00569_10_0,2026-06-11 11:22:41,P0073,SU00569_10_SESS_U00569_10_0
AU00581_10_SESS_U00581_10_0,U00581,SESS_U00581_10_0,2026-06-11 07:31:01,P0125,SU00581_10_SESS_U00581_10_0
AU00587_10_SESS_U00587_10_0,U00587,SESS_U00587_10_0,2026-06-11 14:34:31,P0125,SU00587_10_SESS_U00587_10_0
AU00591_10_SESS_U00591_10_0,U00591,SESS_U00591_10_0,2026-06-11 09:07:48,P0421,SU00591_10_SESS_U00591_10_0
AU00591_10_SESS_U00591_10_0,U00591,SESS_U00591_10_0,2026-06-11 21:49:35,P0085,SU00591_10_SESS_U00591_10_0
AU00597_10_SESS_U00597_10_1,U00597,SESS_U00597_10_1,2026-06-11 21:18:33,P0007,SU00597_10_SESS_U00597_10_1
AU00599_10_SESS_U00599_10_0,U00599,SESS_U00599_10_0,2026-06-11 10:05:33,P0004,SU00599_10_SESS_U00599_10_0
AU00608_10_SESS_U00608_10_1,U00608,SESS_U00608_10_1,2026-06-11 09:46:34,P0013,SU00608_10_SESS_U00608_10_1
AU00612_10_SESS_U00612_10_0,U00612,SESS_U00612_10_0,2026-06-11 18:56:21,P0044,SU00612_10_SESS_U00612_10_0
AU00631_10_SESS_U00631_10_0,U00631,SESS_U00631_10_0,2026-06-11 21:13:14,P0038,SU00631_10_SESS_U00631_10_0
AU00637_10_SESS_U00637_10_0,U00637,SESS_U00637_10_0,2026-06-11 17:08:38,P0054,SU00637_10_SESS_U00637_10_0
AU00654_10_SESS_U00654_10_0,U00654,SESS_U00654_10_0,2026-06-11 19:41:55,P0531,SU00654_10_SESS_U00654_10_0
AU00658_10_SESS_U00658_10_0,U00658,SESS_U00658_10_0,2026-06-11 21:29:33,P0011,SU00658_10_SESS_U00658_10_0
AU00665_10_SESS_U00665_10_0,U00665,SESS_U00665_10_0,2026-06-11 19:54:55,P0016,SU00665_10_SESS_U00665_10_0
AU00669_10_SESS_U00669_10_0,U00669,SESS_U00669_10_0,2026-06-11 14:25:50,P0203,SU00669_10_SESS_U00669_10_0
AU00674_10_SESS_U00674_10_0,U00674,SESS_U00674_10_0,2026-06-11 17:30:18,P0563,SU00674_10_SESS_U00674_10_0
AU00682_10_SESS_U00682_10_0,U00682,SESS_U00682_10_0,2026-06-11 15:11:37,P0062,SU00682_10_SESS_U00682_10_0
AU00682_10_SESS_U00682_10_0,U00682,SESS_U00682_10_0,2026-06-11 16:39:12,P0092,SU00682_10_SESS_U00682_10_0
AU00683_10_SESS_U00683_10_0,U00683,SESS_U00683_10_0,2026-06-11 18:41:40,P0246,SU00683_10_SESS_U00683_10_0
AU00693_10_SESS_U00693_10_0,U00693,SESS_U00693_10_0,2026-06-11 09:20:37,P0121,SU00693_10_SESS_U00693_10_0
AU00693_10_SESS_U00693_10_0,U00693,SESS_U00693_10_0,2026-06-11 17:26:26,P0565,SU00693_10_SESS_U00693_10_0
AU00705_10_SESS_U00705_10_0,U00705,SESS_U00705_10_0,2026-06-11 18:49:45,P0205,SU00705_10_SESS_U00705_10_0
AU00705_10_SESS_U00705_10_1,U00705,SESS_U00705_10_1,2026-06-11 10:05:39,P0007,SU00705_10_SESS_U00705_10_1
AU00706_10_SESS_U00706_10_0,U00706,SESS_U00706_10_0,2026-06-11 18:55:36,P0013,SU00706_10_SESS_U00706_10_0
AU00713_10_SESS_U00713_10_0,U00713,SESS_U00713_10_0,2026-06-11 18:15:31,P0055,SU00713_10_SESS_U00713_10_0
AU00726_10_SESS_U00726_10_0,U00726,SESS_U00726_10_0,2026-06-11 10:26:35,P0482,SU00726_10_SESS_U00726_10_0
AU00741_10_SESS_U00741_10_0,U00741,SESS_U00741_10_0,2026-06-11 09:38:05,P0001,SU00741_10_SESS_U00741_10_0
AU00765_10_SESS_U00765_10_0,U00765,SESS_U00765_10_0,2026-06-11 19:38:35,P0400,SU00765_10_SESS_U00765_10_0
AU00769_10_SESS_U00769_10_0,U00769,SESS_U00769_10_0,2026-06-11 14:10:48,P0119,SU00769_10_SESS_U00769_10_0
AU00783_10_SESS_U00783_10_0,U00783,SESS_U00783_10_0,2026-06-11 21:45:38,P0183,SU00783_10_SESS_U00783_10_0
AU00793_10_SESS_U00793_10_0,U00793,SESS_U00793_10_0,2026-06-11 12:41:12,P0017,SU00793_10_SESS_U00793_10_0
AU00793_10_SESS_U00793_10_1,U00793,SESS_U00793_10_1,2026-06-11 08:41:39,P0014,SU00793_10_SESS_U00793_10_1
AU00009_11_SESS_U00009_11_0,U00009,SESS_U00009_11_0,2026-06-12 12:52:21,P0005,SU00009_11_SESS_U00009_11_0
AU00017_11_SESS_U00017_11_1,U00017,SESS_U00017_11_1,2026-06-12 20:07:50,P0086,SU00017_11_SESS_U00017_11_1
AU00020_11_SESS_U00020_11_0,U00020,SESS_U00020_11_0,2026-06-12 15:49:33,P0004,SU00020_11_SESS_U00020_11_0
AU00028_11_SESS_U00028_11_0,U00028,SESS_U00028_11_0,2026-06-12 17:33:28,P0167,SU00028_11_SESS_U00028_11_0
AU00038_11_SESS_U00038_11_0,U00038,SESS_U00038_11_0,2026-06-12 21:26:42,P0001,SU00038_11_SESS_U00038_11_0
AU00052_11_SESS_U00052_11_0,U00052,SESS_U00052_11_0,2026-06-12 09:40:50,P0487,SU00052_11_SESS_U00052_11_0
AU00052_11_SESS_U00052_11_0,U00052,SESS_U00052_11_0,2026-06-12 17:05:55,P0102,SU00052_11_SESS_U00052_11_0
AU00053_11_SESS_U00053_11_0,U00053,SESS_U00053_11_0,2026-06-12 17:06:25,P0263,SU00053_11_SESS_U00053_11_0
AU00055_11_SESS_U00055_11_0,U00055,SESS_U00055_11_0,2026-06-12 18:06:19,P0074,SU00055_11_SESS_U00055_11_0
AU00066_11_SESS_U00066_11_0,U00066,SESS_U00066_11_0,2026-06-12 09:51:35,P0024,SU00066_11_SESS_U00066_11_0
AU00081_11_SESS_U00081_11_0,U00081,SESS_U00081_11_0,2026-06-12 16:09:44,P0101,SU00081_11_SESS_U00081_11_0
AU00110_11_SESS_U00110_11_0,U00110,SESS_U00110_11_0,2026-06-12 20:19:20,P0021,SU00110_11_SESS_U00110_11_0
AU00115_11_SESS_U00115_11_0,U00115,SESS_U00115_11_0,2026-06-12 09:06:45,P0584,SU00115_11_SESS_U00115_11_0
AU00115_11_SESS_U00115_11_0,U00115,SESS_U00115_11_0,2026-06-12 19:39:45,P0254,SU00115_11_SESS_U00115_11_0
AU00115_11_SESS_U00115_11_1,U00115,SESS_U00115_11_1,2026-06-12 19:17:20,P0592,SU00115_11_SESS_U00115_11_1
AU00118_11_SESS_U00118_11_0,U00118,SESS_U00118_11_0,2026-06-12 16:51:40,P0232,SU00118_11_SESS_U00118_11_0
AU00118_11_SESS_U00118_11_1,U00118,SESS_U00118_11_1,2026-06-12 19:29:13,P0116,SU00118_11_SESS_U00118_11_1
AU00142_11_SESS_U00142_11_0,U00142,SESS_U00142_11_0,2026-06-12 13:26:47,P0001,SU00142_11_SESS_U00142_11_0
AU00142_11_SESS_U00142_11_0,U00142,SESS_U00142_11_0,2026-06-12 19:41:31,P0002,SU00142_11_SESS_U00142_11_0
AU00148_11_SESS_U00148_11_0,U00148,SESS_U00148_11_0,2026-06-12 21:46:49,P0002,SU00148_11_SESS_U00148_11_0
AU00148_11_SESS_U00148_11_0,U00148,SESS_U00148_11_0,2026-06-12 18:28:37,P0584,SU00148_11_SESS_U00148_11_0
AU00149_11_SESS_U00149_11_1,U00149,SESS_U00149_11_1,2026-06-12 12:33:21,P0011,SU00149_11_SESS_U00149_11_1
AU00159_11_SESS_U00159_11_0,U00159,SESS_U00159_11_0,2026-06-12 11:04:46,P0584,SU00159_11_SESS_U00159_11_0
AU00176_11_SESS_U00176_11_0,U00176,SESS_U00176_11_0,2026-06-12 08:22:21,P0134,SU00176_11_SESS_U00176_11_0
AU00181_11_SESS_U00181_11_0,U00181,SESS_U00181_11_0,2026-06-12 11:53:37,P0016,SU00181_11_SESS_U00181_11_0
AU00194_11_SESS_U00194_11_0,U00194,SESS_U00194_11_0,2026-06-12 19:57:24,P0006,SU00194_11_SESS_U00194_11_0
AU00209_11_SESS_U00209_11_1,U00209,SESS_U00209_11_1,2026-06-12 13:10:20,P0047,SU00209_11_SESS_U00209_11_1
AU00209_11_SESS_U00209_11_1,U00209,SESS_U00209_11_1,2026-06-12 10:26:31,P0009,SU00209_11_SESS_U00209_11_1
AU00210_11_SESS_U00210_11_0,U00210,SESS_U00210_11_0,2026-06-12 11:17:42,P0174,SU00210_11_SESS_U00210_11_0
AU00210_11_SESS_U00210_11_0,U00210,SESS_U00210_11_0,2026-06-12 13:37:32,P0120,SU00210_11_SESS_U00210_11_0
AU00213_11_SESS_U00213_11_1,U00213,SESS_U00213_11_1,2026-06-12 09:03:30,P0072,SU00213_11_SESS_U00213_11_1
AU00214_11_SESS_U00214_11_0,U00214,SESS_U00214_11_0,2026-06-12 07:56:44,P0181,SU00214_11_SESS_U00214_11_0
AU00214_11_SESS_U00214_11_0,U00214,SESS_U00214_11_0,2026-06-12 19:09:32,P0006,SU00214_11_SESS_U00214_11_0
AU00221_11_SESS_U00221_11_0,U00221,SESS_U00221_11_0,2026-06-12 21:57:46,P0079,SU00221_11_SESS_U00221_11_0
AU00224_11_SESS_U00224_11_1,U00224,SESS_U00224_11_1,2026-06-12 10:57:51,P0183,SU00224_11_SESS_U00224_11_1
AU00226_11_SESS_U00226_11_0,U00226,SESS_U00226_11_0,2026-06-12 08:16:48,P0041,SU00226_11_SESS_U00226_11_0
AU00247_11_SESS_U00247_11_0,U00247,SESS_U00247_11_0,2026-06-12 14:59:27,P0076,SU00247_11_SESS_U00247_11_0
AU00252_11_SESS_U00252_11_0,U00252,SESS_U00252_11_0,2026-06-12 08:31:42,P0438,SU00252_11_SESS_U00252_11_0
AU00265_11_SESS_U00265_11_0,U00265,SESS_U00265_11_0,2026-06-12 18:45:54,P0001,SU00265_11_SESS_U00265_11_0
AU00270_11_SESS_U00270_11_0,U00270,SESS_U00270_11_0,2026-06-12 20:25:45,P0427,SU00270_11_SESS_U00270_11_0
AU00271_11_SESS_U00271_11_0,U00271,SESS_U00271_11_0,2026-06-12 19:59:30,P0075,SU00271_11_SESS_U00271_11_0
AU00279_11_SESS_U00279_11_0,U00279,SESS_U00279_11_0,2026-06-12 15:29:43,P0232,SU00279_11_SESS_U00279_11_0
AU00293_11_SESS_U00293_11_0,U00293,SESS_U00293_11_0,2026-06-12 22:23:47,P0044,SU00293_11_SESS_U00293_11_0
AU00293_11_SESS_U00293_11_0,U00293,SESS_U00293_11_0,2026-06-12 12:54:18,P0028,SU00293_11_SESS_U00293_11_0
AU00303_11_SESS_U00303_11_0,U00303,SESS_U00303_11_0,2026-06-12 09:53:27,P0061,SU00303_11_SESS_U00303_11_0
AU00310_11_SESS_U00310_11_0,U00310,SESS_U00310_11_0,2026-06-12 07:16:44,P0007,SU00310_11_SESS_U00310_11_0
AU00319_11_SESS_U00319_11_0,U00319,SESS_U00319_11_0,2026-06-12 15:41:53,P0076,SU00319_11_SESS_U00319_11_0
AU00330_11_SESS_U00330_11_0,U00330,SESS_U00330_11_0,2026-06-12 09:52:42,P0065,SU00330_11_SESS_U00330_11_0
AU00339_11_SESS_U00339_11_0,U00339,SESS_U00339_11_0,2026-06-12 07:45:00,P0074,SU00339_11_SESS_U00339_11_0
AU00348_11_SESS_U00348_11_0,U00348,SESS_U00348_11_0,2026-06-12 19:59:21,P0125,SU00348_11_SESS_U00348_11_0
AU00351_11_SESS_U00351_11_0,U00351,SESS_U00351_11_0,2026-06-12 16:26:34,P0080,SU00351_11_SESS_U00351_11_0
AU00370_11_SESS_U00370_11_0,U00370,SESS_U00370_11_0,2026-06-12 12:17:28,P0028,SU00370_11_SESS_U00370_11_0
AU00371_11_SESS_U00371_11_0,U00371,SESS_U00371_11_0,2026-06-12 22:06:55,P0032,SU00371_11_SESS_U00371_11_0
AU00383_11_SESS_U00383_11_0,U00383,SESS_U00383_11_0,2026-06-12 12:37:51,P0014,SU00383_11_SESS_U00383_11_0
AU00395_11_SESS_U00395_11_1,U00395,SESS_U00395_11_1,2026-06-12 20:42:19,P0115,SU00395_11_SESS_U00395_11_1
AU00395_11_SESS_U00395_11_1,U00395,SESS_U00395_11_1,2026-06-12 08:56:44,P0492,SU00395_11_SESS_U00395_11_1
AU00395_11_SESS_U00395_11_1,U00395,SESS_U00395_11_1,2026-06-12 20:14:23,P0264,SU00395_11_SESS_U00395_11_1
AU00409_11_SESS_U00409_11_0,U00409,SESS_U00409_11_0,2026-06-12 13:23:35,P0029,SU00409_11_SESS_U00409_11_0
AU00430_11_SESS_U00430_11_0,U00430,SESS_U00430_11_0,2026-06-12 19:03:03,P0426,SU00430_11_SESS_U00430_11_0
AU00430_11_SESS_U00430_11_0,U00430,SESS_U00430_11_0,2026-06-12 07:04:55,P0310,SU00430_11_SESS_U00430_11_0
AU00432_11_SESS_U00432_11_0,U00432,SESS_U00432_11_0,2026-06-12 14:40:43,P0481,SU00432_11_SESS_U00432_11_0
AU00434_11_SESS_U00434_11_0,U00434,SESS_U00434_11_0,2026-06-12 20:19:32,P0002,SU00434_11_SESS_U00434_11_0
AU00442_11_SESS_U00442_11_0,U00442,SESS_U00442_11_0,2026-06-12 08:00:00,P0089,SU00442_11_SESS_U00442_11_0
AU00449_11_SESS_U00449_11_0,U00449,SESS_U00449_11_0,2026-06-12 20:09:43,P0280,SU00449_11_SESS_U00449_11_0
AU00466_11_SESS_U00466_11_0,U00466,SESS_U00466_11_0,2026-06-12 09:14:36,P0342,SU00466_11_SESS_U00466_11_0
AU00469_11_SESS_U00469_11_0,U00469,SESS_U00469_11_0,2026-06-12 19:28:58,P0566,SU00469_11_SESS_U00469_11_0
AU00478_11_SESS_U00478_11_0,U00478,SESS_U00478_11_0,2026-06-12 13:56:34,P0013,SU00478_11_SESS_U00478_11_0
AU00491_11_SESS_U00491_11_0,U00491,SESS_U00491_11_0,2026-06-12 21:07:48,P0116,SU00491_11_SESS_U00491_11_0
AU00499_11_SESS_U00499_11_0,U00499,SESS_U00499_11_0,2026-06-12 13:45:52,P0566,SU00499_11_SESS_U00499_11_0
AU00532_11_SESS_U00532_11_0,U00532,SESS_U00532_11_0,2026-06-12 15:41:42,P0245,SU00532_11_SESS_U00532_11_0
AU00537_11_SESS_U00537_11_0,U00537,SESS_U00537_11_0,2026-06-12 22:12:35,P0092,SU00537_11_SESS_U00537_11_0
AU00538_11_SESS_U00538_11_0,U00538,SESS_U00538_11_0,2026-06-12 22:59:49,P0041,SU00538_11_SESS_U00538_11_0
AU00547_11_SESS_U00547_11_0,U00547,SESS_U00547_11_0,2026-06-12 12:00:27,P0369,SU00547_11_SESS_U00547_11_0
AU00547_11_SESS_U00547_11_0,U00547,SESS_U00547_11_0,2026-06-12 11:48:48,P0154,SU00547_11_SESS_U00547_11_0
AU00547_11_SESS_U00547_11_1,U00547,SESS_U00547_11_1,2026-06-12 09:12:56,P0107,SU00547_11_SESS_U00547_11_1
AU00555_11_SESS_U00555_11_0,U00555,SESS_U00555_11_0,2026-06-12 17:01:31,P0381,SU00555_11_SESS_U00555_11_0
AU00555_11_SESS_U00555_11_0,U00555,SESS_U00555_11_0,2026-06-12 20:01:25,P0452,SU00555_11_SESS_U00555_11_0
AU00562_11_SESS_U00562_11_0,U00562,SESS_U00562_11_0,2026-06-12 21:10:15,P0254,SU00562_11_SESS_U00562_11_0
AU00563_11_SESS_U00563_11_0,U00563,SESS_U00563_11_0,2026-06-12 15:58:23,P0427,SU00563_11_SESS_U00563_11_0
AU00569_11_SESS_U00569_11_0,U00569,SESS_U00569_11_0,2026-06-12 19:38:38,P0487,SU00569_11_SESS_U00569_11_0
AU00578_11_SESS_U00578_11_0,U00578,SESS_U00578_11_0,2026-06-12 08:21:47,P0482,SU00578_11_SESS_U00578_11_0
AU00597_11_SESS_U00597_11_0,U00597,SESS_U00597_11_0,2026-06-12 10:58:37,P0055,SU00597_11_SESS_U00597_11_0
AU00600_11_SESS_U00600_11_0,U00600,SESS_U00600_11_0,2026-06-12 14:20:32,P0167,SU00600_11_SESS_U00600_11_0
AU00602_11_SESS_U00602_11_0,U00602,SESS_U00602_11_0,2026-06-12 08:29:04,P0119,SU00602_11_SESS_U00602_11_0
AU00611_11_SESS_U00611_11_0,U00611,SESS_U00611_11_0,2026-06-12 09:31:25,P0279,SU00611_11_SESS_U00611_11_0
AU00611_11_SESS_U00611_11_1,U00611,SESS_U00611_11_1,2026-06-12 08:24:46,P0043,SU00611_11_SESS_U00611_11_1
AU00614_11_SESS_U00614_11_0,U00614,SESS_U00614_11_0,2026-06-12 11:06:35,P0078,SU00614_11_SESS_U00614_11_0
AU00618_11_SESS_U00618_11_1,U00618,SESS_U00618_11_1,2026-06-12 17:31:39,P0381,SU00618_11_SESS_U00618_11_1
AU00649_11_SESS_U00649_11_0,U00649,SESS_U00649_11_0,2026-06-12 10:15:35,P0038,SU00649_11_SESS_U00649_11_0
AU00655_11_SESS_U00655_11_0,U00655,SESS_U00655_11_0,2026-06-12 19:10:44,P0060,SU00655_11_SESS_U00655_11_0
AU00681_11_SESS_U00681_11_0,U00681,SESS_U00681_11_0,2026-06-12 14:37:33,P0002,SU00681_11_SESS_U00681_11_0
AU00684_11_SESS_U00684_11_0,U00684,SESS_U00684_11_0,2026-06-12 13:45:33,P0006,SU00684_11_SESS_U00684_11_0
AU00688_11_SESS_U00688_11_0,U00688,SESS_U00688_11_0,2026-06-12 10:04:16,P0112,SU00688_11_SESS_U00688_11_0
AU00691_11_SESS_U00691_11_0,U00691,SESS_U00691_11_0,2026-06-12 15:24:51,P0014,SU00691_11_SESS_U00691_11_0
AU00699_11_SESS_U00699_11_0,U00699,SESS_U00699_11_0,2026-06-12 07:46:53,P0114,SU00699_11_SESS_U00699_11_0
AU00705_11_SESS_U00705_11_0,U00705,SESS_U00705_11_0,2026-06-12 18:35:49,P0427,SU00705_11_SESS_U00705_11_0
AU00720_11_SESS_U00720_11_1,U00720,SESS_U00720_11_1,2026-06-12 16:43:42,P0080,SU00720_11_SESS_U00720_11_1
AU00722_11_SESS_U00722_11_0,U00722,SESS_U00722_11_0,2026-06-12 13:50:42,P0030,SU00722_11_SESS_U00722_11_0
AU00726_11_SESS_U00726_11_0,U00726,SESS_U00726_11_0,2026-06-12 17:27:41,P0136,SU00726_11_SESS_U00726_11_0
AU00746_11_SESS_U00746_11_1,U00746,SESS_U00746_11_1,2026-06-12 11:20:14,P0127,SU00746_11_SESS_U00746_11_1
AU00747_11_SESS_U00747_11_0,U00747,SESS_U00747_11_0,2026-06-12 13:42:32,P0025,SU00747_11_SESS_U00747_11_0
AU00756_11_SESS_U00756_11_0,U00756,SESS_U00756_11_0,2026-06-12 12:50:18,P0004,SU00756_11_SESS_U00756_11_0
AU00771_11_SESS_U00771_11_0,U00771,SESS_U00771_11_0,2026-06-12 09:03:48,P0025,SU00771_11_SESS_U00771_11_0
AU00777_11_SESS_U00777_11_0,U00777,SESS_U00777_11_0,2026-06-12 16:44:54,P0024,SU00777_11_SESS_U00777_11_0
AU00780_11_SESS_U00780_11_0,U00780,SESS_U00780_11_0,2026-06-12 11:45:39,P0133,SU00780_11_SESS_U00780_11_0
AU00782_11_SESS_U00782_11_0,U00782,SESS_U00782_11_0,2026-06-12 16:25:48,P0011,SU00782_11_SESS_U00782_11_0
AU00782_11_SESS_U00782_11_0,U00782,SESS_U00782_11_0,2026-06-12 21:18:47,P0112,SU00782_11_SESS_U00782_11_0
AU00782_11_SESS_U00782_11_0,U00782,SESS_U00782_11_0,2026-06-12 13:51:54,P0112,SU00782_11_SESS_U00782_11_0
AU00793_11_SESS_U00793_11_0,U00793,SESS_U00793_11_0,2026-06-12 08:44:52,P0018,SU00793_11_SESS_U00793_11_0
AU00016_12_SESS_U00016_12_1,U00016,SESS_U00016_12_1,2026-06-13 22:25:26,P0127,SU00016_12_SESS_U00016_12_1
AU00021_12_SESS_U00021_12_0,U00021,SESS_U00021_12_0,2026-06-13 08:01:33,P0012,SU00021_12_SESS_U00021_12_0
AU00041_12_SESS_U00041_12_0,U00041,SESS_U00041_12_0,2026-06-13 16:41:34,P0225,SU00041_12_SESS_U00041_12_0
AU00041_12_SESS_U00041_12_0,U00041,SESS_U00041_12_0,2026-06-13 13:52:35,P0203,SU00041_12_SESS_U00041_12_0
AU00041_12_SESS_U00041_12_1,U00041,SESS_U00041_12_1,2026-06-13 18:35:28,P0280,SU00041_12_SESS_U00041_12_1
AU00093_12_SESS_U00093_12_0,U00093,SESS_U00093_12_0,2026-06-13 12:00:51,P0054,SU00093_12_SESS_U00093_12_0
AU00098_12_SESS_U00098_12_1,U00098,SESS_U00098_12_1,2026-06-13 10:23:33,P0245,SU00098_12_SESS_U00098_12_1
AU00102_12_SESS_U00102_12_0,U00102,SESS_U00102_12_0,2026-06-13 15:39:56,P0157,SU00102_12_SESS_U00102_12_0
AU00103_12_SESS_U00103_12_0,U00103,SESS_U00103_12_0,2026-06-13 22:54:33,P0342,SU00103_12_SESS_U00103_12_0
AU00103_12_SESS_U00103_12_0,U00103,SESS_U00103_12_0,2026-06-13 21:10:41,P0254,SU00103_12_SESS_U00103_12_0
AU00112_12_SESS_U00112_12_0,U00112,SESS_U00112_12_0,2026-06-13 18:19:16,P0012,SU00112_12_SESS_U00112_12_0
AU00121_12_SESS_U00121_12_0,U00121,SESS_U00121_12_0,2026-06-13 22:51:33,P0566,SU00121_12_SESS_U00121_12_0
AU00122_12_SESS_U00122_12_0,U00122,SESS_U00122_12_0,2026-06-13 07:47:40,P0038,SU00122_12_SESS_U00122_12_0
AU00141_12_SESS_U00141_12_0,U00141,SESS_U00141_12_0,2026-06-13 07:53:56,P0016,SU00141_12_SESS_U00141_12_0
AU00152_12_SESS_U00152_12_0,U00152,SESS_U00152_12_0,2026-06-13 15:58:53,P0002,SU00152_12_SESS_U00152_12_0
AU00179_12_SESS_U00179_12_0,U00179,SESS_U00179_12_0,2026-06-13 17:27:59,P0081,SU00179_12_SESS_U00179_12_0
AU00180_12_SESS_U00180_12_0,U00180,SESS_U00180_12_0,2026-06-13 07:18:46,P0015,SU00180_12_SESS_U00180_12_0
AU00186_12_SESS_U00186_12_0,U00186,SESS_U00186_12_0,2026-06-13 17:20:39,P0146,SU00186_12_SESS_U00186_12_0
AU00202_12_SESS_U00202_12_0,U00202,SESS_U00202_12_0,2026-06-13 16:32:39,P0029,SU00202_12_SESS_U00202_12_0
AU00215_12_SESS_U00215_12_0,U00215,SESS_U00215_12_0,2026-06-13 13:38:41,P0006,SU00215_12_SESS_U00215_12_0
AU00222_12_SESS_U00222_12_1,U00222,SESS_U00222_12_1,2026-06-13 17:37:54,P0017,SU00222_12_SESS_U00222_12_1
AU00227_12_SESS_U00227_12_0,U00227,SESS_U00227_12_0,2026-06-13 09:38:40,P0002,SU00227_12_SESS_U00227_12_0
AU00236_12_SESS_U00236_12_1,U00236,SESS_U00236_12_1,2026-06-13 08:41:32,P0027,SU00236_12_SESS_U00236_12_1
AU00242_12_SESS_U00242_12_0,U00242,SESS_U00242_12_0,2026-06-13 22:41:57,P0110,SU00242_12_SESS_U00242_12_0
AU00279_12_SESS_U00279_12_0,U00279,SESS_U00279_12_0,2026-06-13 16:13:38,P0016,SU00279_12_SESS_U00279_12_0
AU00279_12_SESS_U00279_12_0,U00279,SESS_U00279_12_0,2026-06-13 22:59:41,P0061,SU00279_12_SESS_U00279_12_0
AU00297_12_SESS_U00297_12_0,U00297,SESS_U00297_12_0,2026-06-13 10:28:33,P0031,SU00297_12_SESS_U00297_12_0
AU00310_12_SESS_U00310_12_0,U00310,SESS_U00310_12_0,2026-06-13 08:13:55,P0086,SU00310_12_SESS_U00310_12_0
AU00313_12_SESS_U00313_12_0,U00313,SESS_U00313_12_0,2026-06-13 10:24:50,P0146,SU00313_12_SESS_U00313_12_0
AU00330_12_SESS_U00330_12_0,U00330,SESS_U00330_12_0,2026-06-13 08:46:15,P0084,SU00330_12_SESS_U00330_12_0
AU00332_12_SESS_U00332_12_0,U00332,SESS_U00332_12_0,2026-06-13 19:28:31,P0285,SU00332_12_SESS_U00332_12_0
AU00367_12_SESS_U00367_12_0,U00367,SESS_U00367_12_0,2026-06-13 21:08:43,P0234,SU00367_12_SESS_U00367_12_0
AU00371_12_SESS_U00371_12_0,U00371,SESS_U00371_12_0,2026-06-13 22:18:36,P0254,SU00371_12_SESS_U00371_12_0
AU00371_12_SESS_U00371_12_0,U00371,SESS_U00371_12_0,2026-06-13 07:21:42,P0390,SU00371_12_SESS_U00371_12_0
AU00371_12_SESS_U00371_12_0,U00371,SESS_U00371_12_0,2026-06-13 19:46:42,P0125,SU00371_12_SESS_U00371_12_0
AU00372_12_SESS_U00372_12_0,U00372,SESS_U00372_12_0,2026-06-13 12:30:28,P0044,SU00372_12_SESS_U00372_12_0
AU00378_12_SESS_U00378_12_0,U00378,SESS_U00378_12_0,2026-06-13 16:32:20,P0018,SU00378_12_SESS_U00378_12_0
AU00379_12_SESS_U00379_12_0,U00379,SESS_U00379_12_0,2026-06-13 16:25:25,P0181,SU00379_12_SESS_U00379_12_0
AU00388_12_SESS_U00388_12_0,U00388,SESS_U00388_12_0,2026-06-13 13:25:46,P0044,SU00388_12_SESS_U00388_12_0
AU00388_12_SESS_U00388_12_1,U00388,SESS_U00388_12_1,2026-06-13 19:34:44,P0220,SU00388_12_SESS_U00388_12_1
AU00416_12_SESS_U00416_12_0,U00416,SESS_U00416_12_0,2026-06-13 16:27:50,P0017,SU00416_12_SESS_U00416_12_0
AU00436_12_SESS_U00436_12_0,U00436,SESS_U00436_12_0,2026-06-13 10:20:33,P0005,SU00436_12_SESS_U00436_12_0
AU00454_12_SESS_U00454_12_0,U00454,SESS_U00454_12_0,2026-06-13 11:54:42,P0122,SU00454_12_SESS_U00454_12_0
AU00460_12_SESS_U00460_12_0,U00460,SESS_U00460_12_0,2026-06-13 11:34:42,P0030,SU00460_12_SESS_U00460_12_0
AU00472_12_SESS_U00472_12_0,U00472,SESS_U00472_12_0,2026-06-13 12:32:28,P0002,SU00472_12_SESS_U00472_12_0
AU00490_12_SESS_U00490_12_0,U00490,SESS_U00490_12_0,2026-06-13 15:30:36,P0014,SU00490_12_SESS_U00490_12_0
AU00491_12_SESS_U00491_12_0,U00491,SESS_U00491_12_0,2026-06-13 15:56:34,P0079,SU00491_12_SESS_U00491_12_0
AU00503_12_SESS_U00503_12_0,U00503,SESS_U00503_12_0,2026-06-13 17:25:37,P0390,SU00503_12_SESS_U00503_12_0
AU00557_12_SESS_U00557_12_0,U00557,SESS_U00557_12_0,2026-06-13 13:31:40,P0085,SU00557_12_SESS_U00557_12_0
AU00563_12_SESS_U00563_12_0,U00563,SESS_U00563_12_0,2026-06-13 20:28:40,P0016,SU00563_12_SESS_U00563_12_0
AU00575_12_SESS_U00575_12_0,U00575,SESS_U00575_12_0,2026-06-13 16:37:18,P0021,SU00575_12_SESS_U00575_12_0
AU00578_12_SESS_U00578_12_0,U00578,SESS_U00578_12_0,2026-06-13 19:38:18,P0029,SU00578_12_SESS_U00578_12_0
AU00591_12_SESS_U00591_12_0,U00591,SESS_U00591_12_0,2026-06-13 19:03:52,P0072,SU00591_12_SESS_U00591_12_0
AU00603_12_SESS_U00603_12_1,U00603,SESS_U00603_12_1,2026-06-13 07:50:52,P0051,SU00603_12_SESS_U00603_12_1
AU00617_12_SESS_U00617_12_1,U00617,SESS_U00617_12_1,2026-06-13 13:14:39,P0001,SU00617_12_SESS_U00617_12_1
AU00636_12_SESS_U00636_12_0,U00636,SESS_U00636_12_0,2026-06-13 15:47:53,P0002,SU00636_12_SESS_U00636_12_0
AU00642_12_SESS_U00642_12_0,U00642,SESS_U00642_12_0,2026-06-13 08:11:23,P0579,SU00642_12_SESS_U00642_12_0
AU00653_12_SESS_U00653_12_0,U00653,SESS_U00653_12_0,2026-06-13 16:52:32,P0183,SU00653_12_SESS_U00653_12_0
AU00659_12_SESS_U00659_12_0,U00659,SESS_U00659_12_0,2026-06-13 15:12:45,P0050,SU00659_12_SESS_U00659_12_0
AU00671_12_SESS_U00671_12_0,U00671,SESS_U00671_12_0,2026-06-13 18:06:13,P0174,SU00671_12_SESS_U00671_12_0
AU00676_12_SESS_U00676_12_0,U00676,SESS_U00676_12_0,2026-06-13 22:53:30,P0421,SU00676_12_SESS_U00676_12_0
AU00676_12_SESS_U00676_12_1,U00676,SESS_U00676_12_1,2026-06-13 09:52:58,P0050,SU00676_12_SESS_U00676_12_1
AU00682_12_SESS_U00682_12_0,U00682,SESS_U00682_12_0,2026-06-13 14:56:20,P0154,SU00682_12_SESS_U00682_12_0
AU00698_12_SESS_U00698_12_0,U00698,SESS_U00698_12_0,2026-06-13 15:44:32,P0072,SU00698_12_SESS_U00698_12_0
AU00706_12_SESS_U00706_12_0,U00706,SESS_U00706_12_0,2026-06-13 07:28:35,P0243,SU00706_12_SESS_U00706_12_0
AU00726_12_SESS_U00726_12_0,U00726,SESS_U00726_12_0,2026-06-13 19:33:44,P0285,SU00726_12_SESS_U00726_12_0
AU00726_12_SESS_U00726_12_0,U00726,SESS_U00726_12_0,2026-06-13 20:29:55,P0611,SU00726_12_SESS_U00726_12_0
AU00748_12_SESS_U00748_12_0,U00748,SESS_U00748_12_0,2026-06-13 16:51:57,P0002,SU00748_12_SESS_U00748_12_0
AU00759_12_SESS_U00759_12_0,U00759,SESS_U00759_12_0,2026-06-13 17:31:50,P0254,SU00759_12_SESS_U00759_12_0
AU00762_12_SESS_U00762_12_0,U00762,SESS_U00762_12_0,2026-06-13 08:44:16,P0122,SU00762_12_SESS_U00762_12_0
AU00768_12_SESS_U00768_12_0,U00768,SESS_U00768_12_0,2026-06-13 21:55:23,P0030,SU00768_12_SESS_U00768_12_0
AU00786_12_SESS_U00786_12_0,U00786,SESS_U00786_12_0,2026-06-13 13:40:35,P0107,SU00786_12_SESS_U00786_12_0
AU00002_13_SESS_U00002_13_0,U00002,SESS_U00002_13_0,2026-06-14 17:29:21,P0002,SU00002_13_SESS_U00002_13_0
AU00003_13_SESS_U00003_13_0,U00003,SESS_U00003_13_0,2026-06-14 17:37:21,P0016,SU00003_13_SESS_U00003_13_0
AU00062_13_SESS_U00062_13_0,U00062,SESS_U00062_13_0,2026-06-14 12:18:35,P0012,SU00062_13_SESS_U00062_13_0
AU00065_13_SESS_U00065_13_0,U00065,SESS_U00065_13_0,2026-06-14 21:11:20,P0002,SU00065_13_SESS_U00065_13_0
AU00067_13_SESS_U00067_13_0,U00067,SESS_U00067_13_0,2026-06-14 18:58:39,P0121,SU00067_13_SESS_U00067_13_0
AU00093_13_SESS_U00093_13_0,U00093,SESS_U00093_13_0,2026-06-14 21:14:29,P0481,SU00093_13_SESS_U00093_13_0
AU00105_13_SESS_U00105_13_0,U00105,SESS_U00105_13_0,2026-06-14 17:40:41,P0013,SU00105_13_SESS_U00105_13_0
AU00134_13_SESS_U00134_13_0,U00134,SESS_U00134_13_0,2026-06-14 19:27:22,P0157,SU00134_13_SESS_U00134_13_0
AU00134_13_SESS_U00134_13_0,U00134,SESS_U00134_13_0,2026-06-14 09:45:52,P0013,SU00134_13_SESS_U00134_13_0
AU00151_13_SESS_U00151_13_0,U00151,SESS_U00151_13_0,2026-06-14 17:13:18,P0042,SU00151_13_SESS_U00151_13_0
AU00166_13_SESS_U00166_13_1,U00166,SESS_U00166_13_1,2026-06-14 07:51:28,P0122,SU00166_13_SESS_U00166_13_1
AU00170_13_SESS_U00170_13_0,U00170,SESS_U00170_13_0,2026-06-14 21:31:27,P0002,SU00170_13_SESS_U00170_13_0
AU00172_13_SESS_U00172_13_0,U00172,SESS_U00172_13_0,2026-06-14 19:22:40,P0005,SU00172_13_SESS_U00172_13_0
AU00175_13_SESS_U00175_13_0,U00175,SESS_U00175_13_0,2026-06-14 07:37:37,P0368,SU00175_13_SESS_U00175_13_0
AU00180_13_SESS_U00180_13_0,U00180,SESS_U00180_13_0,2026-06-14 16:37:29,P0128,SU00180_13_SESS_U00180_13_0
AU00184_13_SESS_U00184_13_0,U00184,SESS_U00184_13_0,2026-06-14 21:17:17,P0047,SU00184_13_SESS_U00184_13_0
AU00221_13_SESS_U00221_13_1,U00221,SESS_U00221_13_1,2026-06-14 16:13:58,P0262,SU00221_13_SESS_U00221_13_1
AU00232_13_SESS_U00232_13_0,U00232,SESS_U00232_13_0,2026-06-14 22:31:40,P0112,SU00232_13_SESS_U00232_13_0
AU00239_13_SESS_U00239_13_0,U00239,SESS_U00239_13_0,2026-06-14 10:07:14,P0102,SU00239_13_SESS_U00239_13_0
AU00246_13_SESS_U00246_13_1,U00246,SESS_U00246_13_1,2026-06-14 14:30:37,P0047,SU00246_13_SESS_U00246_13_1
AU00254_13_SESS_U00254_13_0,U00254,SESS_U00254_13_0,2026-06-14 20:39:33,P0018,SU00254_13_SESS_U00254_13_0
AU00263_13_SESS_U00263_13_0,U00263,SESS_U00263_13_0,2026-06-14 13:52:26,P0005,SU00263_13_SESS_U00263_13_0
AU00269_13_SESS_U00269_13_0,U00269,SESS_U00269_13_0,2026-06-14 16:35:45,P0138,SU00269_13_SESS_U00269_13_0
AU00279_13_SESS_U00279_13_0,U00279,SESS_U00279_13_0,2026-06-14 09:09:30,P0276,SU00279_13_SESS_U00279_13_0
AU00286_13_SESS_U00286_13_0,U00286,SESS_U00286_13_0,2026-06-14 09:33:53,P0531,SU00286_13_SESS_U00286_13_0
AU00290_13_SESS_U00290_13_0,U00290,SESS_U00290_13_0,2026-06-14 13:45:16,P0013,SU00290_13_SESS_U00290_13_0
AU00301_13_SESS_U00301_13_0,U00301,SESS_U00301_13_0,2026-06-14 15:49:21,P0004,SU00301_13_SESS_U00301_13_0
AU00310_13_SESS_U00310_13_0,U00310,SESS_U00310_13_0,2026-06-14 15:55:56,P0228,SU00310_13_SESS_U00310_13_0
AU00313_13_SESS_U00313_13_0,U00313,SESS_U00313_13_0,2026-06-14 12:10:09,P0281,SU00313_13_SESS_U00313_13_0
AU00314_13_SESS_U00314_13_0,U00314,SESS_U00314_13_0,2026-06-14 21:31:50,P0412,SU00314_13_SESS_U00314_13_0
AU00321_13_SESS_U00321_13_0,U00321,SESS_U00321_13_0,2026-06-14 07:35:27,P0232,SU00321_13_SESS_U00321_13_0
AU00330_13_SESS_U00330_13_0,U00330,SESS_U00330_13_0,2026-06-14 22:12:24,P0473,SU00330_13_SESS_U00330_13_0
AU00357_13_SESS_U00357_13_0,U00357,SESS_U00357_13_0,2026-06-14 09:24:38,P0062,SU00357_13_SESS_U00357_13_0
AU00380_13_SESS_U00380_13_0,U00380,SESS_U00380_13_0,2026-06-14 11:48:34,P0002,SU00380_13_SESS_U00380_13_0
AU00380_13_SESS_U00380_13_0,U00380,SESS_U00380_13_0,2026-06-14 09:51:46,P0128,SU00380_13_SESS_U00380_13_0
AU00384_13_SESS_U00384_13_1,U00384,SESS_U00384_13_1,2026-06-14 09:49:31,P0492,SU00384_13_SESS_U00384_13_1
AU00405_13_SESS_U00405_13_0,U00405,SESS_U00405_13_0,2026-06-14 10:53:56,P0298,SU00405_13_SESS_U00405_13_0
AU00406_13_SESS_U00406_13_0,U00406,SESS_U00406_13_0,2026-06-14 10:18:39,P0112,SU00406_13_SESS_U00406_13_0
AU00413_13_SESS_U00413_13_0,U00413,SESS_U00413_13_0,2026-06-14 17:42:51,P0002,SU00413_13_SESS_U00413_13_0
AU00414_13_SESS_U00414_13_0,U00414,SESS_U00414_13_0,2026-06-14 07:02:52,P0052,SU00414_13_SESS_U00414_13_0
AU00416_13_SESS_U00416_13_0,U00416,SESS_U00416_13_0,2026-06-14 18:07:40,P0218,SU00416_13_SESS_U00416_13_0
AU00421_13_SESS_U00421_13_0,U00421,SESS_U00421_13_0,2026-06-14 14:19:39,P0013,SU00421_13_SESS_U00421_13_0
AU00428_13_SESS_U00428_13_0,U00428,SESS_U00428_13_0,2026-06-14 11:01:35,P0451,SU00428_13_SESS_U00428_13_0
AU00433_13_SESS_U00433_13_0,U00433,SESS_U00433_13_0,2026-06-14 17:14:45,P0085,SU00433_13_SESS_U00433_13_0
AU00447_13_SESS_U00447_13_0,U00447,SESS_U00447_13_0,2026-06-14 11:04:19,P0155,SU00447_13_SESS_U00447_13_0
AU00457_13_SESS_U00457_13_0,U00457,SESS_U00457_13_0,2026-06-14 07:14:31,P0298,SU00457_13_SESS_U00457_13_0
AU00463_13_SESS_U00463_13_0,U00463,SESS_U00463_13_0,2026-06-14 13:51:39,P0640,SU00463_13_SESS_U00463_13_0
AU00463_13_SESS_U00463_13_0,U00463,SESS_U00463_13_0,2026-06-14 11:53:28,P0126,SU00463_13_SESS_U00463_13_0
AU00473_13_SESS_U00473_13_0,U00473,SESS_U00473_13_0,2026-06-14 21:18:55,P0044,SU00473_13_SESS_U00473_13_0
AU00483_13_SESS_U00483_13_0,U00483,SESS_U00483_13_0,2026-06-14 16:33:20,P0005,SU00483_13_SESS_U00483_13_0
AU00490_13_SESS_U00490_13_0,U00490,SESS_U00490_13_0,2026-06-14 19:49:43,P0013,SU00490_13_SESS_U00490_13_0
AU00491_13_SESS_U00491_13_0,U00491,SESS_U00491_13_0,2026-06-14 16:08:10,P0129,SU00491_13_SESS_U00491_13_0
AU00507_13_SESS_U00507_13_1,U00507,SESS_U00507_13_1,2026-06-14 09:17:18,P0062,SU00507_13_SESS_U00507_13_1
AU00519_13_SESS_U00519_13_1,U00519,SESS_U00519_13_1,2026-06-14 09:12:29,P0002,SU00519_13_SESS_U00519_13_1
AU00527_13_SESS_U00527_13_0,U00527,SESS_U00527_13_0,2026-06-14 14:20:43,P0239,SU00527_13_SESS_U00527_13_0
AU00531_13_SESS_U00531_13_0,U00531,SESS_U00531_13_0,2026-06-14 12:31:14,P0305,SU00531_13_SESS_U00531_13_0
AU00542_13_SESS_U00542_13_0,U00542,SESS_U00542_13_0,2026-06-14 07:47:14,P0073,SU00542_13_SESS_U00542_13_0
AU00544_13_SESS_U00544_13_0,U00544,SESS_U00544_13_0,2026-06-14 17:19:57,P0025,SU00544_13_SESS_U00544_13_0
AU00545_13_SESS_U00545_13_0,U00545,SESS_U00545_13_0,2026-06-14 17:13:42,P0186,SU00545_13_SESS_U00545_13_0
AU00545_13_SESS_U00545_13_0,U00545,SESS_U00545_13_0,2026-06-14 20:03:34,P0310,SU00545_13_SESS_U00545_13_0
AU00545_13_SESS_U00545_13_0,U00545,SESS_U00545_13_0,2026-06-14 14:06:49,P0308,SU00545_13_SESS_U00545_13_0
AU00548_13_SESS_U00548_13_0,U00548,SESS_U00548_13_0,2026-06-14 21:21:42,P0369,SU00548_13_SESS_U00548_13_0
AU00559_13_SESS_U00559_13_0,U00559,SESS_U00559_13_0,2026-06-14 09:08:17,P0074,SU00559_13_SESS_U00559_13_0
AU00565_13_SESS_U00565_13_0,U00565,SESS_U00565_13_0,2026-06-14 19:51:37,P0017,SU00565_13_SESS_U00565_13_0
AU00582_13_SESS_U00582_13_0,U00582,SESS_U00582_13_0,2026-06-14 18:49:29,P0050,SU00582_13_SESS_U00582_13_0
AU00589_13_SESS_U00589_13_0,U00589,SESS_U00589_13_0,2026-06-14 09:49:21,P0002,SU00589_13_SESS_U00589_13_0
AU00595_13_SESS_U00595_13_0,U00595,SESS_U00595_13_0,2026-06-14 18:43:28,P0065,SU00595_13_SESS_U00595_13_0
AU00601_13_SESS_U00601_13_0,U00601,SESS_U00601_13_0,2026-06-14 14:18:43,P0584,SU00601_13_SESS_U00601_13_0
AU00608_13_SESS_U00608_13_0,U00608,SESS_U00608_13_0,2026-06-14 07:09:19,P0002,SU00608_13_SESS_U00608_13_0
AU00611_13_SESS_U00611_13_0,U00611,SESS_U00611_13_0,2026-06-14 17:50:55,P0049,SU00611_13_SESS_U00611_13_0
AU00618_13_SESS_U00618_13_1,U00618,SESS_U00618_13_1,2026-06-14 16:53:17,P0001,SU00618_13_SESS_U00618_13_1
AU00646_13_SESS_U00646_13_0,U00646,SESS_U00646_13_0,2026-06-14 09:17:42,P0056,SU00646_13_SESS_U00646_13_0
AU00650_13_SESS_U00650_13_0,U00650,SESS_U00650_13_0,2026-06-14 20:36:08,P0031,SU00650_13_SESS_U00650_13_0
AU00654_13_SESS_U00654_13_0,U00654,SESS_U00654_13_0,2026-06-14 12:12:01,P0149,SU00654_13_SESS_U00654_13_0
AU00661_13_SESS_U00661_13_0,U00661,SESS_U00661_13_0,2026-06-14 18:26:54,P0095,SU00661_13_SESS_U00661_13_0
AU00692_13_SESS_U00692_13_1,U00692,SESS_U00692_13_1,2026-06-14 12:08:21,P0599,SU00692_13_SESS_U00692_13_1
AU00698_13_SESS_U00698_13_0,U00698,SESS_U00698_13_0,2026-06-14 18:23:42,P0342,SU00698_13_SESS_U00698_13_0
AU00699_13_SESS_U00699_13_0,U00699,SESS_U00699_13_0,2026-06-14 09:00:24,P0592,SU00699_13_SESS_U00699_13_0
AU00715_13_SESS_U00715_13_0,U00715,SESS_U00715_13_0,2026-06-14 09:15:14,P0014,SU00715_13_SESS_U00715_13_0
AU00715_13_SESS_U00715_13_1,U00715,SESS_U00715_13_1,2026-06-14 09:13:00,P0002,SU00715_13_SESS_U00715_13_1
AU00725_13_SESS_U00725_13_0,U00725,SESS_U00725_13_0,2026-06-14 08:41:56,P0356,SU00725_13_SESS_U00725_13_0
AU00727_13_SESS_U00727_13_0,U00727,SESS_U00727_13_0,2026-06-14 07:45:47,P0003,SU00727_13_SESS_U00727_13_0
AU00727_13_SESS_U00727_13_0,U00727,SESS_U00727_13_0,2026-06-14 18:46:50,P0016,SU00727_13_SESS_U00727_13_0
AU00731_13_SESS_U00731_13_0,U00731,SESS_U00731_13_0,2026-06-14 20:43:35,P0433,SU00731_13_SESS_U00731_13_0
AU00731_13_SESS_U00731_13_0,U00731,SESS_U00731_13_0,2026-06-14 15:33:41,P0048,SU00731_13_SESS_U00731_13_0
AU00731_13_SESS_U00731_13_1,U00731,SESS_U00731_13_1,2026-06-14 22:38:16,P0081,SU00731_13_SESS_U00731_13_1
AU00736_13_SESS_U00736_13_0,U00736,SESS_U00736_13_0,2026-06-14 18:09:34,P0002,SU00736_13_SESS_U00736_13_0
AU00754_13_SESS_U00754_13_0,U00754,SESS_U00754_13_0,2026-06-14 14:19:41,P0421,SU00754_13_SESS_U00754_13_0
AU00763_13_SESS_U00763_13_0,U00763,SESS_U00763_13_0,2026-06-14 08:24:43,P0188,SU00763_13_SESS_U00763_13_0
AU00795_13_SESS_U00795_13_1,U00795,SESS_U00795_13_1,2026-06-14 12:23:54,P0117,SU00795_13_SESS_U00795_13_1
AU00798_13_SESS_U00798_13_0,U00798,SESS_U00798_13_0,2026-06-14 21:15:54,P0006,SU00798_13_SESS_U00798_13_0
