event_id,user_id,session_id,timestamp,search_event_id,product_id,result_position
CU00007_0_SESS_U00007_0_0_0,U00007,SESS_U00007_0_0,2026-06-01 08:52:21,SU00007_0_SESS_U00007_0_0_0,P0599,2
CU00008_0_SESS_U00008_0_0_0,U00008,SESS_U00008_0_0,2026-06-01 20:00:05,SU00008_0_SESS_U00008_0_0_0,P0006,5
CU00011_0_SESS_U00011_0_0_0,U00011,SESS_U00011_0_0,2026-06-01 09:24:08,SU00011_0_SESS_U00011_0_0_0,P0136,5
CU00015_0_SESS_U00015_0_0_1,U00015,SESS_U00015_0_0,2026-06-01 20:56:15,SU00015_0_SESS_U00015_0_0_1,P0041,1
CU00022_0_SESS_U00022_0_0_0,U00022,SESS_U00022_0_0,2026-06-01 08:43:11,SU00022_0_SESS_U00022_0_0_0,P0075,2
CU00022_0_SESS_U00022_0_0_1,U00022,SESS_U00022_0_0,2026-06-01 18:49:19,SU00022_0_SESS_U00022_0_0_1,P0065,1
CU00027_0_SESS_U00027_0_0_0,U00027,SESS_U00027_0_0,2026-06-01 13:12:12,SU00027_0_SESS_U00027_0_0_0,P0261,5
CU00033_0_SESS_U00033_0_0_0,U00033,SESS_U00033_0_0,2026-06-01 15:27:21,SU00033_0_SESS_U00033_0_0_0,P0002,1
CU00037_0_SESS_U00037_0_0_0,U00037,SESS_U00037_0_0,2026-06-01 19:05:14,SU00037_0_SESS_U00037_0_0_0,P0016,1
CU00037_0_SESS_U00037_0_1_0,U00037,SESS_U00037_0_1,2026-06-01 14:41:19,SU00037_0_SESS_U00037_0_1_0,P0450,7
CU00048_0_SESS_U00048_0_0_0,U00048,SESS_U00048_0_0,2026-06-01 15:24:08,SU00048_0_SESS_U00048_0_0_0,P0041,1
CU00058_0_SESS_U00058_0_0_0,U00058,SESS_U00058_0_0,2026-06-01 22:07:23,SU00058_0_SESS_U00058_0_0_0,P0115,1
CU00058_0_SESS_U00058_0_1_0,U00058,SESS_U00058_0_1,2026-06-01 20:57:12,SU00058_0_SESS_U00058_0_1_0,P0482,5
CU00058_0_SESS_U00058_0_1_1,U00058,SESS_U00058_0_1,2026-06-01 16:11:16,SU00058_0_SESS_U00058_0_1_1,P0451,1
CU00059_0_SESS_U00059_0_0_0,U00059,SESS_U00059_0_0,2026-06-01 15:11:25,SU00059_0_SESS_U00059_0_0_0,P0003,2
CU00060_0_SESS_U00060_0_0_1,U00060,SESS_U00060_0_0,2026-06-01 22:05:18,SU00060_0_SESS_U00060_0_0_1,P0249,3
CU00060_0_SESS_U00060_0_0_2,U00060,SESS_U00060_0_0,2026-06-01 07:22:19,SU00060_0_SESS_U00060_0_0_2,P0049,1
CU00073_0_SESS_U00073_0_0_0,U00073,SESS_U00073_0_0,2026-06-01 12:02:21,SU00073_0_SESS_U00073_0_0_0,P0433,1
CU00077_0_SESS_U00077_0_0_0,U00077,SESS_U00077_0_0,2026-06-01 21:47:03,SU00077_0_SESS_U00077_0_0_0,P0154,7
CU00078_0_SESS_U00078_0_0_0,U00078,SESS_U00078_0_0,2026-06-01 08:49:13,SU00078_0_SESS_U00078_0_0_0,P0002,1
CU00080_0_SESS_U00080_0_0_0,U00080,SESS_U00080_0_0,2026-06-01 09:20:03,SU00080_0_SESS_U00080_0_0_0,P0006,1
CU00080_0_SESS_U00080_0_1_0,U00080,SESS_U00080_0_1,2026-06-01 07:27:06,SU00080_0_SESS_U00080_0_1_0,P0246,1
CU00080_0_SESS_U00080_0_1_1,U00080,SESS_U00080_0_1,2026-06-01 11:28:12,SU00080_0_SESS_U00080_0_1_1,P0339,1
CU00097_0_SESS_U00097_0_0_2,U00097,SESS_U00097_0_0,2026-06-01 10:33:07,SU00097_0_SESS_U00097_0_0_2,P0115,3
CU00106_0_SESS_U00106_0_0_0,U00106,SESS_U00106_0_0,2026-06-01 19:41:18,SU00106_0_SESS_U00106_0_0_0,P0059,3
CU00112_0_SESS_U00112_0_0_0,U00112,SESS_U00112_0_0,2026-06-01 07:01:18,SU00112_0_SESS_U00112_0_0_0,P0002,1
CU00119_0_SESS_U00119_0_0_0,U00119,SESS_U00119_0_0,2026-06-01 20:40:19,SU00119_0_SESS_U00119_0_0_0,P0016,1
CU00120_0_SESS_U00120_0_0_0,U00120,SESS_U00120_0_0,2026-06-01 07:58:21,SU00120_0_SESS_U00120_0_0_0,P0166,4
CU00123_0_SESS_U00123_0_0_0,U00123,SESS_U00123_0_0,2026-06-01 20:38:19,SU00123_0_SESS_U00123_0_0_0,P0028,1
CU00125_0_SESS_U00125_0_0_0,U00125,SESS_U00125_0_0,2026-06-01 11:45:04,SU00125_0_SESS_U00125_0_0_0,P0001,1
CU00125_0_SESS_U00125_0_0_1,U00125,SESS_U00125_0_0,2026-06-01 19:01:21,SU00125_0_SESS_U00125_0_0_1,P0016,2
CU00129_0_SESS_U00129_0_0_2,U00129,SESS_U00129_0_0,2026-06-01 07:56:06,SU00129_0_SESS_U00129_0_0_2,P0427,1
CU00129_0_SESS_U00129_0_1_0,U00129,SESS_U00129_0_1,2026-06-01 21:18:11,SU00129_0_SESS_U00129_0_1_0,P0171,1
CU00134_0_SESS_U00134_0_0_0,U00134,SESS_U00134_0_0,2026-06-01 21:43:11,SU00134_0_SESS_U00134_0_0_0,P0027,1
CU00147_0_SESS_U00147_0_0_0,U00147,SESS_U00147_0_0,2026-06-01 14:20:05,SU00147_0_SESS_U00147_0_0_0,P0230,3
CU00149_0_SESS_U00149_0_0_0,U00149,SESS_U00149_0_0,2026-06-01 14:18:12,SU00149_0_SESS_U00149_0_0_0,P0069,4
CU00150_0_SESS_U00150_0_0_1,U00150,SESS_U00150_0_0,2026-06-01 13:48:04,SU00150_0_SESS_U00150_0_0_1,P0028,1
CU00166_0_SESS_U00166_0_0_0,U00166,SESS_U00166_0_0,2026-06-01 21:32:16,SU00166_0_SESS_U00166_0_0_0,P0310,3
CU00170_0_SESS_U00170_0_0_0,U00170,SESS_U00170_0_0,2026-06-01 12:22:23,SU00170_0_SESS_U00170_0_0_0,P0002,1
CU00179_0_SESS_U00179_0_0_0,U00179,SESS_U00179_0_0,2026-06-01 18:31:11,SU00179_0_SESS_U00179_0_0_0,P0433,1
CU00179_0_SESS_U00179_0_0_1,U00179,SESS_U00179_0_0,2026-06-01 21:36:05,SU00179_0_SESS_U00179_0_0_1,P0427,1
CU00179_0_SESS_U00179_0_1_0,U00179,SESS_U00179_0_1,2026-06-01 20:31:03,SU00179_0_SESS_U00179_0_1_0,P0183,1
CU00179_0_SESS_U00179_0_1_1,U00179,SESS_U00179_0_1,2026-06-01 19:53:23,SU00179_0_SESS_U00179_0_1_1,P0190,1
CU00187_0_SESS_U00187_0_0_0,U00187,SESS_U00187_0_0,2026-06-01 15:15:23,SU00187_0_SESS_U00187_0_0_0,P0205,1
CU00187_0_SESS_U00187_0_0_1,U00187,SESS_U00187_0_0,2026-06-01 22:46:21,SU00187_0_SESS_U00187_0_0_1,P0086,1
CU00192_0_SESS_U00192_0_0_0,U00192,SESS_U00192_0_0,2026-06-01 20:56:24,SU00192_0_SESS_U00192_0_0_0,P0001,1
CU00197_0_SESS_U00197_0_1_0,U00197,SESS_U00197_0_1,2026-06-01 19:16:09,SU00197_0_SESS_U00197_0_1_0,P0034,1
CU00200_0_SESS_U00200_0_0_0,U00200,SESS_U00200_0_0,2026-06-01 14:35:25,SU00200_0_SESS_U00200_0_0_0,P0065,1
CU00203_0_SESS_U00203_0_0_1,U00203,SESS_U00203_0_0,2026-06-01 19:34:21,SU00203_0_SESS_U00203_0_0_1,P0285,4
CU00203_0_SESS_U00203_0_0_2,U00203,SESS_U00203_0_0,2026-06-01 08:25:03,SU00203_0_SESS_U00203_0_0_2,P0023,1
CU00216_0_SESS_U00216_0_0_1,U00216,SESS_U00216_0_0,2026-06-01 18:46:14,SU00216_0_SESS_U00216_0_0_1,P0279,7
CU00225_0_SESS_U00225_0_0_0,U00225,SESS_U00225_0_0,2026-06-01 11:31:04,SU00225_0_SESS_U00225_0_0_0,P0467,4
CU00231_0_SESS_U00231_0_0_0,U00231,SESS_U00231_0_0,2026-06-01 17:14:22,SU00231_0_SESS_U00231_0_0_0,P0001,1
CU00237_0_SESS_U00237_0_0_0,U00237,SESS_U00237_0_0,2026-06-01 18:09:24,SU00237_0_SESS_U00237_0_0_0,P0016,1
CU00246_0_SESS_U00246_0_1_0,U00246,SESS_U00246_0_1,2026-06-01 15:34:11,SU00246_0_SESS_U00246_0_1_0,P0149,1
CU00246_0_SESS_U00246_0_1_1,U00246,SESS_U00246_0_1,2026-06-01 10:12:07,SU00246_0_SESS_U00246_0_1_1,P0228,1
CU00246_0_SESS_U00246_0_1_2,U00246,SESS_U00246_0_1,2026-06-01 11:00:03,SU00246_0_SESS_U00246_0_1_2,P0565,1
CU00254_0_SESS_U00254_0_0_1,U00254,SESS_U00254_0_0,2026-06-01 07:59:13,SU00254_0_SESS_U00254_0_0_1,P0012,7
CU00257_0_SESS_U00257_0_0_0,U00257,SESS_U00257_0_0,2026-06-01 22:48:23,SU00257_0_SESS_U00257_0_0_0,P0232,8
CU00257_0_SESS_U00257_0_0_1,U00257,SESS_U00257_0_0,2026-06-01 15:08:06,SU00257_0_SESS_U00257_0_0_1,P0427,1
CU00259_0_SESS_U00259_0_0_0,U00259,SESS_U00259_0_0,2026-06-01 09:59:04,SU00259_0_SESS_U00259_0_0_0,P0002,1
CU00264_0_SESS_U00264_0_1_1,U00264,SESS_U00264_0_1,2026-06-01 14:14:16,SU00264_0_SESS_U00264_0_1_1,P0005,1
CU00265_0_SESS_U00265_0_0_0,U00265,SESS_U00265_0_0,2026-06-01 15:48:05,SU00265_0_SESS_U00265_0_0_0,P0048,1
CU00269_0_SESS_U00269_0_0_0,U00269,SESS_U00269_0_0,2026-06-01 16:43:03,SU00269_0_SESS_U00269_0_0_0,P0041,1
CU00270_0_SESS_U00270_0_0_0,U00270,SESS_U00270_0_0,2026-06-01 19:56:21,SU00270_0_SESS_U00270_0_0_0,P0249,6
CU00270_0_SESS_U00270_0_0_2,U00270,SESS_U00270_0_0,2026-06-01 07:11:23,SU00270_0_SESS_U00270_0_0_2,P0427,1
CU00270_0_SESS_U00270_0_1_1,U00270,SESS_U00270_0_1,2026-06-01 07:16:09,SU00270_0_SESS_U00270_0_1_1,P0074,8
CU00274_0_SESS_U00274_0_0_0,U00274,SESS_U00274_0_0,2026-06-01 16:35:25,SU00274_0_SESS_U00274_0_0_0,P0013,1
CU00289_0_SESS_U00289_0_0_1,U00289,SESS_U00289_0_0,2026-06-01 22:32:15,SU00289_0_SESS_U00289_0_0_1,P0369,1
CU00295_0_SESS_U00295_0_1_0,U00295,SESS_U00295_0_1,2026-06-01 14:09:14,SU00295_0_SESS_U00295_0_1_0,P0173,6
CU00297_0_SESS_U00297_0_1_0,U00297,SESS_U00297_0_1,2026-06-01 20:07:15,SU00297_0_SESS_U00297_0_1_0,P0344,5
CU00299_0_SESS_U00299_0_0_0,U00299,SESS_U00299_0_0,2026-06-01 21:44:08,SU00299_0_SESS_U00299_0_0_0,P0494,7
CU00305_0_SESS_U00305_0_0_0,U00305,SESS_U00305_0_0,2026-06-01 18:33:03,SU00305_0_SESS_U00305_0_0_0,P0002,1
CU00306_0_SESS_U00306_0_0_0,U00306,SESS_U00306_0_0,2026-06-01 09:12:12,SU00306_0_SESS_U00306_0_0_0,P0059,4
CU00315_0_SESS_U00315_0_0_0,U00315,SESS_U00315_0_0,2026-06-01 15:33:11,SU00315_0_SESS_U00315_0_0_0,P0027,1
CU00316_0_SESS_U00316_0_0_0,U00316,SESS_U00316_0_0,2026-06-01 14:55:20,SU00316_0_SESS_U00316_0_0_0,P0023,1
CU00323_0_SESS_U00323_0_0_0,U00323,SESS_U00323_0_0,2026-06-01 10:03:22,SU00323_0_SESS_U00323_0_0_0,P0467,1
CU00323_0_SESS_U00323_0_0_1,U00323,SESS_U00323_0_0,2026-06-01 16:51:07,SU00323_0_SESS_U00323_0_0_1,P0061,2
CU00323_0_SESS_U00323_0_0_2,U00323,SESS_U00323_0_0,2026-06-01 13:50:10,SU00323_0_SESS_U00323_0_0_2,P0069,1
CU00326_0_SESS_U00326_0_1_1,U00326,SESS_U00326_0_1,2026-06-01 19:02:12,SU00326_0_SESS_U00326_0_1_1,P0003,1
CU00328_0_SESS_U00328_0_0_0,U00328,SESS_U00328_0_0,2026-06-01 09:18:18,SU00328_0_SESS_U00328_0_0_0,P0079,1
CU00329_0_SESS_U00329_0_0_0,U00329,SESS_U00329_0_0,2026-06-01 09:12:10,SU00329_0_SESS_U00329_0_0_0,P0001,1
CU00329_0_SESS_U00329_0_0_1,U00329,SESS_U00329_0_0,2026-06-01 07:22:12,SU00329_0_SESS_U00329_0_0_1,P0078,1
CU00335_0_SESS_U00335_0_1_0,U00335,SESS_U00335_0_1,2026-06-01 09:21:18,SU00335_0_SESS_U00335_0_1_0,P0183,8
CU00346_0_SESS_U00346_0_1_0,U00346,SESS_U00346_0_1,2026-06-01 08:52:06,SU00346_0_SESS_U00346_0_1_0,P0107,1
CU00349_0_SESS_U00349_0_0_0,U00349,SESS_U00349_0_0,2026-06-01 20:50:10,SU00349_0_SESS_U00349_0_0_0,P0039,1
CU00350_0_SESS_U00350_0_0_1,U00350,SESS_U00350_0_0,2026-06-01 17:58:05,SU00350_0_SESS_U00350_0_0_1,P0073,7
CU00352_0_SESS_U00352_0_0_0,U00352,SESS_U00352_0_0,2026-06-01 22:08:12,SU00352_0_SESS_U00352_0_0_0,P0611,6
CU00355_0_SESS_U00355_0_0_0,U00355,SESS_U00355_0_0,2026-06-01 21:35:24,SU00355_0_SESS_U00355_0_0_0,P0002,1
CU00361_0_SESS_U00361_0_0_0,U00361,SESS_U00361_0_0,2026-06-01 13:05:22,SU00361_0_SESS_U00361_0_0_0,P0131,3
CU00364_0_SESS_U00364_0_0_1,U00364,SESS_U00364_0_0,2026-06-01 18:10:22,SU00364_0_SESS_U00364_0_0_1,P0002,1
CU00375_0_SESS_U00375_0_0_0,U00375,SESS_U00375_0_0,2026-06-01 15:18:23,SU00375_0_SESS_U00375_0_0_0,P0094,2
CU00376_0_SESS_U00376_0_0_0,U00376,SESS_U00376_0_0,2026-06-01 15:09:19,SU00376_0_SESS_U00376_0_0_0,P0047,2
CU00377_0_SESS_U00377_0_0_0,U00377,SESS_U00377_0_0,2026-06-01 15:20:04,SU00377_0_SESS_U00377_0_0_0,P0622,1
CU00388_0_SESS_U00388_0_0_0,U00388,SESS_U00388_0_0,2026-06-01 21:25:15,SU00388_0_SESS_U00388_0_0_0,P0565,1
CU00391_0_SESS_U00391_0_0_0,U00391,SESS_U00391_0_0,2026-06-01 08:09:24,SU00391_0_SESS_U00391_0_0_0,P0044,1
CU00394_0_SESS_U00394_0_0_1,U00394,SESS_U00394_0_0,2026-06-01 10:49:13,SU00394_0_SESS_U00394_0_0_1,P0012,6
CU00395_0_SESS_U00395_0_0_0,U00395,SESS_U00395_0_0,2026-06-01 14:36:11,SU00395_0_SESS_U00395_0_0_0,P0079,1
CU00402_0_SESS_U00402_0_0_0,U00402,SESS_U00402_0_0,2026-06-01 14:32:04,SU00402_0_SESS_U00402_0_0_0,P0155,1
CU00416_0_SESS_U00416_0_1_0,U00416,SESS_U00416_0_1,2026-06-01 11:28:17,SU00416_0_SESS_U00416_0_1_0,P0021,1
CU00420_0_SESS_U00420_0_0_0,U00420,SESS_U00420_0_0,2026-06-01 15:27:11,SU00420_0_SESS_U00420_0_0_0,P0481,6
CU00420_0_SESS_U00420_0_1_0,U00420,SESS_U00420_0_1,2026-06-01 08:51:24,SU00420_0_SESS_U00420_0_1_0,P0488,1
CU00421_0_SESS_U00421_0_0_0,U00421,SESS_U00421_0_0,2026-06-01 21:12:15,SU00421_0_SESS_U00421_0_0_0,P0015,1
CU00421_0_SESS_U00421_0_0_1,U00421,SESS_U00421_0_0,2026-06-01 13:49:25,SU00421_0_SESS_U00421_0_0_1,P0002,1
CU00422_0_SESS_U00422_0_1_0,U00422,SESS_U00422_0_1,2026-06-01 17:22:08,SU00422_0_SESS_U00422_0_1_0,P0049,1
CU00426_0_SESS_U00426_0_1_0,U00426,SESS_U00426_0_1,2026-06-01 13:45:19,SU00426_0_SESS_U00426_0_1_0,P0009,5
CU00427_0_SESS_U00427_0_0_0,U00427,SESS_U00427_0_0,2026-06-01 19:01:05,SU00427_0_SESS_U00427_0_0_0,P0300,5
CU00438_0_SESS_U00438_0_0_1,U00438,SESS_U00438_0_0,2026-06-01 21:48:04,SU00438_0_SESS_U00438_0_0_1,P0514,4
CU00442_0_SESS_U00442_0_0_0,U00442,SESS_U00442_0_0,2026-06-01 09:44:10,SU00442_0_SESS_U00442_0_0_0,P0032,4
CU00443_0_SESS_U00443_0_0_0,U00443,SESS_U00443_0_0,2026-06-01 08:29:10,SU00443_0_SESS_U00443_0_0_0,P0021,1
CU00445_0_SESS_U00445_0_0_0,U00445,SESS_U00445_0_0,2026-06-01 17:06:15,SU00445_0_SESS_U00445_0_0_0,P0263,2
CU00451_0_SESS_U00451_0_0_0,U00451,SESS_U00451_0_0,2026-06-01 09:45:12,SU00451_0_SESS_U00451_0_0_0,P0001,1
CU00453_0_SESS_U00453_0_0_0,U00453,SESS_U00453_0_0,2026-06-01 10:05:12,SU00453_0_SESS_U00453_0_0_0,P0017,1
CU00455_0_SESS_U00455_0_0_2,U00455,SESS_U00455_0_0,2026-06-01 10:10:23,SU00455_0_SESS_U00455_0_0_2,P0069,5
CU00458_0_SESS_U00458_0_0_0,U00458,SESS_U00458_0_0,2026-06-01 07:21:13,SU00458_0_SESS_U00458_0_0_0,P0400,3
CU00459_0_SESS_U00459_0_0_0,U00459,SESS_U00459_0_0,2026-06-01 17:23:17,SU00459_0_SESS_U00459_0_0_0,P0027,1
CU00460_0_SESS_U00460_0_0_0,U00460,SESS_U00460_0_0,2026-06-01 07:45:08,SU00460_0_SESS_U00460_0_0_0,P0482,7
CU00460_0_SESS_U00460_0_0_1,U00460,SESS_U00460_0_0,2026-06-01 15:01:23,SU00460_0_SESS_U00460_0_0_1,P0012,6
CU00460_0_SESS_U00460_0_0_2,U00460,SESS_U00460_0_0,2026-06-01 07:04:06,SU00460_0_SESS_U00460_0_0_2,P0111,1
CU00468_0_SESS_U00468_0_0_1,U00468,SESS_U00468_0_0,2026-06-01 21:21:15,SU00468_0_SESS_U00468_0_0_1,P0002,1
CU00475_0_SESS_U00475_0_0_0,U00475,SESS_U00475_0_0,2026-06-01 15:11:04,SU00475_0_SESS_U00475_0_0_0,P0048,1
CU00477_0_SESS_U00477_0_0_1,U00477,SESS_U00477_0_0,2026-06-01 18:23:10,SU00477_0_SESS_U00477_0_0_1,P0121,2
CU00479_0_SESS_U00479_0_0_0,U00479,SESS_U00479_0_0,2026-06-01 19:54:18,SU00479_0_SESS_U00479_0_0_0,P0437,3
CU00480_0_SESS_U00480_0_0_0,U00480,SESS_U00480_0_0,2026-06-01 10:07:05,SU00480_0_SESS_U00480_0_0_0,P0222,1
CU00481_0_SESS_U00481_0_0_0,U00481,SESS_U00481_0_0,2026-06-01 21:30:04,SU00481_0_SESS_U00481_0_0_0,P0002,1
CU00484_0_SESS_U00484_0_0_0,U00484,SESS_U00484_0_0,2026-06-01 14:33:09,SU00484_0_SESS_U00484_0_0_0,P0088,3
CU00484_0_SESS_U00484_0_0_1,U00484,SESS_U00484_0_0,2026-06-01 10:13:05,SU00484_0_SESS_U00484_0_0_1,P0230,4
CU00495_0_SESS_U00495_0_0_0,U00495,SESS_U00495_0_0,2026-06-01 12:00:05,SU00495_0_SESS_U00495_0_0_0,P0002,1
CU00500_0_SESS_U00500_0_0_0,U00500,SESS_U00500_0_0,2026-06-01 07:36:03,SU00500_0_SESS_U00500_0_0_0,P0011,1
CU00500_0_SESS_U00500_0_1_0,U00500,SESS_U00500_0_1,2026-06-01 08:10:21,SU00500_0_SESS_U00500_0_1_0,P0107,1
CU00500_0_SESS_U00500_0_1_1,U00500,SESS_U00500_0_1,2026-06-01 11:47:16,SU00500_0_SESS_U00500_0_1_1,P0004,5
CU00509_0_SESS_U00509_0_0_0,U00509,SESS_U00509_0_0,2026-06-01 12:55:15,SU00509_0_SESS_U00509_0_0_0,P0017,1
CU00512_0_SESS_U00512_0_0_0,U00512,SESS_U00512_0_0,2026-06-01 15:41:19,SU00512_0_SESS_U00512_0_0_0,P0002,1
CU00513_0_SESS_U00513_0_0_1,U00513,SESS_U00513_0_0,2026-06-01 14:27:20,SU00513_0_SESS_U00513_0_0_1,P0394,3
CU00513_0_SESS_U00513_0_1_0,U00513,SESS_U00513_0_1,2026-06-01 19:39:21,SU00513_0_SESS_U00513_0_1_0,P0584,1
CU00518_0_SESS_U00518_0_0_0,U00518,SESS_U00518_0_0,2026-06-01 12:25:12,SU00518_0_SESS_U00518_0_0_0,P0014,1
CU00530_0_SESS_U00530_0_0_0,U00530,SESS_U00530_0_0,2026-06-01 09:44:08,SU00530_0_SESS_U00530_0_0_0,P0002,1
CU00534_0_SESS_U00534_0_0_0,U00534,SESS_U00534_0_0,2026-06-01 15:10:04,SU00534_0_SESS_U00534_0_0_0,P0228,1
CU00534_0_SESS_U00534_0_0_1,U00534,SESS_U00534_0_0,2026-06-01 17:21:22,SU00534_0_SESS_U00534_0_0_1,P0012,1
CU00537_0_SESS_U00537_0_0_0,U00537,SESS_U00537_0_0,2026-06-01 07:14:18,SU00537_0_SESS_U00537_0_0_0,P0021,1
CU00537_0_SESS_U00537_0_0_1,U00537,SESS_U00537_0_0,2026-06-01 20:08:09,SU00537_0_SESS_U00537_0_0_1,P0011,8
CU00538_0_SESS_U00538_0_0_0,U00538,SESS_U00538_0_0,2026-06-01 14:32:25,SU00538_0_SESS_U00538_0_0_0,P0128,6
CU00538_0_SESS_U00538_0_0_1,U00538,SESS_U00538_0_0,2026-06-01 21:49:24,SU00538_0_SESS_U00538_0_0_1,P0012,6
CU00542_0_SESS_U00542_0_0_1,U00542,SESS_U00542_0_0,2026-06-01 14:09:10,SU00542_0_SESS_U00542_0_0_1,P0222,7
CU00543_0_SESS_U00543_0_0_0,U00543,SESS_U00543_0_0,2026-06-01 10:42:18,SU00543_0_SESS_U00543_0_0_0,P0192,1
CU00544_0_SESS_U00544_0_0_0,U00544,SESS_U00544_0_0,2026-06-01 17:39:05,SU00544_0_SESS_U00544_0_0_0,P0299,5
CU00549_0_SESS_U00549_0_0_0,U00549,SESS_U00549_0_0,2026-06-01 08:02:07,SU00549_0_SESS_U00549_0_0_0,P0121,3
CU00552_0_SESS_U00552_0_0_0,U00552,SESS_U00552_0_0,2026-06-01 19:30:12,SU00552_0_SESS_U00552_0_0_0,P0002,1
CU00554_0_SESS_U00554_0_0_0,U00554,SESS_U00554_0_0,2026-06-01 17:51:18,SU00554_0_SESS_U00554_0_0_0,P0002,1
CU00560_0_SESS_U00560_0_0_0,U00560,SESS_U00560_0_0,2026-06-01 17:43:03,SU00560_0_SESS_U00560_0_0_0,P0013,1
CU00562_0_SESS_U00562_0_0_1,U00562,SESS_U00562_0_0,2026-06-01 18:25:10,SU00562_0_SESS_U00562_0_0_1,P0084,1
CU00565_0_SESS_U00565_0_0_0,U00565,SESS_U00565_0_0,2026-06-01 21:21:09,SU00565_0_SESS_U00565_0_0_0,P0053,1
CU00572_0_SESS_U00572_0_0_0,U00572,SESS_U00572_0_0,2026-06-01 07:14:18,SU00572_0_SESS_U00572_0_0_0,P0127,1
CU00597_0_SESS_U00597_0_1_0,U00597,SESS_U00597_0_1,2026-06-01 12:33:14,SU00597_0_SESS_U00597_0_1_0,P0072,1
CU00610_0_SESS_U00610_0_0_0,U00610,SESS_U00610_0_0,2026-06-01 12:11:06,SU00610_0_SESS_U00610_0_0_0,P0285,8
CU00610_0_SESS_U00610_0_0_1,U00610,SESS_U00610_0_0,2026-06-01 07:57:25,SU00610_0_SESS_U00610_0_0_1,P0412,7
CU00612_0_SESS_U00612_0_0_0,U00612,SESS_U00612_0_0,2026-06-01 20:13:05,SU00612_0_SESS_U00612_0_0_0,P0203,1
CU00626_0_SESS_U00626_0_0_0,U00626,SESS_U00626_0_0,2026-06-01 20:09:09,SU00626_0_SESS_U00626_0_0_0,P0044,1
CU00630_0_SESS_U00630_0_0_0,U00630,SESS_U00630_0_0,2026-06-01 18:39:23,SU00630_0_SESS_U00630_0_0_0,P0451,1
CU00633_0_SESS_U00633_0_0_1,U00633,SESS_U00633_0_0,2026-06-01 11:32:25,SU00633_0_SESS_U00633_0_0_1,P0025,1
CU00633_0_SESS_U00633_0_0_2,U00633,SESS_U00633_0_0,2026-06-01 19:41:21,SU00633_0_SESS_U00633_0_0_2,P0077,5
CU00636_0_SESS_U00636_0_1_1,U00636,SESS_U00636_0_1,2026-06-01 19:01:07,SU00636_0_SESS_U00636_0_1_1,P0002,1
CU00642_0_SESS_U00642_0_0_0,U00642,SESS_U00642_0_0,2026-06-01 12:38:05,SU00642_0_SESS_U00642_0_0_0,P0227,1
CU00649_0_SESS_U00649_0_0_0,U00649,SESS_U00649_0_0,2026-06-01 21:14:24,SU00649_0_SESS_U00649_0_0_0,P0075,1
CU00650_0_SESS_U00650_0_0_0,U00650,SESS_U00650_0_0,2026-06-01 17:42:04,SU00650_0_SESS_U00650_0_0_0,P0463,2
CU00669_0_SESS_U00669_0_0_0,U00669,SESS_U00669_0_0,2026-06-01 16:37:03,SU00669_0_SESS_U00669_0_0_0,P0037,5
CU00671_0_SESS_U00671_0_1_0,U00671,SESS_U00671_0_1,2026-06-01 22:07:24,SU00671_0_SESS_U00671_0_1_0,P0126,8
CU00674_0_SESS_U00674_0_0_0,U00674,SESS_U00674_0_0,2026-06-01 09:46:22,SU00674_0_SESS_U00674_0_0_0,P0014,6
CU00674_0_SESS_U00674_0_0_1,U00674,SESS_U00674_0_0,2026-06-01 17:10:18,SU00674_0_SESS_U00674_0_0_1,P0190,3
CU00674_0_SESS_U00674_0_1_0,U00674,SESS_U00674_0_1,2026-06-01 16:49:22,SU00674_0_SESS_U00674_0_1_0,P0433,1
CU00677_0_SESS_U00677_0_0_1,U00677,SESS_U00677_0_0,2026-06-01 15:36:21,SU00677_0_SESS_U00677_0_0_1,P0002,1
CU00690_0_SESS_U00690_0_0_1,U00690,SESS_U00690_0_0,2026-06-01 12:23:12,SU00690_0_SESS_U00690_0_0_1,P0566,1
CU00690_0_SESS_U00690_0_1_0,U00690,SESS_U00690_0_1,2026-06-01 13:32:10,SU00690_0_SESS_U00690_0_1_0,P0416,1
CU00694_0_SESS_U00694_0_0_0,U00694,SESS_U00694_0_0,2026-06-01 15:32:24,SU00694_0_SESS_U00694_0_0_0,P0062,1
CU00698_0_SESS_U00698_0_0_0,U00698,SESS_U00698_0_0,2026-06-01 14:27:03,SU00698_0_SESS_U00698_0_0_0,P0006,4
CU00698_0_SESS_U00698_0_1_0,U00698,SESS_U00698_0_1,2026-06-01 12:12:13,SU00698_0_SESS_U00698_0_1_0,P0013,1
CU00700_0_SESS_U00700_0_0_0,U00700,SESS_U00700_0_0,2026-06-01 12:37:23,SU00700_0_SESS_U00700_0_0_0,P0421,1
CU00706_0_SESS_U00706_0_0_0,U00706,SESS_U00706_0_0,2026-06-01 15:42:17,SU00706_0_SESS_U00706_0_0_0,P0079,1
CU00714_0_SESS_U00714_0_0_0,U00714,SESS_U00714_0_0,2026-06-01 18:21:13,SU00714_0_SESS_U00714_0_0_0,P0156,1
CU00714_0_SESS_U00714_0_1_0,U00714,SESS_U00714_0_1,2026-06-01 10:24:09,SU00714_0_SESS_U00714_0_1_0,P0152,1
CU00714_0_SESS_U00714_0_1_1,U00714,SESS_U00714_0_1,2026-06-01 22:08:07,SU00714_0_SESS_U00714_0_1_1,P0171,1
CU00721_0_SESS_U00721_0_0_0,U00721,SESS_U00721_0_0,2026-06-01 14:03:11,SU00721_0_SESS_U00721_0_0_0,P0492,4
CU00725_0_SESS_U00725_0_0_0,U00725,SESS_U00725_0_0,2026-06-01 22:46:19,SU00725_0_SESS_U00725_0_0_0,P0002,1
CU00732_0_SESS_U00732_0_0_0,U00732,SESS_U00732_0_0,2026-06-01 08:52:24,SU00732_0_SESS_U00732_0_0_0,P0002,1
CU00732_0_SESS_U00732_0_0_1,U00732,SESS_U00732_0_0,2026-06-01 13:52:23,SU00732_0_SESS_U00732_0_0_1,P0006,4
CU00741_0_SESS_U00741_0_0_0,U00741,SESS_U00741_0_0,2026-06-01 20:02:24,SU00741_0_SESS_U00741_0_0_0,P0005,4
CU00744_0_SESS_U00744_0_0_0,U00744,SESS_U00744_0_0,2026-06-01 10:23:04,SU00744_0_SESS_U00744_0_0_0,P0120,8
CU00753_0_SESS_U00753_0_0_0,U00753,SESS_U00753_0_0,2026-06-01 12:22:10,SU00753_0_SESS_U00753_0_0_0,P0011,8
CU00771_0_SESS_U00771_0_0_0,U00771,SESS_U00771_0_0,2026-06-01 14:18:10,SU00771_0_SESS_U00771_0_0_0,P0004,3
CU00771_0_SESS_U00771_0_0_2,U00771,SESS_U00771_0_0,2026-06-01 20:58:06,SU00771_0_SESS_U00771_0_0_2,P0009,5
CU00778_0_SESS_U00778_0_0_0,U00778,SESS_U00778_0_0,2026-06-01 16:17:17,SU00778_0_SESS_U00778_0_0_0,P0125,2
CU00786_0_SESS_U00786_0_0_0,U00786,SESS_U00786_0_0,2026-06-01 13:44:05,SU00786_0_SESS_U00786_0_0_0,P0115,1
CU00789_0_SESS_U00789_0_0_1,U00789,SESS_U00789_0_0,2026-06-01 17:08:13,SU00789_0_SESS_U00789_0_0_1,P0280,7
CU00003_1_SESS_U00003_1_0_0,U00003,SESS_U00003_1_0,2026-06-02 15:24:17,SU00003_1_SESS_U00003_1_0_0,P0202,1
CU00003_1_SESS_U00003_1_1_0,U00003,SESS_U00003_1_1,2026-06-02 09:56:12,SU00003_1_SESS_U00003_1_1_0,P0118,1
CU00003_1_SESS_U00003_1_1_1,U00003,SESS_U00003_1_1,2026-06-02 09:24:12,SU00003_1_SESS_U00003_1_1_1,P0450,1
CU00008_1_SESS_U00008_1_0_0,U00008,SESS_U00008_1_0,2026-06-02 15:23:08,SU00008_1_SESS_U00008_1_0_0,P0002,1
CU00014_1_SESS_U00014_1_0_0,U00014,SESS_U00014_1_0,2026-06-02 16:31:12,SU00014_1_SESS_U00014_1_0_0,P0167,4
CU00022_1_SESS_U00022_1_0_0,U00022,SESS_U00022_1_0,2026-06-02 11:06:16,SU00022_1_SESS_U00022_1_0_0,P0077,4
CU00022_1_SESS_U00022_1_0_1,U00022,SESS_U00022_1_0,2026-06-02 07:14:09,SU00022_1_SESS_U00022_1_0_1,P0463,1
CU00022_1_SESS_U00022_1_1_0,U00022,SESS_U00022_1_1,2026-06-02 11:13:13,SU00022_1_SESS_U00022_1_1_0,P0083,8
CU00025_1_SESS_U00025_1_0_0,U00025,SESS_U00025_1_0,2026-06-02 08:21:11,SU00025_1_SESS_U00025_1_0_0,P0004,4
CU00029_1_SESS_U00029_1_0_1,U00029,SESS_U00029_1_0,2026-06-02 22:12:05,SU00029_1_SESS_U00029_1_0_1,P0002,1
CU00033_1_SESS_U00033_1_0_0,U00033,SESS_U00033_1_0,2026-06-02 11:19:18,SU00033_1_SESS_U00033_1_0_0,P0121,4
CU00043_1_SESS_U00043_1_0_0,U00043,SESS_U00043_1_0,2026-06-02 18:43:20,SU00043_1_SESS_U00043_1_0_0,P0235,1
CU00053_1_SESS_U00053_1_0_0,U00053,SESS_U00053_1_0,2026-06-02 13:31:14,SU00053_1_SESS_U00053_1_0_0,P0205,1
CU00055_1_SESS_U00055_1_0_0,U00055,SESS_U00055_1_0,2026-06-02 08:38:18,SU00055_1_SESS_U00055_1_0_0,P0161,1
CU00059_1_SESS_U00059_1_0_0,U00059,SESS_U00059_1_0,2026-06-02 07:27:06,SU00059_1_SESS_U00059_1_0_0,P0067,1
CU00064_1_SESS_U00064_1_0_1,U00064,SESS_U00064_1_0,2026-06-02 12:33:13,SU00064_1_SESS_U00064_1_0_1,P0002,1
CU00074_1_SESS_U00074_1_0_0,U00074,SESS_U00074_1_0,2026-06-02 13:51:09,SU00074_1_SESS_U00074_1_0_0,P0041,6
CU00076_1_SESS_U00076_1_0_0,U00076,SESS_U00076_1_0,2026-06-02 20:36:23,SU00076_1_SESS_U00076_1_0_0,P0002,1
CU00077_1_SESS_U00077_1_0_0,U00077,SESS_U00077_1_0,2026-06-02 09:28:15,SU00077_1_SESS_U00077_1_0_0,P0565,2
CU00079_1_SESS_U00079_1_0_0,U00079,SESS_U00079_1_0,2026-06-02 21:43:10,SU00079_1_SESS_U00079_1_0_0,P0433,1
CU00080_1_SESS_U00080_1_0_0,U00080,SESS_U00080_1_0,2026-06-02 18:07:25,SU00080_1_SESS_U00080_1_0_0,P0051,6
CU00081_1_SESS_U00081_1_0_0,U00081,SESS_U00081_1_0,2026-06-02 20:26:06,SU00081_1_SESS_U00081_1_0_0,P0014,8
CU00081_1_SESS_U00081_1_0_1,U00081,SESS_U00081_1_0,2026-06-02 17:05:08,SU00081_1_SESS_U00081_1_0_1,P0057,6
CU00093_1_SESS_U00093_1_0_0,U00093,SESS_U00093_1_0,2026-06-02 11:56:15,SU00093_1_SESS_U00093_1_0_0,P0155,1
CU00106_1_SESS_U00106_1_0_0,U00106,SESS_U00106_1_0,2026-06-02 07:10:05,SU00106_1_SESS_U00106_1_0_0,P0413,8
CU00106_1_SESS_U00106_1_0_1,U00106,SESS_U00106_1_0,2026-06-02 17:29:11,SU00106_1_SESS_U00106_1_0_1,P0027,6
CU00129_1_SESS_U00129_1_0_0,U00129,SESS_U00129_1_0,2026-06-02 11:28:07,SU00129_1_SESS_U00129_1_0_0,P0670,1
CU00134_1_SESS_U00134_1_0_1,U00134,SESS_U00134_1_0,2026-06-02 10:36:13,SU00134_1_SESS_U00134_1_0_1,P0025,1
CU00138_1_SESS_U00138_1_0_0,U00138,SESS_U00138_1_0,2026-06-02 18:22:17,SU00138_1_SESS_U00138_1_0_0,P0016,1
CU00139_1_SESS_U00139_1_1_1,U00139,SESS_U00139_1_1,2026-06-02 10:43:23,SU00139_1_SESS_U00139_1_1_1,P0400,5
CU00153_1_SESS_U00153_1_0_1,U00153,SESS_U00153_1_0,2026-06-02 21:37:14,SU00153_1_SESS_U00153_1_0_1,P0427,1
CU00155_1_SESS_U00155_1_0_1,U00155,SESS_U00155_1_0,2026-06-02 17:01:03,SU00155_1_SESS_U00155_1_0_1,P0101,1
CU00163_1_SESS_U00163_1_0_0,U00163,SESS_U00163_1_0,2026-06-02 16:25:22,SU00163_1_SESS_U00163_1_0_0,P0129,1
CU00163_1_SESS_U00163_1_0_1,U00163,SESS_U00163_1_0,2026-06-02 10:21:14,SU00163_1_SESS_U00163_1_0_1,P0181,1
CU00164_1_SESS_U00164_1_0_0,U00164,SESS_U00164_1_0,2026-06-02 10:00:20,SU00164_1_SESS_U00164_1_0_0,P0584,7
CU00167_1_SESS_U00167_1_0_0,U00167,SESS_U00167_1_0,2026-06-02 16:16:04,SU00167_1_SESS_U00167_1_0_0,P0139,1
CU00171_1_SESS_U00171_1_1_0,U00171,SESS_U00171_1_1,2026-06-02 16:27:25,SU00171_1_SESS_U00171_1_1_0,P0014,7
CU00172_1_SESS_U00172_1_0_0,U00172,SESS_U00172_1_0,2026-06-02 18:20:10,SU00172_1_SESS_U00172_1_0_0,P0024,1
CU00180_1_SESS_U00180_1_0_0,U00180,SESS_U00180_1_0,2026-06-02 12:20:20,SU00180_1_SESS_U00180_1_0_0,P0011,1
CU00180_1_SESS_U00180_1_0_1,U00180,SESS_U00180_1_0,2026-06-02 18:54:16,SU00180_1_SESS_U00180_1_0_1,P0042,3
CU00183_1_SESS_U00183_1_0_0,U00183,SESS_U00183_1_0,2026-06-02 14:15:15,SU00183_1_SESS_U00183_1_0_0,P0276,8
CU00187_1_SESS_U00187_1_0_1,U00187,SESS_U00187_1_0,2026-06-02 20:12:23,SU00187_1_SESS_U00187_1_0_1,P0199,1
CU00199_1_SESS_U00199_1_0_0,U00199,SESS_U00199_1_0,2026-06-02 21:20:20,SU00199_1_SESS_U00199_1_0_0,P0482,5
CU00206_1_SESS_U00206_1_0_1,U00206,SESS_U00206_1_0,2026-06-02 14:11:04,SU00206_1_SESS_U00206_1_0_1,P0163,1
CU00207_1_SESS_U00207_1_0_1,U00207,SESS_U00207_1_0,2026-06-02 19:36:15,SU00207_1_SESS_U00207_1_0_1,P0009,5
CU00208_1_SESS_U00208_1_0_0,U00208,SESS_U00208_1_0,2026-06-02 14:39:11,SU00208_1_SESS_U00208_1_0_0,P0122,1
CU00211_1_SESS_U00211_1_0_1,U00211,SESS_U00211_1_0,2026-06-02 07:34:09,SU00211_1_SESS_U00211_1_0_1,P0016,1
CU00211_1_SESS_U00211_1_0_2,U00211,SESS_U00211_1_0,2026-06-02 18:20:12,SU00211_1_SESS_U00211_1_0_2,P0002,1
CU00217_1_SESS_U00217_1_0_1,U00217,SESS_U00217_1_0,2026-06-02 10:00:24,SU00217_1_SESS_U00217_1_0_1,P0492,5
CU00219_1_SESS_U00219_1_0_0,U00219,SESS_U00219_1_0,2026-06-02 10:43:16,SU00219_1_SESS_U00219_1_0_0,P0002,1
CU00221_1_SESS_U00221_1_0_0,U00221,SESS_U00221_1_0,2026-06-02 09:14:03,SU00221_1_SESS_U00221_1_0_0,P0025,7
CU00232_1_SESS_U00232_1_0_0,U00232,SESS_U00232_1_0,2026-06-02 21:58:10,SU00232_1_SESS_U00232_1_0_0,P0038,4
CU00232_1_SESS_U00232_1_0_1,U00232,SESS_U00232_1_0,2026-06-02 15:46:16,SU00232_1_SESS_U00232_1_0_1,P0264,2
CU00232_1_SESS_U00232_1_1_1,U00232,SESS_U00232_1_1,2026-06-02 09:56:14,SU00232_1_SESS_U00232_1_1_1,P0451,1
CU00240_1_SESS_U00240_1_0_0,U00240,SESS_U00240_1_0,2026-06-02 07:09:14,SU00240_1_SESS_U00240_1_0_0,P0010,1
CU00248_1_SESS_U00248_1_0_0,U00248,SESS_U00248_1_0,2026-06-02 16:23:15,SU00248_1_SESS_U00248_1_0_0,P0461,1
CU00251_1_SESS_U00251_1_0_0,U00251,SESS_U00251_1_0,2026-06-02 14:30:14,SU00251_1_SESS_U00251_1_0_0,P0139,6
CU00255_1_SESS_U00255_1_0_0,U00255,SESS_U00255_1_0,2026-06-02 21:00:10,SU00255_1_SESS_U00255_1_0_0,P0017,1
CU00260_1_SESS_U00260_1_0_0,U00260,SESS_U00260_1_0,2026-06-02 12:58:19,SU00260_1_SESS_U00260_1_0_0,P0041,1
CU00264_1_SESS_U00264_1_0_0,U00264,SESS_U00264_1_0,2026-06-02 18:19:04,SU00264_1_SESS_U00264_1_0_0,P0123,4
CU00264_1_SESS_U00264_1_0_1,U00264,SESS_U00264_1_0,2026-06-02 21:09:06,SU00264_1_SESS_U00264_1_0_1,P0461,5
CU00268_1_SESS_U00268_1_0_0,U00268,SESS_U00268_1_0,2026-06-02 19:50:15,SU00268_1_SESS_U00268_1_0_0,P0086,1
CU00273_1_SESS_U00273_1_0_2,U00273,SESS_U00273_1_0,2026-06-02 09:07:10,SU00273_1_SESS_U00273_1_0_2,P0016,1
CU00273_1_SESS_U00273_1_1_0,U00273,SESS_U00273_1_1,2026-06-02 10:13:22,SU00273_1_SESS_U00273_1_1_0,P0002,1
CU00282_1_SESS_U00282_1_0_0,U00282,SESS_U00282_1_0,2026-06-02 18:43:22,SU00282_1_SESS_U00282_1_0_0,P0563,1
CU00287_1_SESS_U00287_1_0_0,U00287,SESS_U00287_1_0,2026-06-02 14:19:03,SU00287_1_SESS_U00287_1_0_0,P0276,6
CU00287_1_SESS_U00287_1_1_0,U00287,SESS_U00287_1_1,2026-06-02 09:43:06,SU00287_1_SESS_U00287_1_1_0,P0038,2
CU00291_1_SESS_U00291_1_0_0,U00291,SESS_U00291_1_0,2026-06-02 18:18:18,SU00291_1_SESS_U00291_1_0_0,P0482,1
CU00297_1_SESS_U00297_1_0_0,U00297,SESS_U00297_1_0,2026-06-02 14:48:14,SU00297_1_SESS_U00297_1_0_0,P0481,1
CU00297_1_SESS_U00297_1_0_1,U00297,SESS_U00297_1_0,2026-06-02 07:38:24,SU00297_1_SESS_U00297_1_0_1,P0119,1
CU00297_1_SESS_U00297_1_0_2,U00297,SESS_U00297_1_0,2026-06-02 09:17:13,SU00297_1_SESS_U00297_1_0_2,P0049,8
CU00306_1_SESS_U00306_1_0_1,U00306,SESS_U00306_1_0,2026-06-02 11:31:12,SU00306_1_SESS_U00306_1_0_1,P0079,1
CU00306_1_SESS_U00306_1_0_2,U00306,SESS_U00306_1_0,2026-06-02 14:10:24,SU00306_1_SESS_U00306_1_0_2,P0080,1
CU00312_1_SESS_U00312_1_0_0,U00312,SESS_U00312_1_0,2026-06-02 09:44:12,SU00312_1_SESS_U00312_1_0_0,P0003,3
CU00313_1_SESS_U00313_1_0_0,U00313,SESS_U00313_1_0,2026-06-02 07:43:19,SU00313_1_SESS_U00313_1_0_0,P0112,1
CU00318_1_SESS_U00318_1_0_0,U00318,SESS_U00318_1_0,2026-06-02 10:41:23,SU00318_1_SESS_U00318_1_0_0,P0006,1
CU00318_1_SESS_U00318_1_0_1,U00318,SESS_U00318_1_0,2026-06-02 18:35:24,SU00318_1_SESS_U00318_1_0_1,P0494,8
CU00318_1_SESS_U00318_1_1_0,U00318,SESS_U00318_1_1,2026-06-02 15:53:13,SU00318_1_SESS_U00318_1_1_0,P0262,4
CU00332_1_SESS_U00332_1_0_0,U00332,SESS_U00332_1_0,2026-06-02 13:18:04,SU00332_1_SESS_U00332_1_0_0,P0046,1
CU00334_1_SESS_U00334_1_0_1,U00334,SESS_U00334_1_0,2026-06-02 22:09:05,SU00334_1_SESS_U00334_1_0_1,P0174,1
CU00336_1_SESS_U00336_1_0_0,U00336,SESS_U00336_1_0,2026-06-02 11:54:17,SU00336_1_SESS_U00336_1_0_0,P0002,1
CU00339_1_SESS_U00339_1_0_1,U00339,SESS_U00339_1_0,2026-06-02 18:19:11,SU00339_1_SESS_U00339_1_0_1,P0005,1
CU00340_1_SESS_U00340_1_0_0,U00340,SESS_U00340_1_0,2026-06-02 18:55:13,SU00340_1_SESS_U00340_1_0_0,P0566,1
CU00340_1_SESS_U00340_1_0_1,U00340,SESS_U00340_1_0,2026-06-02 16:52:05,SU00340_1_SESS_U00340_1_0_1,P0046,1
CU00341_1_SESS_U00341_1_0_0,U00341,SESS_U00341_1_0,2026-06-02 12:32:10,SU00341_1_SESS_U00341_1_0_0,P0022,4
CU00343_1_SESS_U00343_1_0_1,U00343,SESS_U00343_1_0,2026-06-02 18:02:24,SU00343_1_SESS_U00343_1_0_1,P0030,1
CU00349_1_SESS_U00349_1_0_0,U00349,SESS_U00349_1_0,2026-06-02 21:14:15,SU00349_1_SESS_U00349_1_0_0,P0003,1
CU00349_1_SESS_U00349_1_0_1,U00349,SESS_U00349_1_0,2026-06-02 08:25:21,SU00349_1_SESS_U00349_1_0_1,P0001,1
CU00357_1_SESS_U00357_1_0_0,U00357,SESS_U00357_1_0,2026-06-02 09:08:16,SU00357_1_SESS_U00357_1_0_0,P0060,3
CU00361_1_SESS_U00361_1_0_0,U00361,SESS_U00361_1_0,2026-06-02 12:26:25,SU00361_1_SESS_U00361_1_0_0,P0394,1
CU00367_1_SESS_U00367_1_1_0,U00367,SESS_U00367_1_1,2026-06-02 21:35:06,SU00367_1_SESS_U00367_1_1_0,P0005,1
CU00370_1_SESS_U00370_1_0_0,U00370,SESS_U00370_1_0,2026-06-02 11:04:17,SU00370_1_SESS_U00370_1_0_0,P0427,1
CU00374_1_SESS_U00374_1_0_1,U00374,SESS_U00374_1_0,2026-06-02 08:10:25,SU00374_1_SESS_U00374_1_0_1,P0062,1
CU00374_1_SESS_U00374_1_1_1,U00374,SESS_U00374_1_1,2026-06-02 12:10:09,SU00374_1_SESS_U00374_1_1_1,P0002,1
CU00386_1_SESS_U00386_1_0_0,U00386,SESS_U00386_1_0,2026-06-02 09:32:25,SU00386_1_SESS_U00386_1_0_0,P0065,3
CU00394_1_SESS_U00394_1_0_0,U00394,SESS_U00394_1_0,2026-06-02 10:55:11,SU00394_1_SESS_U00394_1_0_0,P0002,1
CU00397_1_SESS_U00397_1_0_0,U00397,SESS_U00397_1_0,2026-06-02 21:03:07,SU00397_1_SESS_U00397_1_0_0,P0239,1
CU00399_1_SESS_U00399_1_0_0,U00399,SESS_U00399_1_0,2026-06-02 18:43:11,SU00399_1_SESS_U00399_1_0_0,P0397,1
CU00399_1_SESS_U00399_1_1_0,U00399,SESS_U00399_1_1,2026-06-02 17:14:17,SU00399_1_SESS_U00399_1_1_0,P0381,1
CU00402_1_SESS_U00402_1_0_0,U00402,SESS_U00402_1_0,2026-06-02 17:48:22,SU00402_1_SESS_U00402_1_0_0,P0339,2
CU00408_1_SESS_U00408_1_0_0,U00408,SESS_U00408_1_0,2026-06-02 19:20:21,SU00408_1_SESS_U00408_1_0_0,P0232,1
CU00408_1_SESS_U00408_1_0_1,U00408,SESS_U00408_1_0,2026-06-02 12:40:10,SU00408_1_SESS_U00408_1_0_1,P0085,4
CU00408_1_SESS_U00408_1_0_2,U00408,SESS_U00408_1_0,2026-06-02 14:13:11,SU00408_1_SESS_U00408_1_0_2,P0398,1
CU00427_1_SESS_U00427_1_0_0,U00427,SESS_U00427_1_0,2026-06-02 13:37:20,SU00427_1_SESS_U00427_1_0_0,P0398,6
CU00427_1_SESS_U00427_1_0_1,U00427,SESS_U00427_1_0,2026-06-02 11:13:25,SU00427_1_SESS_U00427_1_0_1,P0186,4
CU00442_1_SESS_U00442_1_0_2,U00442,SESS_U00442_1_0,2026-06-02 17:44:16,SU00442_1_SESS_U00442_1_0_2,P0122,8
CU00443_1_SESS_U00443_1_0_0,U00443,SESS_U00443_1_0,2026-06-02 17:58:07,SU00443_1_SESS_U00443_1_0_0,P0027,1
CU00447_1_SESS_U00447_1_0_1,U00447,SESS_U00447_1_0,2026-06-02 12:11:20,SU00447_1_SESS_U00447_1_0_1,P0002,1
CU00448_1_SESS_U00448_1_0_0,U00448,SESS_U00448_1_0,2026-06-02 11:05:06,SU00448_1_SESS_U00448_1_0_0,P0167,8
CU00450_1_SESS_U00450_1_0_0,U00450,SESS_U00450_1_0,2026-06-02 13:24:25,SU00450_1_SESS_U00450_1_0_0,P0014,1
CU00455_1_SESS_U00455_1_0_0,U00455,SESS_U00455_1_0,2026-06-02 07:12:14,SU00455_1_SESS_U00455_1_0_0,P0058,1
CU00457_1_SESS_U00457_1_0_0,U00457,SESS_U00457_1_0,2026-06-02 19:01:09,SU00457_1_SESS_U00457_1_0_0,P0174,1
CU00457_1_SESS_U00457_1_0_1,U00457,SESS_U00457_1_0,2026-06-02 13:47:17,SU00457_1_SESS_U00457_1_0_1,P0197,6
CU00460_1_SESS_U00460_1_0_0,U00460,SESS_U00460_1_0,2026-06-02 16:42:21,SU00460_1_SESS_U00460_1_0_0,P0027,1
CU00465_1_SESS_U00465_1_0_0,U00465,SESS_U00465_1_0,2026-06-02 17:33:10,SU00465_1_SESS_U00465_1_0_0,P0067,1
CU00466_1_SESS_U00466_1_0_0,U00466,SESS_U00466_1_0,2026-06-02 07:05:07,SU00466_1_SESS_U00466_1_0_0,P0181,1
CU00466_1_SESS_U00466_1_0_1,U00466,SESS_U00466_1_0,2026-06-02 17:33:09,SU00466_1_SESS_U00466_1_0_1,P0188,1
CU00466_1_SESS_U00466_1_1_1,U00466,SESS_U00466_1_1,2026-06-02 15:45:25,SU00466_1_SESS_U00466_1_1_1,P0015,1
CU00473_1_SESS_U00473_1_0_0,U00473,SESS_U00473_1_0,2026-06-02 07:02:13,SU00473_1_SESS_U00473_1_0_0,P0051,5
CU00480_1_SESS_U00480_1_0_2,U00480,SESS_U00480_1_0,2026-06-02 21:31:12,SU00480_1_SESS_U00480_1_0_2,P0024,1
CU00488_1_SESS_U00488_1_0_0,U00488,SESS_U00488_1_0,2026-06-02 08:35:24,SU00488_1_SESS_U00488_1_0_0,P0181,1
CU00502_1_SESS_U00502_1_0_0,U00502,SESS_U00502_1_0,2026-06-02 20:21:19,SU00502_1_SESS_U00502_1_0_0,P0285,1
CU00514_1_SESS_U00514_1_0_1,U00514,SESS_U00514_1_0,2026-06-02 22:07:15,SU00514_1_SESS_U00514_1_0_1,P0060,3
CU00517_1_SESS_U00517_1_0_0,U00517,SESS_U00517_1_0,2026-06-02 15:30:11,SU00517_1_SESS_U00517_1_0_0,P0112,1
CU00517_1_SESS_U00517_1_0_1,U00517,SESS_U00517_1_0,2026-06-02 07:15:13,SU00517_1_SESS_U00517_1_0_1,P0167,8
CU00520_1_SESS_U00520_1_0_0,U00520,SESS_U00520_1_0,2026-06-02 11:06:18,SU00520_1_SESS_U00520_1_0_0,P0155,1
CU00521_1_SESS_U00521_1_1_0,U00521,SESS_U00521_1_1,2026-06-02 21:30:11,SU00521_1_SESS_U00521_1_1_0,P0084,1
CU00529_1_SESS_U00529_1_0_0,U00529,SESS_U00529_1_0,2026-06-02 17:49:25,SU00529_1_SESS_U00529_1_0_0,P0115,1
CU00532_1_SESS_U00532_1_0_0,U00532,SESS_U00532_1_0,2026-06-02 19:42:12,SU00532_1_SESS_U00532_1_0_0,P0342,1
CU00532_1_SESS_U00532_1_0_1,U00532,SESS_U00532_1_0,2026-06-02 14:35:19,SU00532_1_SESS_U00532_1_0_1,P0094,1
CU00542_1_SESS_U00542_1_0_1,U00542,SESS_U00542_1_0,2026-06-02 08:20:25,SU00542_1_SESS_U00542_1_0_1,P0116,1
CU00553_1_SESS_U00553_1_0_0,U00553,SESS_U00553_1_0,2026-06-02 10:46:11,SU00553_1_SESS_U00553_1_0_0,P0599,7
CU00554_1_SESS_U00554_1_0_0,U00554,SESS_U00554_1_0,2026-06-02 17:41:07,SU00554_1_SESS_U00554_1_0_0,P0002,1
CU00554_1_SESS_U00554_1_1_0,U00554,SESS_U00554_1_1,2026-06-02 16:59:03,SU00554_1_SESS_U00554_1_1_0,P0129,2
CU00555_1_SESS_U00555_1_0_0,U00555,SESS_U00555_1_0,2026-06-02 13:40:15,SU00555_1_SESS_U00555_1_0_0,P0119,1
CU00555_1_SESS_U00555_1_0_1,U00555,SESS_U00555_1_0,2026-06-02 12:25:08,SU00555_1_SESS_U00555_1_0_1,P0115,1
CU00555_1_SESS_U00555_1_1_0,U00555,SESS_U00555_1_1,2026-06-02 22:08:17,SU00555_1_SESS_U00555_1_1_0,P0192,1
CU00563_1_SESS_U00563_1_0_0,U00563,SESS_U00563_1_0,2026-06-02 07:56:07,SU00563_1_SESS_U00563_1_0_0,P0622,2
CU00565_1_SESS_U00565_1_0_0,U00565,SESS_U00565_1_0,2026-06-02 17:20:25,SU00565_1_SESS_U00565_1_0_0,P0050,8
CU00567_1_SESS_U00567_1_0_0,U00567,SESS_U00567_1_0,2026-06-02 13:45:12,SU00567_1_SESS_U00567_1_0_0,P0616,1
CU00567_1_SESS_U00567_1_0_2,U00567,SESS_U00567_1_0,2026-06-02 19:11:14,SU00567_1_SESS_U00567_1_0_2,P0036,1
CU00576_1_SESS_U00576_1_0_0,U00576,SESS_U00576_1_0,2026-06-02 20:31:24,SU00576_1_SESS_U00576_1_0_0,P0002,1
CU00584_1_SESS_U00584_1_0_0,U00584,SESS_U00584_1_0,2026-06-02 18:46:17,SU00584_1_SESS_U00584_1_0_0,P0228,1
CU00591_1_SESS_U00591_1_0_0,U00591,SESS_U00591_1_0,2026-06-02 09:41:24,SU00591_1_SESS_U00591_1_0_0,P0487,1
CU00591_1_SESS_U00591_1_0_1,U00591,SESS_U00591_1_0,2026-06-02 17:09:04,SU00591_1_SESS_U00591_1_0_1,P0342,3
CU00601_1_SESS_U00601_1_0_0,U00601,SESS_U00601_1_0,2026-06-02 15:11:11,SU00601_1_SESS_U00601_1_0_0,P0073,1
CU00631_1_SESS_U00631_1_0_0,U00631,SESS_U00631_1_0,2026-06-02 12:25:05,SU00631_1_SESS_U00631_1_0_0,P0009,1
CU00636_1_SESS_U00636_1_0_0,U00636,SESS_U00636_1_0,2026-06-02 19:57:09,SU00636_1_SESS_U00636_1_0_0,P0003,1
CU00649_1_SESS_U00649_1_0_0,U00649,SESS_U00649_1_0,2026-06-02 21:52:20,SU00649_1_SESS_U00649_1_0_0,P0276,3
CU00659_1_SESS_U00659_1_0_0,U00659,SESS_U00659_1_0,2026-06-02 11:59:24,SU00659_1_SESS_U00659_1_0_0,P0585,1
CU00662_1_SESS_U00662_1_0_0,U00662,SESS_U00662_1_0,2026-06-02 13:51:20,SU00662_1_SESS_U00662_1_0_0,P0227,1
CU00665_1_SESS_U00665_1_0_0,U00665,SESS_U00665_1_0,2026-06-02 20:01:22,SU00665_1_SESS_U00665_1_0_0,P0261,1
CU00669_1_SESS_U00669_1_0_0,U00669,SESS_U00669_1_0,2026-06-02 10:20:12,SU00669_1_SESS_U00669_1_0_0,P0005,7
CU00683_1_SESS_U00683_1_0_1,U00683,SESS_U00683_1_0,2026-06-02 08:59:06,SU00683_1_SESS_U00683_1_0_1,P0184,8
CU00686_1_SESS_U00686_1_0_1,U00686,SESS_U00686_1_0,2026-06-02 09:32:14,SU00686_1_SESS_U00686_1_0_1,P0012,6
CU00692_1_SESS_U00692_1_0_0,U00692,SESS_U00692_1_0,2026-06-02 08:37:16,SU00692_1_SESS_U00692_1_0_0,P0116,1
CU00696_1_SESS_U00696_1_0_1,U00696,SESS_U00696_1_0,2026-06-02 11:04:19,SU00696_1_SESS_U00696_1_0_1,P0005,1
CU00696_1_SESS_U00696_1_1_0,U00696,SESS_U00696_1_1,2026-06-02 08:39:16,SU00696_1_SESS_U00696_1_1_0,P0012,6
CU00696_1_SESS_U00696_1_1_1,U00696,SESS_U00696_1_1,2026-06-02 17:44:11,SU00696_1_SESS_U00696_1_1_1,P0148,7
CU00702_1_SESS_U00702_1_1_0,U00702,SESS_U00702_1_1,2026-06-02 11:10:21,SU00702_1_SESS_U00702_1_1_0,P0048,1
CU00705_1_SESS_U00705_1_0_0,U00705,SESS_U00705_1_0,2026-06-02 18:08:14,SU00705_1_SESS_U00705_1_0_0,P0149,1
CU00705_1_SESS_U00705_1_0_1,U00705,SESS_U00705_1_0,2026-06-02 22:48:19,SU00705_1_SESS_U00705_1_0_1,P0566,1
CU00705_1_SESS_U00705_1_1_0,U00705,SESS_U00705_1_1,2026-06-02 21:28:21,SU00705_1_SESS_U00705_1_1_0,P0585,5
CU00706_1_SESS_U00706_1_0_0,U00706,SESS_U00706_1_0,2026-06-02 14:27:07,SU00706_1_SESS_U00706_1_0_0,P0125,8
CU00708_1_SESS_U00708_1_0_1,U00708,SESS_U00708_1_0,2026-06-02 18:24:21,SU00708_1_SESS_U00708_1_0_1,P0023,1
CU00711_1_SESS_U00711_1_0_0,U00711,SESS_U00711_1_0,2026-06-02 21:31:10,SU00711_1_SESS_U00711_1_0_0,P0008,1
CU00718_1_SESS_U00718_1_0_0,U00718,SESS_U00718_1_0,2026-06-02 21:10:05,SU00718_1_SESS_U00718_1_0_0,P0200,4
CU00724_1_SESS_U00724_1_0_1,U00724,SESS_U00724_1_0,2026-06-02 10:30:10,SU00724_1_SESS_U00724_1_0_1,P0006,1
CU00731_1_SESS_U00731_1_0_0,U00731,SESS_U00731_1_0,2026-06-02 14:52:07,SU00731_1_SESS_U00731_1_0_0,P0210,1
CU00741_1_SESS_U00741_1_0_0,U00741,SESS_U00741_1_0,2026-06-02 16:02:14,SU00741_1_SESS_U00741_1_0_0,P0030,1
CU00743_1_SESS_U00743_1_0_0,U00743,SESS_U00743_1_0,2026-06-02 16:40:12,SU00743_1_SESS_U00743_1_0_0,P0021,1
CU00754_1_SESS_U00754_1_0_0,U00754,SESS_U00754_1_0,2026-06-02 22:49:24,SU00754_1_SESS_U00754_1_0_0,P0016,1
CU00761_1_SESS_U00761_1_0_1,U00761,SESS_U00761_1_0,2026-06-02 08:33:19,SU00761_1_SESS_U00761_1_0_1,P0131,4
CU00775_1_SESS_U00775_1_0_0,U00775,SESS_U00775_1_0,2026-06-02 09:08:23,SU00775_1_SESS_U00775_1_0_0,P0305,1
CU00784_1_SESS_U00784_1_0_0,U00784,SESS_U00784_1_0,2026-06-02 20:33:18,SU00784_1_SESS_U00784_1_0_0,P0016,1
CU00784_1_SESS_U00784_1_0_1,U00784,SESS_U00784_1_0,2026-06-02 13:13:10,SU00784_1_SESS_U00784_1_0_1,P0004,3
CU00789_1_SESS_U00789_1_0_0,U00789,SESS_U00789_1_0,2026-06-02 17:59:23,SU00789_1_SESS_U00789_1_0_0,P0107,1
CU00797_1_SESS_U00797_1_0_1,U00797,SESS_U00797_1_0,2026-06-02 13:45:21,SU00797_1_SESS_U00797_1_0_1,P0016,1
CU00798_1_SESS_U00798_1_0_0,U00798,SESS_U00798_1_0,2026-06-02 20:26:09,SU00798_1_SESS_U00798_1_0_0,P0616,1
CU00798_1_SESS_U00798_1_0_1,U00798,SESS_U00798_1_0,2026-06-02 22:37:21,SU00798_1_SESS_U00798_1_0_1,P0461,1
CU00009_2_SESS_U00009_2_1_0,U00009,SESS_U00009_2_1,2026-06-03 09:58:24,SU00009_2_SESS_U00009_2_1_0,P0002,1
CU00012_2_SESS_U00012_2_1_0,U00012,SESS_U00012_2_1,2026-06-03 14:42:16,SU00012_2_SESS_U00012_2_1_0,P0184,3
CU00013_2_SESS_U00013_2_0_0,U00013,SESS_U00013_2_0,2026-06-03 17:04:14,SU00013_2_SESS_U00013_2_0_0,P0155,1
CU00017_2_SESS_U00017_2_0_0,U00017,SESS_U00017_2_0,2026-06-03 20:15:25,SU00017_2_SESS_U00017_2_0_0,P0002,4
CU00023_2_SESS_U00023_2_0_0,U00023,SESS_U00023_2_0,2026-06-03 07:23:23,SU00023_2_SESS_U00023_2_0_0,P0003,2
CU00023_2_SESS_U00023_2_0_1,U00023,SESS_U00023_2_0,2026-06-03 22:34:09,SU00023_2_SESS_U00023_2_0_1,P0024,1
CU00024_2_SESS_U00024_2_0_0,U00024,SESS_U00024_2_0,2026-06-03 15:53:23,SU00024_2_SESS_U00024_2_0_0,P0012,6
CU00029_2_SESS_U00029_2_0_1,U00029,SESS_U00029_2_0,2026-06-03 13:05:15,SU00029_2_SESS_U00029_2_0_1,P0028,1
CU00029_2_SESS_U00029_2_1_0,U00029,SESS_U00029_2_1,2026-06-03 16:33:23,SU00029_2_SESS_U00029_2_1_0,P0011,1
CU00032_2_SESS_U00032_2_0_1,U00032,SESS_U00032_2_0,2026-06-03 17:05:11,SU00032_2_SESS_U00032_2_0_1,P0002,1
CU00033_2_SESS_U00033_2_0_0,U00033,SESS_U00033_2_0,2026-06-03 11:12:21,SU00033_2_SESS_U00033_2_0_0,P0173,5
CU00039_2_SESS_U00039_2_0_0,U00039,SESS_U00039_2_0,2026-06-03 18:48:23,SU00039_2_SESS_U00039_2_0_0,P0008,1
CU00041_2_SESS_U00041_2_0_0,U00041,SESS_U00041_2_0,2026-06-03 07:35:04,SU00041_2_SESS_U00041_2_0_0,P0394,1
CU00048_2_SESS_U00048_2_0_2,U00048,SESS_U00048_2_0,2026-06-03 17:59:24,SU00048_2_SESS_U00048_2_0_2,P0003,2
CU00055_2_SESS_U00055_2_0_0,U00055,SESS_U00055_2_0,2026-06-03 07:22:16,SU00055_2_SESS_U00055_2_0_0,P0098,8
CU00072_2_SESS_U00072_2_0_0,U00072,SESS_U00072_2_0,2026-06-03 19:51:23,SU00072_2_SESS_U00072_2_0_0,P0001,1
CU00072_2_SESS_U00072_2_0_1,U00072,SESS_U00072_2_0,2026-06-03 12:20:06,SU00072_2_SESS_U00072_2_0_1,P0002,1
CU00072_2_SESS_U00072_2_1_0,U00072,SESS_U00072_2_1,2026-06-03 07:31:23,SU00072_2_SESS_U00072_2_1_0,P0009,5
CU00075_2_SESS_U00075_2_0_1,U00075,SESS_U00075_2_0,2026-06-03 17:17:17,SU00075_2_SESS_U00075_2_0_1,P0003,1
CU00083_2_SESS_U00083_2_0_0,U00083,SESS_U00083_2_0,2026-06-03 10:26:03,SU00083_2_SESS_U00083_2_0_0,P0138,1
CU00083_2_SESS_U00083_2_0_1,U00083,SESS_U00083_2_0,2026-06-03 16:59:14,SU00083_2_SESS_U00083_2_0_1,P0461,3
CU00083_2_SESS_U00083_2_0_2,U00083,SESS_U00083_2_0,2026-06-03 07:53:25,SU00083_2_SESS_U00083_2_0_2,P0288,7
CU00087_2_SESS_U00087_2_0_0,U00087,SESS_U00087_2_0,2026-06-03 10:25:21,SU00087_2_SESS_U00087_2_0_0,P0173,1
CU00089_2_SESS_U00089_2_0_1,U00089,SESS_U00089_2_0,2026-06-03 21:58:06,SU00089_2_SESS_U00089_2_0_1,P0002,1
CU00089_2_SESS_U00089_2_1_0,U00089,SESS_U00089_2_1,2026-06-03 20:16:20,SU00089_2_SESS_U00089_2_1_0,P0085,4
CU00091_2_SESS_U00091_2_1_1,U00091,SESS_U00091_2_1,2026-06-03 13:09:12,SU00091_2_SESS_U00091_2_1_1,P0014,1
CU00098_2_SESS_U00098_2_0_1,U00098,SESS_U00098_2_0,2026-06-03 17:54:11,SU00098_2_SESS_U00098_2_0_1,P0195,1
CU00099_2_SESS_U00099_2_0_0,U00099,SESS_U00099_2_0,2026-06-03 16:13:10,SU00099_2_SESS_U00099_2_0_0,P0390,4
CU00099_2_SESS_U00099_2_0_1,U00099,SESS_U00099_2_0,2026-06-03 13:15:10,SU00099_2_SESS_U00099_2_0_1,P0079,1
CU00102_2_SESS_U00102_2_0_0,U00102,SESS_U00102_2_0,2026-06-03 22:00:12,SU00102_2_SESS_U00102_2_0_0,P0120,1
CU00102_2_SESS_U00102_2_0_1,U00102,SESS_U00102_2_0,2026-06-03 18:10:16,SU00102_2_SESS_U00102_2_0_1,P0285,1
CU00105_2_SESS_U00105_2_0_0,U00105,SESS_U00105_2_0,2026-06-03 15:28:08,SU00105_2_SESS_U00105_2_0_0,P0174,1
CU00118_2_SESS_U00118_2_0_0,U00118,SESS_U00118_2_0,2026-06-03 21:52:20,SU00118_2_SESS_U00118_2_0_0,P0054,1
CU00118_2_SESS_U00118_2_0_1,U00118,SESS_U00118_2_0,2026-06-03 13:46:21,SU00118_2_SESS_U00118_2_0_1,P0056,2
CU00120_2_SESS_U00120_2_0_0,U00120,SESS_U00120_2_0,2026-06-03 19:16:20,SU00120_2_SESS_U00120_2_0_0,P0006,5
CU00122_2_SESS_U00122_2_0_0,U00122,SESS_U00122_2_0,2026-06-03 20:28:10,SU00122_2_SESS_U00122_2_0_0,P0016,1
CU00126_2_SESS_U00126_2_0_0,U00126,SESS_U00126_2_0,2026-06-03 07:55:11,SU00126_2_SESS_U00126_2_0_0,P0039,1
CU00128_2_SESS_U00128_2_0_0,U00128,SESS_U00128_2_0,2026-06-03 10:48:12,SU00128_2_SESS_U00128_2_0_0,P0079,1
CU00136_2_SESS_U00136_2_0_0,U00136,SESS_U00136_2_0,2026-06-03 13:19:08,SU00136_2_SESS_U00136_2_0_0,P0001,1
CU00136_2_SESS_U00136_2_1_0,U00136,SESS_U00136_2_1,2026-06-03 08:05:22,SU00136_2_SESS_U00136_2_1_0,P0052,4
CU00136_2_SESS_U00136_2_1_1,U00136,SESS_U00136_2_1,2026-06-03 11:11:05,SU00136_2_SESS_U00136_2_1_1,P0002,1
CU00143_2_SESS_U00143_2_1_0,U00143,SESS_U00143_2_1,2026-06-03 12:43:23,SU00143_2_SESS_U00143_2_1_0,P0332,4
CU00149_2_SESS_U00149_2_0_0,U00149,SESS_U00149_2_0,2026-06-03 18:45:22,SU00149_2_SESS_U00149_2_0_0,P0261,8
CU00156_2_SESS_U00156_2_0_0,U00156,SESS_U00156_2_0,2026-06-03 10:07:18,SU00156_2_SESS_U00156_2_0_0,P0042,1
CU00164_2_SESS_U00164_2_0_0,U00164,SESS_U00164_2_0,2026-06-03 15:15:12,SU00164_2_SESS_U00164_2_0_0,P0002,1
CU00168_2_SESS_U00168_2_0_0,U00168,SESS_U00168_2_0,2026-06-03 16:02:14,SU00168_2_SESS_U00168_2_0_0,P0263,1
CU00168_2_SESS_U00168_2_1_0,U00168,SESS_U00168_2_1,2026-06-03 12:56:04,SU00168_2_SESS_U00168_2_1_0,P0186,1
CU00191_2_SESS_U00191_2_0_1,U00191,SESS_U00191_2_0,2026-06-03 17:20:18,SU00191_2_SESS_U00191_2_0_1,P0006,1
CU00199_2_SESS_U00199_2_0_0,U00199,SESS_U00199_2_0,2026-06-03 17:16:14,SU00199_2_SESS_U00199_2_0_0,P0421,1
CU00222_2_SESS_U00222_2_0_0,U00222,SESS_U00222_2_0,2026-06-03 09:41:22,SU00222_2_SESS_U00222_2_0_0,P0013,1
CU00225_2_SESS_U00225_2_0_0,U00225,SESS_U00225_2_0,2026-06-03 20:28:22,SU00225_2_SESS_U00225_2_0_0,P0101,1
CU00225_2_SESS_U00225_2_1_0,U00225,SESS_U00225_2_1,2026-06-03 20:59:12,SU00225_2_SESS_U00225_2_1_0,P0473,5
CU00227_2_SESS_U00227_2_0_1,U00227,SESS_U00227_2_0,2026-06-03 18:20:06,SU00227_2_SESS_U00227_2_0_1,P0002,1
CU00227_2_SESS_U00227_2_1_0,U00227,SESS_U00227_2_1,2026-06-03 07:34:06,SU00227_2_SESS_U00227_2_1_0,P0025,1
CU00234_2_SESS_U00234_2_0_0,U00234,SESS_U00234_2_0,2026-06-03 14:12:12,SU00234_2_SESS_U00234_2_0_0,P0121,1
CU00238_2_SESS_U00238_2_0_1,U00238,SESS_U00238_2_0,2026-06-03 08:00:14,SU00238_2_SESS_U00238_2_0_1,P0023,1
CU00247_2_SESS_U00247_2_0_0,U00247,SESS_U00247_2_0,2026-06-03 21:17:11,SU00247_2_SESS_U00247_2_0_0,P0002,1
CU00247_2_SESS_U00247_2_0_1,U00247,SESS_U00247_2_0,2026-06-03 08:21:16,SU00247_2_SESS_U00247_2_0_1,P0002,1
CU00259_2_SESS_U00259_2_0_0,U00259,SESS_U00259_2_0,2026-06-03 19:56:17,SU00259_2_SESS_U00259_2_0_0,P0148,4
CU00262_2_SESS_U00262_2_0_0,U00262,SESS_U00262_2_0,2026-06-03 10:48:10,SU00262_2_SESS_U00262_2_0_0,P0002,1
CU00268_2_SESS_U00268_2_0_1,U00268,SESS_U00268_2_0,2026-06-03 16:06:08,SU00268_2_SESS_U00268_2_0_1,P0437,6
CU00274_2_SESS_U00274_2_0_0,U00274,SESS_U00274_2_0,2026-06-03 10:01:25,SU00274_2_SESS_U00274_2_0_0,P0016,1
CU00274_2_SESS_U00274_2_1_0,U00274,SESS_U00274_2_1,2026-06-03 16:40:09,SU00274_2_SESS_U00274_2_1_0,P0002,1
CU00279_2_SESS_U00279_2_0_0,U00279,SESS_U00279_2_0,2026-06-03 21:40:13,SU00279_2_SESS_U00279_2_0_0,P0421,1
CU00294_2_SESS_U00294_2_0_2,U00294,SESS_U00294_2_0,2026-06-03 17:34:16,SU00294_2_SESS_U00294_2_0_2,P0044,1
CU00299_2_SESS_U00299_2_1_0,U00299,SESS_U00299_2_1,2026-06-03 08:03:20,SU00299_2_SESS_U00299_2_1_0,P0001,1
CU00302_2_SESS_U00302_2_0_2,U00302,SESS_U00302_2_0,2026-06-03 20:04:24,SU00302_2_SESS_U00302_2_0_2,P0111,1
CU00305_2_SESS_U00305_2_0_0,U00305,SESS_U00305_2_0,2026-06-03 18:00:16,SU00305_2_SESS_U00305_2_0_0,P0002,1
CU00316_2_SESS_U00316_2_0_0,U00316,SESS_U00316_2_0,2026-06-03 21:09:14,SU00316_2_SESS_U00316_2_0_0,P0044,1
CU00318_2_SESS_U00318_2_0_1,U00318,SESS_U00318_2_0,2026-06-03 17:56:08,SU00318_2_SESS_U00318_2_0_1,P0072,1
CU00321_2_SESS_U00321_2_0_0,U00321,SESS_U00321_2_0,2026-06-03 18:44:07,SU00321_2_SESS_U00321_2_0_0,P0098,1
CU00321_2_SESS_U00321_2_0_1,U00321,SESS_U00321_2_0,2026-06-03 18:20:08,SU00321_2_SESS_U00321_2_0_1,P0351,1
CU00328_2_SESS_U00328_2_0_0,U00328,SESS_U00328_2_0,2026-06-03 13:20:14,SU00328_2_SESS_U00328_2_0_0,P0115,1
CU00328_2_SESS_U00328_2_0_1,U00328,SESS_U00328_2_0,2026-06-03 20:34:12,SU00328_2_SESS_U00328_2_0_1,P0227,2
CU00329_2_SESS_U00329_2_0_0,U00329,SESS_U00329_2_0,2026-06-03 20:41:25,SU00329_2_SESS_U00329_2_0_0,P0514,8
CU00333_2_SESS_U00333_2_0_0,U00333,SESS_U00333_2_0,2026-06-03 18:27:21,SU00333_2_SESS_U00333_2_0_0,P0205,1
CU00334_2_SESS_U00334_2_0_0,U00334,SESS_U00334_2_0,2026-06-03 15:29:22,SU00334_2_SESS_U00334_2_0_0,P0165,1
CU00334_2_SESS_U00334_2_0_1,U00334,SESS_U00334_2_0,2026-06-03 22:25:22,SU00334_2_SESS_U00334_2_0_1,P0192,1
CU00336_2_SESS_U00336_2_0_0,U00336,SESS_U00336_2_0,2026-06-03 21:47:15,SU00336_2_SESS_U00336_2_0_0,P0030,1
CU00337_2_SESS_U00337_2_0_0,U00337,SESS_U00337_2_0,2026-06-03 09:52:06,SU00337_2_SESS_U00337_2_0_0,P0002,1
CU00337_2_SESS_U00337_2_0_1,U00337,SESS_U00337_2_0,2026-06-03 09:12:05,SU00337_2_SESS_U00337_2_0_1,P0051,6
CU00348_2_SESS_U00348_2_0_0,U00348,SESS_U00348_2_0,2026-06-03 10:49:16,SU00348_2_SESS_U00348_2_0_0,P0042,1
CU00350_2_SESS_U00350_2_0_0,U00350,SESS_U00350_2_0,2026-06-03 20:03:22,SU00350_2_SESS_U00350_2_0_0,P0394,1
CU00351_2_SESS_U00351_2_0_0,U00351,SESS_U00351_2_0,2026-06-03 21:30:03,SU00351_2_SESS_U00351_2_0_0,P0222,1
CU00352_2_SESS_U00352_2_0_0,U00352,SESS_U00352_2_0,2026-06-03 10:43:19,SU00352_2_SESS_U00352_2_0_0,P0006,4
CU00354_2_SESS_U00354_2_1_0,U00354,SESS_U00354_2_1,2026-06-03 19:28:12,SU00354_2_SESS_U00354_2_1_0,P0006,5
CU00358_2_SESS_U00358_2_0_0,U00358,SESS_U00358_2_0,2026-06-03 08:19:24,SU00358_2_SESS_U00358_2_0_0,P0263,2
CU00359_2_SESS_U00359_2_1_1,U00359,SESS_U00359_2_1,2026-06-03 18:46:06,SU00359_2_SESS_U00359_2_1_1,P0002,1
CU00365_2_SESS_U00365_2_0_0,U00365,SESS_U00365_2_0,2026-06-03 08:17:25,SU00365_2_SESS_U00365_2_0_0,P0640,1
CU00381_2_SESS_U00381_2_0_1,U00381,SESS_U00381_2_0,2026-06-03 07:39:09,SU00381_2_SESS_U00381_2_0_1,P0298,3
CU00381_2_SESS_U00381_2_1_0,U00381,SESS_U00381_2_1,2026-06-03 07:29:15,SU00381_2_SESS_U00381_2_1_0,P0451,1
CU00385_2_SESS_U00385_2_0_0,U00385,SESS_U00385_2_0,2026-06-03 13:59:17,SU00385_2_SESS_U00385_2_0_0,P0132,1
CU00387_2_SESS_U00387_2_0_1,U00387,SESS_U00387_2_0,2026-06-03 08:43:10,SU00387_2_SESS_U00387_2_0_1,P0016,7
CU00399_2_SESS_U00399_2_0_1,U00399,SESS_U00399_2_0,2026-06-03 12:18:13,SU00399_2_SESS_U00399_2_0_1,P0186,1
CU00400_2_SESS_U00400_2_0_0,U00400,SESS_U00400_2_0,2026-06-03 19:23:20,SU00400_2_SESS_U00400_2_0_0,P0016,7
CU00400_2_SESS_U00400_2_0_1,U00400,SESS_U00400_2_0,2026-06-03 14:14:19,SU00400_2_SESS_U00400_2_0_1,P0611,1
CU00406_2_SESS_U00406_2_0_0,U00406,SESS_U00406_2_0,2026-06-03 08:07:04,SU00406_2_SESS_U00406_2_0_0,P0025,1
CU00410_2_SESS_U00410_2_0_1,U00410,SESS_U00410_2_0,2026-06-03 12:51:12,SU00410_2_SESS_U00410_2_0_1,P0038,1
CU00416_2_SESS_U00416_2_0_0,U00416,SESS_U00416_2_0,2026-06-03 12:03:16,SU00416_2_SESS_U00416_2_0_0,P0005,1
CU00416_2_SESS_U00416_2_0_1,U00416,SESS_U00416_2_0,2026-06-03 14:37:24,SU00416_2_SESS_U00416_2_0_1,P0006,1
CU00423_2_SESS_U00423_2_0_0,U00423,SESS_U00423_2_0,2026-06-03 12:19:05,SU00423_2_SESS_U00423_2_0_0,P0001,1
CU00436_2_SESS_U00436_2_0_0,U00436,SESS_U00436_2_0,2026-06-03 17:00:04,SU00436_2_SESS_U00436_2_0_0,P0008,5
CU00437_2_SESS_U00437_2_0_0,U00437,SESS_U00437_2_0,2026-06-03 08:40:14,SU00437_2_SESS_U00437_2_0_0,P0002,1
CU00439_2_SESS_U00439_2_0_0,U00439,SESS_U00439_2_0,2026-06-03 07:05:09,SU00439_2_SESS_U00439_2_0_0,P0001,1
CU00439_2_SESS_U00439_2_0_1,U00439,SESS_U00439_2_0,2026-06-03 13:58:12,SU00439_2_SESS_U00439_2_0_1,P0111,1
CU00440_2_SESS_U00440_2_0_0,U00440,SESS_U00440_2_0,2026-06-03 11:09:21,SU00440_2_SESS_U00440_2_0_0,P0235,6
CU00442_2_SESS_U00442_2_0_0,U00442,SESS_U00442_2_0,2026-06-03 15:52:22,SU00442_2_SESS_U00442_2_0_0,P0031,8
CU00454_2_SESS_U00454_2_0_0,U00454,SESS_U00454_2_0,2026-06-03 18:07:20,SU00454_2_SESS_U00454_2_0_0,P0008,1
CU00456_2_SESS_U00456_2_0_0,U00456,SESS_U00456_2_0,2026-06-03 21:01:11,SU00456_2_SESS_U00456_2_0_0,P0080,3
CU00456_2_SESS_U00456_2_0_2,U00456,SESS_U00456_2_0,2026-06-03 09:00:12,SU00456_2_SESS_U00456_2_0_2,P0076,3
CU00457_2_SESS_U00457_2_0_0,U00457,SESS_U00457_2_0,2026-06-03 15:58:18,SU00457_2_SESS_U00457_2_0_0,P0214,1
CU00459_2_SESS_U00459_2_0_0,U00459,SESS_U00459_2_0,2026-06-03 13:13:21,SU00459_2_SESS_U00459_2_0_0,P0016,1
CU00460_2_SESS_U00460_2_0_0,U00460,SESS_U00460_2_0,2026-06-03 11:43:08,SU00460_2_SESS_U00460_2_0_0,P0167,5
CU00460_2_SESS_U00460_2_0_1,U00460,SESS_U00460_2_0,2026-06-03 07:07:14,SU00460_2_SESS_U00460_2_0_1,P0002,1
CU00460_2_SESS_U00460_2_0_2,U00460,SESS_U00460_2_0,2026-06-03 11:39:13,SU00460_2_SESS_U00460_2_0_2,P0002,1
CU00463_2_SESS_U00463_2_0_0,U00463,SESS_U00463_2_0,2026-06-03 20:06:10,SU00463_2_SESS_U00463_2_0_0,P0214,1
CU00468_2_SESS_U00468_2_0_0,U00468,SESS_U00468_2_0,2026-06-03 13:22:22,SU00468_2_SESS_U00468_2_0_0,P0028,1
CU00469_2_SESS_U00469_2_0_1,U00469,SESS_U00469_2_0,2026-06-03 16:36:05,SU00469_2_SESS_U00469_2_0_1,P0239,1
CU00471_2_SESS_U00471_2_0_0,U00471,SESS_U00471_2_0,2026-06-03 16:11:12,SU00471_2_SESS_U00471_2_0_0,P0138,3
CU00480_2_SESS_U00480_2_0_0,U00480,SESS_U00480_2_0,2026-06-03 08:52:14,SU00480_2_SESS_U00480_2_0_0,P0112,1
CU00484_2_SESS_U00484_2_0_0,U00484,SESS_U00484_2_0,2026-06-03 08:20:24,SU00484_2_SESS_U00484_2_0_0,P0136,1
CU00484_2_SESS_U00484_2_0_1,U00484,SESS_U00484_2_0,2026-06-03 20:37:16,SU00484_2_SESS_U00484_2_0_1,P0107,2
CU00487_2_SESS_U00487_2_0_1,U00487,SESS_U00487_2_0,2026-06-03 20:21:06,SU00487_2_SESS_U00487_2_0_1,P0330,7
CU00487_2_SESS_U00487_2_1_0,U00487,SESS_U00487_2_1,2026-06-03 18:02:24,SU00487_2_SESS_U00487_2_1_0,P0075,1
CU00491_2_SESS_U00491_2_0_0,U00491,SESS_U00491_2_0,2026-06-03 15:16:18,SU00491_2_SESS_U00491_2_0_0,P0277,8
CU00494_2_SESS_U00494_2_1_0,U00494,SESS_U00494_2_1,2026-06-03 21:20:14,SU00494_2_SESS_U00494_2_1_0,P0174,1
CU00494_2_SESS_U00494_2_1_1,U00494,SESS_U00494_2_1,2026-06-03 08:22:08,SU00494_2_SESS_U00494_2_1_1,P0046,1
CU00494_2_SESS_U00494_2_1_2,U00494,SESS_U00494_2_1,2026-06-03 19:34:14,SU00494_2_SESS_U00494_2_1_2,P0381,1
CU00508_2_SESS_U00508_2_0_0,U00508,SESS_U00508_2_0,2026-06-03 10:13:17,SU00508_2_SESS_U00508_2_0_0,P0031,1
CU00527_2_SESS_U00527_2_0_0,U00527,SESS_U00527_2_0,2026-06-03 22:02:05,SU00527_2_SESS_U00527_2_0_0,P0254,1
CU00533_2_SESS_U00533_2_0_0,U00533,SESS_U00533_2_0,2026-06-03 10:12:06,SU00533_2_SESS_U00533_2_0_0,P0027,1
CU00534_2_SESS_U00534_2_0_0,U00534,SESS_U00534_2_0,2026-06-03 20:02:15,SU00534_2_SESS_U00534_2_0_0,P0013,1
CU00534_2_SESS_U00534_2_0_1,U00534,SESS_U00534_2_0,2026-06-03 07:23:19,SU00534_2_SESS_U00534_2_0_1,P0599,2
CU00536_2_SESS_U00536_2_0_0,U00536,SESS_U00536_2_0,2026-06-03 14:48:17,SU00536_2_SESS_U00536_2_0_0,P0482,1
CU00538_2_SESS_U00538_2_0_0,U00538,SESS_U00538_2_0,2026-06-03 16:25:07,SU00538_2_SESS_U00538_2_0_0,P0002,1
CU00538_2_SESS_U00538_2_0_1,U00538,SESS_U00538_2_0,2026-06-03 13:29:12,SU00538_2_SESS_U00538_2_0_1,P0109,5
CU00539_2_SESS_U00539_2_0_0,U00539,SESS_U00539_2_0,2026-06-03 08:36:11,SU00539_2_SESS_U00539_2_0_0,P0002,1
CU00547_2_SESS_U00547_2_0_0,U00547,SESS_U00547_2_0,2026-06-03 17:44:24,SU00547_2_SESS_U00547_2_0_0,P0078,8
CU00547_2_SESS_U00547_2_1_0,U00547,SESS_U00547_2_1,2026-06-03 09:26:10,SU00547_2_SESS_U00547_2_1_0,P0413,4
CU00555_2_SESS_U00555_2_0_0,U00555,SESS_U00555_2_0,2026-06-03 09:40:03,SU00555_2_SESS_U00555_2_0_0,P0277,1
CU00555_2_SESS_U00555_2_1_0,U00555,SESS_U00555_2_1,2026-06-03 09:19:19,SU00555_2_SESS_U00555_2_1_0,P0421,1
CU00555_2_SESS_U00555_2_1_1,U00555,SESS_U00555_2_1,2026-06-03 12:36:05,SU00555_2_SESS_U00555_2_1_1,P0126,1
CU00555_2_SESS_U00555_2_1_2,U00555,SESS_U00555_2_1,2026-06-03 11:20:09,SU00555_2_SESS_U00555_2_1_2,P0210,1
CU00560_2_SESS_U00560_2_0_0,U00560,SESS_U00560_2_0,2026-06-03 20:20:03,SU00560_2_SESS_U00560_2_0_0,P0157,1
CU00560_2_SESS_U00560_2_0_1,U00560,SESS_U00560_2_0,2026-06-03 10:21:08,SU00560_2_SESS_U00560_2_0_1,P0038,1
CU00569_2_SESS_U00569_2_0_0,U00569,SESS_U00569_2_0,2026-06-03 13:17:16,SU00569_2_SESS_U00569_2_0_0,P0640,1
CU00578_2_SESS_U00578_2_0_0,U00578,SESS_U00578_2_0,2026-06-03 14:59:03,SU00578_2_SESS_U00578_2_0_0,P0044,1
CU00579_2_SESS_U00579_2_0_0,U00579,SESS_U00579_2_0,2026-06-03 16:59:18,SU00579_2_SESS_U00579_2_0_0,P0002,1
CU00579_2_SESS_U00579_2_0_1,U00579,SESS_U00579_2_0,2026-06-03 12:26:24,SU00579_2_SESS_U00579_2_0_1,P0005,1
CU00580_2_SESS_U00580_2_0_0,U00580,SESS_U00580_2_0,2026-06-03 07:04:09,SU00580_2_SESS_U00580_2_0_0,P0012,1
CU00589_2_SESS_U00589_2_0_0,U00589,SESS_U00589_2_0,2026-06-03 21:39:24,SU00589_2_SESS_U00589_2_0_0,P0011,1
CU00590_2_SESS_U00590_2_0_0,U00590,SESS_U00590_2_0,2026-06-03 20:19:23,SU00590_2_SESS_U00590_2_0_0,P0622,1
CU00595_2_SESS_U00595_2_0_0,U00595,SESS_U00595_2_0,2026-06-03 14:21:13,SU00595_2_SESS_U00595_2_0_0,P0427,1
CU00597_2_SESS_U00597_2_0_0,U00597,SESS_U00597_2_0,2026-06-03 11:37:16,SU00597_2_SESS_U00597_2_0_0,P0032,1
CU00602_2_SESS_U00602_2_0_0,U00602,SESS_U00602_2_0,2026-06-03 15:24:23,SU00602_2_SESS_U00602_2_0_0,P0134,1
CU00603_2_SESS_U00603_2_0_1,U00603,SESS_U00603_2_0,2026-06-03 15:17:17,SU00603_2_SESS_U00603_2_0_1,P0025,1
CU00612_2_SESS_U00612_2_0_0,U00612,SESS_U00612_2_0,2026-06-03 09:22:24,SU00612_2_SESS_U00612_2_0_0,P0488,7
CU00617_2_SESS_U00617_2_0_0,U00617,SESS_U00617_2_0,2026-06-03 12:31:20,SU00617_2_SESS_U00617_2_0_0,P0007,1
CU00617_2_SESS_U00617_2_0_1,U00617,SESS_U00617_2_0,2026-06-03 22:25:21,SU00617_2_SESS_U00617_2_0_1,P0028,1
CU00618_2_SESS_U00618_2_0_0,U00618,SESS_U00618_2_0,2026-06-03 22:32:04,SU00618_2_SESS_U00618_2_0_0,P0125,1
CU00618_2_SESS_U00618_2_0_2,U00618,SESS_U00618_2_0,2026-06-03 12:41:07,SU00618_2_SESS_U00618_2_0_2,P0065,1
CU00619_2_SESS_U00619_2_0_0,U00619,SESS_U00619_2_0,2026-06-03 13:10:04,SU00619_2_SESS_U00619_2_0_0,P0263,1
CU00619_2_SESS_U00619_2_0_1,U00619,SESS_U00619_2_0,2026-06-03 19:12:13,SU00619_2_SESS_U00619_2_0_1,P0012,1
CU00620_2_SESS_U00620_2_0_0,U00620,SESS_U00620_2_0,2026-06-03 18:34:18,SU00620_2_SESS_U00620_2_0_0,P0031,1
CU00622_2_SESS_U00622_2_0_0,U00622,SESS_U00622_2_0,2026-06-03 09:10:11,SU00622_2_SESS_U00622_2_0_0,P0002,1
CU00635_2_SESS_U00635_2_0_1,U00635,SESS_U00635_2_0,2026-06-03 19:11:10,SU00635_2_SESS_U00635_2_0_1,P0086,1
CU00653_2_SESS_U00653_2_0_0,U00653,SESS_U00653_2_0,2026-06-03 08:37:08,SU00653_2_SESS_U00653_2_0_0,P0262,8
CU00653_2_SESS_U00653_2_0_1,U00653,SESS_U00653_2_0,2026-06-03 18:17:23,SU00653_2_SESS_U00653_2_0_1,P0012,1
CU00656_2_SESS_U00656_2_0_2,U00656,SESS_U00656_2_0,2026-06-03 11:31:20,SU00656_2_SESS_U00656_2_0_2,P0014,1
CU00657_2_SESS_U00657_2_0_0,U00657,SESS_U00657_2_0,2026-06-03 15:20:10,SU00657_2_SESS_U00657_2_0_0,P0002,1
CU00680_2_SESS_U00680_2_0_1,U00680,SESS_U00680_2_0,2026-06-03 21:14:21,SU00680_2_SESS_U00680_2_0_1,P0002,1
CU00680_2_SESS_U00680_2_0_2,U00680,SESS_U00680_2_0,2026-06-03 08:42:22,SU00680_2_SESS_U00680_2_0_2,P0002,1
CU00688_2_SESS_U00688_2_0_0,U00688,SESS_U00688_2_0,2026-06-03 15:11:08,SU00688_2_SESS_U00688_2_0_0,P0042,4
CU00715_2_SESS_U00715_2_0_0,U00715,SESS_U00715_2_0,2026-06-03 07:27:16,SU00715_2_SESS_U00715_2_0_0,P0002,1
CU00717_2_SESS_U00717_2_0_0,U00717,SESS_U00717_2_0,2026-06-03 09:03:22,SU00717_2_SESS_U00717_2_0_0,P0007,1
CU00721_2_SESS_U00721_2_0_0,U00721,SESS_U00721_2_0,2026-06-03 09:20:03,SU00721_2_SESS_U00721_2_0_0,P0118,5
CU00730_2_SESS_U00730_2_0_0,U00730,SESS_U00730_2_0,2026-06-03 08:48:20,SU00730_2_SESS_U00730_2_0_0,P0461,1
CU00730_2_SESS_U00730_2_0_1,U00730,SESS_U00730_2_0,2026-06-03 13:53:23,SU00730_2_SESS_U00730_2_0_1,P0044,1
CU00742_2_SESS_U00742_2_0_0,U00742,SESS_U00742_2_0,2026-06-03 14:46:13,SU00742_2_SESS_U00742_2_0_0,P0053,7
CU00742_2_SESS_U00742_2_1_0,U00742,SESS_U00742_2_1,2026-06-03 15:13:04,SU00742_2_SESS_U00742_2_1_0,P0047,1
CU00747_2_SESS_U00747_2_0_0,U00747,SESS_U00747_2_0,2026-06-03 09:32:12,SU00747_2_SESS_U00747_2_0_0,P0016,1
CU00747_2_SESS_U00747_2_0_1,U00747,SESS_U00747_2_0,2026-06-03 20:31:08,SU00747_2_SESS_U00747_2_0_1,P0210,4
CU00748_2_SESS_U00748_2_0_0,U00748,SESS_U00748_2_0,2026-06-03 11:32:11,SU00748_2_SESS_U00748_2_0_0,P0012,1
CU00753_2_SESS_U00753_2_0_0,U00753,SESS_U00753_2_0,2026-06-03 16:51:22,SU00753_2_SESS_U00753_2_0_0,P0016,1
CU00754_2_SESS_U00754_2_0_0,U00754,SESS_U00754_2_0,2026-06-03 07:49:25,SU00754_2_SESS_U00754_2_0_0,P0427,1
CU00760_2_SESS_U00760_2_0_0,U00760,SESS_U00760_2_0,2026-06-03 13:01:14,SU00760_2_SESS_U00760_2_0_0,P0080,3
CU00760_2_SESS_U00760_2_1_0,U00760,SESS_U00760_2_1,2026-06-03 12:43:17,SU00760_2_SESS_U00760_2_1_0,P0013,1
CU00765_2_SESS_U00765_2_0_0,U00765,SESS_U00765_2_0,2026-06-03 19:25:25,SU00765_2_SESS_U00765_2_0_0,P0021,1
CU00767_2_SESS_U00767_2_0_0,U00767,SESS_U00767_2_0,2026-06-03 08:23:10,SU00767_2_SESS_U00767_2_0_0,P0059,3
CU00768_2_SESS_U00768_2_0_0,U00768,SESS_U00768_2_0,2026-06-03 14:38:13,SU00768_2_SESS_U00768_2_0_0,P0165,6
CU00768_2_SESS_U00768_2_0_1,U00768,SESS_U00768_2_0,2026-06-03 09:43:20,SU00768_2_SESS_U00768_2_0_1,P0044,1
CU00783_2_SESS_U00783_2_0_1,U00783,SESS_U00783_2_0,2026-06-03 14:23:09,SU00783_2_SESS_U00783_2_0_1,P0046,1
CU00786_2_SESS_U00786_2_0_0,U00786,SESS_U00786_2_0,2026-06-03 22:35:13,SU00786_2_SESS_U00786_2_0_0,P0369,1
CU00004_3_SESS_U00004_3_0_0,U00004,SESS_U00004_3_0,2026-06-04 19:52:14,SU00004_3_SESS_U00004_3_0_0,P0012,1
CU00016_3_SESS_U00016_3_0_0,U00016,SESS_U00016_3_0,2026-06-04 16:28:05,SU00016_3_SESS_U00016_3_0_0,P0036,2
CU00027_3_SESS_U00027_3_0_0,U00027,SESS_U00027_3_0,2026-06-04 13:06:10,SU00027_3_SESS_U00027_3_0_0,P0107,1
CU00027_3_SESS_U00027_3_1_0,U00027,SESS_U00027_3_1,2026-06-04 10:28:25,SU00027_3_SESS_U00027_3_1_0,P0413,1
CU00027_3_SESS_U00027_3_1_1,U00027,SESS_U00027_3_1,2026-06-04 08:12:14,SU00027_3_SESS_U00027_3_1_1,P0081,1
CU00029_3_SESS_U00029_3_1_0,U00029,SESS_U00029_3_1,2026-06-04 12:48:13,SU00029_3_SESS_U00029_3_1_0,P0072,1
CU00036_3_SESS_U00036_3_0_1,U00036,SESS_U00036_3_0,2026-06-04 20:51:04,SU00036_3_SESS_U00036_3_0_1,P0013,1
CU00038_3_SESS_U00038_3_0_0,U00038,SESS_U00038_3_0,2026-06-04 12:25:16,SU00038_3_SESS_U00038_3_0_0,P0003,2
CU00046_3_SESS_U00046_3_0_0,U00046,SESS_U00046_3_0,2026-06-04 18:21:10,SU00046_3_SESS_U00046_3_0_0,P0116,1
CU00051_3_SESS_U00051_3_0_0,U00051,SESS_U00051_3_0,2026-06-04 18:34:10,SU00051_3_SESS_U00051_3_0_0,P0002,1
CU00053_3_SESS_U00053_3_0_1,U00053,SESS_U00053_3_0,2026-06-04 12:08:24,SU00053_3_SESS_U00053_3_0_1,P0079,1
CU00055_3_SESS_U00055_3_0_0,U00055,SESS_U00055_3_0,2026-06-04 18:59:09,SU00055_3_SESS_U00055_3_0_0,P0009,8
CU00055_3_SESS_U00055_3_0_1,U00055,SESS_U00055_3_0,2026-06-04 08:33:13,SU00055_3_SESS_U00055_3_0_1,P0167,5
CU00062_3_SESS_U00062_3_0_0,U00062,SESS_U00062_3_0,2026-06-04 17:27:05,SU00062_3_SESS_U00062_3_0_0,P0161,1
CU00074_3_SESS_U00074_3_0_0,U00074,SESS_U00074_3_0,2026-06-04 07:33:24,SU00074_3_SESS_U00074_3_0_0,P0249,8
CU00078_3_SESS_U00078_3_0_0,U00078,SESS_U00078_3_0,2026-06-04 11:01:25,SU00078_3_SESS_U00078_3_0_0,P0163,1
CU00085_3_SESS_U00085_3_0_0,U00085,SESS_U00085_3_0,2026-06-04 07:54:18,SU00085_3_SESS_U00085_3_0_0,P0076,1
CU00089_3_SESS_U00089_3_0_0,U00089,SESS_U00089_3_0,2026-06-04 15:04:19,SU00089_3_SESS_U00089_3_0_0,P0002,1
CU00092_3_SESS_U00092_3_0_0,U00092,SESS_U00092_3_0,2026-06-04 19:50:20,SU00092_3_SESS_U00092_3_0_0,P0127,1
CU00092_3_SESS_U00092_3_0_1,U00092,SESS_U00092_3_0,2026-06-04 11:47:21,SU00092_3_SESS_U00092_3_0_1,P0048,1
CU00096_3_SESS_U00096_3_0_0,U00096,SESS_U00096_3_0,2026-06-04 12:01:07,SU00096_3_SESS_U00096_3_0_0,P0002,1
CU00096_3_SESS_U00096_3_0_2,U00096,SESS_U00096_3_0,2026-06-04 09:55:24,SU00096_3_SESS_U00096_3_0_2,P0002,1
CU00099_3_SESS_U00099_3_0_0,U00099,SESS_U00099_3_0,2026-06-04 17:12:05,SU00099_3_SESS_U00099_3_0_0,P0155,1
CU00100_3_SESS_U00100_3_0_0,U00100,SESS_U00100_3_0,2026-06-04 20:53:17,SU00100_3_SESS_U00100_3_0_0,P0488,3
CU00104_3_SESS_U00104_3_0_0,U00104,SESS_U00104_3_0,2026-06-04 15:47:05,SU00104_3_SESS_U00104_3_0_0,P0183,1
CU00104_3_SESS_U00104_3_0_1,U00104,SESS_U00104_3_0,2026-06-04 16:41:20,SU00104_3_SESS_U00104_3_0_1,P0599,2
CU00118_3_SESS_U00118_3_0_1,U00118,SESS_U00118_3_0,2026-06-04 08:38:23,SU00118_3_SESS_U00118_3_0_1,P0101,1
CU00120_3_SESS_U00120_3_0_0,U00120,SESS_U00120_3_0,2026-06-04 17:13:11,SU00120_3_SESS_U00120_3_0_0,P0482,7
CU00125_3_SESS_U00125_3_0_0,U00125,SESS_U00125_3_0,2026-06-04 09:37:16,SU00125_3_SESS_U00125_3_0_0,P0041,1
CU00129_3_SESS_U00129_3_0_0,U00129,SESS_U00129_3_0,2026-06-04 11:14:23,SU00129_3_SESS_U00129_3_0_0,P0020,7
CU00129_3_SESS_U00129_3_0_1,U00129,SESS_U00129_3_0,2026-06-04 08:46:16,SU00129_3_SESS_U00129_3_0_1,P0085,1
CU00129_3_SESS_U00129_3_0_2,U00129,SESS_U00129_3_0,2026-06-04 17:04:07,SU00129_3_SESS_U00129_3_0_2,P0003,3
CU00133_3_SESS_U00133_3_0_1,U00133,SESS_U00133_3_0,2026-06-04 21:29:14,SU00133_3_SESS_U00133_3_0_1,P0171,1
CU00138_3_SESS_U00138_3_0_0,U00138,SESS_U00138_3_0,2026-06-04 12:30:19,SU00138_3_SESS_U00138_3_0_0,P0566,1
CU00145_3_SESS_U00145_3_0_0,U00145,SESS_U00145_3_0,2026-06-04 22:59:12,SU00145_3_SESS_U00145_3_0_0,P0001,1
CU00145_3_SESS_U00145_3_0_1,U00145,SESS_U00145_3_0,2026-06-04 13:51:17,SU00145_3_SESS_U00145_3_0_1,P0010,1
CU00149_3_SESS_U00149_3_0_0,U00149,SESS_U00149_3_0,2026-06-04 09:03:06,SU00149_3_SESS_U00149_3_0_0,P0002,1
CU00150_3_SESS_U00150_3_0_0,U00150,SESS_U00150_3_0,2026-06-04 07:35:17,SU00150_3_SESS_U00150_3_0_0,P0009,1
CU00153_3_SESS_U00153_3_0_0,U00153,SESS_U00153_3_0,2026-06-04 13:13:21,SU00153_3_SESS_U00153_3_0_0,P0005,7
CU00153_3_SESS_U00153_3_0_1,U00153,SESS_U00153_3_0,2026-06-04 19:10:05,SU00153_3_SESS_U00153_3_0_1,P0433,1
CU00157_3_SESS_U00157_3_0_1,U00157,SESS_U00157_3_0,2026-06-04 12:56:14,SU00157_3_SESS_U00157_3_0_1,P0092,1
CU00161_3_SESS_U00161_3_0_0,U00161,SESS_U00161_3_0,2026-06-04 09:16:05,SU00161_3_SESS_U00161_3_0_0,P0091,4
CU00163_3_SESS_U00163_3_1_0,U00163,SESS_U00163_3_1,2026-06-04 18:11:07,SU00163_3_SESS_U00163_3_1_0,P0059,1
CU00166_3_SESS_U00166_3_0_1,U00166,SESS_U00166_3_0,2026-06-04 20:26:12,SU00166_3_SESS_U00166_3_0_1,P0207,4
CU00166_3_SESS_U00166_3_1_1,U00166,SESS_U00166_3_1,2026-06-04 20:03:15,SU00166_3_SESS_U00166_3_1_1,P0012,1
CU00169_3_SESS_U00169_3_0_1,U00169,SESS_U00169_3_0,2026-06-04 18:55:03,SU00169_3_SESS_U00169_3_0_1,P0437,4
CU00170_3_SESS_U00170_3_0_0,U00170,SESS_U00170_3_0,2026-06-04 07:13:23,SU00170_3_SESS_U00170_3_0_0,P0033,2
CU00173_3_SESS_U00173_3_0_0,U00173,SESS_U00173_3_0,2026-06-04 20:38:08,SU00173_3_SESS_U00173_3_0_0,P0069,7
CU00173_3_SESS_U00173_3_1_0,U00173,SESS_U00173_3_1,2026-06-04 10:43:18,SU00173_3_SESS_U00173_3_1_0,P0049,4
CU00173_3_SESS_U00173_3_1_1,U00173,SESS_U00173_3_1,2026-06-04 16:41:11,SU00173_3_SESS_U00173_3_1_1,P0232,5
CU00181_3_SESS_U00181_3_0_0,U00181,SESS_U00181_3_0,2026-06-04 20:02:25,SU00181_3_SESS_U00181_3_0_0,P0171,1
CU00184_3_SESS_U00184_3_0_0,U00184,SESS_U00184_3_0,2026-06-04 09:43:15,SU00184_3_SESS_U00184_3_0_0,P0016,2
CU00192_3_SESS_U00192_3_0_0,U00192,SESS_U00192_3_0,2026-06-04 12:00:17,SU00192_3_SESS_U00192_3_0_0,P0041,1
CU00199_3_SESS_U00199_3_0_0,U00199,SESS_U00199_3_0,2026-06-04 21:08:10,SU00199_3_SESS_U00199_3_0_0,P0058,6
CU00220_3_SESS_U00220_3_0_0,U00220,SESS_U00220_3_0,2026-06-04 18:13:24,SU00220_3_SESS_U00220_3_0_0,P0171,1
CU00226_3_SESS_U00226_3_0_0,U00226,SESS_U00226_3_0,2026-06-04 10:56:03,SU00226_3_SESS_U00226_3_0_0,P0111,1
CU00230_3_SESS_U00230_3_0_0,U00230,SESS_U00230_3_0,2026-06-04 12:22:19,SU00230_3_SESS_U00230_3_0_0,P0023,1
CU00230_3_SESS_U00230_3_0_1,U00230,SESS_U00230_3_0,2026-06-04 18:23:10,SU00230_3_SESS_U00230_3_0_1,P0016,1
CU00230_3_SESS_U00230_3_1_1,U00230,SESS_U00230_3_1,2026-06-04 19:28:07,SU00230_3_SESS_U00230_3_1_1,P0002,1
CU00230_3_SESS_U00230_3_1_2,U00230,SESS_U00230_3_1,2026-06-04 17:16:19,SU00230_3_SESS_U00230_3_1_2,P0211,3
CU00239_3_SESS_U00239_3_0_1,U00239,SESS_U00239_3_0,2026-06-04 10:36:12,SU00239_3_SESS_U00239_3_0_1,P0002,1
CU00239_3_SESS_U00239_3_0_2,U00239,SESS_U00239_3_0,2026-06-04 12:51:20,SU00239_3_SESS_U00239_3_0_2,P0016,1
CU00239_3_SESS_U00239_3_1_0,U00239,SESS_U00239_3_1,2026-06-04 20:48:08,SU00239_3_SESS_U00239_3_1_0,P0299,5
CU00239_3_SESS_U00239_3_1_1,U00239,SESS_U00239_3_1,2026-06-04 07:37:22,SU00239_3_SESS_U00239_3_1_1,P0014,8
CU00245_3_SESS_U00245_3_0_0,U00245,SESS_U00245_3_0,2026-06-04 08:17:12,SU00245_3_SESS_U00245_3_0_0,P0010,7
CU00259_3_SESS_U00259_3_0_0,U00259,SESS_U00259_3_0,2026-06-04 20:42:22,SU00259_3_SESS_U00259_3_0_0,P0002,1
CU00264_3_SESS_U00264_3_0_0,U00264,SESS_U00264_3_0,2026-06-04 08:44:19,SU00264_3_SESS_U00264_3_0_0,P0072,1
CU00264_3_SESS_U00264_3_0_1,U00264,SESS_U00264_3_0,2026-06-04 21:16:24,SU00264_3_SESS_U00264_3_0_1,P0002,1
CU00268_3_SESS_U00268_3_0_1,U00268,SESS_U00268_3_0,2026-06-04 21:40:19,SU00268_3_SESS_U00268_3_0_1,P0006,4
CU00282_3_SESS_U00282_3_0_2,U00282,SESS_U00282_3_0,2026-06-04 07:11:13,SU00282_3_SESS_U00282_3_0_2,P0012,1
CU00288_3_SESS_U00288_3_0_0,U00288,SESS_U00288_3_0,2026-06-04 09:53:24,SU00288_3_SESS_U00288_3_0_0,P0117,3
CU00292_3_SESS_U00292_3_0_1,U00292,SESS_U00292_3_0,2026-06-04 19:44:04,SU00292_3_SESS_U00292_3_0_1,P0006,1
CU00292_3_SESS_U00292_3_0_2,U00292,SESS_U00292_3_0,2026-06-04 22:23:07,SU00292_3_SESS_U00292_3_0_2,P0003,2
CU00297_3_SESS_U00297_3_0_0,U00297,SESS_U00297_3_0,2026-06-04 21:58:24,SU00297_3_SESS_U00297_3_0_0,P0074,5
CU00297_3_SESS_U00297_3_0_1,U00297,SESS_U00297_3_0,2026-06-04 18:06:11,SU00297_3_SESS_U00297_3_0_1,P0147,6
CU00305_3_SESS_U00305_3_0_0,U00305,SESS_U00305_3_0,2026-06-04 15:42:20,SU00305_3_SESS_U00305_3_0_0,P0006,4
CU00306_3_SESS_U00306_3_0_0,U00306,SESS_U00306_3_0,2026-06-04 11:19:17,SU00306_3_SESS_U00306_3_0_0,P0029,2
CU00310_3_SESS_U00310_3_0_1,U00310,SESS_U00310_3_0,2026-06-04 14:13:25,SU00310_3_SESS_U00310_3_0_1,P0304,5
CU00319_3_SESS_U00319_3_0_0,U00319,SESS_U00319_3_0,2026-06-04 19:59:20,SU00319_3_SESS_U00319_3_0_0,P0450,1
CU00326_3_SESS_U00326_3_0_0,U00326,SESS_U00326_3_0,2026-06-04 15:25:04,SU00326_3_SESS_U00326_3_0_0,P0615,1
CU00326_3_SESS_U00326_3_0_1,U00326,SESS_U00326_3_0,2026-06-04 10:14:17,SU00326_3_SESS_U00326_3_0_1,P0101,1
CU00326_3_SESS_U00326_3_1_1,U00326,SESS_U00326_3_1,2026-06-04 22:34:09,SU00326_3_SESS_U00326_3_1_1,P0046,1
CU00329_3_SESS_U00329_3_1_1,U00329,SESS_U00329_3_1,2026-06-04 09:55:24,SU00329_3_SESS_U00329_3_1_1,P0584,1
CU00330_3_SESS_U00330_3_0_0,U00330,SESS_U00330_3_0,2026-06-04 09:08:13,SU00330_3_SESS_U00330_3_0_0,P0004,2
CU00335_3_SESS_U00335_3_0_0,U00335,SESS_U00335_3_0,2026-06-04 18:40:25,SU00335_3_SESS_U00335_3_0_0,P0009,1
CU00346_3_SESS_U00346_3_0_1,U00346,SESS_U00346_3_0,2026-06-04 13:58:07,SU00346_3_SESS_U00346_3_0_1,P0207,1
CU00349_3_SESS_U00349_3_0_0,U00349,SESS_U00349_3_0,2026-06-04 18:44:18,SU00349_3_SESS_U00349_3_0_0,P0044,1
CU00349_3_SESS_U00349_3_1_0,U00349,SESS_U00349_3_1,2026-06-04 12:34:16,SU00349_3_SESS_U00349_3_1_0,P0004,3
CU00351_3_SESS_U00351_3_0_1,U00351,SESS_U00351_3_0,2026-06-04 09:19:06,SU00351_3_SESS_U00351_3_0_1,P0592,1
CU00354_3_SESS_U00354_3_0_0,U00354,SESS_U00354_3_0,2026-06-04 17:07:24,SU00354_3_SESS_U00354_3_0_0,P0009,5
CU00359_3_SESS_U00359_3_0_0,U00359,SESS_U00359_3_0,2026-06-04 19:01:24,SU00359_3_SESS_U00359_3_0_0,P0016,1
CU00382_3_SESS_U00382_3_0_0,U00382,SESS_U00382_3_0,2026-06-04 09:07:17,SU00382_3_SESS_U00382_3_0_0,P0032,1
CU00385_3_SESS_U00385_3_0_0,U00385,SESS_U00385_3_0,2026-06-04 12:09:06,SU00385_3_SESS_U00385_3_0_0,P0126,5
CU00386_3_SESS_U00386_3_0_1,U00386,SESS_U00386_3_0,2026-06-04 20:37:23,SU00386_3_SESS_U00386_3_0_1,P0002,1
CU00388_3_SESS_U00388_3_0_0,U00388,SESS_U00388_3_0,2026-06-04 09:47:05,SU00388_3_SESS_U00388_3_0_0,P0236,5
CU00398_3_SESS_U00398_3_1_0,U00398,SESS_U00398_3_1,2026-06-04 13:39:04,SU00398_3_SESS_U00398_3_1_0,P0011,8
CU00401_3_SESS_U00401_3_0_0,U00401,SESS_U00401_3_0,2026-06-04 09:47:08,SU00401_3_SESS_U00401_3_0_0,P0059,1
CU00408_3_SESS_U00408_3_0_0,U00408,SESS_U00408_3_0,2026-06-04 21:16:20,SU00408_3_SESS_U00408_3_0_0,P0098,1
CU00421_3_SESS_U00421_3_0_0,U00421,SESS_U00421_3_0,2026-06-04 09:35:08,SU00421_3_SESS_U00421_3_0_0,P0128,1
CU00436_3_SESS_U00436_3_0_0,U00436,SESS_U00436_3_0,2026-06-04 19:19:12,SU00436_3_SESS_U00436_3_0_0,P0058,8
CU00436_3_SESS_U00436_3_0_1,U00436,SESS_U00436_3_0,2026-06-04 12:50:12,SU00436_3_SESS_U00436_3_0_1,P0036,1
CU00438_3_SESS_U00438_3_0_1,U00438,SESS_U00438_3_0,2026-06-04 18:03:11,SU00438_3_SESS_U00438_3_0_1,P0277,1
CU00438_3_SESS_U00438_3_0_2,U00438,SESS_U00438_3_0,2026-06-04 22:24:15,SU00438_3_SESS_U00438_3_0_2,P0210,1
CU00442_3_SESS_U00442_3_1_0,U00442,SESS_U00442_3_1,2026-06-04 16:08:05,SU00442_3_SESS_U00442_3_1_0,P0584,3
CU00442_3_SESS_U00442_3_1_2,U00442,SESS_U00442_3_1,2026-06-04 16:13:05,SU00442_3_SESS_U00442_3_1_2,P0433,1
CU00443_3_SESS_U00443_3_0_0,U00443,SESS_U00443_3_0,2026-06-04 12:54:12,SU00443_3_SESS_U00443_3_0_0,P0001,1
CU00454_3_SESS_U00454_3_0_0,U00454,SESS_U00454_3_0,2026-06-04 15:09:21,SU00454_3_SESS_U00454_3_0_0,P0002,1
CU00458_3_SESS_U00458_3_0_0,U00458,SESS_U00458_3_0,2026-06-04 17:08:18,SU00458_3_SESS_U00458_3_0_0,P0197,4
CU00459_3_SESS_U00459_3_0_1,U00459,SESS_U00459_3_0,2026-06-04 14:47:08,SU00459_3_SESS_U00459_3_0_1,P0051,4
CU00466_3_SESS_U00466_3_0_0,U00466,SESS_U00466_3_0,2026-06-04 13:34:24,SU00466_3_SESS_U00466_3_0_0,P0159,5
CU00475_3_SESS_U00475_3_0_1,U00475,SESS_U00475_3_0,2026-06-04 09:56:20,SU00475_3_SESS_U00475_3_0_1,P0129,2
CU00483_3_SESS_U00483_3_0_0,U00483,SESS_U00483_3_0,2026-06-04 22:19:22,SU00483_3_SESS_U00483_3_0_0,P0002,1
CU00488_3_SESS_U00488_3_0_0,U00488,SESS_U00488_3_0,2026-06-04 20:33:24,SU00488_3_SESS_U00488_3_0_0,P0494,7
CU00490_3_SESS_U00490_3_0_0,U00490,SESS_U00490_3_0,2026-06-04 14:29:10,SU00490_3_SESS_U00490_3_0_0,P0004,3
CU00494_3_SESS_U00494_3_0_0,U00494,SESS_U00494_3_0,2026-06-04 20:04:24,SU00494_3_SESS_U00494_3_0_0,P0031,1
CU00502_3_SESS_U00502_3_0_0,U00502,SESS_U00502_3_0,2026-06-04 07:41:25,SU00502_3_SESS_U00502_3_0_0,P0263,1
CU00513_3_SESS_U00513_3_0_1,U00513,SESS_U00513_3_0,2026-06-04 10:27:04,SU00513_3_SESS_U00513_3_0_1,P0225,6
CU00533_3_SESS_U00533_3_0_0,U00533,SESS_U00533_3_0,2026-06-04 14:55:03,SU00533_3_SESS_U00533_3_0_0,P0085,5
CU00537_3_SESS_U00537_3_0_0,U00537,SESS_U00537_3_0,2026-06-04 11:00:22,SU00537_3_SESS_U00537_3_0_0,P0013,1
CU00544_3_SESS_U00544_3_0_0,U00544,SESS_U00544_3_0,2026-06-04 21:21:23,SU00544_3_SESS_U00544_3_0_0,P0013,1
CU00548_3_SESS_U00548_3_0_1,U00548,SESS_U00548_3_0,2026-06-04 11:53:13,SU00548_3_SESS_U00548_3_0_1,P0538,6
CU00551_3_SESS_U00551_3_1_0,U00551,SESS_U00551_3_1,2026-06-04 08:05:08,SU00551_3_SESS_U00551_3_1_0,P0061,4
CU00557_3_SESS_U00557_3_0_0,U00557,SESS_U00557_3_0,2026-06-04 22:58:21,SU00557_3_SESS_U00557_3_0_0,P0006,4
CU00561_3_SESS_U00561_3_0_0,U00561,SESS_U00561_3_0,2026-06-04 10:35:10,SU00561_3_SESS_U00561_3_0_0,P0146,4
CU00571_3_SESS_U00571_3_0_0,U00571,SESS_U00571_3_0,2026-06-04 07:11:13,SU00571_3_SESS_U00571_3_0_0,P0003,1
CU00571_3_SESS_U00571_3_0_1,U00571,SESS_U00571_3_0,2026-06-04 11:19:25,SU00571_3_SESS_U00571_3_0_1,P0584,7
CU00572_3_SESS_U00572_3_0_0,U00572,SESS_U00572_3_0,2026-06-04 14:31:07,SU00572_3_SESS_U00572_3_0_0,P0002,1
CU00577_3_SESS_U00577_3_0_0,U00577,SESS_U00577_3_0,2026-06-04 17:50:12,SU00577_3_SESS_U00577_3_0_0,P0227,1
CU00579_3_SESS_U00579_3_0_1,U00579,SESS_U00579_3_0,2026-06-04 11:34:15,SU00579_3_SESS_U00579_3_0_1,P0002,1
CU00581_3_SESS_U00581_3_0_0,U00581,SESS_U00581_3_0,2026-06-04 17:55:09,SU00581_3_SESS_U00581_3_0_0,P0055,1
CU00587_3_SESS_U00587_3_0_0,U00587,SESS_U00587_3_0,2026-06-04 08:38:25,SU00587_3_SESS_U00587_3_0_0,P0156,1
CU00593_3_SESS_U00593_3_0_0,U00593,SESS_U00593_3_0,2026-06-04 16:30:21,SU00593_3_SESS_U00593_3_0_0,P0011,8
CU00606_3_SESS_U00606_3_0_2,U00606,SESS_U00606_3_0,2026-06-04 09:54:08,SU00606_3_SESS_U00606_3_0_2,P0002,1
CU00606_3_SESS_U00606_3_1_0,U00606,SESS_U00606_3_1,2026-06-04 09:35:22,SU00606_3_SESS_U00606_3_1_0,P0003,2
CU00608_3_SESS_U00608_3_0_0,U00608,SESS_U00608_3_0,2026-06-04 12:07:23,SU00608_3_SESS_U00608_3_0_0,P0001,1
CU00610_3_SESS_U00610_3_0_0,U00610,SESS_U00610_3_0,2026-06-04 07:40:06,SU00610_3_SESS_U00610_3_0_0,P0394,1
CU00610_3_SESS_U00610_3_0_1,U00610,SESS_U00610_3_0,2026-06-04 10:18:22,SU00610_3_SESS_U00610_3_0_1,P0622,1
CU00611_3_SESS_U00611_3_0_0,U00611,SESS_U00611_3_0,2026-06-04 22:51:22,SU00611_3_SESS_U00611_3_0_0,P0159,1
CU00614_3_SESS_U00614_3_0_0,U00614,SESS_U00614_3_0,2026-06-04 21:08:13,SU00614_3_SESS_U00614_3_0_0,P0330,8
CU00620_3_SESS_U00620_3_0_0,U00620,SESS_U00620_3_0,2026-06-04 17:08:04,SU00620_3_SESS_U00620_3_0_0,P0031,1
CU00620_3_SESS_U00620_3_0_1,U00620,SESS_U00620_3_0,2026-06-04 16:12:14,SU00620_3_SESS_U00620_3_0_1,P0016,1
CU00639_3_SESS_U00639_3_0_1,U00639,SESS_U00639_3_0,2026-06-04 18:44:06,SU00639_3_SESS_U00639_3_0_1,P0186,1
CU00639_3_SESS_U00639_3_1_0,U00639,SESS_U00639_3_1,2026-06-04 19:19:25,SU00639_3_SESS_U00639_3_1_0,P0116,6
CU00647_3_SESS_U00647_3_0_0,U00647,SESS_U00647_3_0,2026-06-04 12:37:21,SU00647_3_SESS_U00647_3_0_0,P0235,1
CU00649_3_SESS_U00649_3_0_0,U00649,SESS_U00649_3_0,2026-06-04 14:40:13,SU00649_3_SESS_U00649_3_0_0,P0065,3
CU00660_3_SESS_U00660_3_0_0,U00660,SESS_U00660_3_0,2026-06-04 11:11:11,SU00660_3_SESS_U00660_3_0_0,P0135,5
CU00665_3_SESS_U00665_3_0_0,U00665,SESS_U00665_3_0,2026-06-04 19:48:15,SU00665_3_SESS_U00665_3_0_0,P0174,1
CU00668_3_SESS_U00668_3_0_1,U00668,SESS_U00668_3_0,2026-06-04 16:19:24,SU00668_3_SESS_U00668_3_0_1,P0012,6
CU00670_3_SESS_U00670_3_0_0,U00670,SESS_U00670_3_0,2026-06-04 16:34:11,SU00670_3_SESS_U00670_3_0_0,P0235,2
CU00674_3_SESS_U00674_3_0_0,U00674,SESS_U00674_3_0,2026-06-04 20:00:13,SU00674_3_SESS_U00674_3_0_0,P0180,1
CU00679_3_SESS_U00679_3_0_0,U00679,SESS_U00679_3_0,2026-06-04 14:33:21,SU00679_3_SESS_U00679_3_0_0,P0092,1
CU00679_3_SESS_U00679_3_1_0,U00679,SESS_U00679_3_1,2026-06-04 20:00:11,SU00679_3_SESS_U00679_3_1_0,P0003,2
CU00679_3_SESS_U00679_3_1_1,U00679,SESS_U00679_3_1,2026-06-04 21:40:14,SU00679_3_SESS_U00679_3_1_1,P0279,5
CU00692_3_SESS_U00692_3_0_0,U00692,SESS_U00692_3_0,2026-06-04 18:34:23,SU00692_3_SESS_U00692_3_0_0,P0167,1
CU00692_3_SESS_U00692_3_0_1,U00692,SESS_U00692_3_0,2026-06-04 21:07:18,SU00692_3_SESS_U00692_3_0_1,P0156,1
CU00693_3_SESS_U00693_3_0_1,U00693,SESS_U00693_3_0,2026-06-04 21:10:13,SU00693_3_SESS_U00693_3_0_1,P0492,1
CU00698_3_SESS_U00698_3_0_1,U00698,SESS_U00698_3_0,2026-06-04 14:57:09,SU00698_3_SESS_U00698_3_0_1,P0092,1
CU00704_3_SESS_U00704_3_0_0,U00704,SESS_U00704_3_0,2026-06-04 17:14:19,SU00704_3_SESS_U00704_3_0_0,P0098,7
CU00707_3_SESS_U00707_3_0_0,U00707,SESS_U00707_3_0,2026-06-04 22:11:07,SU00707_3_SESS_U00707_3_0_0,P0234,7
CU00709_3_SESS_U00709_3_0_1,U00709,SESS_U00709_3_0,2026-06-04 16:00:24,SU00709_3_SESS_U00709_3_0_1,P0120,7
CU00709_3_SESS_U00709_3_0_2,U00709,SESS_U00709_3_0,2026-06-04 16:27:13,SU00709_3_SESS_U00709_3_0_2,P0046,1
CU00712_3_SESS_U00712_3_0_1,U00712,SESS_U00712_3_0,2026-06-04 08:04:15,SU00712_3_SESS_U00712_3_0_1,P0004,1
CU00712_3_SESS_U00712_3_0_2,U00712,SESS_U00712_3_0,2026-06-04 07:40:18,SU00712_3_SESS_U00712_3_0_2,P0027,1
CU00718_3_SESS_U00718_3_0_2,U00718,SESS_U00718_3_0,2026-06-04 22:17:24,SU00718_3_SESS_U00718_3_0_2,P0412,1
CU00725_3_SESS_U00725_3_0_0,U00725,SESS_U00725_3_0,2026-06-04 20:53:07,SU00725_3_SESS_U00725_3_0_0,P0010,1
CU00727_3_SESS_U00727_3_0_0,U00727,SESS_U00727_3_0,2026-06-04 17:10:21,SU00727_3_SESS_U00727_3_0_0,P0002,1
CU00731_3_SESS_U00731_3_0_1,U00731,SESS_U00731_3_0,2026-06-04 19:03:15,SU00731_3_SESS_U00731_3_0_1,P0046,1
CU00737_3_SESS_U00737_3_0_0,U00737,SESS_U00737_3_0,2026-06-04 22:55:10,SU00737_3_SESS_U00737_3_0_0,P0073,1
CU00737_3_SESS_U00737_3_0_1,U00737,SESS_U00737_3_0,2026-06-04 18:52:04,SU00737_3_SESS_U00737_3_0_1,P0506,1
CU00740_3_SESS_U00740_3_0_0,U00740,SESS_U00740_3_0,2026-06-04 07:29:12,SU00740_3_SESS_U00740_3_0_0,P0001,1
CU00745_3_SESS_U00745_3_0_0,U00745,SESS_U00745_3_0,2026-06-04 16:12:25,SU00745_3_SESS_U00745_3_0_0,P0010,1
CU00750_3_SESS_U00750_3_0_0,U00750,SESS_U00750_3_0,2026-06-04 11:04:20,SU00750_3_SESS_U00750_3_0_0,P0131,3
CU00750_3_SESS_U00750_3_1_0,U00750,SESS_U00750_3_1,2026-06-04 07:11:09,SU00750_3_SESS_U00750_3_1_0,P0078,1
CU00750_3_SESS_U00750_3_1_1,U00750,SESS_U00750_3_1,2026-06-04 17:49:10,SU00750_3_SESS_U00750_3_1_1,P0217,7
CU00752_3_SESS_U00752_3_0_0,U00752,SESS_U00752_3_0,2026-06-04 14:52:18,SU00752_3_SESS_U00752_3_0_0,P0004,1
CU00756_3_SESS_U00756_3_0_0,U00756,SESS_U00756_3_0,2026-06-04 22:57:16,SU00756_3_SESS_U00756_3_0_0,P0017,8
CU00758_3_SESS_U00758_3_0_0,U00758,SESS_U00758_3_0,2026-06-04 17:57:22,SU00758_3_SESS_U00758_3_0_0,P0007,5
CU00758_3_SESS_U00758_3_0_1,U00758,SESS_U00758_3_0,2026-06-04 13:04:08,SU00758_3_SESS_U00758_3_0_1,P0095,2
CU00758_3_SESS_U00758_3_1_0,U00758,SESS_U00758_3_1,2026-06-04 07:29:15,SU00758_3_SESS_U00758_3_1_0,P0002,1
CU00761_3_SESS_U00761_3_0_0,U00761,SESS_U00761_3_0,2026-06-04 13:50:18,SU00761_3_SESS_U00761_3_0_0,P0133,6
CU00761_3_SESS_U00761_3_0_1,U00761,SESS_U00761_3_0,2026-06-04 09:36:23,SU00761_3_SESS_U00761_3_0_1,P0002,1
CU00762_3_SESS_U00762_3_0_0,U00762,SESS_U00762_3_0,2026-06-04 21:46:09,SU00762_3_SESS_U00762_3_0_0,P0002,1
CU00765_3_SESS_U00765_3_0_0,U00765,SESS_U00765_3_0,2026-06-04 08:10:15,SU00765_3_SESS_U00765_3_0_0,P0029,1
CU00772_3_SESS_U00772_3_0_0,U00772,SESS_U00772_3_0,2026-06-04 10:34:13,SU00772_3_SESS_U00772_3_0_0,P0563,1
CU00772_3_SESS_U00772_3_0_1,U00772,SESS_U00772_3_0,2026-06-04 21:36:21,SU00772_3_SESS_U00772_3_0_1,P0020,7
CU00775_3_SESS_U00775_3_0_0,U00775,SESS_U00775_3_0,2026-06-04 13:30:14,SU00775_3_SESS_U00775_3_0_0,P0427,1
CU00775_3_SESS_U00775_3_0_1,U00775,SESS_U00775_3_0,2026-06-04 21:07:06,SU00775_3_SESS_U00775_3_0_1,P0125,1
CU00779_3_SESS_U00779_3_0_0,U00779,SESS_U00779_3_0,2026-06-04 14:35:07,SU00779_3_SESS_U00779_3_0_0,P0002,1
CU00779_3_SESS_U00779_3_0_1,U00779,SESS_U00779_3_0,2026-06-04 18:30:06,SU00779_3_SESS_U00779_3_0_1,P0010,1
CU00782_3_SESS_U00782_3_0_1,U00782,SESS_U00782_3_0,2026-06-04 22:42:20,SU00782_3_SESS_U00782_3_0_1,P0063,3
CU00784_3_SESS_U00784_3_0_0,U00784,SESS_U00784_3_0,2026-06-04 08:46:10,SU00784_3_SESS_U00784_3_0_0,P0129,2
CU00787_3_SESS_U00787_3_0_0,U00787,SESS_U00787_3_0,2026-06-04 08:51:24,SU00787_3_SESS_U00787_3_0_0,P0001,1
CU00793_3_SESS_U00793_3_0_1,U00793,SESS_U00793_3_0,2026-06-04 17:29:18,SU00793_3_SESS_U00793_3_0_1,P0009,6
CU00793_3_SESS_U00793_3_0_2,U00793,SESS_U00793_3_0,2026-06-04 09:28:24,SU00793_3_SESS_U00793_3_0_2,P0002,1
CU00003_4_SESS_U00003_4_0_0,U00003,SESS_U00003_4_0,2026-06-05 18:56:17,SU00003_4_SESS_U00003_4_0_0,P0134,1
CU00003_4_SESS_U00003_4_0_1,U00003,SESS_U00003_4_0,2026-06-05 19:24:20,SU00003_4_SESS_U00003_4_0_1,P0488,5
CU00004_4_SESS_U00004_4_0_0,U00004,SESS_U00004_4_0,2026-06-05 13:53:13,SU00004_4_SESS_U00004_4_0_0,P0002,1
CU00009_4_SESS_U00009_4_0_1,U00009,SESS_U00009_4_0,2026-06-05 12:19:13,SU00009_4_SESS_U00009_4_0_1,P0002,1
CU00017_4_SESS_U00017_4_0_0,U00017,SESS_U00017_4_0,2026-06-05 18:06:22,SU00017_4_SESS_U00017_4_0_0,P0482,1
CU00025_4_SESS_U00025_4_0_0,U00025,SESS_U00025_4_0,2026-06-05 11:19:04,SU00025_4_SESS_U00025_4_0_0,P0021,1
CU00031_4_SESS_U00031_4_0_0,U00031,SESS_U00031_4_0,2026-06-05 10:05:20,SU00031_4_SESS_U00031_4_0_0,P0036,1
CU00043_4_SESS_U00043_4_0_0,U00043,SESS_U00043_4_0,2026-06-05 19:44:19,SU00043_4_SESS_U00043_4_0_0,P0149,1
CU00044_4_SESS_U00044_4_0_0,U00044,SESS_U00044_4_0,2026-06-05 14:03:21,SU00044_4_SESS_U00044_4_0_0,P0202,7
CU00045_4_SESS_U00045_4_1_0,U00045,SESS_U00045_4_1,2026-06-05 10:56:04,SU00045_4_SESS_U00045_4_1_0,P0029,1
CU00050_4_SESS_U00050_4_0_0,U00050,SESS_U00050_4_0,2026-06-05 13:50:09,SU00050_4_SESS_U00050_4_0_0,P0002,1
CU00052_4_SESS_U00052_4_0_0,U00052,SESS_U00052_4_0,2026-06-05 08:57:13,SU00052_4_SESS_U00052_4_0_0,P0167,1
CU00058_4_SESS_U00058_4_0_0,U00058,SESS_U00058_4_0,2026-06-05 12:17:17,SU00058_4_SESS_U00058_4_0_0,P0011,3
CU00059_4_SESS_U00059_4_0_0,U00059,SESS_U00059_4_0,2026-06-05 16:09:06,SU00059_4_SESS_U00059_4_0_0,P0002,1
CU00069_4_SESS_U00069_4_0_1,U00069,SESS_U00069_4_0,2026-06-05 13:41:23,SU00069_4_SESS_U00069_4_0_1,P0098,1
CU00069_4_SESS_U00069_4_1_1,U00069,SESS_U00069_4_1,2026-06-05 21:10:06,SU00069_4_SESS_U00069_4_1_1,P0492,1
CU00076_4_SESS_U00076_4_0_0,U00076,SESS_U00076_4_0,2026-06-05 16:42:16,SU00076_4_SESS_U00076_4_0_0,P0086,1
CU00081_4_SESS_U00081_4_0_1,U00081,SESS_U00081_4_0,2026-06-05 22:36:19,SU00081_4_SESS_U00081_4_0_1,P0101,1
CU00082_4_SESS_U00082_4_0_1,U00082,SESS_U00082_4_0,2026-06-05 20:47:24,SU00082_4_SESS_U00082_4_0_1,P0121,3
CU00087_4_SESS_U00087_4_0_0,U00087,SESS_U00087_4_0,2026-06-05 21:42:16,SU00087_4_SESS_U00087_4_0_0,P0427,1
CU00088_4_SESS_U00088_4_0_0,U00088,SESS_U00088_4_0,2026-06-05 15:09:22,SU00088_4_SESS_U00088_4_0_0,P0023,1
CU00089_4_SESS_U00089_4_1_0,U00089,SESS_U00089_4_1,2026-06-05 11:12:09,SU00089_4_SESS_U00089_4_1_0,P0174,5
CU00089_4_SESS_U00089_4_1_2,U00089,SESS_U00089_4_1,2026-06-05 17:58:03,SU00089_4_SESS_U00089_4_1_2,P0005,1
CU00100_4_SESS_U00100_4_0_0,U00100,SESS_U00100_4_0,2026-06-05 09:35:16,SU00100_4_SESS_U00100_4_0_0,P0177,1
CU00100_4_SESS_U00100_4_1_0,U00100,SESS_U00100_4_1,2026-06-05 19:23:22,SU00100_4_SESS_U00100_4_1_0,P0381,1
CU00104_4_SESS_U00104_4_0_0,U00104,SESS_U00104_4_0,2026-06-05 20:18:06,SU00104_4_SESS_U00104_4_0_0,P0053,7
CU00107_4_SESS_U00107_4_1_0,U00107,SESS_U00107_4_1,2026-06-05 17:55:07,SU00107_4_SESS_U00107_4_1_0,P0012,1
CU00108_4_SESS_U00108_4_0_0,U00108,SESS_U00108_4_0,2026-06-05 15:55:05,SU00108_4_SESS_U00108_4_0_0,P0002,1
CU00109_4_SESS_U00109_4_0_0,U00109,SESS_U00109_4_0,2026-06-05 09:22:21,SU00109_4_SESS_U00109_4_0_0,P0025,1
CU00125_4_SESS_U00125_4_0_0,U00125,SESS_U00125_4_0,2026-06-05 22:29:07,SU00125_4_SESS_U00125_4_0_0,P0355,5
CU00127_4_SESS_U00127_4_0_0,U00127,SESS_U00127_4_0,2026-06-05 19:02:13,SU00127_4_SESS_U00127_4_0_0,P0021,2
CU00134_4_SESS_U00134_4_0_0,U00134,SESS_U00134_4_0,2026-06-05 07:48:14,SU00134_4_SESS_U00134_4_0_0,P0003,1
CU00135_4_SESS_U00135_4_0_0,U00135,SESS_U00135_4_0,2026-06-05 20:08:22,SU00135_4_SESS_U00135_4_0_0,P0014,7
CU00144_4_SESS_U00144_4_1_1,U00144,SESS_U00144_4_1,2026-06-05 07:12:16,SU00144_4_SESS_U00144_4_1_1,P0002,1
CU00161_4_SESS_U00161_4_0_0,U00161,SESS_U00161_4_0,2026-06-05 22:28:16,SU00161_4_SESS_U00161_4_0_0,P0330,8
CU00171_4_SESS_U00171_4_0_0,U00171,SESS_U00171_4_0,2026-06-05 15:27:15,SU00171_4_SESS_U00171_4_0_0,P0060,3
CU00171_4_SESS_U00171_4_0_1,U00171,SESS_U00171_4_0,2026-06-05 15:21:19,SU00171_4_SESS_U00171_4_0_1,P0009,6
CU00174_4_SESS_U00174_4_0_0,U00174,SESS_U00174_4_0,2026-06-05 09:27:06,SU00174_4_SESS_U00174_4_0_0,P0002,1
CU00177_4_SESS_U00177_4_0_0,U00177,SESS_U00177_4_0,2026-06-05 16:07:17,SU00177_4_SESS_U00177_4_0_0,P0015,1
CU00177_4_SESS_U00177_4_0_1,U00177,SESS_U00177_4_0,2026-06-05 22:33:15,SU00177_4_SESS_U00177_4_0_1,P0025,1
CU00191_4_SESS_U00191_4_0_0,U00191,SESS_U00191_4_0,2026-06-05 17:00:07,SU00191_4_SESS_U00191_4_0_0,P0061,7
CU00198_4_SESS_U00198_4_0_0,U00198,SESS_U00198_4_0,2026-06-05 14:29:05,SU00198_4_SESS_U00198_4_0_0,P0065,1
CU00201_4_SESS_U00201_4_0_0,U00201,SESS_U00201_4_0,2026-06-05 07:56:03,SU00201_4_SESS_U00201_4_0_0,P0126,2
CU00214_4_SESS_U00214_4_0_0,U00214,SESS_U00214_4_0,2026-06-05 21:21:07,SU00214_4_SESS_U00214_4_0_0,P0024,1
CU00214_4_SESS_U00214_4_0_1,U00214,SESS_U00214_4_0,2026-06-05 16:30:11,SU00214_4_SESS_U00214_4_0_1,P0003,2
CU00214_4_SESS_U00214_4_0_2,U00214,SESS_U00214_4_0,2026-06-05 09:14:09,SU00214_4_SESS_U00214_4_0_2,P0016,1
CU00218_4_SESS_U00218_4_0_1,U00218,SESS_U00218_4_0,2026-06-05 11:36:25,SU00218_4_SESS_U00218_4_0_1,P0006,1
CU00223_4_SESS_U00223_4_0_0,U00223,SESS_U00223_4_0,2026-06-05 12:49:05,SU00223_4_SESS_U00223_4_0_0,P0142,3
CU00226_4_SESS_U00226_4_0_0,U00226,SESS_U00226_4_0,2026-06-05 20:12:13,SU00226_4_SESS_U00226_4_0_0,P0010,1
CU00227_4_SESS_U00227_4_0_0,U00227,SESS_U00227_4_0,2026-06-05 18:33:20,SU00227_4_SESS_U00227_4_0_0,P0002,1
CU00232_4_SESS_U00232_4_0_0,U00232,SESS_U00232_4_0,2026-06-05 15:02:17,SU00232_4_SESS_U00232_4_0_0,P0046,1
CU00233_4_SESS_U00233_4_0_0,U00233,SESS_U00233_4_0,2026-06-05 19:27:23,SU00233_4_SESS_U00233_4_0_0,P0228,7
CU00233_4_SESS_U00233_4_0_1,U00233,SESS_U00233_4_0,2026-06-05 20:31:13,SU00233_4_SESS_U00233_4_0_1,P0002,1
CU00239_4_SESS_U00239_4_0_0,U00239,SESS_U00239_4_0,2026-06-05 07:40:18,SU00239_4_SESS_U00239_4_0_0,P0397,6
CU00247_4_SESS_U00247_4_0_0,U00247,SESS_U00247_4_0,2026-06-05 20:23:20,SU00247_4_SESS_U00247_4_0_0,P0112,1
CU00249_4_SESS_U00249_4_0_0,U00249,SESS_U00249_4_0,2026-06-05 14:00:19,SU00249_4_SESS_U00249_4_0_0,P0002,1
CU00258_4_SESS_U00258_4_0_1,U00258,SESS_U00258_4_0,2026-06-05 18:07:10,SU00258_4_SESS_U00258_4_0_1,P0002,1
CU00263_4_SESS_U00263_4_0_0,U00263,SESS_U00263_4_0,2026-06-05 22:20:05,SU00263_4_SESS_U00263_4_0_0,P0051,4
CU00266_4_SESS_U00266_4_0_0,U00266,SESS_U00266_4_0,2026-06-05 08:11:23,SU00266_4_SESS_U00266_4_0_0,P0005,1
CU00268_4_SESS_U00268_4_0_0,U00268,SESS_U00268_4_0,2026-06-05 11:01:15,SU00268_4_SESS_U00268_4_0_0,P0015,8
CU00269_4_SESS_U00269_4_0_1,U00269,SESS_U00269_4_0,2026-06-05 16:29:05,SU00269_4_SESS_U00269_4_0_1,P0009,1
CU00269_4_SESS_U00269_4_0_2,U00269,SESS_U00269_4_0,2026-06-05 11:21:07,SU00269_4_SESS_U00269_4_0_2,P0002,1
CU00271_4_SESS_U00271_4_0_0,U00271,SESS_U00271_4_0,2026-06-05 21:44:08,SU00271_4_SESS_U00271_4_0_0,P0339,1
CU00277_4_SESS_U00277_4_0_0,U00277,SESS_U00277_4_0,2026-06-05 14:35:17,SU00277_4_SESS_U00277_4_0_0,P0002,1
CU00285_4_SESS_U00285_4_0_0,U00285,SESS_U00285_4_0,2026-06-05 17:47:15,SU00285_4_SESS_U00285_4_0_0,P0055,1
CU00296_4_SESS_U00296_4_0_0,U00296,SESS_U00296_4_0,2026-06-05 13:53:10,SU00296_4_SESS_U00296_4_0_0,P0235,2
CU00303_4_SESS_U00303_4_0_1,U00303,SESS_U00303_4_0,2026-06-05 18:21:05,SU00303_4_SESS_U00303_4_0_1,P0200,4
CU00307_4_SESS_U00307_4_0_0,U00307,SESS_U00307_4_0,2026-06-05 11:36:08,SU00307_4_SESS_U00307_4_0_0,P0670,6
CU00308_4_SESS_U00308_4_1_0,U00308,SESS_U00308_4_1,2026-06-05 14:58:14,SU00308_4_SESS_U00308_4_1_0,P0203,1
CU00313_4_SESS_U00313_4_0_0,U00313,SESS_U00313_4_0,2026-06-05 15:32:03,SU00313_4_SESS_U00313_4_0_0,P0276,4
CU00313_4_SESS_U00313_4_1_0,U00313,SESS_U00313_4_1,2026-06-05 15:42:17,SU00313_4_SESS_U00313_4_1_0,P0227,1
CU00313_4_SESS_U00313_4_1_1,U00313,SESS_U00313_4_1,2026-06-05 15:15:23,SU00313_4_SESS_U00313_4_1_1,P0592,4
CU00318_4_SESS_U00318_4_0_0,U00318,SESS_U00318_4_0,2026-06-05 18:06:20,SU00318_4_SESS_U00318_4_0_0,P0144,5
CU00321_4_SESS_U00321_4_0_1,U00321,SESS_U00321_4_0,2026-06-05 14:40:11,SU00321_4_SESS_U00321_4_0_1,P0126,8
CU00330_4_SESS_U00330_4_0_0,U00330,SESS_U00330_4_0,2026-06-05 17:31:14,SU00330_4_SESS_U00330_4_0_0,P0381,1
CU00335_4_SESS_U00335_4_0_0,U00335,SESS_U00335_4_0,2026-06-05 20:03:16,SU00335_4_SESS_U00335_4_0_0,P0127,1
CU00336_4_SESS_U00336_4_0_1,U00336,SESS_U00336_4_0,2026-06-05 20:17:12,SU00336_4_SESS_U00336_4_0_1,P0195,4
CU00347_4_SESS_U00347_4_0_0,U00347,SESS_U00347_4_0,2026-06-05 16:31:09,SU00347_4_SESS_U00347_4_0_0,P0411,6
CU00349_4_SESS_U00349_4_0_0,U00349,SESS_U00349_4_0,2026-06-05 20:51:24,SU00349_4_SESS_U00349_4_0_0,P0585,6
CU00358_4_SESS_U00358_4_0_1,U00358,SESS_U00358_4_0,2026-06-05 15:32:09,SU00358_4_SESS_U00358_4_0_1,P0148,5
CU00362_4_SESS_U00362_4_0_0,U00362,SESS_U00362_4_0,2026-06-05 10:24:15,SU00362_4_SESS_U00362_4_0_0,P0016,1
CU00362_4_SESS_U00362_4_1_0,U00362,SESS_U00362_4_1,2026-06-05 08:23:18,SU00362_4_SESS_U00362_4_1_0,P0001,1
CU00364_4_SESS_U00364_4_0_0,U00364,SESS_U00364_4_0,2026-06-05 16:36:07,SU00364_4_SESS_U00364_4_0_0,P0001,1
CU00366_4_SESS_U00366_4_1_0,U00366,SESS_U00366_4_1,2026-06-05 19:10:16,SU00366_4_SESS_U00366_4_1_0,P0002,1
CU00367_4_SESS_U00367_4_0_0,U00367,SESS_U00367_4_0,2026-06-05 08:23:03,SU00367_4_SESS_U00367_4_0_0,P0072,1
CU00370_4_SESS_U00370_4_0_0,U00370,SESS_U00370_4_0,2026-06-05 11:59:22,SU00370_4_SESS_U00370_4_0_0,P0421,1
CU00374_4_SESS_U00374_4_0_0,U00374,SESS_U00374_4_0,2026-06-05 13:24:21,SU00374_4_SESS_U00374_4_0_0,P0007,1
CU00375_4_SESS_U00375_4_0_0,U00375,SESS_U00375_4_0,2026-06-05 14:40:25,SU00375_4_SESS_U00375_4_0_0,P0006,1
CU00377_4_SESS_U00377_4_0_0,U00377,SESS_U00377_4_0,2026-06-05 14:29:20,SU00377_4_SESS_U00377_4_0_0,P0032,1
CU00382_4_SESS_U00382_4_0_0,U00382,SESS_U00382_4_0,2026-06-05 19:31:21,SU00382_4_SESS_U00382_4_0_0,P0148,5
CU00384_4_SESS_U00384_4_0_0,U00384,SESS_U00384_4_0,2026-06-05 16:23:10,SU00384_4_SESS_U00384_4_0_0,P0180,1
CU00388_4_SESS_U00388_4_0_0,U00388,SESS_U00388_4_0,2026-06-05 10:34:05,SU00388_4_SESS_U00388_4_0_0,P0142,1
CU00396_4_SESS_U00396_4_0_0,U00396,SESS_U00396_4_0,2026-06-05 16:54:20,SU00396_4_SESS_U00396_4_0_0,P0002,1
CU00406_4_SESS_U00406_4_0_1,U00406,SESS_U00406_4_0,2026-06-05 12:47:10,SU00406_4_SESS_U00406_4_0_1,P0002,1
CU00418_4_SESS_U00418_4_0_0,U00418,SESS_U00418_4_0,2026-06-05 07:50:10,SU00418_4_SESS_U00418_4_0_0,P0111,1
CU00418_4_SESS_U00418_4_0_1,U00418,SESS_U00418_4_0,2026-06-05 20:44:23,SU00418_4_SESS_U00418_4_0_1,P0131,6
CU00424_4_SESS_U00424_4_0_0,U00424,SESS_U00424_4_0,2026-06-05 18:48:16,SU00424_4_SESS_U00424_4_0_0,P0006,1
CU00432_4_SESS_U00432_4_0_0,U00432,SESS_U00432_4_0,2026-06-05 22:46:20,SU00432_4_SESS_U00432_4_0_0,P0032,2
CU00437_4_SESS_U00437_4_0_0,U00437,SESS_U00437_4_0,2026-06-05 10:45:10,SU00437_4_SESS_U00437_4_0_0,P0116,6
CU00444_4_SESS_U00444_4_0_0,U00444,SESS_U00444_4_0,2026-06-05 07:24:18,SU00444_4_SESS_U00444_4_0_0,P0102,7
CU00444_4_SESS_U00444_4_0_1,U00444,SESS_U00444_4_0,2026-06-05 09:08:13,SU00444_4_SESS_U00444_4_0_1,P0031,1
CU00446_4_SESS_U00446_4_0_0,U00446,SESS_U00446_4_0,2026-06-05 21:03:05,SU00446_4_SESS_U00446_4_0_0,P0073,6
CU00447_4_SESS_U00447_4_0_0,U00447,SESS_U00447_4_0,2026-06-05 15:21:07,SU00447_4_SESS_U00447_4_0_0,P0002,1
CU00457_4_SESS_U00457_4_0_0,U00457,SESS_U00457_4_0,2026-06-05 09:41:12,SU00457_4_SESS_U00457_4_0_0,P0125,1
CU00458_4_SESS_U00458_4_0_1,U00458,SESS_U00458_4_0,2026-06-05 12:45:05,SU00458_4_SESS_U00458_4_0_1,P0121,1
CU00458_4_SESS_U00458_4_0_2,U00458,SESS_U00458_4_0,2026-06-05 17:20:06,SU00458_4_SESS_U00458_4_0_2,P0109,6
CU00460_4_SESS_U00460_4_0_0,U00460,SESS_U00460_4_0,2026-06-05 17:51:03,SU00460_4_SESS_U00460_4_0_0,P0157,5
CU00463_4_SESS_U00463_4_0_0,U00463,SESS_U00463_4_0,2026-06-05 08:20:17,SU00463_4_SESS_U00463_4_0_0,P0121,1
CU00464_4_SESS_U00464_4_0_0,U00464,SESS_U00464_4_0,2026-06-05 15:26:18,SU00464_4_SESS_U00464_4_0_0,P0075,1
CU00475_4_SESS_U00475_4_0_0,U00475,SESS_U00475_4_0,2026-06-05 22:13:20,SU00475_4_SESS_U00475_4_0_0,P0017,8
CU00476_4_SESS_U00476_4_0_0,U00476,SESS_U00476_4_0,2026-06-05 14:36:08,SU00476_4_SESS_U00476_4_0_0,P0006,4
CU00477_4_SESS_U00477_4_0_1,U00477,SESS_U00477_4_0,2026-06-05 10:26:18,SU00477_4_SESS_U00477_4_0_1,P0411,1
CU00478_4_SESS_U00478_4_1_0,U00478,SESS_U00478_4_1,2026-06-05 07:20:17,SU00478_4_SESS_U00478_4_1_0,P0044,1
CU00478_4_SESS_U00478_4_1_1,U00478,SESS_U00478_4_1,2026-06-05 08:06:10,SU00478_4_SESS_U00478_4_1_1,P0008,1
CU00487_4_SESS_U00487_4_0_1,U00487,SESS_U00487_4_0,2026-06-05 11:28:03,SU00487_4_SESS_U00487_4_0_1,P0022,1
CU00490_4_SESS_U00490_4_0_0,U00490,SESS_U00490_4_0,2026-06-05 18:37:07,SU00490_4_SESS_U00490_4_0_0,P0016,1
CU00490_4_SESS_U00490_4_0_2,U00490,SESS_U00490_4_0,2026-06-05 14:48:19,SU00490_4_SESS_U00490_4_0_2,P0002,1
CU00490_4_SESS_U00490_4_1_0,U00490,SESS_U00490_4_1,2026-06-05 16:15:07,SU00490_4_SESS_U00490_4_1_0,P0165,3
CU00503_4_SESS_U00503_4_0_1,U00503,SESS_U00503_4_0,2026-06-05 16:41:18,SU00503_4_SESS_U00503_4_0_1,P0042,1
CU00511_4_SESS_U00511_4_0_0,U00511,SESS_U00511_4_0,2026-06-05 15:49:12,SU00511_4_SESS_U00511_4_0_0,P0002,1
CU00513_4_SESS_U00513_4_0_1,U00513,SESS_U00513_4_0,2026-06-05 18:57:20,SU00513_4_SESS_U00513_4_0_1,P0203,5
CU00523_4_SESS_U00523_4_0_0,U00523,SESS_U00523_4_0,2026-06-05 09:20:17,SU00523_4_SESS_U00523_4_0_0,P0017,1
CU00536_4_SESS_U00536_4_0_0,U00536,SESS_U00536_4_0,2026-06-05 19:47:21,SU00536_4_SESS_U00536_4_0_0,P0134,8
CU00536_4_SESS_U00536_4_0_1,U00536,SESS_U00536_4_0,2026-06-05 21:48:07,SU00536_4_SESS_U00536_4_0_1,P0186,1
CU00541_4_SESS_U00541_4_0_0,U00541,SESS_U00541_4_0,2026-06-05 18:00:06,SU00541_4_SESS_U00541_4_0_0,P0079,2
CU00547_4_SESS_U00547_4_0_0,U00547,SESS_U00547_4_0,2026-06-05 21:12:14,SU00547_4_SESS_U00547_4_0_0,P0138,1
CU00548_4_SESS_U00548_4_0_0,U00548,SESS_U00548_4_0,2026-06-05 16:17:21,SU00548_4_SESS_U00548_4_0_0,P0001,1
CU00548_4_SESS_U00548_4_1_0,U00548,SESS_U00548_4_1,2026-06-05 08:50:06,SU00548_4_SESS_U00548_4_1_0,P0004,1
CU00550_4_SESS_U00550_4_0_1,U00550,SESS_U00550_4_0,2026-06-05 19:01:17,SU00550_4_SESS_U00550_4_0_1,P0622,3
CU00551_4_SESS_U00551_4_0_0,U00551,SESS_U00551_4_0,2026-06-05 08:46:07,SU00551_4_SESS_U00551_4_0_0,P0080,7
CU00557_4_SESS_U00557_4_0_1,U00557,SESS_U00557_4_0,2026-06-05 13:23:05,SU00557_4_SESS_U00557_4_0_1,P0433,1
CU00559_4_SESS_U00559_4_0_2,U00559,SESS_U00559_4_0,2026-06-05 11:35:10,SU00559_4_SESS_U00559_4_0_2,P0049,5
CU00563_4_SESS_U00563_4_1_0,U00563,SESS_U00563_4_1,2026-06-05 22:42:07,SU00563_4_SESS_U00563_4_1_0,P0411,6
CU00564_4_SESS_U00564_4_0_0,U00564,SESS_U00564_4_0,2026-06-05 18:51:16,SU00564_4_SESS_U00564_4_0_0,P0041,1
CU00572_4_SESS_U00572_4_0_0,U00572,SESS_U00572_4_0,2026-06-05 19:17:13,SU00572_4_SESS_U00572_4_0_0,P0002,1
CU00572_4_SESS_U00572_4_0_1,U00572,SESS_U00572_4_0,2026-06-05 10:20:16,SU00572_4_SESS_U00572_4_0_1,P0210,3
CU00578_4_SESS_U00578_4_0_0,U00578,SESS_U00578_4_0,2026-06-05 17:32:21,SU00578_4_SESS_U00578_4_0_0,P0351,6
CU00582_4_SESS_U00582_4_0_1,U00582,SESS_U00582_4_0,2026-06-05 21:16:24,SU00582_4_SESS_U00582_4_0_1,P0330,5
CU00595_4_SESS_U00595_4_0_0,U00595,SESS_U00595_4_0,2026-06-05 22:17:07,SU00595_4_SESS_U00595_4_0_0,P0308,4
CU00597_4_SESS_U00597_4_0_0,U00597,SESS_U00597_4_0,2026-06-05 18:45:25,SU00597_4_SESS_U00597_4_0_0,P0033,1
CU00599_4_SESS_U00599_4_0_1,U00599,SESS_U00599_4_0,2026-06-05 21:32:17,SU00599_4_SESS_U00599_4_0_1,P0041,1
CU00601_4_SESS_U00601_4_0_0,U00601,SESS_U00601_4_0,2026-06-05 15:54:12,SU00601_4_SESS_U00601_4_0_0,P0081,1
CU00608_4_SESS_U00608_4_0_0,U00608,SESS_U00608_4_0,2026-06-05 20:29:19,SU00608_4_SESS_U00608_4_0_0,P0001,1
CU00611_4_SESS_U00611_4_1_0,U00611,SESS_U00611_4_1,2026-06-05 22:08:25,SU00611_4_SESS_U00611_4_1_0,P0450,6
CU00612_4_SESS_U00612_4_0_0,U00612,SESS_U00612_4_0,2026-06-05 20:32:11,SU00612_4_SESS_U00612_4_0_0,P0057,4
CU00622_4_SESS_U00622_4_0_0,U00622,SESS_U00622_4_0,2026-06-05 20:36:08,SU00622_4_SESS_U00622_4_0_0,P0002,1
CU00627_4_SESS_U00627_4_0_0,U00627,SESS_U00627_4_0,2026-06-05 08:36:11,SU00627_4_SESS_U00627_4_0_0,P0002,1
CU00630_4_SESS_U00630_4_0_0,U00630,SESS_U00630_4_0,2026-06-05 17:37:18,SU00630_4_SESS_U00630_4_0_0,P0222,1
CU00631_4_SESS_U00631_4_0_0,U00631,SESS_U00631_4_0,2026-06-05 13:23:14,SU00631_4_SESS_U00631_4_0_0,P0421,1
CU00632_4_SESS_U00632_4_0_0,U00632,SESS_U00632_4_0,2026-06-05 22:01:04,SU00632_4_SESS_U00632_4_0_0,P0009,5
CU00643_4_SESS_U00643_4_0_0,U00643,SESS_U00643_4_0,2026-06-05 18:41:22,SU00643_4_SESS_U00643_4_0_0,P0005,1
CU00655_4_SESS_U00655_4_1_1,U00655,SESS_U00655_4_1,2026-06-05 18:51:03,SU00655_4_SESS_U00655_4_1_1,P0159,1
CU00660_4_SESS_U00660_4_0_0,U00660,SESS_U00660_4_0,2026-06-05 07:47:17,SU00660_4_SESS_U00660_4_0_0,P0006,4
CU00673_4_SESS_U00673_4_0_0,U00673,SESS_U00673_4_0,2026-06-05 20:54:17,SU00673_4_SESS_U00673_4_0_0,P0003,1
CU00680_4_SESS_U00680_4_0_0,U00680,SESS_U00680_4_0,2026-06-05 20:42:03,SU00680_4_SESS_U00680_4_0_0,P0003,2
CU00695_4_SESS_U00695_4_0_0,U00695,SESS_U00695_4_0,2026-06-05 15:45:19,SU00695_4_SESS_U00695_4_0_0,P0009,1
CU00696_4_SESS_U00696_4_0_0,U00696,SESS_U00696_4_0,2026-06-05 20:43:09,SU00696_4_SESS_U00696_4_0_0,P0005,1
CU00704_4_SESS_U00704_4_0_0,U00704,SESS_U00704_4_0,2026-06-05 11:23:15,SU00704_4_SESS_U00704_4_0_0,P0009,3
CU00705_4_SESS_U00705_4_0_1,U00705,SESS_U00705_4_0,2026-06-05 11:35:16,SU00705_4_SESS_U00705_4_0_1,P0494,5
CU00713_4_SESS_U00713_4_0_0,U00713,SESS_U00713_4_0,2026-06-05 15:09:17,SU00713_4_SESS_U00713_4_0_0,P0277,8
CU00713_4_SESS_U00713_4_0_1,U00713,SESS_U00713_4_0,2026-06-05 07:40:05,SU00713_4_SESS_U00713_4_0_1,P0075,1
CU00716_4_SESS_U00716_4_0_2,U00716,SESS_U00716_4_0,2026-06-05 09:11:11,SU00716_4_SESS_U00716_4_0_2,P0167,8
CU00720_4_SESS_U00720_4_0_0,U00720,SESS_U00720_4_0,2026-06-05 07:01:25,SU00720_4_SESS_U00720_4_0_0,P0013,1
CU00729_4_SESS_U00729_4_1_0,U00729,SESS_U00729_4_1,2026-06-05 16:47:07,SU00729_4_SESS_U00729_4_1_0,P0438,1
CU00734_4_SESS_U00734_4_0_0,U00734,SESS_U00734_4_0,2026-06-05 14:28:09,SU00734_4_SESS_U00734_4_0_0,P0085,2
CU00735_4_SESS_U00735_4_0_1,U00735,SESS_U00735_4_0,2026-06-05 15:25:11,SU00735_4_SESS_U00735_4_0_1,P0072,1
CU00736_4_SESS_U00736_4_0_0,U00736,SESS_U00736_4_0,2026-06-05 22:04:14,SU00736_4_SESS_U00736_4_0_0,P0004,4
CU00736_4_SESS_U00736_4_0_2,U00736,SESS_U00736_4_0,2026-06-05 10:43:05,SU00736_4_SESS_U00736_4_0_2,P0060,5
CU00738_4_SESS_U00738_4_0_1,U00738,SESS_U00738_4_0,2026-06-05 20:04:04,SU00738_4_SESS_U00738_4_0_1,P0450,7
CU00740_4_SESS_U00740_4_0_0,U00740,SESS_U00740_4_0,2026-06-05 22:12:11,SU00740_4_SESS_U00740_4_0_0,P0058,5
CU00750_4_SESS_U00750_4_0_0,U00750,SESS_U00750_4_0,2026-06-05 13:58:09,SU00750_4_SESS_U00750_4_0_0,P0049,1
CU00753_4_SESS_U00753_4_0_0,U00753,SESS_U00753_4_0,2026-06-05 16:43:22,SU00753_4_SESS_U00753_4_0_0,P0300,5
CU00754_4_SESS_U00754_4_0_0,U00754,SESS_U00754_4_0,2026-06-05 12:13:11,SU00754_4_SESS_U00754_4_0_0,P0044,1
CU00755_4_SESS_U00755_4_0_0,U00755,SESS_U00755_4_0,2026-06-05 20:31:08,SU00755_4_SESS_U00755_4_0_0,P0181,1
CU00755_4_SESS_U00755_4_0_1,U00755,SESS_U00755_4_0,2026-06-05 08:44:13,SU00755_4_SESS_U00755_4_0_1,P0192,7
CU00758_4_SESS_U00758_4_0_0,U00758,SESS_U00758_4_0,2026-06-05 15:50:06,SU00758_4_SESS_U00758_4_0_0,P0002,1
CU00758_4_SESS_U00758_4_0_1,U00758,SESS_U00758_4_0,2026-06-05 15:40:23,SU00758_4_SESS_U00758_4_0_1,P0016,2
CU00759_4_SESS_U00759_4_0_0,U00759,SESS_U00759_4_0,2026-06-05 11:16:23,SU00759_4_SESS_U00759_4_0_0,P0041,5
CU00761_4_SESS_U00761_4_0_0,U00761,SESS_U00761_4_0,2026-06-05 20:37:22,SU00761_4_SESS_U00761_4_0_0,P0263,5
CU00763_4_SESS_U00763_4_0_0,U00763,SESS_U00763_4_0,2026-06-05 14:35:09,SU00763_4_SESS_U00763_4_0_0,P0263,1
CU00765_4_SESS_U00765_4_0_0,U00765,SESS_U00765_4_0,2026-06-05 11:02:10,SU00765_4_SESS_U00765_4_0_0,P0161,1
CU00767_4_SESS_U00767_4_0_0,U00767,SESS_U00767_4_0,2026-06-05 20:13:11,SU00767_4_SESS_U00767_4_0_0,P0127,1
CU00770_4_SESS_U00770_4_0_0,U00770,SESS_U00770_4_0,2026-06-05 19:32:20,SU00770_4_SESS_U00770_4_0_0,P0002,1
CU00772_4_SESS_U00772_4_0_1,U00772,SESS_U00772_4_0,2026-06-05 22:29:12,SU00772_4_SESS_U00772_4_0_1,P0042,1
CU00773_4_SESS_U00773_4_0_0,U00773,SESS_U00773_4_0,2026-06-05 07:29:16,SU00773_4_SESS_U00773_4_0_0,P0001,1
CU00778_4_SESS_U00778_4_0_1,U00778,SESS_U00778_4_0,2026-06-05 15:34:20,SU00778_4_SESS_U00778_4_0_1,P0566,1
CU00783_4_SESS_U00783_4_0_0,U00783,SESS_U00783_4_0,2026-06-05 11:07:16,SU00783_4_SESS_U00783_4_0_0,P0072,1
CU00793_4_SESS_U00793_4_0_0,U00793,SESS_U00793_4_0,2026-06-05 07:54:04,SU00793_4_SESS_U00793_4_0_0,P0304,4
CU00795_4_SESS_U00795_4_0_0,U00795,SESS_U00795_4_0,2026-06-05 14:23:07,SU00795_4_SESS_U00795_4_0_0,P0027,7
CU00795_4_SESS_U00795_4_1_1,U00795,SESS_U00795_4_1,2026-06-05 07:28:17,SU00795_4_SESS_U00795_4_1_1,P0239,1
CU00008_5_SESS_U00008_5_0_0,U00008,SESS_U00008_5_0,2026-06-06 16:11:25,SU00008_5_SESS_U00008_5_0_0,P0024,1
CU00008_5_SESS_U00008_5_1_0,U00008,SESS_U00008_5_1,2026-06-06 13:33:08,SU00008_5_SESS_U00008_5_1_0,P0018,1
CU00013_5_SESS_U00013_5_0_0,U00013,SESS_U00013_5_0,2026-06-06 20:31:22,SU00013_5_SESS_U00013_5_0_0,P0351,1
CU00013_5_SESS_U00013_5_1_2,U00013,SESS_U00013_5_1,2026-06-06 18:08:09,SU00013_5_SESS_U00013_5_1_2,P0488,4
CU00018_5_SESS_U00018_5_0_0,U00018,SESS_U00018_5_0,2026-06-06 11:09:12,SU00018_5_SESS_U00018_5_0_0,P0128,4
CU00023_5_SESS_U00023_5_0_0,U00023,SESS_U00023_5_0,2026-06-06 07:34:20,SU00023_5_SESS_U00023_5_0_0,P0002,1
CU00027_5_SESS_U00027_5_0_1,U00027,SESS_U00027_5_0,2026-06-06 07:58:15,SU00027_5_SESS_U00027_5_0_1,P0421,7
CU00027_5_SESS_U00027_5_0_2,U00027,SESS_U00027_5_0,2026-06-06 13:51:22,SU00027_5_SESS_U00027_5_0_2,P0040,1
CU00027_5_SESS_U00027_5_1_1,U00027,SESS_U00027_5_1,2026-06-06 17:16:04,SU00027_5_SESS_U00027_5_1_1,P0227,1
CU00031_5_SESS_U00031_5_0_0,U00031,SESS_U00031_5_0,2026-06-06 12:06:04,SU00031_5_SESS_U00031_5_0_0,P0488,2
CU00039_5_SESS_U00039_5_0_0,U00039,SESS_U00039_5_0,2026-06-06 20:22:03,SU00039_5_SESS_U00039_5_0_0,P0011,8
CU00040_5_SESS_U00040_5_0_0,U00040,SESS_U00040_5_0,2026-06-06 14:47:14,SU00040_5_SESS_U00040_5_0_0,P0173,1
CU00040_5_SESS_U00040_5_0_1,U00040,SESS_U00040_5_0,2026-06-06 16:14:24,SU00040_5_SESS_U00040_5_0_1,P0080,7
CU00045_5_SESS_U00045_5_0_0,U00045,SESS_U00045_5_0,2026-06-06 17:05:10,SU00045_5_SESS_U00045_5_0_0,P0616,1
CU00048_5_SESS_U00048_5_0_1,U00048,SESS_U00048_5_0,2026-06-06 12:54:09,SU00048_5_SESS_U00048_5_0_1,P0010,1
CU00049_5_SESS_U00049_5_0_0,U00049,SESS_U00049_5_0,2026-06-06 17:19:24,SU00049_5_SESS_U00049_5_0_0,P0072,1
CU00049_5_SESS_U00049_5_0_1,U00049,SESS_U00049_5_0,2026-06-06 15:54:07,SU00049_5_SESS_U00049_5_0_1,P0112,1
CU00050_5_SESS_U00050_5_0_0,U00050,SESS_U00050_5_0,2026-06-06 17:15:06,SU00050_5_SESS_U00050_5_0_0,P0024,1
CU00057_5_SESS_U00057_5_0_2,U00057,SESS_U00057_5_0,2026-06-06 14:08:17,SU00057_5_SESS_U00057_5_0_2,P0027,1
CU00057_5_SESS_U00057_5_1_0,U00057,SESS_U00057_5_1,2026-06-06 16:26:17,SU00057_5_SESS_U00057_5_1_0,P0012,6
CU00057_5_SESS_U00057_5_1_1,U00057,SESS_U00057_5_1,2026-06-06 09:45:05,SU00057_5_SESS_U00057_5_1_1,P0002,1
CU00068_5_SESS_U00068_5_0_0,U00068,SESS_U00068_5_0,2026-06-06 20:34:24,SU00068_5_SESS_U00068_5_0_0,P0263,1
CU00068_5_SESS_U00068_5_0_1,U00068,SESS_U00068_5_0,2026-06-06 15:27:12,SU00068_5_SESS_U00068_5_0_1,P0304,1
CU00070_5_SESS_U00070_5_0_0,U00070,SESS_U00070_5_0,2026-06-06 15:49:17,SU00070_5_SESS_U00070_5_0_0,P0067,4
CU00070_5_SESS_U00070_5_0_1,U00070,SESS_U00070_5_0,2026-06-06 10:37:10,SU00070_5_SESS_U00070_5_0_1,P0277,7
CU00074_5_SESS_U00074_5_0_0,U00074,SESS_U00074_5_0,2026-06-06 14:18:18,SU00074_5_SESS_U00074_5_0_0,P0368,3
CU00091_5_SESS_U00091_5_0_1,U00091,SESS_U00091_5_0,2026-06-06 09:16:17,SU00091_5_SESS_U00091_5_0_1,P0127,1
CU00112_5_SESS_U00112_5_1_0,U00112,SESS_U00112_5_1,2026-06-06 19:01:03,SU00112_5_SESS_U00112_5_1_0,P0004,1
CU00114_5_SESS_U00114_5_0_0,U00114,SESS_U00114_5_0,2026-06-06 07:14:06,SU00114_5_SESS_U00114_5_0_0,P0008,1
CU00114_5_SESS_U00114_5_0_1,U00114,SESS_U00114_5_0,2026-06-06 08:11:11,SU00114_5_SESS_U00114_5_0_1,P0072,1
CU00114_5_SESS_U00114_5_0_2,U00114,SESS_U00114_5_0,2026-06-06 18:35:10,SU00114_5_SESS_U00114_5_0_2,P0013,1
CU00116_5_SESS_U00116_5_0_0,U00116,SESS_U00116_5_0,2026-06-06 11:01:14,SU00116_5_SESS_U00116_5_0_0,P0002,1
CU00117_5_SESS_U00117_5_1_1,U00117,SESS_U00117_5_1,2026-06-06 18:33:17,SU00117_5_SESS_U00117_5_1_1,P0031,1
CU00121_5_SESS_U00121_5_0_0,U00121,SESS_U00121_5_0,2026-06-06 21:42:14,SU00121_5_SESS_U00121_5_0_0,P0156,2
CU00121_5_SESS_U00121_5_1_0,U00121,SESS_U00121_5_1,2026-06-06 14:53:25,SU00121_5_SESS_U00121_5_1_0,P0174,1
CU00130_5_SESS_U00130_5_0_0,U00130,SESS_U00130_5_0,2026-06-06 22:01:06,SU00130_5_SESS_U00130_5_0_0,P0125,1
CU00142_5_SESS_U00142_5_0_1,U00142,SESS_U00142_5_0,2026-06-06 16:06:19,SU00142_5_SESS_U00142_5_0_1,P0174,5
CU00144_5_SESS_U00144_5_0_0,U00144,SESS_U00144_5_0,2026-06-06 12:32:22,SU00144_5_SESS_U00144_5_0_0,P0002,1
CU00148_5_SESS_U00148_5_0_2,U00148,SESS_U00148_5_0,2026-06-06 16:48:24,SU00148_5_SESS_U00148_5_0_2,P0599,7
CU00149_5_SESS_U00149_5_0_0,U00149,SESS_U00149_5_0,2026-06-06 16:44:12,SU00149_5_SESS_U00149_5_0_0,P0028,1
CU00151_5_SESS_U00151_5_0_0,U00151,SESS_U00151_5_0,2026-06-06 10:34:06,SU00151_5_SESS_U00151_5_0_0,P0277,1
CU00158_5_SESS_U00158_5_0_0,U00158,SESS_U00158_5_0,2026-06-06 16:45:22,SU00158_5_SESS_U00158_5_0_0,P0022,2
CU00168_5_SESS_U00168_5_0_0,U00168,SESS_U00168_5_0,2026-06-06 08:13:18,SU00168_5_SESS_U00168_5_0_0,P0211,5
CU00172_5_SESS_U00172_5_0_1,U00172,SESS_U00172_5_0,2026-06-06 18:55:11,SU00172_5_SESS_U00172_5_0_1,P0112,1
CU00181_5_SESS_U00181_5_0_0,U00181,SESS_U00181_5_0,2026-06-06 09:50:23,SU00181_5_SESS_U00181_5_0_0,P0280,1
CU00181_5_SESS_U00181_5_0_2,U00181,SESS_U00181_5_0,2026-06-06 19:52:12,SU00181_5_SESS_U00181_5_0_2,P0028,7
CU00184_5_SESS_U00184_5_0_1,U00184,SESS_U00184_5_0,2026-06-06 09:08:16,SU00184_5_SESS_U00184_5_0_1,P0002,1
CU00186_5_SESS_U00186_5_0_1,U00186,SESS_U00186_5_0,2026-06-06 21:50:19,SU00186_5_SESS_U00186_5_0_1,P0004,1
CU00191_5_SESS_U00191_5_0_0,U00191,SESS_U00191_5_0,2026-06-06 16:17:05,SU00191_5_SESS_U00191_5_0_0,P0616,4
CU00194_5_SESS_U00194_5_0_0,U00194,SESS_U00194_5_0,2026-06-06 17:46:12,SU00194_5_SESS_U00194_5_0_0,P0077,6
CU00195_5_SESS_U00195_5_0_0,U00195,SESS_U00195_5_0,2026-06-06 14:22:18,SU00195_5_SESS_U00195_5_0_0,P0181,1
CU00197_5_SESS_U00197_5_0_1,U00197,SESS_U00197_5_0,2026-06-06 19:18:25,SU00197_5_SESS_U00197_5_0_1,P0041,1
CU00198_5_SESS_U00198_5_0_1,U00198,SESS_U00198_5_0,2026-06-06 21:00:13,SU00198_5_SESS_U00198_5_0_1,P0112,1
CU00201_5_SESS_U00201_5_0_0,U00201,SESS_U00201_5_0,2026-06-06 17:13:25,SU00201_5_SESS_U00201_5_0_0,P0039,3
CU00201_5_SESS_U00201_5_0_1,U00201,SESS_U00201_5_0,2026-06-06 22:40:13,SU00201_5_SESS_U00201_5_0_1,P0101,1
CU00201_5_SESS_U00201_5_0_2,U00201,SESS_U00201_5_0,2026-06-06 19:33:03,SU00201_5_SESS_U00201_5_0_2,P0077,1
CU00202_5_SESS_U00202_5_0_0,U00202,SESS_U00202_5_0,2026-06-06 18:49:12,SU00202_5_SESS_U00202_5_0_0,P0002,1
CU00213_5_SESS_U00213_5_0_1,U00213,SESS_U00213_5_0,2026-06-06 12:25:04,SU00213_5_SESS_U00213_5_0_1,P0017,1
CU00216_5_SESS_U00216_5_0_0,U00216,SESS_U00216_5_0,2026-06-06 21:35:04,SU00216_5_SESS_U00216_5_0_0,P0056,3
CU00216_5_SESS_U00216_5_1_1,U00216,SESS_U00216_5_1,2026-06-06 12:59:23,SU00216_5_SESS_U00216_5_1_1,P0227,1
CU00216_5_SESS_U00216_5_1_2,U00216,SESS_U00216_5_1,2026-06-06 09:09:15,SU00216_5_SESS_U00216_5_1_2,P0023,2
CU00217_5_SESS_U00217_5_0_0,U00217,SESS_U00217_5_0,2026-06-06 08:01:19,SU00217_5_SESS_U00217_5_0_0,P0397,6
CU00226_5_SESS_U00226_5_0_0,U00226,SESS_U00226_5_0,2026-06-06 19:47:20,SU00226_5_SESS_U00226_5_0_0,P0279,5
CU00232_5_SESS_U00232_5_0_0,U00232,SESS_U00232_5_0,2026-06-06 22:06:07,SU00232_5_SESS_U00232_5_0_0,P0042,1
CU00240_5_SESS_U00240_5_0_1,U00240,SESS_U00240_5_0,2026-06-06 07:49:23,SU00240_5_SESS_U00240_5_0_1,P0002,1
CU00240_5_SESS_U00240_5_0_2,U00240,SESS_U00240_5_0,2026-06-06 15:12:06,SU00240_5_SESS_U00240_5_0_2,P0017,8
CU00240_5_SESS_U00240_5_1_0,U00240,SESS_U00240_5_1,2026-06-06 13:56:18,SU00240_5_SESS_U00240_5_1_0,P0004,3
CU00242_5_SESS_U00242_5_0_0,U00242,SESS_U00242_5_0,2026-06-06 12:53:10,SU00242_5_SESS_U00242_5_0_0,P0161,3
CU00243_5_SESS_U00243_5_1_0,U00243,SESS_U00243_5_1,2026-06-06 18:39:10,SU00243_5_SESS_U00243_5_1_0,P0002,1
CU00243_5_SESS_U00243_5_1_1,U00243,SESS_U00243_5_1,2026-06-06 13:19:05,SU00243_5_SESS_U00243_5_1_1,P0180,8
CU00252_5_SESS_U00252_5_0_0,U00252,SESS_U00252_5_0,2026-06-06 08:20:16,SU00252_5_SESS_U00252_5_0_0,P0227,1
CU00252_5_SESS_U00252_5_1_0,U00252,SESS_U00252_5_1,2026-06-06 16:39:08,SU00252_5_SESS_U00252_5_1_0,P0016,1
CU00258_5_SESS_U00258_5_0_0,U00258,SESS_U00258_5_0,2026-06-06 17:34:10,SU00258_5_SESS_U00258_5_0_0,P0048,1
CU00272_5_SESS_U00272_5_0_0,U00272,SESS_U00272_5_0,2026-06-06 21:03:14,SU00272_5_SESS_U00272_5_0_0,P0012,1
CU00274_5_SESS_U00274_5_0_0,U00274,SESS_U00274_5_0,2026-06-06 16:17:09,SU00274_5_SESS_U00274_5_0_0,P0012,1
CU00275_5_SESS_U00275_5_0_0,U00275,SESS_U00275_5_0,2026-06-06 10:53:24,SU00275_5_SESS_U00275_5_0_0,P0188,3
CU00277_5_SESS_U00277_5_0_0,U00277,SESS_U00277_5_0,2026-06-06 22:21:15,SU00277_5_SESS_U00277_5_0_0,P0002,1
CU00282_5_SESS_U00282_5_0_0,U00282,SESS_U00282_5_0,2026-06-06 12:17:10,SU00282_5_SESS_U00282_5_0_0,P0003,1
CU00282_5_SESS_U00282_5_0_1,U00282,SESS_U00282_5_0,2026-06-06 22:40:25,SU00282_5_SESS_U00282_5_0_1,P0089,1
CU00293_5_SESS_U00293_5_0_1,U00293,SESS_U00293_5_0,2026-06-06 07:08:20,SU00293_5_SESS_U00293_5_0_1,P0227,1
CU00293_5_SESS_U00293_5_0_2,U00293,SESS_U00293_5_0,2026-06-06 22:12:08,SU00293_5_SESS_U00293_5_0_2,P0046,1
CU00303_5_SESS_U00303_5_0_0,U00303,SESS_U00303_5_0,2026-06-06 11:00:19,SU00303_5_SESS_U00303_5_0_0,P0288,5
CU00306_5_SESS_U00306_5_0_0,U00306,SESS_U00306_5_0,2026-06-06 14:54:22,SU00306_5_SESS_U00306_5_0_0,P0049,1
CU00306_5_SESS_U00306_5_1_0,U00306,SESS_U00306_5_1,2026-06-06 12:18:09,SU00306_5_SESS_U00306_5_1_0,P0139,6
CU00314_5_SESS_U00314_5_0_0,U00314,SESS_U00314_5_0,2026-06-06 20:29:14,SU00314_5_SESS_U00314_5_0_0,P0394,1
CU00325_5_SESS_U00325_5_0_0,U00325,SESS_U00325_5_0,2026-06-06 18:39:16,SU00325_5_SESS_U00325_5_0_0,P0001,1
CU00330_5_SESS_U00330_5_0_0,U00330,SESS_U00330_5_0,2026-06-06 11:27:14,SU00330_5_SESS_U00330_5_0_0,P0584,1
CU00331_5_SESS_U00331_5_0_1,U00331,SESS_U00331_5_0,2026-06-06 09:34:08,SU00331_5_SESS_U00331_5_0_1,P0018,1
CU00338_5_SESS_U00338_5_0_0,U00338,SESS_U00338_5_0,2026-06-06 14:03:12,SU00338_5_SESS_U00338_5_0_0,P0001,1
CU00340_5_SESS_U00340_5_0_0,U00340,SESS_U00340_5_0,2026-06-06 14:07:07,SU00340_5_SESS_U00340_5_0_0,P0091,5
CU00348_5_SESS_U00348_5_0_0,U00348,SESS_U00348_5_0,2026-06-06 13:37:20,SU00348_5_SESS_U00348_5_0_0,P0061,8
CU00351_5_SESS_U00351_5_0_0,U00351,SESS_U00351_5_0,2026-06-06 16:01:22,SU00351_5_SESS_U00351_5_0_0,P0184,2
CU00353_5_SESS_U00353_5_0_0,U00353,SESS_U00353_5_0,2026-06-06 21:26:10,SU00353_5_SESS_U00353_5_0_0,P0121,1
CU00354_5_SESS_U00354_5_0_0,U00354,SESS_U00354_5_0,2026-06-06 17:46:20,SU00354_5_SESS_U00354_5_0_0,P0001,1
CU00355_5_SESS_U00355_5_0_0,U00355,SESS_U00355_5_0,2026-06-06 13:44:15,SU00355_5_SESS_U00355_5_0_0,P0139,4
CU00359_5_SESS_U00359_5_0_0,U00359,SESS_U00359_5_0,2026-06-06 10:22:10,SU00359_5_SESS_U00359_5_0_0,P0022,1
CU00362_5_SESS_U00362_5_0_0,U00362,SESS_U00362_5_0,2026-06-06 18:30:20,SU00362_5_SESS_U00362_5_0_0,P0016,1
CU00368_5_SESS_U00368_5_0_0,U00368,SESS_U00368_5_0,2026-06-06 22:44:13,SU00368_5_SESS_U00368_5_0_0,P0012,6
CU00369_5_SESS_U00369_5_0_0,U00369,SESS_U00369_5_0,2026-06-06 19:48:08,SU00369_5_SESS_U00369_5_0_0,P0451,2
CU00384_5_SESS_U00384_5_0_0,U00384,SESS_U00384_5_0,2026-06-06 10:06:15,SU00384_5_SESS_U00384_5_0_0,P0083,1
CU00385_5_SESS_U00385_5_0_1,U00385,SESS_U00385_5_0,2026-06-06 21:19:15,SU00385_5_SESS_U00385_5_0_1,P0169,4
CU00386_5_SESS_U00386_5_0_0,U00386,SESS_U00386_5_0,2026-06-06 21:15:07,SU00386_5_SESS_U00386_5_0_0,P0002,1
CU00393_5_SESS_U00393_5_0_0,U00393,SESS_U00393_5_0,2026-06-06 18:18:23,SU00393_5_SESS_U00393_5_0_0,P0018,1
CU00397_5_SESS_U00397_5_0_0,U00397,SESS_U00397_5_0,2026-06-06 19:06:24,SU00397_5_SESS_U00397_5_0_0,P0640,7
CU00397_5_SESS_U00397_5_1_0,U00397,SESS_U00397_5_1,2026-06-06 09:26:21,SU00397_5_SESS_U00397_5_1_0,P0427,1
CU00406_5_SESS_U00406_5_0_0,U00406,SESS_U00406_5_0,2026-06-06 12:09:12,SU00406_5_SESS_U00406_5_0_0,P0001,1
CU00427_5_SESS_U00427_5_0_0,U00427,SESS_U00427_5_0,2026-06-06 07:25:06,SU00427_5_SESS_U00427_5_0_0,P0514,3
CU00429_5_SESS_U00429_5_0_0,U00429,SESS_U00429_5_0,2026-06-06 18:18:10,SU00429_5_SESS_U00429_5_0_0,P0111,1
CU00429_5_SESS_U00429_5_1_0,U00429,SESS_U00429_5_1,2026-06-06 21:37:14,SU00429_5_SESS_U00429_5_1_0,P0051,5
CU00432_5_SESS_U00432_5_0_0,U00432,SESS_U00432_5_0,2026-06-06 20:32:19,SU00432_5_SESS_U00432_5_0_0,P0155,1
CU00433_5_SESS_U00433_5_0_0,U00433,SESS_U00433_5_0,2026-06-06 19:42:05,SU00433_5_SESS_U00433_5_0_0,P0482,2
CU00444_5_SESS_U00444_5_0_0,U00444,SESS_U00444_5_0,2026-06-06 17:08:08,SU00444_5_SESS_U00444_5_0_0,P0024,1
CU00444_5_SESS_U00444_5_1_0,U00444,SESS_U00444_5_1,2026-06-06 10:09:12,SU00444_5_SESS_U00444_5_1_0,P0116,6
CU00446_5_SESS_U00446_5_0_0,U00446,SESS_U00446_5_0,2026-06-06 16:00:10,SU00446_5_SESS_U00446_5_0_0,P0002,1
CU00449_5_SESS_U00449_5_0_0,U00449,SESS_U00449_5_0,2026-06-06 21:12:12,SU00449_5_SESS_U00449_5_0_0,P0102,3
CU00466_5_SESS_U00466_5_0_0,U00466,SESS_U00466_5_0,2026-06-06 13:51:17,SU00466_5_SESS_U00466_5_0_0,P0077,4
CU00467_5_SESS_U00467_5_0_0,U00467,SESS_U00467_5_0,2026-06-06 20:50:15,SU00467_5_SESS_U00467_5_0_0,P0001,1
CU00473_5_SESS_U00473_5_0_0,U00473,SESS_U00473_5_0,2026-06-06 12:19:11,SU00473_5_SESS_U00473_5_0_0,P0127,1
CU00493_5_SESS_U00493_5_0_1,U00493,SESS_U00493_5_0,2026-06-06 20:03:15,SU00493_5_SESS_U00493_5_0_1,P0002,1
CU00495_5_SESS_U00495_5_0_1,U00495,SESS_U00495_5_0,2026-06-06 14:26:09,SU00495_5_SESS_U00495_5_0_1,P0086,1
CU00500_5_SESS_U00500_5_0_0,U00500,SESS_U00500_5_0,2026-06-06 17:26:20,SU00500_5_SESS_U00500_5_0_0,P0227,1
CU00509_5_SESS_U00509_5_0_0,U00509,SESS_U00509_5_0,2026-06-06 09:29:03,SU00509_5_SESS_U00509_5_0_0,P0225,8
CU00513_5_SESS_U00513_5_0_0,U00513,SESS_U00513_5_0,2026-06-06 17:37:09,SU00513_5_SESS_U00513_5_0_0,P0003,4
CU00517_5_SESS_U00517_5_0_0,U00517,SESS_U00517_5_0,2026-06-06 18:04:13,SU00517_5_SESS_U00517_5_0_0,P0004,3
CU00534_5_SESS_U00534_5_1_0,U00534,SESS_U00534_5_1,2026-06-06 10:48:07,SU00534_5_SESS_U00534_5_1_0,P0098,1
CU00537_5_SESS_U00537_5_0_1,U00537,SESS_U00537_5_0,2026-06-06 16:58:13,SU00537_5_SESS_U00537_5_0_1,P0054,4
CU00537_5_SESS_U00537_5_0_2,U00537,SESS_U00537_5_0,2026-06-06 20:48:08,SU00537_5_SESS_U00537_5_0_2,P0004,3
CU00542_5_SESS_U00542_5_0_0,U00542,SESS_U00542_5_0,2026-06-06 13:51:14,SU00542_5_SESS_U00542_5_0_0,P0171,1
CU00545_5_SESS_U00545_5_0_0,U00545,SESS_U00545_5_0,2026-06-06 20:29:08,SU00545_5_SESS_U00545_5_0_0,P0174,1
CU00545_5_SESS_U00545_5_1_0,U00545,SESS_U00545_5_1,2026-06-06 09:52:05,SU00545_5_SESS_U00545_5_1_0,P0157,3
CU00546_5_SESS_U00546_5_0_0,U00546,SESS_U00546_5_0,2026-06-06 08:41:15,SU00546_5_SESS_U00546_5_0_0,P0002,1
CU00549_5_SESS_U00549_5_0_0,U00549,SESS_U00549_5_0,2026-06-06 15:25:13,SU00549_5_SESS_U00549_5_0_0,P0531,1
CU00564_5_SESS_U00564_5_0_1,U00564,SESS_U00564_5_0,2026-06-06 18:34:11,SU00564_5_SESS_U00564_5_0_1,P0005,1
CU00568_5_SESS_U00568_5_0_0,U00568,SESS_U00568_5_0,2026-06-06 16:43:24,SU00568_5_SESS_U00568_5_0_0,P0122,8
CU00568_5_SESS_U00568_5_0_1,U00568,SESS_U00568_5_0,2026-06-06 14:46:08,SU00568_5_SESS_U00568_5_0_1,P0033,3
CU00577_5_SESS_U00577_5_0_1,U00577,SESS_U00577_5_0,2026-06-06 09:03:08,SU00577_5_SESS_U00577_5_0_1,P0236,3
CU00577_5_SESS_U00577_5_1_0,U00577,SESS_U00577_5_1,2026-06-06 13:47:08,SU00577_5_SESS_U00577_5_1_0,P0075,1
CU00582_5_SESS_U00582_5_0_0,U00582,SESS_U00582_5_0,2026-06-06 09:39:17,SU00582_5_SESS_U00582_5_0_0,P0227,1
CU00588_5_SESS_U00588_5_0_0,U00588,SESS_U00588_5_0,2026-06-06 14:28:25,SU00588_5_SESS_U00588_5_0_0,P0002,1
CU00591_5_SESS_U00591_5_0_1,U00591,SESS_U00591_5_0,2026-06-06 18:57:25,SU00591_5_SESS_U00591_5_0_1,P0074,2
CU00592_5_SESS_U00592_5_0_0,U00592,SESS_U00592_5_0,2026-06-06 20:49:24,SU00592_5_SESS_U00592_5_0_0,P0225,4
CU00592_5_SESS_U00592_5_0_1,U00592,SESS_U00592_5_0,2026-06-06 22:40:17,SU00592_5_SESS_U00592_5_0_1,P0332,6
CU00599_5_SESS_U00599_5_0_0,U00599,SESS_U00599_5_0,2026-06-06 15:15:24,SU00599_5_SESS_U00599_5_0_0,P0002,1
CU00606_5_SESS_U00606_5_0_1,U00606,SESS_U00606_5_0,2026-06-06 13:38:19,SU00606_5_SESS_U00606_5_0_1,P0027,1
CU00610_5_SESS_U00610_5_0_0,U00610,SESS_U00610_5_0,2026-06-06 08:04:23,SU00610_5_SESS_U00610_5_0_0,P0640,5
CU00610_5_SESS_U00610_5_0_1,U00610,SESS_U00610_5_0,2026-06-06 11:24:06,SU00610_5_SESS_U00610_5_0_1,P0131,1
CU00614_5_SESS_U00614_5_0_1,U00614,SESS_U00614_5_0,2026-06-06 16:10:17,SU00614_5_SESS_U00614_5_0_1,P0036,1
CU00619_5_SESS_U00619_5_0_0,U00619,SESS_U00619_5_0,2026-06-06 16:54:06,SU00619_5_SESS_U00619_5_0_0,P0285,8
CU00621_5_SESS_U00621_5_0_0,U00621,SESS_U00621_5_0,2026-06-06 19:27:07,SU00621_5_SESS_U00621_5_0_0,P0001,1
CU00627_5_SESS_U00627_5_0_1,U00627,SESS_U00627_5_0,2026-06-06 14:41:21,SU00627_5_SESS_U00627_5_0_1,P0006,1
CU00632_5_SESS_U00632_5_0_1,U00632,SESS_U00632_5_0,2026-06-06 14:45:19,SU00632_5_SESS_U00632_5_0_1,P0016,1
CU00633_5_SESS_U00633_5_1_0,U00633,SESS_U00633_5_1,2026-06-06 21:50:09,SU00633_5_SESS_U00633_5_1_0,P0234,4
CU00634_5_SESS_U00634_5_0_0,U00634,SESS_U00634_5_0,2026-06-06 13:13:03,SU00634_5_SESS_U00634_5_0_0,P0007,1
CU00637_5_SESS_U00637_5_0_0,U00637,SESS_U00637_5_0,2026-06-06 11:28:11,SU00637_5_SESS_U00637_5_0_0,P0016,1
CU00637_5_SESS_U00637_5_0_1,U00637,SESS_U00637_5_0,2026-06-06 07:58:22,SU00637_5_SESS_U00637_5_0_1,P0107,1
CU00640_5_SESS_U00640_5_0_0,U00640,SESS_U00640_5_0,2026-06-06 08:49:06,SU00640_5_SESS_U00640_5_0_0,P0016,1
CU00640_5_SESS_U00640_5_1_0,U00640,SESS_U00640_5_1,2026-06-06 14:32:20,SU00640_5_SESS_U00640_5_1_0,P0195,4
CU00642_5_SESS_U00642_5_0_0,U00642,SESS_U00642_5_0,2026-06-06 11:05:03,SU00642_5_SESS_U00642_5_0_0,P0264,2
CU00647_5_SESS_U00647_5_0_2,U00647,SESS_U00647_5_0,2026-06-06 18:47:15,SU00647_5_SESS_U00647_5_0_2,P0186,1
CU00650_5_SESS_U00650_5_0_0,U00650,SESS_U00650_5_0,2026-06-06 11:56:23,SU00650_5_SESS_U00650_5_0_0,P0062,7
CU00656_5_SESS_U00656_5_0_0,U00656,SESS_U00656_5_0,2026-06-06 11:55:08,SU00656_5_SESS_U00656_5_0_0,P0062,1
CU00661_5_SESS_U00661_5_1_0,U00661,SESS_U00661_5_1,2026-06-06 16:06:13,SU00661_5_SESS_U00661_5_1_0,P0264,1
CU00675_5_SESS_U00675_5_0_1,U00675,SESS_U00675_5_0,2026-06-06 08:16:06,SU00675_5_SESS_U00675_5_0_1,P0210,1
CU00676_5_SESS_U00676_5_1_0,U00676,SESS_U00676_5_1,2026-06-06 08:06:11,SU00676_5_SESS_U00676_5_1_0,P0088,1
CU00678_5_SESS_U00678_5_0_0,U00678,SESS_U00678_5_0,2026-06-06 17:00:23,SU00678_5_SESS_U00678_5_0_0,P0006,5
CU00683_5_SESS_U00683_5_0_0,U00683,SESS_U00683_5_0,2026-06-06 18:51:05,SU00683_5_SESS_U00683_5_0_0,P0107,1
CU00683_5_SESS_U00683_5_0_1,U00683,SESS_U00683_5_0,2026-06-06 10:30:13,SU00683_5_SESS_U00683_5_0_1,P0227,3
CU00689_5_SESS_U00689_5_0_0,U00689,SESS_U00689_5_0,2026-06-06 09:04:22,SU00689_5_SESS_U00689_5_0_0,P0005,1
CU00693_5_SESS_U00693_5_0_0,U00693,SESS_U00693_5_0,2026-06-06 07:01:11,SU00693_5_SESS_U00693_5_0_0,P0280,8
CU00694_5_SESS_U00694_5_0_0,U00694,SESS_U00694_5_0,2026-06-06 07:05:21,SU00694_5_SESS_U00694_5_0_0,P0030,1
CU00706_5_SESS_U00706_5_0_1,U00706,SESS_U00706_5_0,2026-06-06 22:15:18,SU00706_5_SESS_U00706_5_0_1,P0433,1
CU00707_5_SESS_U00707_5_0_0,U00707,SESS_U00707_5_0,2026-06-06 14:43:11,SU00707_5_SESS_U00707_5_0_0,P0147,1
CU00707_5_SESS_U00707_5_0_1,U00707,SESS_U00707_5_0,2026-06-06 08:18:18,SU00707_5_SESS_U00707_5_0_1,P0107,1
CU00719_5_SESS_U00719_5_0_0,U00719,SESS_U00719_5_0,2026-06-06 16:41:16,SU00719_5_SESS_U00719_5_0_0,P0494,4
CU00722_5_SESS_U00722_5_0_0,U00722,SESS_U00722_5_0,2026-06-06 12:18:12,SU00722_5_SESS_U00722_5_0_0,P0004,3
CU00723_5_SESS_U00723_5_0_0,U00723,SESS_U00723_5_0,2026-06-06 08:14:03,SU00723_5_SESS_U00723_5_0_0,P0488,4
CU00726_5_SESS_U00726_5_0_1,U00726,SESS_U00726_5_0,2026-06-06 20:51:07,SU00726_5_SESS_U00726_5_0_1,P0256,1
CU00730_5_SESS_U00730_5_0_0,U00730,SESS_U00730_5_0,2026-06-06 19:24:25,SU00730_5_SESS_U00730_5_0_0,P0001,1
CU00740_5_SESS_U00740_5_0_0,U00740,SESS_U00740_5_0,2026-06-06 09:55:16,SU00740_5_SESS_U00740_5_0_0,P0002,1
CU00746_5_SESS_U00746_5_0_0,U00746,SESS_U00746_5_0,2026-06-06 22:05:20,SU00746_5_SESS_U00746_5_0_0,P0060,3
CU00754_5_SESS_U00754_5_0_0,U00754,SESS_U00754_5_0,2026-06-06 12:22:07,SU00754_5_SESS_U00754_5_0_0,P0544,1
CU00758_5_SESS_U00758_5_0_1,U00758,SESS_U00758_5_0,2026-06-06 11:17:22,SU00758_5_SESS_U00758_5_0_1,P0003,2
CU00759_5_SESS_U00759_5_0_2,U00759,SESS_U00759_5_0,2026-06-06 20:12:04,SU00759_5_SESS_U00759_5_0_2,P0063,1
CU00761_5_SESS_U00761_5_0_0,U00761,SESS_U00761_5_0,2026-06-06 19:49:20,SU00761_5_SESS_U00761_5_0_0,P0013,1
CU00761_5_SESS_U00761_5_1_0,U00761,SESS_U00761_5_1,2026-06-06 19:45:19,SU00761_5_SESS_U00761_5_1_0,P0021,1
CU00762_5_SESS_U00762_5_0_0,U00762,SESS_U00762_5_0,2026-06-06 15:40:23,SU00762_5_SESS_U00762_5_0_0,P0051,5
CU00765_5_SESS_U00765_5_0_0,U00765,SESS_U00765_5_0,2026-06-06 16:43:04,SU00765_5_SESS_U00765_5_0_0,P0276,5
CU00766_5_SESS_U00766_5_0_0,U00766,SESS_U00766_5_0,2026-06-06 22:42:13,SU00766_5_SESS_U00766_5_0_0,P0016,2
CU00774_5_SESS_U00774_5_0_0,U00774,SESS_U00774_5_0,2026-06-06 17:07:23,SU00774_5_SESS_U00774_5_0_0,P0057,6
CU00781_5_SESS_U00781_5_0_1,U00781,SESS_U00781_5_0,2026-06-06 16:18:20,SU00781_5_SESS_U00781_5_0_1,P0010,1
CU00784_5_SESS_U00784_5_0_1,U00784,SESS_U00784_5_0,2026-06-06 21:56:11,SU00784_5_SESS_U00784_5_0_1,P0002,1
CU00793_5_SESS_U00793_5_0_0,U00793,SESS_U00793_5_0,2026-06-06 17:52:18,SU00793_5_SESS_U00793_5_0_0,P0010,1
CU00793_5_SESS_U00793_5_0_1,U00793,SESS_U00793_5_0,2026-06-06 21:57:04,SU00793_5_SESS_U00793_5_0_1,P0011,1
CU00793_5_SESS_U00793_5_1_0,U00793,SESS_U00793_5_1,2026-06-06 07:27:07,SU00793_5_SESS_U00793_5_1_0,P0012,7
CU00799_5_SESS_U00799_5_0_0,U00799,SESS_U00799_5_0,2026-06-06 14:38:05,SU00799_5_SESS_U00799_5_0_0,P0004,3
CU00004_6_SESS_U00004_6_0_2,U00004,SESS_U00004_6_0,2026-06-07 22:55:11,SU00004_6_SESS_U00004_6_0_2,P0002,1
CU00008_6_SESS_U00008_6_0_0,U00008,SESS_U00008_6_0,2026-06-07 19:05:22,SU00008_6_SESS_U00008_6_0_0,P0003,2
CU00008_6_SESS_U00008_6_0_1,U00008,SESS_U00008_6_0,2026-06-07 20:51:07,SU00008_6_SESS_U00008_6_0_1,P0013,1
CU00009_6_SESS_U00009_6_0_0,U00009,SESS_U00009_6_0,2026-06-07 19:06:20,SU00009_6_SESS_U00009_6_0_0,P0166,8
CU00017_6_SESS_U00017_6_0_0,U00017,SESS_U00017_6_0,2026-06-07 22:13:19,SU00017_6_SESS_U00017_6_0_0,P0079,2
CU00026_6_SESS_U00026_6_0_0,U00026,SESS_U00026_6_0,2026-06-07 18:29:04,SU00026_6_SESS_U00026_6_0_0,P0002,1
CU00026_6_SESS_U00026_6_0_1,U00026,SESS_U00026_6_0,2026-06-07 07:50:09,SU00026_6_SESS_U00026_6_0_1,P0002,1
CU00034_6_SESS_U00034_6_0_0,U00034,SESS_U00034_6_0,2026-06-07 10:36:20,SU00034_6_SESS_U00034_6_0_0,P0004,1
CU00034_6_SESS_U00034_6_1_0,U00034,SESS_U00034_6_1,2026-06-07 09:46:04,SU00034_6_SESS_U00034_6_1_0,P0002,1
CU00034_6_SESS_U00034_6_1_1,U00034,SESS_U00034_6_1,2026-06-07 16:22:07,SU00034_6_SESS_U00034_6_1_1,P0010,7
CU00034_6_SESS_U00034_6_1_2,U00034,SESS_U00034_6_1,2026-06-07 07:57:20,SU00034_6_SESS_U00034_6_1_2,P0006,5
CU00038_6_SESS_U00038_6_0_0,U00038,SESS_U00038_6_0,2026-06-07 20:49:23,SU00038_6_SESS_U00038_6_0_0,P0004,3
CU00038_6_SESS_U00038_6_0_1,U00038,SESS_U00038_6_0,2026-06-07 14:55:04,SU00038_6_SESS_U00038_6_0_1,P0002,1
CU00040_6_SESS_U00040_6_0_0,U00040,SESS_U00040_6_0,2026-06-07 21:25:07,SU00040_6_SESS_U00040_6_0_0,P0072,1
CU00051_6_SESS_U00051_6_0_1,U00051,SESS_U00051_6_0,2026-06-07 09:52:12,SU00051_6_SESS_U00051_6_0_1,P0186,8
CU00051_6_SESS_U00051_6_0_2,U00051,SESS_U00051_6_0,2026-06-07 22:47:12,SU00051_6_SESS_U00051_6_0_2,P0225,1
CU00053_6_SESS_U00053_6_0_0,U00053,SESS_U00053_6_0,2026-06-07 15:09:06,SU00053_6_SESS_U00053_6_0_0,P0411,1
CU00053_6_SESS_U00053_6_1_0,U00053,SESS_U00053_6_1,2026-06-07 10:28:07,SU00053_6_SESS_U00053_6_1_0,P0181,1
CU00084_6_SESS_U00084_6_0_0,U00084,SESS_U00084_6_0,2026-06-07 09:51:08,SU00084_6_SESS_U00084_6_0_0,P0299,7
CU00084_6_SESS_U00084_6_1_1,U00084,SESS_U00084_6_1,2026-06-07 15:48:23,SU00084_6_SESS_U00084_6_1_1,P0169,6
CU00088_6_SESS_U00088_6_0_0,U00088,SESS_U00088_6_0,2026-06-07 15:39:22,SU00088_6_SESS_U00088_6_0_0,P0002,1
CU00088_6_SESS_U00088_6_0_1,U00088,SESS_U00088_6_0,2026-06-07 19:45:03,SU00088_6_SESS_U00088_6_0_1,P0111,1
CU00088_6_SESS_U00088_6_1_0,U00088,SESS_U00088_6_1,2026-06-07 19:43:03,SU00088_6_SESS_U00088_6_1_0,P0012,6
CU00101_6_SESS_U00101_6_0_0,U00101,SESS_U00101_6_0,2026-06-07 17:43:17,SU00101_6_SESS_U00101_6_0_0,P0054,4
CU00101_6_SESS_U00101_6_0_1,U00101,SESS_U00101_6_0,2026-06-07 07:18:15,SU00101_6_SESS_U00101_6_0_1,P0014,8
CU00104_6_SESS_U00104_6_0_0,U00104,SESS_U00104_6_0,2026-06-07 12:00:13,SU00104_6_SESS_U00104_6_0_0,P0433,1
CU00105_6_SESS_U00105_6_0_1,U00105,SESS_U00105_6_0,2026-06-07 07:58:08,SU00105_6_SESS_U00105_6_0_1,P0584,1
CU00106_6_SESS_U00106_6_0_0,U00106,SESS_U00106_6_0,2026-06-07 13:42:13,SU00106_6_SESS_U00106_6_0_0,P0065,1
CU00107_6_SESS_U00107_6_0_0,U00107,SESS_U00107_6_0,2026-06-07 19:54:20,SU00107_6_SESS_U00107_6_0_0,P0006,1
CU00107_6_SESS_U00107_6_1_1,U00107,SESS_U00107_6_1,2026-06-07 20:53:21,SU00107_6_SESS_U00107_6_1_1,P0089,5
CU00109_6_SESS_U00109_6_0_1,U00109,SESS_U00109_6_0,2026-06-07 13:23:15,SU00109_6_SESS_U00109_6_0_1,P0013,1
CU00109_6_SESS_U00109_6_0_2,U00109,SESS_U00109_6_0,2026-06-07 08:42:04,SU00109_6_SESS_U00109_6_0_2,P0014,1
CU00110_6_SESS_U00110_6_0_0,U00110,SESS_U00110_6_0,2026-06-07 21:45:17,SU00110_6_SESS_U00110_6_0_0,P0014,1
CU00114_6_SESS_U00114_6_0_0,U00114,SESS_U00114_6_0,2026-06-07 20:42:14,SU00114_6_SESS_U00114_6_0_0,P0069,1
CU00117_6_SESS_U00117_6_0_0,U00117,SESS_U00117_6_0,2026-06-07 17:00:07,SU00117_6_SESS_U00117_6_0_0,P0134,1
CU00117_6_SESS_U00117_6_0_1,U00117,SESS_U00117_6_0,2026-06-07 18:13:06,SU00117_6_SESS_U00117_6_0_1,P0531,1
CU00117_6_SESS_U00117_6_1_0,U00117,SESS_U00117_6_1,2026-06-07 22:31:08,SU00117_6_SESS_U00117_6_1_0,P0001,7
CU00119_6_SESS_U00119_6_0_1,U00119,SESS_U00119_6_0,2026-06-07 17:49:24,SU00119_6_SESS_U00119_6_0_1,P0006,1
CU00121_6_SESS_U00121_6_0_0,U00121,SESS_U00121_6_0,2026-06-07 15:53:16,SU00121_6_SESS_U00121_6_0_0,P0202,3
CU00126_6_SESS_U00126_6_0_0,U00126,SESS_U00126_6_0,2026-06-07 08:26:05,SU00126_6_SESS_U00126_6_0_0,P0101,1
CU00126_6_SESS_U00126_6_0_1,U00126,SESS_U00126_6_0,2026-06-07 11:41:11,SU00126_6_SESS_U00126_6_0_1,P0156,8
CU00138_6_SESS_U00138_6_0_0,U00138,SESS_U00138_6_0,2026-06-07 22:24:03,SU00138_6_SESS_U00138_6_0_0,P0118,1
CU00142_6_SESS_U00142_6_0_0,U00142,SESS_U00142_6_0,2026-06-07 14:53:22,SU00142_6_SESS_U00142_6_0_0,P0001,1
CU00143_6_SESS_U00143_6_0_0,U00143,SESS_U00143_6_0,2026-06-07 14:03:03,SU00143_6_SESS_U00143_6_0_0,P0002,1
CU00147_6_SESS_U00147_6_0_0,U00147,SESS_U00147_6_0,2026-06-07 17:59:24,SU00147_6_SESS_U00147_6_0_0,P0075,1
CU00152_6_SESS_U00152_6_0_0,U00152,SESS_U00152_6_0,2026-06-07 20:11:07,SU00152_6_SESS_U00152_6_0_0,P0044,1
CU00155_6_SESS_U00155_6_0_0,U00155,SESS_U00155_6_0,2026-06-07 11:55:10,SU00155_6_SESS_U00155_6_0_0,P0421,7
CU00162_6_SESS_U00162_6_0_0,U00162,SESS_U00162_6_0,2026-06-07 22:37:25,SU00162_6_SESS_U00162_6_0_0,P0166,5
CU00162_6_SESS_U00162_6_0_1,U00162,SESS_U00162_6_0,2026-06-07 20:06:14,SU00162_6_SESS_U00162_6_0_1,P0128,1
CU00163_6_SESS_U00163_6_0_0,U00163,SESS_U00163_6_0,2026-06-07 15:17:12,SU00163_6_SESS_U00163_6_0_0,P0058,1
CU00170_6_SESS_U00170_6_0_0,U00170,SESS_U00170_6_0,2026-06-07 09:19:17,SU00170_6_SESS_U00170_6_0_0,P0002,1
CU00170_6_SESS_U00170_6_0_2,U00170,SESS_U00170_6_0,2026-06-07 13:57:06,SU00170_6_SESS_U00170_6_0_2,P0159,6
CU00173_6_SESS_U00173_6_0_0,U00173,SESS_U00173_6_0,2026-06-07 07:59:24,SU00173_6_SESS_U00173_6_0_0,P0263,1
CU00181_6_SESS_U00181_6_0_0,U00181,SESS_U00181_6_0,2026-06-07 15:14:24,SU00181_6_SESS_U00181_6_0_0,P0024,1
CU00181_6_SESS_U00181_6_0_1,U00181,SESS_U00181_6_0,2026-06-07 21:30:13,SU00181_6_SESS_U00181_6_0_1,P0037,4
CU00192_6_SESS_U00192_6_0_0,U00192,SESS_U00192_6_0,2026-06-07 21:32:18,SU00192_6_SESS_U00192_6_0_0,P0004,1
CU00197_6_SESS_U00197_6_0_0,U00197,SESS_U00197_6_0,2026-06-07 09:53:25,SU00197_6_SESS_U00197_6_0_0,P0030,1
CU00202_6_SESS_U00202_6_0_0,U00202,SESS_U00202_6_0,2026-06-07 18:32:19,SU00202_6_SESS_U00202_6_0_0,P0015,1
CU00207_6_SESS_U00207_6_0_1,U00207,SESS_U00207_6_0,2026-06-07 15:11:09,SU00207_6_SESS_U00207_6_0_1,P0018,1
CU00208_6_SESS_U00208_6_0_0,U00208,SESS_U00208_6_0,2026-06-07 11:29:21,SU00208_6_SESS_U00208_6_0_0,P0049,7
CU00208_6_SESS_U00208_6_0_1,U00208,SESS_U00208_6_0,2026-06-07 12:07:13,SU00208_6_SESS_U00208_6_0_1,P0263,1
CU00213_6_SESS_U00213_6_0_0,U00213,SESS_U00213_6_0,2026-06-07 13:38:19,SU00213_6_SESS_U00213_6_0_0,P0142,7
CU00213_6_SESS_U00213_6_1_0,U00213,SESS_U00213_6_1,2026-06-07 08:25:15,SU00213_6_SESS_U00213_6_1_0,P0006,1
CU00221_6_SESS_U00221_6_1_1,U00221,SESS_U00221_6_1,2026-06-07 17:55:19,SU00221_6_SESS_U00221_6_1_1,P0085,1
CU00222_6_SESS_U00222_6_0_0,U00222,SESS_U00222_6_0,2026-06-07 17:51:17,SU00222_6_SESS_U00222_6_0_0,P0017,8
CU00228_6_SESS_U00228_6_0_1,U00228,SESS_U00228_6_0,2026-06-07 17:55:14,SU00228_6_SESS_U00228_6_0_1,P0092,4
CU00233_6_SESS_U00233_6_0_0,U00233,SESS_U00233_6_0,2026-06-07 09:58:10,SU00233_6_SESS_U00233_6_0_0,P0005,4
CU00233_6_SESS_U00233_6_0_1,U00233,SESS_U00233_6_0,2026-06-07 11:47:12,SU00233_6_SESS_U00233_6_0_1,P0005,1
CU00237_6_SESS_U00237_6_0_0,U00237,SESS_U00237_6_0,2026-06-07 20:56:12,SU00237_6_SESS_U00237_6_0_0,P0002,1
CU00241_6_SESS_U00241_6_0_0,U00241,SESS_U00241_6_0,2026-06-07 19:59:11,SU00241_6_SESS_U00241_6_0_0,P0002,1
CU00242_6_SESS_U00242_6_0_0,U00242,SESS_U00242_6_0,2026-06-07 12:56:08,SU00242_6_SESS_U00242_6_0_0,P0088,4
CU00255_6_SESS_U00255_6_0_0,U00255,SESS_U00255_6_0,2026-06-07 21:46:25,SU00255_6_SESS_U00255_6_0_0,P0514,6
CU00259_6_SESS_U00259_6_1_0,U00259,SESS_U00259_6_1,2026-06-07 11:38:05,SU00259_6_SESS_U00259_6_1_0,P0002,1
CU00262_6_SESS_U00262_6_0_0,U00262,SESS_U00262_6_0,2026-06-07 12:20:18,SU00262_6_SESS_U00262_6_0_0,P0017,1
CU00264_6_SESS_U00264_6_0_2,U00264,SESS_U00264_6_0,2026-06-07 16:25:16,SU00264_6_SESS_U00264_6_0_2,P0005,1
CU00265_6_SESS_U00265_6_0_1,U00265,SESS_U00265_6_0,2026-06-07 20:14:25,SU00265_6_SESS_U00265_6_0_1,P0002,1
CU00271_6_SESS_U00271_6_0_1,U00271,SESS_U00271_6_0,2026-06-07 13:28:03,SU00271_6_SESS_U00271_6_0_1,P0080,5
CU00274_6_SESS_U00274_6_0_0,U00274,SESS_U00274_6_0,2026-06-07 19:24:15,SU00274_6_SESS_U00274_6_0_0,P0044,1
CU00274_6_SESS_U00274_6_0_1,U00274,SESS_U00274_6_0,2026-06-07 08:20:09,SU00274_6_SESS_U00274_6_0_1,P0245,8
CU00277_6_SESS_U00277_6_0_0,U00277,SESS_U00277_6_0,2026-06-07 16:47:17,SU00277_6_SESS_U00277_6_0_0,P0006,5
CU00280_6_SESS_U00280_6_1_0,U00280,SESS_U00280_6_1,2026-06-07 07:30:16,SU00280_6_SESS_U00280_6_1_0,P0092,1
CU00285_6_SESS_U00285_6_0_0,U00285,SESS_U00285_6_0,2026-06-07 07:58:19,SU00285_6_SESS_U00285_6_0_0,P0467,3
CU00286_6_SESS_U00286_6_0_0,U00286,SESS_U00286_6_0,2026-06-07 22:03:20,SU00286_6_SESS_U00286_6_0_0,P0111,6
CU00290_6_SESS_U00290_6_0_1,U00290,SESS_U00290_6_0,2026-06-07 22:29:05,SU00290_6_SESS_U00290_6_0_1,P0482,7
CU00292_6_SESS_U00292_6_0_0,U00292,SESS_U00292_6_0,2026-06-07 12:17:11,SU00292_6_SESS_U00292_6_0_0,P0015,8
CU00298_6_SESS_U00298_6_0_1,U00298,SESS_U00298_6_0,2026-06-07 17:37:19,SU00298_6_SESS_U00298_6_0_1,P0015,1
CU00306_6_SESS_U00306_6_0_0,U00306,SESS_U00306_6_0,2026-06-07 21:57:09,SU00306_6_SESS_U00306_6_0_0,P0339,4
CU00313_6_SESS_U00313_6_0_1,U00313,SESS_U00313_6_0,2026-06-07 09:30:20,SU00313_6_SESS_U00313_6_0_1,P0285,1
CU00316_6_SESS_U00316_6_0_0,U00316,SESS_U00316_6_0,2026-06-07 10:11:09,SU00316_6_SESS_U00316_6_0_0,P0013,1
CU00321_6_SESS_U00321_6_0_0,U00321,SESS_U00321_6_0,2026-06-07 10:49:14,SU00321_6_SESS_U00321_6_0_0,P0186,1
CU00326_6_SESS_U00326_6_0_0,U00326,SESS_U00326_6_0,2026-06-07 21:38:06,SU00326_6_SESS_U00326_6_0_0,P0044,1
CU00330_6_SESS_U00330_6_0_0,U00330,SESS_U00330_6_0,2026-06-07 19:54:24,SU00330_6_SESS_U00330_6_0_0,P0214,8
CU00331_6_SESS_U00331_6_0_1,U00331,SESS_U00331_6_0,2026-06-07 14:30:07,SU00331_6_SESS_U00331_6_0_1,P0002,1
CU00334_6_SESS_U00334_6_0_0,U00334,SESS_U00334_6_0,2026-06-07 08:42:16,SU00334_6_SESS_U00334_6_0_0,P0049,1
CU00334_6_SESS_U00334_6_0_1,U00334,SESS_U00334_6_0,2026-06-07 22:11:12,SU00334_6_SESS_U00334_6_0_1,P0615,8
CU00334_6_SESS_U00334_6_0_2,U00334,SESS_U00334_6_0,2026-06-07 13:08:21,SU00334_6_SESS_U00334_6_0_2,P0112,1
CU00336_6_SESS_U00336_6_0_0,U00336,SESS_U00336_6_0,2026-06-07 09:53:04,SU00336_6_SESS_U00336_6_0_0,P0002,1
CU00338_6_SESS_U00338_6_0_0,U00338,SESS_U00338_6_0,2026-06-07 22:14:20,SU00338_6_SESS_U00338_6_0_0,P0014,7
CU00341_6_SESS_U00341_6_0_0,U00341,SESS_U00341_6_0,2026-06-07 13:54:16,SU00341_6_SESS_U00341_6_0_0,P0433,1
CU00346_6_SESS_U00346_6_0_1,U00346,SESS_U00346_6_0,2026-06-07 09:07:24,SU00346_6_SESS_U00346_6_0_1,P0174,1
CU00346_6_SESS_U00346_6_0_2,U00346,SESS_U00346_6_0,2026-06-07 22:37:18,SU00346_6_SESS_U00346_6_0_2,P0433,1
CU00346_6_SESS_U00346_6_1_0,U00346,SESS_U00346_6_1,2026-06-07 18:53:23,SU00346_6_SESS_U00346_6_1_0,P0016,1
CU00358_6_SESS_U00358_6_0_0,U00358,SESS_U00358_6_0,2026-06-07 21:00:14,SU00358_6_SESS_U00358_6_0_0,P0438,3
CU00362_6_SESS_U00362_6_0_0,U00362,SESS_U00362_6_0,2026-06-07 13:35:16,SU00362_6_SESS_U00362_6_0_0,P0067,3
CU00364_6_SESS_U00364_6_0_0,U00364,SESS_U00364_6_0,2026-06-07 19:02:11,SU00364_6_SESS_U00364_6_0_0,P0002,1
CU00365_6_SESS_U00365_6_0_1,U00365,SESS_U00365_6_0,2026-06-07 14:48:03,SU00365_6_SESS_U00365_6_0_1,P0111,1
CU00374_6_SESS_U00374_6_0_0,U00374,SESS_U00374_6_0,2026-06-07 17:33:15,SU00374_6_SESS_U00374_6_0_0,P0001,1
CU00376_6_SESS_U00376_6_0_0,U00376,SESS_U00376_6_0,2026-06-07 12:34:09,SU00376_6_SESS_U00376_6_0_0,P0002,1
CU00386_6_SESS_U00386_6_0_0,U00386,SESS_U00386_6_0,2026-06-07 10:44:24,SU00386_6_SESS_U00386_6_0_0,P0075,3
CU00394_6_SESS_U00394_6_0_0,U00394,SESS_U00394_6_0,2026-06-07 18:36:03,SU00394_6_SESS_U00394_6_0_0,P0016,1
CU00396_6_SESS_U00396_6_0_0,U00396,SESS_U00396_6_0,2026-06-07 07:19:17,SU00396_6_SESS_U00396_6_0_0,P0002,1
CU00396_6_SESS_U00396_6_1_0,U00396,SESS_U00396_6_1,2026-06-07 19:32:09,SU00396_6_SESS_U00396_6_1_0,P0086,1
CU00398_6_SESS_U00398_6_0_0,U00398,SESS_U00398_6_0,2026-06-07 21:19:09,SU00398_6_SESS_U00398_6_0_0,P0002,1
CU00398_6_SESS_U00398_6_1_0,U00398,SESS_U00398_6_1,2026-06-07 13:29:16,SU00398_6_SESS_U00398_6_1_0,P0492,5
CU00399_6_SESS_U00399_6_0_1,U00399,SESS_U00399_6_0,2026-06-07 19:59:10,SU00399_6_SESS_U00399_6_0_1,P0565,1
CU00399_6_SESS_U00399_6_0_2,U00399,SESS_U00399_6_0,2026-06-07 13:26:19,SU00399_6_SESS_U00399_6_0_2,P0285,1
CU00417_6_SESS_U00417_6_0_1,U00417,SESS_U00417_6_0,2026-06-07 07:34:09,SU00417_6_SESS_U00417_6_0_1,P0042,3
CU00417_6_SESS_U00417_6_0_2,U00417,SESS_U00417_6_0,2026-06-07 20:21:08,SU00417_6_SESS_U00417_6_0_2,P0002,1
CU00422_6_SESS_U00422_6_0_0,U00422,SESS_U00422_6_0,2026-06-07 09:29:18,SU00422_6_SESS_U00422_6_0_0,P0022,1
CU00426_6_SESS_U00426_6_0_0,U00426,SESS_U00426_6_0,2026-06-07 13:16:13,SU00426_6_SESS_U00426_6_0_0,P0368,5
CU00442_6_SESS_U00442_6_0_0,U00442,SESS_U00442_6_0,2026-06-07 16:49:14,SU00442_6_SESS_U00442_6_0_0,P0024,1
CU00453_6_SESS_U00453_6_0_0,U00453,SESS_U00453_6_0,2026-06-07 08:47:18,SU00453_6_SESS_U00453_6_0_0,P0116,4
CU00454_6_SESS_U00454_6_0_0,U00454,SESS_U00454_6_0,2026-06-07 09:42:03,SU00454_6_SESS_U00454_6_0_0,P0006,1
CU00469_6_SESS_U00469_6_0_0,U00469,SESS_U00469_6_0,2026-06-07 18:53:12,SU00469_6_SESS_U00469_6_0_0,P0394,1
CU00469_6_SESS_U00469_6_0_1,U00469,SESS_U00469_6_0,2026-06-07 14:19:11,SU00469_6_SESS_U00469_6_0_1,P0227,1
CU00470_6_SESS_U00470_6_0_0,U00470,SESS_U00470_6_0,2026-06-07 13:59:19,SU00470_6_SESS_U00470_6_0_0,P0004,3
CU00474_6_SESS_U00474_6_0_0,U00474,SESS_U00474_6_0,2026-06-07 17:23:12,SU00474_6_SESS_U00474_6_0_0,P0002,1
CU00474_6_SESS_U00474_6_1_0,U00474,SESS_U00474_6_1,2026-06-07 08:14:11,SU00474_6_SESS_U00474_6_1_0,P0494,7
CU00486_6_SESS_U00486_6_0_0,U00486,SESS_U00486_6_0,2026-06-07 08:59:05,SU00486_6_SESS_U00486_6_0_0,P0222,7
CU00488_6_SESS_U00488_6_1_1,U00488,SESS_U00488_6_1,2026-06-07 11:15:13,SU00488_6_SESS_U00488_6_1_1,P0010,1
CU00489_6_SESS_U00489_6_0_0,U00489,SESS_U00489_6_0,2026-06-07 16:28:05,SU00489_6_SESS_U00489_6_0_0,P0062,1
CU00489_6_SESS_U00489_6_0_1,U00489,SESS_U00489_6_0,2026-06-07 09:11:14,SU00489_6_SESS_U00489_6_0_1,P0005,1
CU00491_6_SESS_U00491_6_0_0,U00491,SESS_U00491_6_0,2026-06-07 17:02:10,SU00491_6_SESS_U00491_6_0_0,P0531,1
CU00492_6_SESS_U00492_6_0_1,U00492,SESS_U00492_6_0,2026-06-07 17:56:10,SU00492_6_SESS_U00492_6_0_1,P0086,1
CU00496_6_SESS_U00496_6_0_0,U00496,SESS_U00496_6_0,2026-06-07 21:53:22,SU00496_6_SESS_U00496_6_0_0,P0222,4
CU00502_6_SESS_U00502_6_0_0,U00502,SESS_U00502_6_0,2026-06-07 12:12:10,SU00502_6_SESS_U00502_6_0_0,P0210,1
CU00504_6_SESS_U00504_6_0_0,U00504,SESS_U00504_6_0,2026-06-07 09:42:19,SU00504_6_SESS_U00504_6_0_0,P0004,3
CU00512_6_SESS_U00512_6_0_0,U00512,SESS_U00512_6_0,2026-06-07 18:48:15,SU00512_6_SESS_U00512_6_0_0,P0002,1
CU00518_6_SESS_U00518_6_0_1,U00518,SESS_U00518_6_0,2026-06-07 08:30:10,SU00518_6_SESS_U00518_6_0_1,P0001,1
CU00521_6_SESS_U00521_6_0_0,U00521,SESS_U00521_6_0,2026-06-07 09:02:11,SU00521_6_SESS_U00521_6_0_0,P0005,7
CU00531_6_SESS_U00531_6_0_0,U00531,SESS_U00531_6_0,2026-06-07 13:47:18,SU00531_6_SESS_U00531_6_0_0,P0210,1
CU00534_6_SESS_U00534_6_0_0,U00534,SESS_U00534_6_0,2026-06-07 20:28:21,SU00534_6_SESS_U00534_6_0_0,P0217,7
CU00538_6_SESS_U00538_6_1_0,U00538,SESS_U00538_6_1,2026-06-07 09:44:06,SU00538_6_SESS_U00538_6_1_0,P0002,1
CU00546_6_SESS_U00546_6_0_1,U00546,SESS_U00546_6_0,2026-06-07 12:46:24,SU00546_6_SESS_U00546_6_0_1,P0013,1
CU00558_6_SESS_U00558_6_0_1,U00558,SESS_U00558_6_0,2026-06-07 22:20:25,SU00558_6_SESS_U00558_6_0_1,P0079,1
CU00568_6_SESS_U00568_6_0_0,U00568,SESS_U00568_6_0,2026-06-07 17:29:03,SU00568_6_SESS_U00568_6_0_0,P0112,1
CU00571_6_SESS_U00571_6_0_0,U00571,SESS_U00571_6_0,2026-06-07 19:13:15,SU00571_6_SESS_U00571_6_0_0,P0002,1
CU00587_6_SESS_U00587_6_1_0,U00587,SESS_U00587_6_1,2026-06-07 11:49:16,SU00587_6_SESS_U00587_6_1_0,P0119,4
CU00587_6_SESS_U00587_6_1_1,U00587,SESS_U00587_6_1,2026-06-07 11:46:10,SU00587_6_SESS_U00587_6_1_1,P0051,3
CU00587_6_SESS_U00587_6_1_2,U00587,SESS_U00587_6_1,2026-06-07 18:04:09,SU00587_6_SESS_U00587_6_1_2,P0047,8
CU00590_6_SESS_U00590_6_0_0,U00590,SESS_U00590_6_0,2026-06-07 16:09:17,SU00590_6_SESS_U00590_6_0_0,P0017,1
CU00593_6_SESS_U00593_6_0_0,U00593,SESS_U00593_6_0,2026-06-07 12:09:16,SU00593_6_SESS_U00593_6_0_0,P0012,7
CU00595_6_SESS_U00595_6_0_0,U00595,SESS_U00595_6_0,2026-06-07 11:39:05,SU00595_6_SESS_U00595_6_0_0,P0127,8
CU00598_6_SESS_U00598_6_0_0,U00598,SESS_U00598_6_0,2026-06-07 15:28:09,SU00598_6_SESS_U00598_6_0_0,P0001,1
CU00598_6_SESS_U00598_6_1_0,U00598,SESS_U00598_6_1,2026-06-07 14:03:07,SU00598_6_SESS_U00598_6_1_0,P0015,1
CU00617_6_SESS_U00617_6_0_0,U00617,SESS_U00617_6_0,2026-06-07 17:55:24,SU00617_6_SESS_U00617_6_0_0,P0002,1
CU00635_6_SESS_U00635_6_0_0,U00635,SESS_U00635_6_0,2026-06-07 09:46:19,SU00635_6_SESS_U00635_6_0_0,P0002,1
CU00638_6_SESS_U00638_6_0_0,U00638,SESS_U00638_6_0,2026-06-07 07:09:11,SU00638_6_SESS_U00638_6_0_0,P0002,1
CU00642_6_SESS_U00642_6_0_1,U00642,SESS_U00642_6_0,2026-06-07 07:34:10,SU00642_6_SESS_U00642_6_0_1,P0156,1
CU00653_6_SESS_U00653_6_0_1,U00653,SESS_U00653_6_0,2026-06-07 21:19:23,SU00653_6_SESS_U00653_6_0_1,P0110,1
CU00661_6_SESS_U00661_6_0_0,U00661,SESS_U00661_6_0,2026-06-07 17:13:18,SU00661_6_SESS_U00661_6_0_0,P0622,1
CU00667_6_SESS_U00667_6_0_1,U00667,SESS_U00667_6_0,2026-06-07 12:51:18,SU00667_6_SESS_U00667_6_0_1,P0009,5
CU00668_6_SESS_U00668_6_0_1,U00668,SESS_U00668_6_0,2026-06-07 15:55:25,SU00668_6_SESS_U00668_6_0_1,P0622,6
CU00668_6_SESS_U00668_6_1_0,U00668,SESS_U00668_6_1,2026-06-07 17:22:18,SU00668_6_SESS_U00668_6_1_0,P0021,1
CU00668_6_SESS_U00668_6_1_2,U00668,SESS_U00668_6_1,2026-06-07 10:49:04,SU00668_6_SESS_U00668_6_1_2,P0002,1
CU00670_6_SESS_U00670_6_0_0,U00670,SESS_U00670_6_0,2026-06-07 15:46:15,SU00670_6_SESS_U00670_6_0_0,P0263,1
CU00671_6_SESS_U00671_6_0_0,U00671,SESS_U00671_6_0,2026-06-07 22:29:13,SU00671_6_SESS_U00671_6_0_0,P0075,1
CU00672_6_SESS_U00672_6_0_1,U00672,SESS_U00672_6_0,2026-06-07 22:41:04,SU00672_6_SESS_U00672_6_0_1,P0154,8
CU00675_6_SESS_U00675_6_0_1,U00675,SESS_U00675_6_0,2026-06-07 12:26:08,SU00675_6_SESS_U00675_6_0_1,P0487,1
CU00682_6_SESS_U00682_6_0_1,U00682,SESS_U00682_6_0,2026-06-07 16:28:13,SU00682_6_SESS_U00682_6_0_1,P0056,2
CU00692_6_SESS_U00692_6_0_0,U00692,SESS_U00692_6_0,2026-06-07 08:10:18,SU00692_6_SESS_U00692_6_0_0,P0263,1
CU00692_6_SESS_U00692_6_0_1,U00692,SESS_U00692_6_0,2026-06-07 15:35:10,SU00692_6_SESS_U00692_6_0_1,P0146,4
CU00692_6_SESS_U00692_6_1_0,U00692,SESS_U00692_6_1,2026-06-07 11:20:10,SU00692_6_SESS_U00692_6_1_0,P0220,1
CU00692_6_SESS_U00692_6_1_1,U00692,SESS_U00692_6_1,2026-06-07 07:58:07,SU00692_6_SESS_U00692_6_1_1,P0261,3
CU00707_6_SESS_U00707_6_0_0,U00707,SESS_U00707_6_0,2026-06-07 09:21:13,SU00707_6_SESS_U00707_6_0_0,P0031,7
CU00714_6_SESS_U00714_6_0_2,U00714,SESS_U00714_6_0,2026-06-07 14:23:19,SU00714_6_SESS_U00714_6_0_2,P0094,2
CU00717_6_SESS_U00717_6_0_0,U00717,SESS_U00717_6_0,2026-06-07 12:31:04,SU00717_6_SESS_U00717_6_0_0,P0003,1
CU00721_6_SESS_U00721_6_1_0,U00721,SESS_U00721_6_1,2026-06-07 07:13:04,SU00721_6_SESS_U00721_6_1_0,P0028,7
CU00721_6_SESS_U00721_6_1_1,U00721,SESS_U00721_6_1,2026-06-07 21:44:15,SU00721_6_SESS_U00721_6_1_1,P0514,1
CU00722_6_SESS_U00722_6_0_0,U00722,SESS_U00722_6_0,2026-06-07 10:08:06,SU00722_6_SESS_U00722_6_0_0,P0013,1
CU00722_6_SESS_U00722_6_1_0,U00722,SESS_U00722_6_1,2026-06-07 22:40:16,SU00722_6_SESS_U00722_6_1_0,P0018,1
CU00722_6_SESS_U00722_6_1_1,U00722,SESS_U00722_6_1,2026-06-07 20:36:25,SU00722_6_SESS_U00722_6_1_1,P0112,1
CU00727_6_SESS_U00727_6_0_0,U00727,SESS_U00727_6_0,2026-06-07 18:33:05,SU00727_6_SESS_U00727_6_0_0,P0013,1
CU00729_6_SESS_U00729_6_0_0,U00729,SESS_U00729_6_0,2026-06-07 19:24:13,SU00729_6_SESS_U00729_6_0_0,P0046,1
CU00729_6_SESS_U00729_6_0_1,U00729,SESS_U00729_6_0,2026-06-07 17:51:07,SU00729_6_SESS_U00729_6_0_1,P0351,1
CU00730_6_SESS_U00730_6_0_0,U00730,SESS_U00730_6_0,2026-06-07 10:47:14,SU00730_6_SESS_U00730_6_0_0,P0174,1
CU00730_6_SESS_U00730_6_0_1,U00730,SESS_U00730_6_0,2026-06-07 18:04:13,SU00730_6_SESS_U00730_6_0_1,P0111,1
CU00736_6_SESS_U00736_6_0_0,U00736,SESS_U00736_6_0,2026-06-07 22:27:12,SU00736_6_SESS_U00736_6_0_0,P0051,5
CU00736_6_SESS_U00736_6_0_1,U00736,SESS_U00736_6_0,2026-06-07 08:38:04,SU00736_6_SESS_U00736_6_0_1,P0005,1
CU00737_6_SESS_U00737_6_0_0,U00737,SESS_U00737_6_0,2026-06-07 07:25:15,SU00737_6_SESS_U00737_6_0_0,P0149,1
CU00744_6_SESS_U00744_6_0_0,U00744,SESS_U00744_6_0,2026-06-07 20:47:08,SU00744_6_SESS_U00744_6_0_0,P0030,3
CU00749_6_SESS_U00749_6_1_2,U00749,SESS_U00749_6_1,2026-06-07 20:51:07,SU00749_6_SESS_U00749_6_1_2,P0014,7
CU00754_6_SESS_U00754_6_0_1,U00754,SESS_U00754_6_0,2026-06-07 11:59:20,SU00754_6_SESS_U00754_6_0_1,P0155,1
CU00764_6_SESS_U00764_6_0_0,U00764,SESS_U00764_6_0,2026-06-07 19:37:15,SU00764_6_SESS_U00764_6_0_0,P0079,1
CU00770_6_SESS_U00770_6_0_0,U00770,SESS_U00770_6_0,2026-06-07 13:30:08,SU00770_6_SESS_U00770_6_0_0,P0013,1
CU00778_6_SESS_U00778_6_0_0,U00778,SESS_U00778_6_0,2026-06-07 07:03:11,SU00778_6_SESS_U00778_6_0_0,P0544,3
CU00779_6_SESS_U00779_6_0_1,U00779,SESS_U00779_6_0,2026-06-07 16:39:15,SU00779_6_SESS_U00779_6_0_1,P0012,1
CU00783_6_SESS_U00783_6_0_0,U00783,SESS_U00783_6_0,2026-06-07 10:07:24,SU00783_6_SESS_U00783_6_0_0,P0009,1
CU00784_6_SESS_U00784_6_0_0,U00784,SESS_U00784_6_0,2026-06-07 15:37:22,SU00784_6_SESS_U00784_6_0_0,P0010,1
CU00784_6_SESS_U00784_6_0_1,U00784,SESS_U00784_6_0,2026-06-07 15:48:16,SU00784_6_SESS_U00784_6_0_1,P0002,1
CU00790_6_SESS_U00790_6_0_0,U00790,SESS_U00790_6_0,2026-06-07 14:18:16,SU00790_6_SESS_U00790_6_0_0,P0566,1
CU00790_6_SESS_U00790_6_0_1,U00790,SESS_U00790_6_0,2026-06-07 18:17:04,SU00790_6_SESS_U00790_6_0_1,P0276,1
CU00001_7_SESS_U00001_7_0_0,U00001,SESS_U00001_7_0,2026-06-08 07:39:25,SU00001_7_SESS_U00001_7_0_0,P0236,5
CU00001_7_SESS_U00001_7_0_1,U00001,SESS_U00001_7_0,2026-06-08 07:34:16,SU00001_7_SESS_U00001_7_0_1,P0205,3
CU00004_7_SESS_U00004_7_0_0,U00004,SESS_U00004_7_0,2026-06-08 15:38:16,SU00004_7_SESS_U00004_7_0_0,P0009,5
CU00016_7_SESS_U00016_7_0_0,U00016,SESS_U00016_7_0,2026-06-08 19:11:17,SU00016_7_SESS_U00016_7_0_0,P0009,5
CU00026_7_SESS_U00026_7_0_0,U00026,SESS_U00026_7_0,2026-06-08 20:07:24,SU00026_7_SESS_U00026_7_0_0,P0181,1
CU00028_7_SESS_U00028_7_0_0,U00028,SESS_U00028_7_0,2026-06-08 22:57:08,SU00028_7_SESS_U00028_7_0_0,P0063,4
CU00030_7_SESS_U00030_7_0_0,U00030,SESS_U00030_7_0,2026-06-08 22:17:09,SU00030_7_SESS_U00030_7_0_0,P0002,1
CU00031_7_SESS_U00031_7_0_0,U00031,SESS_U00031_7_0,2026-06-08 13:09:25,SU00031_7_SESS_U00031_7_0_0,P0190,6
CU00031_7_SESS_U00031_7_0_1,U00031,SESS_U00031_7_0,2026-06-08 09:54:24,SU00031_7_SESS_U00031_7_0_1,P0165,1
CU00037_7_SESS_U00037_7_0_0,U00037,SESS_U00037_7_0,2026-06-08 19:18:09,SU00037_7_SESS_U00037_7_0_0,P0015,1
CU00038_7_SESS_U00038_7_0_0,U00038,SESS_U00038_7_0,2026-06-08 13:12:07,SU00038_7_SESS_U00038_7_0_0,P0014,1
CU00061_7_SESS_U00061_7_0_0,U00061,SESS_U00061_7_0,2026-06-08 08:45:15,SU00061_7_SESS_U00061_7_0_0,P0002,1
CU00063_7_SESS_U00063_7_0_0,U00063,SESS_U00063_7_0,2026-06-08 22:34:14,SU00063_7_SESS_U00063_7_0_0,P0433,1
CU00063_7_SESS_U00063_7_1_0,U00063,SESS_U00063_7_1,2026-06-08 10:01:09,SU00063_7_SESS_U00063_7_1_0,P0060,1
CU00066_7_SESS_U00066_7_0_1,U00066,SESS_U00066_7_0,2026-06-08 11:51:03,SU00066_7_SESS_U00066_7_0_1,P0277,2
CU00068_7_SESS_U00068_7_0_0,U00068,SESS_U00068_7_0,2026-06-08 19:25:09,SU00068_7_SESS_U00068_7_0_0,P0055,1
CU00069_7_SESS_U00069_7_0_0,U00069,SESS_U00069_7_0,2026-06-08 08:44:10,SU00069_7_SESS_U00069_7_0_0,P0437,3
CU00076_7_SESS_U00076_7_0_0,U00076,SESS_U00076_7_0,2026-06-08 08:52:04,SU00076_7_SESS_U00076_7_0_0,P0152,7
CU00076_7_SESS_U00076_7_0_1,U00076,SESS_U00076_7_0,2026-06-08 12:28:22,SU00076_7_SESS_U00076_7_0_1,P0003,3
CU00086_7_SESS_U00086_7_0_1,U00086,SESS_U00086_7_0,2026-06-08 16:27:13,SU00086_7_SESS_U00086_7_0_1,P0010,7
CU00092_7_SESS_U00092_7_0_0,U00092,SESS_U00092_7_0,2026-06-08 20:18:13,SU00092_7_SESS_U00092_7_0_0,P0002,1
CU00092_7_SESS_U00092_7_0_2,U00092,SESS_U00092_7_0,2026-06-08 08:02:25,SU00092_7_SESS_U00092_7_0_2,P0123,3
CU00099_7_SESS_U00099_7_0_1,U00099,SESS_U00099_7_0,2026-06-08 21:16:22,SU00099_7_SESS_U00099_7_0_1,P0174,1
CU00103_7_SESS_U00103_7_0_1,U00103,SESS_U00103_7_0,2026-06-08 12:14:05,SU00103_7_SESS_U00103_7_0_1,P0084,1
CU00104_7_SESS_U00104_7_0_0,U00104,SESS_U00104_7_0,2026-06-08 19:20:23,SU00104_7_SESS_U00104_7_0_0,P0078,7
CU00108_7_SESS_U00108_7_0_0,U00108,SESS_U00108_7_0,2026-06-08 19:48:22,SU00108_7_SESS_U00108_7_0_0,P0120,2
CU00118_7_SESS_U00118_7_0_0,U00118,SESS_U00118_7_0,2026-06-08 16:51:09,SU00118_7_SESS_U00118_7_0_0,P0135,5
CU00118_7_SESS_U00118_7_0_1,U00118,SESS_U00118_7_0,2026-06-08 20:52:20,SU00118_7_SESS_U00118_7_0_1,P0116,1
CU00124_7_SESS_U00124_7_0_0,U00124,SESS_U00124_7_0,2026-06-08 07:12:15,SU00124_7_SESS_U00124_7_0_0,P0002,1
CU00128_7_SESS_U00128_7_0_0,U00128,SESS_U00128_7_0,2026-06-08 15:47:20,SU00128_7_SESS_U00128_7_0_0,P0171,1
CU00135_7_SESS_U00135_7_0_0,U00135,SESS_U00135_7_0,2026-06-08 19:11:06,SU00135_7_SESS_U00135_7_0_0,P0041,1
CU00142_7_SESS_U00142_7_0_0,U00142,SESS_U00142_7_0,2026-06-08 21:05:15,SU00142_7_SESS_U00142_7_0_0,P0009,1
CU00146_7_SESS_U00146_7_0_0,U00146,SESS_U00146_7_0,2026-06-08 16:44:17,SU00146_7_SESS_U00146_7_0_0,P0002,1
CU00154_7_SESS_U00154_7_0_0,U00154,SESS_U00154_7_0,2026-06-08 12:58:21,SU00154_7_SESS_U00154_7_0_0,P0037,1
CU00172_7_SESS_U00172_7_0_0,U00172,SESS_U00172_7_0,2026-06-08 21:18:22,SU00172_7_SESS_U00172_7_0_0,P0473,7
CU00180_7_SESS_U00180_7_1_1,U00180,SESS_U00180_7_1,2026-06-08 16:07:21,SU00180_7_SESS_U00180_7_1_1,P0002,1
CU00183_7_SESS_U00183_7_0_0,U00183,SESS_U00183_7_0,2026-06-08 07:28:09,SU00183_7_SESS_U00183_7_0_0,P0004,7
CU00184_7_SESS_U00184_7_0_0,U00184,SESS_U00184_7_0,2026-06-08 09:35:24,SU00184_7_SESS_U00184_7_0_0,P0016,1
CU00184_7_SESS_U00184_7_0_1,U00184,SESS_U00184_7_0,2026-06-08 18:46:03,SU00184_7_SESS_U00184_7_0_1,P0101,7
CU00185_7_SESS_U00185_7_0_0,U00185,SESS_U00185_7_0,2026-06-08 16:33:23,SU00185_7_SESS_U00185_7_0_0,P0024,1
CU00192_7_SESS_U00192_7_0_0,U00192,SESS_U00192_7_0,2026-06-08 19:53:24,SU00192_7_SESS_U00192_7_0_0,P0010,1
CU00194_7_SESS_U00194_7_0_0,U00194,SESS_U00194_7_0,2026-06-08 11:23:20,SU00194_7_SESS_U00194_7_0_0,P0487,1
CU00194_7_SESS_U00194_7_0_1,U00194,SESS_U00194_7_0,2026-06-08 21:45:23,SU00194_7_SESS_U00194_7_0_1,P0566,1
CU00201_7_SESS_U00201_7_0_0,U00201,SESS_U00201_7_0,2026-06-08 17:36:10,SU00201_7_SESS_U00201_7_0_0,P0031,1
CU00203_7_SESS_U00203_7_0_0,U00203,SESS_U00203_7_0,2026-06-08 21:14:12,SU00203_7_SESS_U00203_7_0_0,P0086,1
CU00224_7_SESS_U00224_7_0_2,U00224,SESS_U00224_7_0,2026-06-08 14:57:11,SU00224_7_SESS_U00224_7_0_2,P0077,6
CU00225_7_SESS_U00225_7_0_0,U00225,SESS_U00225_7_0,2026-06-08 13:33:13,SU00225_7_SESS_U00225_7_0_0,P0197,6
CU00226_7_SESS_U00226_7_0_0,U00226,SESS_U00226_7_0,2026-06-08 19:56:19,SU00226_7_SESS_U00226_7_0_0,P0002,1
CU00227_7_SESS_U00227_7_0_0,U00227,SESS_U00227_7_0,2026-06-08 20:48:03,SU00227_7_SESS_U00227_7_0_0,P0427,8
CU00234_7_SESS_U00234_7_0_1,U00234,SESS_U00234_7_0,2026-06-08 22:35:14,SU00234_7_SESS_U00234_7_0_1,P0427,1
CU00239_7_SESS_U00239_7_0_0,U00239,SESS_U00239_7_0,2026-06-08 07:00:25,SU00239_7_SESS_U00239_7_0_0,P0030,1
CU00239_7_SESS_U00239_7_1_0,U00239,SESS_U00239_7_1,2026-06-08 11:32:13,SU00239_7_SESS_U00239_7_1_0,P0048,1
CU00245_7_SESS_U00245_7_0_0,U00245,SESS_U00245_7_0,2026-06-08 07:26:05,SU00245_7_SESS_U00245_7_0_0,P0047,1
CU00254_7_SESS_U00254_7_1_2,U00254,SESS_U00254_7_1,2026-06-08 13:38:15,SU00254_7_SESS_U00254_7_1_2,P0002,1
CU00258_7_SESS_U00258_7_1_0,U00258,SESS_U00258_7_1,2026-06-08 09:42:16,SU00258_7_SESS_U00258_7_1_0,P0012,6
CU00268_7_SESS_U00268_7_0_0,U00268,SESS_U00268_7_0,2026-06-08 13:05:24,SU00268_7_SESS_U00268_7_0_0,P0107,4
CU00268_7_SESS_U00268_7_0_1,U00268,SESS_U00268_7_0,2026-06-08 11:04:17,SU00268_7_SESS_U00268_7_0_1,P0463,6
CU00280_7_SESS_U00280_7_0_0,U00280,SESS_U00280_7_0,2026-06-08 11:29:05,SU00280_7_SESS_U00280_7_0_0,P0120,2
CU00294_7_SESS_U00294_7_0_0,U00294,SESS_U00294_7_0,2026-06-08 18:31:21,SU00294_7_SESS_U00294_7_0_0,P0004,3
CU00295_7_SESS_U00295_7_0_0,U00295,SESS_U00295_7_0,2026-06-08 10:21:21,SU00295_7_SESS_U00295_7_0_0,P0119,1
CU00298_7_SESS_U00298_7_0_0,U00298,SESS_U00298_7_0,2026-06-08 12:42:21,SU00298_7_SESS_U00298_7_0_0,P0276,8
CU00304_7_SESS_U00304_7_0_0,U00304,SESS_U00304_7_0,2026-06-08 17:04:23,SU00304_7_SESS_U00304_7_0_0,P0004,1
CU00306_7_SESS_U00306_7_0_0,U00306,SESS_U00306_7_0,2026-06-08 22:02:06,SU00306_7_SESS_U00306_7_0_0,P0036,1
CU00306_7_SESS_U00306_7_0_1,U00306,SESS_U00306_7_0,2026-06-08 19:32:22,SU00306_7_SESS_U00306_7_0_1,P0152,1
CU00307_7_SESS_U00307_7_0_0,U00307,SESS_U00307_7_0,2026-06-08 07:29:21,SU00307_7_SESS_U00307_7_0_0,P0002,1
CU00307_7_SESS_U00307_7_0_1,U00307,SESS_U00307_7_0,2026-06-08 11:43:10,SU00307_7_SESS_U00307_7_0_1,P0002,1
CU00314_7_SESS_U00314_7_0_2,U00314,SESS_U00314_7_0,2026-06-08 12:45:12,SU00314_7_SESS_U00314_7_0_2,P0310,1
CU00316_7_SESS_U00316_7_0_0,U00316,SESS_U00316_7_0,2026-06-08 09:57:21,SU00316_7_SESS_U00316_7_0_0,P0481,6
CU00316_7_SESS_U00316_7_1_0,U00316,SESS_U00316_7_1,2026-06-08 20:03:19,SU00316_7_SESS_U00316_7_1_0,P0005,1
CU00319_7_SESS_U00319_7_0_0,U00319,SESS_U00319_7_0,2026-06-08 12:57:14,SU00319_7_SESS_U00319_7_0_0,P0076,6
CU00321_7_SESS_U00321_7_0_0,U00321,SESS_U00321_7_0,2026-06-08 13:33:14,SU00321_7_SESS_U00321_7_0_0,P0126,2
CU00321_7_SESS_U00321_7_1_0,U00321,SESS_U00321_7_1,2026-06-08 22:20:14,SU00321_7_SESS_U00321_7_1_0,P0159,5
CU00330_7_SESS_U00330_7_0_0,U00330,SESS_U00330_7_0,2026-06-08 21:56:19,SU00330_7_SESS_U00330_7_0_0,P0381,1
CU00331_7_SESS_U00331_7_0_0,U00331,SESS_U00331_7_0,2026-06-08 15:55:23,SU00331_7_SESS_U00331_7_0_0,P0005,1
CU00331_7_SESS_U00331_7_1_1,U00331,SESS_U00331_7_1,2026-06-08 08:57:09,SU00331_7_SESS_U00331_7_1_1,P0002,2
CU00349_7_SESS_U00349_7_1_0,U00349,SESS_U00349_7_1,2026-06-08 12:42:16,SU00349_7_SESS_U00349_7_1_0,P0002,1
CU00349_7_SESS_U00349_7_1_1,U00349,SESS_U00349_7_1,2026-06-08 12:35:21,SU00349_7_SESS_U00349_7_1_1,P0002,1
CU00355_7_SESS_U00355_7_0_0,U00355,SESS_U00355_7_0,2026-06-08 22:44:21,SU00355_7_SESS_U00355_7_0_0,P0111,1
CU00357_7_SESS_U00357_7_0_2,U00357,SESS_U00357_7_0,2026-06-08 16:12:22,SU00357_7_SESS_U00357_7_0_2,P0038,1
CU00358_7_SESS_U00358_7_0_0,U00358,SESS_U00358_7_0,2026-06-08 08:23:10,SU00358_7_SESS_U00358_7_0_0,P0177,1
CU00361_7_SESS_U00361_7_0_1,U00361,SESS_U00361_7_0,2026-06-08 07:56:12,SU00361_7_SESS_U00361_7_0_1,P0075,1
CU00364_7_SESS_U00364_7_0_0,U00364,SESS_U00364_7_0,2026-06-08 16:40:25,SU00364_7_SESS_U00364_7_0_0,P0016,1
CU00370_7_SESS_U00370_7_1_0,U00370,SESS_U00370_7_1,2026-06-08 18:02:10,SU00370_7_SESS_U00370_7_1_0,P0263,1
CU00382_7_SESS_U00382_7_0_0,U00382,SESS_U00382_7_0,2026-06-08 09:06:11,SU00382_7_SESS_U00382_7_0_0,P0060,4
CU00382_7_SESS_U00382_7_0_1,U00382,SESS_U00382_7_0,2026-06-08 22:16:18,SU00382_7_SESS_U00382_7_0_1,P0149,1
CU00386_7_SESS_U00386_7_0_0,U00386,SESS_U00386_7_0,2026-06-08 16:48:22,SU00386_7_SESS_U00386_7_0_0,P0003,2
CU00390_7_SESS_U00390_7_0_0,U00390,SESS_U00390_7_0,2026-06-08 12:01:15,SU00390_7_SESS_U00390_7_0_0,P0110,6
CU00393_7_SESS_U00393_7_0_0,U00393,SESS_U00393_7_0,2026-06-08 16:25:15,SU00393_7_SESS_U00393_7_0_0,P0013,1
CU00394_7_SESS_U00394_7_0_0,U00394,SESS_U00394_7_0,2026-06-08 10:32:12,SU00394_7_SESS_U00394_7_0_0,P0023,3
CU00394_7_SESS_U00394_7_0_1,U00394,SESS_U00394_7_0,2026-06-08 10:53:22,SU00394_7_SESS_U00394_7_0_1,P0029,1
CU00398_7_SESS_U00398_7_0_0,U00398,SESS_U00398_7_0,2026-06-08 12:20:04,SU00398_7_SESS_U00398_7_0_0,P0006,1
CU00398_7_SESS_U00398_7_1_0,U00398,SESS_U00398_7_1,2026-06-08 09:52:06,SU00398_7_SESS_U00398_7_1_0,P0028,1
CU00398_7_SESS_U00398_7_1_1,U00398,SESS_U00398_7_1,2026-06-08 20:55:18,SU00398_7_SESS_U00398_7_1_1,P0006,4
CU00400_7_SESS_U00400_7_1_0,U00400,SESS_U00400_7_1,2026-06-08 17:28:16,SU00400_7_SESS_U00400_7_1_0,P0051,6
CU00402_7_SESS_U00402_7_0_0,U00402,SESS_U00402_7_0,2026-06-08 17:47:11,SU00402_7_SESS_U00402_7_0_0,P0397,1
CU00403_7_SESS_U00403_7_0_0,U00403,SESS_U00403_7_0,2026-06-08 13:07:25,SU00403_7_SESS_U00403_7_0_0,P0006,1
CU00429_7_SESS_U00429_7_0_0,U00429,SESS_U00429_7_0,2026-06-08 07:20:25,SU00429_7_SESS_U00429_7_0_0,P0001,1
CU00429_7_SESS_U00429_7_0_2,U00429,SESS_U00429_7_0,2026-06-08 09:14:15,SU00429_7_SESS_U00429_7_0_2,P0002,1
CU00430_7_SESS_U00430_7_0_0,U00430,SESS_U00430_7_0,2026-06-08 07:36:05,SU00430_7_SESS_U00430_7_0_0,P0092,1
CU00433_7_SESS_U00433_7_0_1,U00433,SESS_U00433_7_0,2026-06-08 14:10:08,SU00433_7_SESS_U00433_7_0_1,P0369,1
CU00443_7_SESS_U00443_7_0_1,U00443,SESS_U00443_7_0,2026-06-08 12:42:21,SU00443_7_SESS_U00443_7_0_1,P0002,1
CU00450_7_SESS_U00450_7_0_0,U00450,SESS_U00450_7_0,2026-06-08 17:25:22,SU00450_7_SESS_U00450_7_0_0,P0218,1
CU00450_7_SESS_U00450_7_0_1,U00450,SESS_U00450_7_0,2026-06-08 21:23:09,SU00450_7_SESS_U00450_7_0_1,P0046,2
CU00458_7_SESS_U00458_7_0_0,U00458,SESS_U00458_7_0,2026-06-08 07:47:13,SU00458_7_SESS_U00458_7_0_0,P0222,1
CU00462_7_SESS_U00462_7_0_1,U00462,SESS_U00462_7_0,2026-06-08 12:59:14,SU00462_7_SESS_U00462_7_0_1,P0421,1
CU00467_7_SESS_U00467_7_0_0,U00467,SESS_U00467_7_0,2026-06-08 12:39:24,SU00467_7_SESS_U00467_7_0_0,P0002,1
CU00467_7_SESS_U00467_7_0_1,U00467,SESS_U00467_7_0,2026-06-08 17:24:21,SU00467_7_SESS_U00467_7_0_1,P0592,8
CU00474_7_SESS_U00474_7_0_1,U00474,SESS_U00474_7_0,2026-06-08 15:52:04,SU00474_7_SESS_U00474_7_0_1,P0112,1
CU00474_7_SESS_U00474_7_1_0,U00474,SESS_U00474_7_1,2026-06-08 07:56:25,SU00474_7_SESS_U00474_7_1_0,P0003,1
CU00486_7_SESS_U00486_7_0_0,U00486,SESS_U00486_7_0,2026-06-08 18:34:18,SU00486_7_SESS_U00486_7_0_0,P0008,1
CU00487_7_SESS_U00487_7_0_0,U00487,SESS_U00487_7_0,2026-06-08 22:33:18,SU00487_7_SESS_U00487_7_0_0,P0186,1
CU00492_7_SESS_U00492_7_0_1,U00492,SESS_U00492_7_0,2026-06-08 11:18:17,SU00492_7_SESS_U00492_7_0_1,P0083,6
CU00495_7_SESS_U00495_7_0_0,U00495,SESS_U00495_7_0,2026-06-08 18:35:07,SU00495_7_SESS_U00495_7_0_0,P0072,1
CU00510_7_SESS_U00510_7_0_0,U00510,SESS_U00510_7_0,2026-06-08 16:13:16,SU00510_7_SESS_U00510_7_0_0,P0280,1
CU00526_7_SESS_U00526_7_0_0,U00526,SESS_U00526_7_0,2026-06-08 07:24:07,SU00526_7_SESS_U00526_7_0_0,P0181,1
CU00533_7_SESS_U00533_7_0_0,U00533,SESS_U00533_7_0,2026-06-08 21:33:05,SU00533_7_SESS_U00533_7_0_0,P0034,1
CU00534_7_SESS_U00534_7_0_0,U00534,SESS_U00534_7_0,2026-06-08 22:06:07,SU00534_7_SESS_U00534_7_0_0,P0186,1
CU00534_7_SESS_U00534_7_1_0,U00534,SESS_U00534_7_1,2026-06-08 16:35:05,SU00534_7_SESS_U00534_7_1_0,P0134,8
CU00537_7_SESS_U00537_7_0_0,U00537,SESS_U00537_7_0,2026-06-08 22:27:20,SU00537_7_SESS_U00537_7_0_0,P0155,3
CU00544_7_SESS_U00544_7_0_0,U00544,SESS_U00544_7_0,2026-06-08 09:03:09,SU00544_7_SESS_U00544_7_0_0,P0013,1
CU00545_7_SESS_U00545_7_0_0,U00545,SESS_U00545_7_0,2026-06-08 15:50:21,SU00545_7_SESS_U00545_7_0_0,P0012,1
CU00545_7_SESS_U00545_7_1_0,U00545,SESS_U00545_7_1,2026-06-08 12:52:24,SU00545_7_SESS_U00545_7_1_0,P0565,1
CU00552_7_SESS_U00552_7_0_1,U00552,SESS_U00552_7_0,2026-06-08 12:50:05,SU00552_7_SESS_U00552_7_0_1,P0183,7
CU00562_7_SESS_U00562_7_0_0,U00562,SESS_U00562_7_0,2026-06-08 20:20:23,SU00562_7_SESS_U00562_7_0_0,P0043,1
CU00562_7_SESS_U00562_7_0_1,U00562,SESS_U00562_7_0,2026-06-08 15:19:23,SU00562_7_SESS_U00562_7_0_1,P0277,1
CU00563_7_SESS_U00563_7_0_2,U00563,SESS_U00563_7_0,2026-06-08 11:12:19,SU00563_7_SESS_U00563_7_0_2,P0060,4
CU00564_7_SESS_U00564_7_0_0,U00564,SESS_U00564_7_0,2026-06-08 08:57:20,SU00564_7_SESS_U00564_7_0_0,P0006,4
CU00564_7_SESS_U00564_7_1_0,U00564,SESS_U00564_7_1,2026-06-08 12:20:23,SU00564_7_SESS_U00564_7_1_0,P0263,5
CU00567_7_SESS_U00567_7_0_1,U00567,SESS_U00567_7_0,2026-06-08 12:55:25,SU00567_7_SESS_U00567_7_0_1,P0305,2
CU00568_7_SESS_U00568_7_0_0,U00568,SESS_U00568_7_0,2026-06-08 16:40:05,SU00568_7_SESS_U00568_7_0_0,P0074,8
CU00568_7_SESS_U00568_7_1_0,U00568,SESS_U00568_7_1,2026-06-08 15:10:03,SU00568_7_SESS_U00568_7_1_0,P0183,4
CU00571_7_SESS_U00571_7_1_1,U00571,SESS_U00571_7_1,2026-06-08 07:18:05,SU00571_7_SESS_U00571_7_1_1,P0013,1
CU00577_7_SESS_U00577_7_0_0,U00577,SESS_U00577_7_0,2026-06-08 13:03:05,SU00577_7_SESS_U00577_7_0_0,P0072,1
CU00579_7_SESS_U00579_7_0_0,U00579,SESS_U00579_7_0,2026-06-08 20:39:16,SU00579_7_SESS_U00579_7_0_0,P0012,6
CU00581_7_SESS_U00581_7_0_0,U00581,SESS_U00581_7_0,2026-06-08 22:57:07,SU00581_7_SESS_U00581_7_0_0,P0079,1
CU00583_7_SESS_U00583_7_0_0,U00583,SESS_U00583_7_0,2026-06-08 22:56:09,SU00583_7_SESS_U00583_7_0_0,P0002,1
CU00584_7_SESS_U00584_7_0_0,U00584,SESS_U00584_7_0,2026-06-08 21:08:20,SU00584_7_SESS_U00584_7_0_0,P0421,1
CU00588_7_SESS_U00588_7_0_0,U00588,SESS_U00588_7_0,2026-06-08 15:26:16,SU00588_7_SESS_U00588_7_0_0,P0007,1
CU00591_7_SESS_U00591_7_0_0,U00591,SESS_U00591_7_0,2026-06-08 15:43:18,SU00591_7_SESS_U00591_7_0_0,P0171,1
CU00599_7_SESS_U00599_7_1_0,U00599,SESS_U00599_7_1,2026-06-08 12:29:19,SU00599_7_SESS_U00599_7_1_0,P0014,1
CU00601_7_SESS_U00601_7_0_1,U00601,SESS_U00601_7_0,2026-06-08 17:04:09,SU00601_7_SESS_U00601_7_0_1,P0566,1
CU00605_7_SESS_U00605_7_0_0,U00605,SESS_U00605_7_0,2026-06-08 15:31:05,SU00605_7_SESS_U00605_7_0_0,P0246,1
CU00608_7_SESS_U00608_7_0_1,U00608,SESS_U00608_7_0,2026-06-08 11:29:16,SU00608_7_SESS_U00608_7_0_1,P0002,1
CU00611_7_SESS_U00611_7_0_0,U00611,SESS_U00611_7_0,2026-06-08 11:41:14,SU00611_7_SESS_U00611_7_0_0,P0152,1
CU00616_7_SESS_U00616_7_0_0,U00616,SESS_U00616_7_0,2026-06-08 13:58:13,SU00616_7_SESS_U00616_7_0_0,P0075,1
CU00617_7_SESS_U00617_7_0_0,U00617,SESS_U00617_7_0,2026-06-08 17:02:15,SU00617_7_SESS_U00617_7_0_0,P0012,6
CU00617_7_SESS_U00617_7_0_1,U00617,SESS_U00617_7_0,2026-06-08 14:39:20,SU00617_7_SESS_U00617_7_0_1,P0023,1
CU00617_7_SESS_U00617_7_1_0,U00617,SESS_U00617_7_1,2026-06-08 13:51:10,SU00617_7_SESS_U00617_7_1_0,P0002,1
CU00622_7_SESS_U00622_7_0_0,U00622,SESS_U00622_7_0,2026-06-08 12:02:05,SU00622_7_SESS_U00622_7_0_0,P0080,3
CU00622_7_SESS_U00622_7_0_1,U00622,SESS_U00622_7_0,2026-06-08 21:06:07,SU00622_7_SESS_U00622_7_0_1,P0009,5
CU00625_7_SESS_U00625_7_0_0,U00625,SESS_U00625_7_0,2026-06-08 22:24:08,SU00625_7_SESS_U00625_7_0_0,P0056,2
CU00628_7_SESS_U00628_7_0_0,U00628,SESS_U00628_7_0,2026-06-08 13:24:09,SU00628_7_SESS_U00628_7_0_0,P0053,1
CU00630_7_SESS_U00630_7_0_0,U00630,SESS_U00630_7_0,2026-06-08 21:33:17,SU00630_7_SESS_U00630_7_0_0,P0055,1
CU00637_7_SESS_U00637_7_0_0,U00637,SESS_U00637_7_0,2026-06-08 15:55:13,SU00637_7_SESS_U00637_7_0_0,P0148,1
CU00638_7_SESS_U00638_7_0_0,U00638,SESS_U00638_7_0,2026-06-08 20:43:07,SU00638_7_SESS_U00638_7_0_0,P0002,1
CU00641_7_SESS_U00641_7_0_0,U00641,SESS_U00641_7_0,2026-06-08 11:32:23,SU00641_7_SESS_U00641_7_0_0,P0072,1
CU00641_7_SESS_U00641_7_0_1,U00641,SESS_U00641_7_0,2026-06-08 21:44:12,SU00641_7_SESS_U00641_7_0_1,P0083,1
CU00645_7_SESS_U00645_7_0_0,U00645,SESS_U00645_7_0,2026-06-08 14:04:13,SU00645_7_SESS_U00645_7_0_0,P0234,2
CU00646_7_SESS_U00646_7_0_0,U00646,SESS_U00646_7_0,2026-06-08 19:36:12,SU00646_7_SESS_U00646_7_0_0,P0227,7
CU00646_7_SESS_U00646_7_1_0,U00646,SESS_U00646_7_1,2026-06-08 07:25:05,SU00646_7_SESS_U00646_7_1_0,P0146,1
CU00646_7_SESS_U00646_7_1_1,U00646,SESS_U00646_7_1,2026-06-08 19:38:06,SU00646_7_SESS_U00646_7_1_1,P0032,1
CU00647_7_SESS_U00647_7_0_0,U00647,SESS_U00647_7_0,2026-06-08 13:57:10,SU00647_7_SESS_U00647_7_0_0,P0243,1
CU00651_7_SESS_U00651_7_0_1,U00651,SESS_U00651_7_0,2026-06-08 12:41:15,SU00651_7_SESS_U00651_7_0_1,P0042,1
CU00652_7_SESS_U00652_7_0_0,U00652,SESS_U00652_7_0,2026-06-08 17:25:04,SU00652_7_SESS_U00652_7_0_0,P0111,1
CU00663_7_SESS_U00663_7_0_0,U00663,SESS_U00663_7_0,2026-06-08 19:31:17,SU00663_7_SESS_U00663_7_0_0,P0261,1
CU00663_7_SESS_U00663_7_1_0,U00663,SESS_U00663_7_1,2026-06-08 17:07:07,SU00663_7_SESS_U00663_7_1_0,P0263,1
CU00670_7_SESS_U00670_7_0_0,U00670,SESS_U00670_7_0,2026-06-08 07:23:23,SU00670_7_SESS_U00670_7_0_0,P0218,3
CU00677_7_SESS_U00677_7_0_0,U00677,SESS_U00677_7_0,2026-06-08 13:18:13,SU00677_7_SESS_U00677_7_0_0,P0002,1
CU00680_7_SESS_U00680_7_0_0,U00680,SESS_U00680_7_0,2026-06-08 16:07:05,SU00680_7_SESS_U00680_7_0_0,P0003,1
CU00684_7_SESS_U00684_7_0_0,U00684,SESS_U00684_7_0,2026-06-08 08:49:23,SU00684_7_SESS_U00684_7_0_0,P0101,7
CU00687_7_SESS_U00687_7_0_1,U00687,SESS_U00687_7_0,2026-06-08 20:39:16,SU00687_7_SESS_U00687_7_0_1,P0051,4
CU00705_7_SESS_U00705_7_0_0,U00705,SESS_U00705_7_0,2026-06-08 19:19:25,SU00705_7_SESS_U00705_7_0_0,P0227,6
CU00705_7_SESS_U00705_7_0_1,U00705,SESS_U00705_7_0,2026-06-08 09:58:14,SU00705_7_SESS_U00705_7_0_1,P0055,1
CU00708_7_SESS_U00708_7_0_0,U00708,SESS_U00708_7_0,2026-06-08 08:09:07,SU00708_7_SESS_U00708_7_0_0,P0506,6
CU00713_7_SESS_U00713_7_0_0,U00713,SESS_U00713_7_0,2026-06-08 11:57:24,SU00713_7_SESS_U00713_7_0_0,P0167,6
CU00714_7_SESS_U00714_7_0_0,U00714,SESS_U00714_7_0,2026-06-08 17:56:14,SU00714_7_SESS_U00714_7_0_0,P0115,1
CU00721_7_SESS_U00721_7_1_2,U00721,SESS_U00721_7_1,2026-06-08 22:57:18,SU00721_7_SESS_U00721_7_1_2,P0506,1
CU00725_7_SESS_U00725_7_0_0,U00725,SESS_U00725_7_0,2026-06-08 11:30:11,SU00725_7_SESS_U00725_7_0_0,P0002,1
CU00730_7_SESS_U00730_7_0_0,U00730,SESS_U00730_7_0,2026-06-08 08:53:18,SU00730_7_SESS_U00730_7_0_0,P0261,6
CU00743_7_SESS_U00743_7_0_0,U00743,SESS_U00743_7_0,2026-06-08 17:05:13,SU00743_7_SESS_U00743_7_0_0,P0024,2
CU00750_7_SESS_U00750_7_1_0,U00750,SESS_U00750_7_1,2026-06-08 21:43:25,SU00750_7_SESS_U00750_7_1_0,P0232,8
CU00757_7_SESS_U00757_7_0_0,U00757,SESS_U00757_7_0,2026-06-08 16:57:21,SU00757_7_SESS_U00757_7_0_0,P0013,1
CU00757_7_SESS_U00757_7_0_1,U00757,SESS_U00757_7_0,2026-06-08 19:30:13,SU00757_7_SESS_U00757_7_0_1,P0001,1
CU00757_7_SESS_U00757_7_0_2,U00757,SESS_U00757_7_0,2026-06-08 11:10:05,SU00757_7_SESS_U00757_7_0_2,P0005,1
CU00759_7_SESS_U00759_7_0_0,U00759,SESS_U00759_7_0,2026-06-08 11:45:10,SU00759_7_SESS_U00759_7_0_0,P0112,2
CU00765_7_SESS_U00765_7_0_0,U00765,SESS_U00765_7_0,2026-06-08 08:28:24,SU00765_7_SESS_U00765_7_0_0,P0115,1
CU00766_7_SESS_U00766_7_0_1,U00766,SESS_U00766_7_0,2026-06-08 13:07:16,SU00766_7_SESS_U00766_7_0_1,P0133,8
CU00780_7_SESS_U00780_7_0_0,U00780,SESS_U00780_7_0,2026-06-08 22:50:23,SU00780_7_SESS_U00780_7_0_0,P0005,1
CU00787_7_SESS_U00787_7_0_0,U00787,SESS_U00787_7_0,2026-06-08 18:16:06,SU00787_7_SESS_U00787_7_0_0,P0004,1
CU00789_7_SESS_U00789_7_0_0,U00789,SESS_U00789_7_0,2026-06-08 15:43:13,SU00789_7_SESS_U00789_7_0_0,P0228,1
CU00789_7_SESS_U00789_7_0_2,U00789,SESS_U00789_7_0,2026-06-08 10:44:25,SU00789_7_SESS_U00789_7_0_2,P0016,1
CU00792_7_SESS_U00792_7_0_1,U00792,SESS_U00792_7_0,2026-06-08 21:33:05,SU00792_7_SESS_U00792_7_0_1,P0080,1
CU00793_7_SESS_U00793_7_0_1,U00793,SESS_U00793_7_0,2026-06-08 10:23:04,SU00793_7_SESS_U00793_7_0_1,P0398,6
CU00799_7_SESS_U00799_7_0_0,U00799,SESS_U00799_7_0,2026-06-08 18:48:21,SU00799_7_SESS_U00799_7_0_0,P0002,1
CU00002_8_SESS_U00002_8_0_0,U00002,SESS_U00002_8_0,2026-06-09 16:35:18,SU00002_8_SESS_U00002_8_0_0,P0002,1
CU00004_8_SESS_U00004_8_0_0,U00004,SESS_U00004_8_0,2026-06-09 17:53:13,SU00004_8_SESS_U00004_8_0_0,P0228,4
CU00005_8_SESS_U00005_8_0_0,U00005,SESS_U00005_8_0,2026-06-09 13:21:09,SU00005_8_SESS_U00005_8_0_0,P0072,1
CU00012_8_SESS_U00012_8_0_0,U00012,SESS_U00012_8_0,2026-06-09 16:43:16,SU00012_8_SESS_U00012_8_0_0,P0128,1
CU00014_8_SESS_U00014_8_0_0,U00014,SESS_U00014_8_0,2026-06-09 22:28:06,SU00014_8_SESS_U00014_8_0_0,P0232,4
CU00015_8_SESS_U00015_8_0_1,U00015,SESS_U00015_8_0,2026-06-09 07:48:09,SU00015_8_SESS_U00015_8_0_1,P0015,1
CU00033_8_SESS_U00033_8_0_1,U00033,SESS_U00033_8_0,2026-06-09 14:47:24,SU00033_8_SESS_U00033_8_0_1,P0002,1
CU00034_8_SESS_U00034_8_0_0,U00034,SESS_U00034_8_0,2026-06-09 15:53:08,SU00034_8_SESS_U00034_8_0_0,P0012,1
CU00034_8_SESS_U00034_8_0_1,U00034,SESS_U00034_8_0,2026-06-09 18:19:19,SU00034_8_SESS_U00034_8_0_1,P0006,4
CU00037_8_SESS_U00037_8_0_1,U00037,SESS_U00037_8_0,2026-06-09 17:45:25,SU00037_8_SESS_U00037_8_0_1,P0014,8
CU00043_8_SESS_U00043_8_0_0,U00043,SESS_U00043_8_0,2026-06-09 12:01:25,SU00043_8_SESS_U00043_8_0_0,P0021,1
CU00049_8_SESS_U00049_8_0_0,U00049,SESS_U00049_8_0,2026-06-09 19:00:08,SU00049_8_SESS_U00049_8_0_0,P0016,2
CU00050_8_SESS_U00050_8_0_0,U00050,SESS_U00050_8_0,2026-06-09 10:46:14,SU00050_8_SESS_U00050_8_0_0,P0111,1
CU00072_8_SESS_U00072_8_0_0,U00072,SESS_U00072_8_0,2026-06-09 19:16:11,SU00072_8_SESS_U00072_8_0_0,P0034,1
CU00077_8_SESS_U00077_8_0_0,U00077,SESS_U00077_8_0,2026-06-09 17:08:21,SU00077_8_SESS_U00077_8_0_0,P0142,1
CU00079_8_SESS_U00079_8_0_0,U00079,SESS_U00079_8_0,2026-06-09 12:53:18,SU00079_8_SESS_U00079_8_0_0,P0145,2
CU00081_8_SESS_U00081_8_0_0,U00081,SESS_U00081_8_0,2026-06-09 16:03:09,SU00081_8_SESS_U00081_8_0_0,P0222,8
CU00093_8_SESS_U00093_8_0_0,U00093,SESS_U00093_8_0,2026-06-09 07:21:15,SU00093_8_SESS_U00093_8_0_0,P0108,1
CU00093_8_SESS_U00093_8_1_0,U00093,SESS_U00093_8_1,2026-06-09 15:07:19,SU00093_8_SESS_U00093_8_1_0,P0566,1
CU00106_8_SESS_U00106_8_0_0,U00106,SESS_U00106_8_0,2026-06-09 08:53:04,SU00106_8_SESS_U00106_8_0_0,P0033,3
CU00106_8_SESS_U00106_8_1_0,U00106,SESS_U00106_8_1,2026-06-09 19:32:24,SU00106_8_SESS_U00106_8_1_0,P0239,1
CU00108_8_SESS_U00108_8_0_0,U00108,SESS_U00108_8_0,2026-06-09 08:15:23,SU00108_8_SESS_U00108_8_0_0,P0002,1
CU00111_8_SESS_U00111_8_1_0,U00111,SESS_U00111_8_1,2026-06-09 17:38:09,SU00111_8_SESS_U00111_8_1_0,P0437,6
CU00111_8_SESS_U00111_8_1_1,U00111,SESS_U00111_8_1,2026-06-09 22:21:05,SU00111_8_SESS_U00111_8_1_1,P0038,1
CU00113_8_SESS_U00113_8_0_0,U00113,SESS_U00113_8_0,2026-06-09 17:09:07,SU00113_8_SESS_U00113_8_0_0,P0056,2
CU00117_8_SESS_U00117_8_0_0,U00117,SESS_U00117_8_0,2026-06-09 19:30:23,SU00117_8_SESS_U00117_8_0_0,P0107,4
CU00142_8_SESS_U00142_8_0_0,U00142,SESS_U00142_8_0,2026-06-09 10:17:24,SU00142_8_SESS_U00142_8_0_0,P0024,1
CU00143_8_SESS_U00143_8_0_0,U00143,SESS_U00143_8_0,2026-06-09 16:12:04,SU00143_8_SESS_U00143_8_0_0,P0005,1
CU00144_8_SESS_U00144_8_0_0,U00144,SESS_U00144_8_0,2026-06-09 15:22:08,SU00144_8_SESS_U00144_8_0_0,P0011,8
CU00146_8_SESS_U00146_8_0_0,U00146,SESS_U00146_8_0,2026-06-09 11:03:18,SU00146_8_SESS_U00146_8_0_0,P0049,4
CU00146_8_SESS_U00146_8_0_1,U00146,SESS_U00146_8_0,2026-06-09 08:52:14,SU00146_8_SESS_U00146_8_0_1,P0001,1
CU00149_8_SESS_U00149_8_0_0,U00149,SESS_U00149_8_0,2026-06-09 10:54:11,SU00149_8_SESS_U00149_8_0_0,P0016,1
CU00156_8_SESS_U00156_8_0_1,U00156,SESS_U00156_8_0,2026-06-09 11:41:18,SU00156_8_SESS_U00156_8_0_1,P0450,3
CU00162_8_SESS_U00162_8_0_0,U00162,SESS_U00162_8_0,2026-06-09 15:43:22,SU00162_8_SESS_U00162_8_0_0,P0048,1
CU00169_8_SESS_U00169_8_0_0,U00169,SESS_U00169_8_0,2026-06-09 20:52:17,SU00169_8_SESS_U00169_8_0_0,P0616,1
CU00173_8_SESS_U00173_8_0_1,U00173,SESS_U00173_8_0,2026-06-09 17:03:16,SU00173_8_SESS_U00173_8_0_1,P0220,7
CU00175_8_SESS_U00175_8_0_1,U00175,SESS_U00175_8_0,2026-06-09 12:04:14,SU00175_8_SESS_U00175_8_0_1,P0057,1
CU00175_8_SESS_U00175_8_0_2,U00175,SESS_U00175_8_0,2026-06-09 11:45:18,SU00175_8_SESS_U00175_8_0_2,P0007,1
CU00181_8_SESS_U00181_8_1_0,U00181,SESS_U00181_8_1,2026-06-09 21:38:03,SU00181_8_SESS_U00181_8_1_0,P0013,8
CU00197_8_SESS_U00197_8_0_0,U00197,SESS_U00197_8_0,2026-06-09 09:57:16,SU00197_8_SESS_U00197_8_0_0,P0015,1
CU00201_8_SESS_U00201_8_0_0,U00201,SESS_U00201_8_0,2026-06-09 18:36:15,SU00201_8_SESS_U00201_8_0_0,P0021,1
CU00201_8_SESS_U00201_8_0_1,U00201,SESS_U00201_8_0,2026-06-09 19:24:25,SU00201_8_SESS_U00201_8_0_1,P0232,1
CU00218_8_SESS_U00218_8_0_0,U00218,SESS_U00218_8_0,2026-06-09 14:05:05,SU00218_8_SESS_U00218_8_0_0,P0016,4
CU00224_8_SESS_U00224_8_0_0,U00224,SESS_U00224_8_0,2026-06-09 14:50:21,SU00224_8_SESS_U00224_8_0_0,P0149,1
CU00244_8_SESS_U00244_8_0_0,U00244,SESS_U00244_8_0,2026-06-09 20:41:07,SU00244_8_SESS_U00244_8_0_0,P0015,1
CU00246_8_SESS_U00246_8_0_0,U00246,SESS_U00246_8_0,2026-06-09 19:51:05,SU00246_8_SESS_U00246_8_0_0,P0084,3
CU00249_8_SESS_U00249_8_0_0,U00249,SESS_U00249_8_0,2026-06-09 19:09:16,SU00249_8_SESS_U00249_8_0_0,P0183,8
CU00249_8_SESS_U00249_8_0_2,U00249,SESS_U00249_8_0,2026-06-09 18:40:16,SU00249_8_SESS_U00249_8_0_2,P0017,1
CU00250_8_SESS_U00250_8_0_2,U00250,SESS_U00250_8_0,2026-06-09 08:21:14,SU00250_8_SESS_U00250_8_0_2,P0339,1
CU00252_8_SESS_U00252_8_0_0,U00252,SESS_U00252_8_0,2026-06-09 20:39:07,SU00252_8_SESS_U00252_8_0_0,P0053,6
CU00273_8_SESS_U00273_8_0_1,U00273,SESS_U00273_8_0,2026-06-09 19:49:07,SU00273_8_SESS_U00273_8_0_1,P0304,4
CU00273_8_SESS_U00273_8_0_2,U00273,SESS_U00273_8_0,2026-06-09 14:35:07,SU00273_8_SESS_U00273_8_0_2,P0004,3
CU00274_8_SESS_U00274_8_0_0,U00274,SESS_U00274_8_0,2026-06-09 19:32:16,SU00274_8_SESS_U00274_8_0_0,P0002,1
CU00275_8_SESS_U00275_8_0_0,U00275,SESS_U00275_8_0,2026-06-09 17:24:14,SU00275_8_SESS_U00275_8_0_0,P0016,1
CU00275_8_SESS_U00275_8_0_1,U00275,SESS_U00275_8_0,2026-06-09 11:30:21,SU00275_8_SESS_U00275_8_0_1,P0013,1
CU00282_8_SESS_U00282_8_0_0,U00282,SESS_U00282_8_0,2026-06-09 13:55:03,SU00282_8_SESS_U00282_8_0_0,P0433,1
CU00292_8_SESS_U00292_8_0_1,U00292,SESS_U00292_8_0,2026-06-09 18:10:09,SU00292_8_SESS_U00292_8_0_1,P0001,1
CU00294_8_SESS_U00294_8_0_1,U00294,SESS_U00294_8_0,2026-06-09 21:17:04,SU00294_8_SESS_U00294_8_0_1,P0012,1
CU00297_8_SESS_U00297_8_0_0,U00297,SESS_U00297_8_0,2026-06-09 09:42:21,SU00297_8_SESS_U00297_8_0_0,P0214,8
CU00299_8_SESS_U00299_8_0_0,U00299,SESS_U00299_8_0,2026-06-09 16:57:08,SU00299_8_SESS_U00299_8_0_0,P0003,2
CU00299_8_SESS_U00299_8_1_0,U00299,SESS_U00299_8_1,2026-06-09 12:47:08,SU00299_8_SESS_U00299_8_1_0,P0159,6
CU00302_8_SESS_U00302_8_0_0,U00302,SESS_U00302_8_0,2026-06-09 10:51:22,SU00302_8_SESS_U00302_8_0_0,P0006,1
CU00302_8_SESS_U00302_8_0_1,U00302,SESS_U00302_8_0,2026-06-09 13:24:23,SU00302_8_SESS_U00302_8_0_1,P0155,6
CU00304_8_SESS_U00304_8_1_0,U00304,SESS_U00304_8_1,2026-06-09 16:39:10,SU00304_8_SESS_U00304_8_1_0,P0014,7
CU00304_8_SESS_U00304_8_1_1,U00304,SESS_U00304_8_1,2026-06-09 20:33:10,SU00304_8_SESS_U00304_8_1_1,P0463,6
CU00305_8_SESS_U00305_8_0_0,U00305,SESS_U00305_8_0,2026-06-09 09:24:08,SU00305_8_SESS_U00305_8_0_0,P0025,1
CU00308_8_SESS_U00308_8_0_1,U00308,SESS_U00308_8_0,2026-06-09 07:22:25,SU00308_8_SESS_U00308_8_0_1,P0210,1
CU00313_8_SESS_U00313_8_0_0,U00313,SESS_U00313_8_0,2026-06-09 21:46:14,SU00313_8_SESS_U00313_8_0_0,P0046,1
CU00313_8_SESS_U00313_8_1_0,U00313,SESS_U00313_8_1,2026-06-09 07:30:18,SU00313_8_SESS_U00313_8_1_0,P0463,3
CU00313_8_SESS_U00313_8_1_1,U00313,SESS_U00313_8_1,2026-06-09 12:54:07,SU00313_8_SESS_U00313_8_1_1,P0021,1
CU00313_8_SESS_U00313_8_1_2,U00313,SESS_U00313_8_1,2026-06-09 08:18:09,SU00313_8_SESS_U00313_8_1_2,P0394,2
CU00317_8_SESS_U00317_8_0_0,U00317,SESS_U00317_8_0,2026-06-09 18:31:20,SU00317_8_SESS_U00317_8_0_0,P0002,1
CU00324_8_SESS_U00324_8_0_0,U00324,SESS_U00324_8_0,2026-06-09 17:17:17,SU00324_8_SESS_U00324_8_0_0,P0227,1
CU00328_8_SESS_U00328_8_0_1,U00328,SESS_U00328_8_0,2026-06-09 19:43:09,SU00328_8_SESS_U00328_8_0_1,P0421,1
CU00330_8_SESS_U00330_8_0_0,U00330,SESS_U00330_8_0,2026-06-09 22:50:04,SU00330_8_SESS_U00330_8_0_0,P0416,4
CU00334_8_SESS_U00334_8_0_0,U00334,SESS_U00334_8_0,2026-06-09 15:31:15,SU00334_8_SESS_U00334_8_0_0,P0421,7
CU00337_8_SESS_U00337_8_0_1,U00337,SESS_U00337_8_0,2026-06-09 14:11:14,SU00337_8_SESS_U00337_8_0_1,P0009,6
CU00342_8_SESS_U00342_8_0_0,U00342,SESS_U00342_8_0,2026-06-09 14:38:04,SU00342_8_SESS_U00342_8_0_0,P0584,7
CU00348_8_SESS_U00348_8_0_0,U00348,SESS_U00348_8_0,2026-06-09 16:09:14,SU00348_8_SESS_U00348_8_0_0,P0059,7
CU00355_8_SESS_U00355_8_0_2,U00355,SESS_U00355_8_0,2026-06-09 19:34:23,SU00355_8_SESS_U00355_8_0_2,P0091,3
CU00357_8_SESS_U00357_8_1_0,U00357,SESS_U00357_8_1,2026-06-09 09:41:08,SU00357_8_SESS_U00357_8_1_0,P0053,2
CU00372_8_SESS_U00372_8_0_0,U00372,SESS_U00372_8_0,2026-06-09 19:42:05,SU00372_8_SESS_U00372_8_0_0,P0004,1
CU00374_8_SESS_U00374_8_0_0,U00374,SESS_U00374_8_0,2026-06-09 17:59:09,SU00374_8_SESS_U00374_8_0_0,P0002,1
CU00376_8_SESS_U00376_8_0_0,U00376,SESS_U00376_8_0,2026-06-09 09:48:11,SU00376_8_SESS_U00376_8_0_0,P0004,1
CU00379_8_SESS_U00379_8_0_0,U00379,SESS_U00379_8_0,2026-06-09 08:49:12,SU00379_8_SESS_U00379_8_0_0,P0002,1
CU00383_8_SESS_U00383_8_0_0,U00383,SESS_U00383_8_0,2026-06-09 17:24:07,SU00383_8_SESS_U00383_8_0_0,P0024,1
CU00386_8_SESS_U00386_8_0_1,U00386,SESS_U00386_8_0,2026-06-09 15:51:23,SU00386_8_SESS_U00386_8_0_1,P0025,1
CU00387_8_SESS_U00387_8_1_0,U00387,SESS_U00387_8_1,2026-06-09 09:47:10,SU00387_8_SESS_U00387_8_1_0,P0169,1
CU00389_8_SESS_U00389_8_0_0,U00389,SESS_U00389_8_0,2026-06-09 20:07:22,SU00389_8_SESS_U00389_8_0_0,P0181,1
CU00391_8_SESS_U00391_8_0_0,U00391,SESS_U00391_8_0,2026-06-09 14:13:24,SU00391_8_SESS_U00391_8_0_0,P0092,1
CU00391_8_SESS_U00391_8_0_1,U00391,SESS_U00391_8_0,2026-06-09 18:30:24,SU00391_8_SESS_U00391_8_0_1,P0067,1
CU00404_8_SESS_U00404_8_0_0,U00404,SESS_U00404_8_0,2026-06-09 15:15:08,SU00404_8_SESS_U00404_8_0_0,P0002,1
CU00404_8_SESS_U00404_8_1_0,U00404,SESS_U00404_8_1,2026-06-09 08:37:22,SU00404_8_SESS_U00404_8_1_0,P0003,2
CU00404_8_SESS_U00404_8_1_1,U00404,SESS_U00404_8_1,2026-06-09 22:03:20,SU00404_8_SESS_U00404_8_1_1,P0005,1
CU00405_8_SESS_U00405_8_0_0,U00405,SESS_U00405_8_0,2026-06-09 17:14:23,SU00405_8_SESS_U00405_8_0_0,P0017,4
CU00405_8_SESS_U00405_8_0_1,U00405,SESS_U00405_8_0,2026-06-09 07:48:20,SU00405_8_SESS_U00405_8_0_1,P0421,1
CU00406_8_SESS_U00406_8_1_1,U00406,SESS_U00406_8_1,2026-06-09 19:40:20,SU00406_8_SESS_U00406_8_1_1,P0002,1
CU00407_8_SESS_U00407_8_0_0,U00407,SESS_U00407_8_0,2026-06-09 21:24:22,SU00407_8_SESS_U00407_8_0_0,P0095,8
CU00421_8_SESS_U00421_8_0_0,U00421,SESS_U00421_8_0,2026-06-09 09:50:17,SU00421_8_SESS_U00421_8_0_0,P0002,1
CU00423_8_SESS_U00423_8_0_0,U00423,SESS_U00423_8_0,2026-06-09 10:58:03,SU00423_8_SESS_U00423_8_0_0,P0075,3
CU00423_8_SESS_U00423_8_0_1,U00423,SESS_U00423_8_0,2026-06-09 18:51:08,SU00423_8_SESS_U00423_8_0_1,P0005,1
CU00426_8_SESS_U00426_8_0_0,U00426,SESS_U00426_8_0,2026-06-09 12:34:04,SU00426_8_SESS_U00426_8_0_0,P0544,6
CU00434_8_SESS_U00434_8_0_0,U00434,SESS_U00434_8_0,2026-06-09 18:31:10,SU00434_8_SESS_U00434_8_0_0,P0041,2
CU00435_8_SESS_U00435_8_0_0,U00435,SESS_U00435_8_0,2026-06-09 15:36:06,SU00435_8_SESS_U00435_8_0_0,P0041,1
CU00436_8_SESS_U00436_8_0_0,U00436,SESS_U00436_8_0,2026-06-09 11:55:07,SU00436_8_SESS_U00436_8_0_0,P0081,1
CU00440_8_SESS_U00440_8_0_0,U00440,SESS_U00440_8_0,2026-06-09 14:32:13,SU00440_8_SESS_U00440_8_0_0,P0006,1
CU00443_8_SESS_U00443_8_0_0,U00443,SESS_U00443_8_0,2026-06-09 18:53:12,SU00443_8_SESS_U00443_8_0_0,P0004,1
CU00450_8_SESS_U00450_8_0_2,U00450,SESS_U00450_8_0,2026-06-09 21:43:09,SU00450_8_SESS_U00450_8_0_2,P0579,4
CU00461_8_SESS_U00461_8_0_0,U00461,SESS_U00461_8_0,2026-06-09 13:28:11,SU00461_8_SESS_U00461_8_0_0,P0047,1
CU00461_8_SESS_U00461_8_0_1,U00461,SESS_U00461_8_0,2026-06-09 12:10:16,SU00461_8_SESS_U00461_8_0_1,P0016,2
CU00468_8_SESS_U00468_8_0_0,U00468,SESS_U00468_8_0,2026-06-09 21:56:20,SU00468_8_SESS_U00468_8_0_0,P0051,3
CU00472_8_SESS_U00472_8_0_0,U00472,SESS_U00472_8_0,2026-06-09 08:16:16,SU00472_8_SESS_U00472_8_0_0,P0010,1
CU00479_8_SESS_U00479_8_0_1,U00479,SESS_U00479_8_0,2026-06-09 12:19:10,SU00479_8_SESS_U00479_8_0_1,P0032,5
CU00479_8_SESS_U00479_8_1_0,U00479,SESS_U00479_8_1,2026-06-09 16:48:06,SU00479_8_SESS_U00479_8_1_0,P0264,1
CU00480_8_SESS_U00480_8_0_0,U00480,SESS_U00480_8_0,2026-06-09 09:42:03,SU00480_8_SESS_U00480_8_0_0,P0046,1
CU00480_8_SESS_U00480_8_0_1,U00480,SESS_U00480_8_0,2026-06-09 19:14:22,SU00480_8_SESS_U00480_8_0_1,P0040,1
CU00490_8_SESS_U00490_8_1_0,U00490,SESS_U00490_8_1,2026-06-09 21:13:15,SU00490_8_SESS_U00490_8_1_0,P0044,1
CU00496_8_SESS_U00496_8_0_0,U00496,SESS_U00496_8_0,2026-06-09 16:47:18,SU00496_8_SESS_U00496_8_0_0,P0006,1
CU00497_8_SESS_U00497_8_0_0,U00497,SESS_U00497_8_0,2026-06-09 14:23:20,SU00497_8_SESS_U00497_8_0_0,P0012,7
CU00500_8_SESS_U00500_8_0_0,U00500,SESS_U00500_8_0,2026-06-09 19:47:03,SU00500_8_SESS_U00500_8_0_0,P0136,1
CU00501_8_SESS_U00501_8_0_0,U00501,SESS_U00501_8_0,2026-06-09 16:17:19,SU00501_8_SESS_U00501_8_0_0,P0002,1
CU00506_8_SESS_U00506_8_0_0,U00506,SESS_U00506_8_0,2026-06-09 12:21:17,SU00506_8_SESS_U00506_8_0_0,P0005,1
CU00512_8_SESS_U00512_8_0_0,U00512,SESS_U00512_8_0,2026-06-09 20:15:15,SU00512_8_SESS_U00512_8_0_0,P0017,1
CU00515_8_SESS_U00515_8_0_0,U00515,SESS_U00515_8_0,2026-06-09 17:00:17,SU00515_8_SESS_U00515_8_0_0,P0177,2
CU00516_8_SESS_U00516_8_0_1,U00516,SESS_U00516_8_0,2026-06-09 22:32:16,SU00516_8_SESS_U00516_8_0_1,P0188,1
CU00518_8_SESS_U00518_8_0_1,U00518,SESS_U00518_8_0,2026-06-09 15:01:12,SU00518_8_SESS_U00518_8_0_1,P0027,1
CU00520_8_SESS_U00520_8_0_0,U00520,SESS_U00520_8_0,2026-06-09 15:41:06,SU00520_8_SESS_U00520_8_0_0,P0006,1
CU00520_8_SESS_U00520_8_0_1,U00520,SESS_U00520_8_0,2026-06-09 09:53:18,SU00520_8_SESS_U00520_8_0_1,P0330,3
CU00521_8_SESS_U00521_8_0_0,U00521,SESS_U00521_8_0,2026-06-09 07:14:18,SU00521_8_SESS_U00521_8_0_0,P0021,8
CU00525_8_SESS_U00525_8_0_0,U00525,SESS_U00525_8_0,2026-06-09 08:17:24,SU00525_8_SESS_U00525_8_0_0,P0002,1
CU00527_8_SESS_U00527_8_0_0,U00527,SESS_U00527_8_0,2026-06-09 19:59:04,SU00527_8_SESS_U00527_8_0_0,P0261,1
CU00533_8_SESS_U00533_8_0_0,U00533,SESS_U00533_8_0,2026-06-09 07:36:11,SU00533_8_SESS_U00533_8_0_0,P0014,1
CU00540_8_SESS_U00540_8_0_2,U00540,SESS_U00540_8_0,2026-06-09 21:44:05,SU00540_8_SESS_U00540_8_0_2,P0013,1
CU00553_8_SESS_U00553_8_0_0,U00553,SESS_U00553_8_0,2026-06-09 16:18:11,SU00553_8_SESS_U00553_8_0_0,P0005,4
CU00557_8_SESS_U00557_8_0_0,U00557,SESS_U00557_8_0,2026-06-09 10:41:25,SU00557_8_SESS_U00557_8_0_0,P0065,3
CU00557_8_SESS_U00557_8_0_1,U00557,SESS_U00557_8_0,2026-06-09 15:29:11,SU00557_8_SESS_U00557_8_0_1,P0264,1
CU00557_8_SESS_U00557_8_1_1,U00557,SESS_U00557_8_1,2026-06-09 07:40:12,SU00557_8_SESS_U00557_8_1_1,P0017,1
CU00558_8_SESS_U00558_8_1_0,U00558,SESS_U00558_8_1,2026-06-09 16:24:13,SU00558_8_SESS_U00558_8_1_0,P0173,3
CU00558_8_SESS_U00558_8_1_1,U00558,SESS_U00558_8_1,2026-06-09 17:09:09,SU00558_8_SESS_U00558_8_1_1,P0234,5
CU00565_8_SESS_U00565_8_0_0,U00565,SESS_U00565_8_0,2026-06-09 12:57:14,SU00565_8_SESS_U00565_8_0_0,P0202,1
CU00568_8_SESS_U00568_8_0_0,U00568,SESS_U00568_8_0,2026-06-09 22:54:16,SU00568_8_SESS_U00568_8_0_0,P0024,1
CU00573_8_SESS_U00573_8_1_0,U00573,SESS_U00573_8_1,2026-06-09 16:00:07,SU00573_8_SESS_U00573_8_1_0,P0566,1
CU00573_8_SESS_U00573_8_1_1,U00573,SESS_U00573_8_1,2026-06-09 15:56:14,SU00573_8_SESS_U00573_8_1_1,P0116,7
CU00573_8_SESS_U00573_8_1_2,U00573,SESS_U00573_8_1,2026-06-09 15:57:13,SU00573_8_SESS_U00573_8_1_2,P0416,6
CU00574_8_SESS_U00574_8_1_0,U00574,SESS_U00574_8_1,2026-06-09 12:29:19,SU00574_8_SESS_U00574_8_1_0,P0020,8
CU00584_8_SESS_U00584_8_0_0,U00584,SESS_U00584_8_0,2026-06-09 10:26:09,SU00584_8_SESS_U00584_8_0_0,P0039,4
CU00585_8_SESS_U00585_8_0_0,U00585,SESS_U00585_8_0,2026-06-09 18:23:08,SU00585_8_SESS_U00585_8_0_0,P0111,1
CU00587_8_SESS_U00587_8_0_0,U00587,SESS_U00587_8_0,2026-06-09 07:09:22,SU00587_8_SESS_U00587_8_0_0,P0069,1
CU00592_8_SESS_U00592_8_0_0,U00592,SESS_U00592_8_0,2026-06-09 12:36:22,SU00592_8_SESS_U00592_8_0_0,P0236,1
CU00600_8_SESS_U00600_8_0_0,U00600,SESS_U00600_8_0,2026-06-09 21:43:05,SU00600_8_SESS_U00600_8_0_0,P0016,1
CU00609_8_SESS_U00609_8_0_0,U00609,SESS_U00609_8_0,2026-06-09 11:02:03,SU00609_8_SESS_U00609_8_0_0,P0222,1
CU00611_8_SESS_U00611_8_0_0,U00611,SESS_U00611_8_0,2026-06-09 15:25:08,SU00611_8_SESS_U00611_8_0_0,P0139,5
CU00619_8_SESS_U00619_8_0_1,U00619,SESS_U00619_8_0,2026-06-09 16:13:16,SU00619_8_SESS_U00619_8_0_1,P0128,3
CU00621_8_SESS_U00621_8_0_0,U00621,SESS_U00621_8_0,2026-06-09 07:30:06,SU00621_8_SESS_U00621_8_0_0,P0002,1
CU00621_8_SESS_U00621_8_1_0,U00621,SESS_U00621_8_1,2026-06-09 08:54:16,SU00621_8_SESS_U00621_8_1_0,P0002,1
CU00621_8_SESS_U00621_8_1_1,U00621,SESS_U00621_8_1,2026-06-09 21:11:04,SU00621_8_SESS_U00621_8_1_1,P0280,5
CU00630_8_SESS_U00630_8_0_0,U00630,SESS_U00630_8_0,2026-06-09 14:52:03,SU00630_8_SESS_U00630_8_0_0,P0421,1
CU00632_8_SESS_U00632_8_0_0,U00632,SESS_U00632_8_0,2026-06-09 18:28:06,SU00632_8_SESS_U00632_8_0_0,P0134,3
CU00645_8_SESS_U00645_8_0_0,U00645,SESS_U00645_8_0,2026-06-09 22:05:11,SU00645_8_SESS_U00645_8_0_0,P0075,1
CU00647_8_SESS_U00647_8_0_2,U00647,SESS_U00647_8_0,2026-06-09 17:00:06,SU00647_8_SESS_U00647_8_0_2,P0451,1
CU00648_8_SESS_U00648_8_0_0,U00648,SESS_U00648_8_0,2026-06-09 09:21:22,SU00648_8_SESS_U00648_8_0_0,P0016,1
CU00653_8_SESS_U00653_8_0_0,U00653,SESS_U00653_8_0,2026-06-09 21:27:10,SU00653_8_SESS_U00653_8_0_0,P0098,1
CU00655_8_SESS_U00655_8_0_0,U00655,SESS_U00655_8_0,2026-06-09 22:19:20,SU00655_8_SESS_U00655_8_0_0,P0174,8
CU00665_8_SESS_U00665_8_0_2,U00665,SESS_U00665_8_0,2026-06-09 15:33:05,SU00665_8_SESS_U00665_8_0_2,P0075,1
CU00669_8_SESS_U00669_8_0_0,U00669,SESS_U00669_8_0,2026-06-09 17:35:21,SU00669_8_SESS_U00669_8_0_0,P0098,1
CU00669_8_SESS_U00669_8_0_1,U00669,SESS_U00669_8_0,2026-06-09 17:27:06,SU00669_8_SESS_U00669_8_0_1,P0136,1
CU00670_8_SESS_U00670_8_0_0,U00670,SESS_U00670_8_0,2026-06-09 21:01:20,SU00670_8_SESS_U00670_8_0_0,P0013,1
CU00676_8_SESS_U00676_8_0_1,U00676,SESS_U00676_8_0,2026-06-09 18:43:19,SU00676_8_SESS_U00676_8_0_1,P0288,5
CU00682_8_SESS_U00682_8_0_0,U00682,SESS_U00682_8_0,2026-06-09 12:25:23,SU00682_8_SESS_U00682_8_0_0,P0058,5
CU00688_8_SESS_U00688_8_0_1,U00688,SESS_U00688_8_0,2026-06-09 18:06:07,SU00688_8_SESS_U00688_8_0_1,P0004,1
CU00693_8_SESS_U00693_8_0_0,U00693,SESS_U00693_8_0,2026-06-09 14:59:07,SU00693_8_SESS_U00693_8_0_0,P0277,2
CU00697_8_SESS_U00697_8_0_0,U00697,SESS_U00697_8_0,2026-06-09 12:40:23,SU00697_8_SESS_U00697_8_0_0,P0482,1
CU00699_8_SESS_U00699_8_0_0,U00699,SESS_U00699_8_0,2026-06-09 07:20:08,SU00699_8_SESS_U00699_8_0_0,P0351,1
CU00699_8_SESS_U00699_8_0_1,U00699,SESS_U00699_8_0,2026-06-09 13:21:04,SU00699_8_SESS_U00699_8_0_1,P0239,1
CU00704_8_SESS_U00704_8_0_0,U00704,SESS_U00704_8_0,2026-06-09 14:34:08,SU00704_8_SESS_U00704_8_0_0,P0115,1
CU00704_8_SESS_U00704_8_0_1,U00704,SESS_U00704_8_0,2026-06-09 13:03:08,SU00704_8_SESS_U00704_8_0_1,P0006,1
CU00729_8_SESS_U00729_8_0_1,U00729,SESS_U00729_8_0,2026-06-09 13:41:17,SU00729_8_SESS_U00729_8_0_1,P0622,1
CU00730_8_SESS_U00730_8_0_0,U00730,SESS_U00730_8_0,2026-06-09 09:35:08,SU00730_8_SESS_U00730_8_0_0,P0094,6
CU00730_8_SESS_U00730_8_0_1,U00730,SESS_U00730_8_0,2026-06-09 15:54:20,SU00730_8_SESS_U00730_8_0_1,P0186,1
CU00732_8_SESS_U00732_8_0_0,U00732,SESS_U00732_8_0,2026-06-09 22:15:03,SU00732_8_SESS_U00732_8_0_0,P0016,1
CU00734_8_SESS_U00734_8_0_0,U00734,SESS_U00734_8_0,2026-06-09 13:13:20,SU00734_8_SESS_U00734_8_0_0,P0033,1
CU00743_8_SESS_U00743_8_0_0,U00743,SESS_U00743_8_0,2026-06-09 12:54:23,SU00743_8_SESS_U00743_8_0_0,P0002,1
CU00745_8_SESS_U00745_8_0_0,U00745,SESS_U00745_8_0,2026-06-09 11:45:17,SU00745_8_SESS_U00745_8_0_0,P0034,1
CU00747_8_SESS_U00747_8_0_0,U00747,SESS_U00747_8_0,2026-06-09 21:58:25,SU00747_8_SESS_U00747_8_0_0,P0450,1
CU00751_8_SESS_U00751_8_0_0,U00751,SESS_U00751_8_0,2026-06-09 19:40:08,SU00751_8_SESS_U00751_8_0_0,P0584,1
CU00751_8_SESS_U00751_8_0_1,U00751,SESS_U00751_8_0,2026-06-09 17:01:09,SU00751_8_SESS_U00751_8_0_1,P0081,3
CU00751_8_SESS_U00751_8_0_2,U00751,SESS_U00751_8_0,2026-06-09 19:13:16,SU00751_8_SESS_U00751_8_0_2,P0094,1
CU00753_8_SESS_U00753_8_0_0,U00753,SESS_U00753_8_0,2026-06-09 09:01:24,SU00753_8_SESS_U00753_8_0_0,P0222,8
CU00756_8_SESS_U00756_8_0_0,U00756,SESS_U00756_8_0,2026-06-09 09:20:20,SU00756_8_SESS_U00756_8_0_0,P0001,1
CU00759_8_SESS_U00759_8_0_0,U00759,SESS_U00759_8_0,2026-06-09 14:04:10,SU00759_8_SESS_U00759_8_0_0,P0584,8
CU00770_8_SESS_U00770_8_0_1,U00770,SESS_U00770_8_0,2026-06-09 16:20:05,SU00770_8_SESS_U00770_8_0_1,P0002,1
CU00773_8_SESS_U00773_8_0_0,U00773,SESS_U00773_8_0,2026-06-09 15:22:19,SU00773_8_SESS_U00773_8_0_0,P0025,1
CU00783_8_SESS_U00783_8_0_0,U00783,SESS_U00783_8_0,2026-06-09 17:40:15,SU00783_8_SESS_U00783_8_0_0,P0186,8
CU00790_8_SESS_U00790_8_0_1,U00790,SESS_U00790_8_0,2026-06-09 10:28:09,SU00790_8_SESS_U00790_8_0_1,P0128,1
CU00792_8_SESS_U00792_8_0_0,U00792,SESS_U00792_8_0,2026-06-09 10:20:08,SU00792_8_SESS_U00792_8_0_0,P0186,1
CU00794_8_SESS_U00794_8_0_0,U00794,SESS_U00794_8_0,2026-06-09 07:36:15,SU00794_8_SESS_U00794_8_0_0,P0005,1
CU00797_8_SESS_U00797_8_0_0,U00797,SESS_U00797_8_0,2026-06-09 11:28:15,SU00797_8_SESS_U00797_8_0_0,P0230,3
CU00797_8_SESS_U00797_8_0_1,U00797,SESS_U00797_8_0,2026-06-09 19:23:03,SU00797_8_SESS_U00797_8_0_1,P0285,1
CU00798_8_SESS_U00798_8_0_0,U00798,SESS_U00798_8_0,2026-06-09 09:20:12,SU00798_8_SESS_U00798_8_0_0,P0381,1
CU00003_9_SESS_U00003_9_0_0,U00003,SESS_U00003_9_0,2026-06-10 08:34:21,SU00003_9_SESS_U00003_9_0_0,P0332,4
CU00011_9_SESS_U00011_9_0_1,U00011,SESS_U00011_9_0,2026-06-10 19:04:04,SU00011_9_SESS_U00011_9_0_1,P0012,6
CU00011_9_SESS_U00011_9_0_2,U00011,SESS_U00011_9_0,2026-06-10 11:55:14,SU00011_9_SESS_U00011_9_0_2,P0002,1
CU00018_9_SESS_U00018_9_0_0,U00018,SESS_U00018_9_0,2026-06-10 12:48:04,SU00018_9_SESS_U00018_9_0_0,P0127,1
CU00027_9_SESS_U00027_9_0_1,U00027,SESS_U00027_9_0,2026-06-10 16:26:04,SU00027_9_SESS_U00027_9_0_1,P0563,1
CU00027_9_SESS_U00027_9_0_2,U00027,SESS_U00027_9_0,2026-06-10 14:56:24,SU00027_9_SESS_U00027_9_0_2,P0107,1
CU00028_9_SESS_U00028_9_0_0,U00028,SESS_U00028_9_0,2026-06-10 10:04:16,SU00028_9_SESS_U00028_9_0_0,P0584,1
CU00028_9_SESS_U00028_9_0_1,U00028,SESS_U00028_9_0,2026-06-10 09:35:08,SU00028_9_SESS_U00028_9_0_1,P0115,1
CU00031_9_SESS_U00031_9_0_0,U00031,SESS_U00031_9_0,2026-06-10 16:01:20,SU00031_9_SESS_U00031_9_0_0,P0013,1
CU00033_9_SESS_U00033_9_0_0,U00033,SESS_U00033_9_0,2026-06-10 09:02:08,SU00033_9_SESS_U00033_9_0_0,P0015,8
CU00035_9_SESS_U00035_9_0_0,U00035,SESS_U00035_9_0,2026-06-10 18:57:09,SU00035_9_SESS_U00035_9_0_0,P0473,5
CU00035_9_SESS_U00035_9_0_2,U00035,SESS_U00035_9_0,2026-06-10 11:26:06,SU00035_9_SESS_U00035_9_0_2,P0040,1
CU00036_9_SESS_U00036_9_0_1,U00036,SESS_U00036_9_0,2026-06-10 21:34:08,SU00036_9_SESS_U00036_9_0_1,P0002,1
CU00038_9_SESS_U00038_9_0_0,U00038,SESS_U00038_9_0,2026-06-10 19:30:09,SU00038_9_SESS_U00038_9_0_0,P0002,1
CU00048_9_SESS_U00048_9_0_1,U00048,SESS_U00048_9_0,2026-06-10 21:48:07,SU00048_9_SESS_U00048_9_0_1,P0016,1
CU00048_9_SESS_U00048_9_0_2,U00048,SESS_U00048_9_0,2026-06-10 14:40:24,SU00048_9_SESS_U00048_9_0_2,P0016,2
CU00049_9_SESS_U00049_9_0_0,U00049,SESS_U00049_9_0,2026-06-10 09:10:10,SU00049_9_SESS_U00049_9_0_0,P0004,3
CU00053_9_SESS_U00053_9_0_0,U00053,SESS_U00053_9_0,2026-06-10 22:38:18,SU00053_9_SESS_U00053_9_0_0,P0128,8
CU00055_9_SESS_U00055_9_0_0,U00055,SESS_U00055_9_0,2026-06-10 14:56:20,SU00055_9_SESS_U00055_9_0_0,P0049,1
CU00060_9_SESS_U00060_9_1_0,U00060,SESS_U00060_9_1,2026-06-10 20:36:16,SU00060_9_SESS_U00060_9_1_0,P0126,8
CU00088_9_SESS_U00088_9_0_0,U00088,SESS_U00088_9_0,2026-06-10 21:07:21,SU00088_9_SESS_U00088_9_0_0,P0003,2
CU00095_9_SESS_U00095_9_0_0,U00095,SESS_U00095_9_0,2026-06-10 13:13:08,SU00095_9_SESS_U00095_9_0_0,P0107,1
CU00095_9_SESS_U00095_9_0_1,U00095,SESS_U00095_9_0,2026-06-10 17:34:23,SU00095_9_SESS_U00095_9_0_1,P0205,1
CU00105_9_SESS_U00105_9_0_1,U00105,SESS_U00105_9_0,2026-06-10 15:23:19,SU00105_9_SESS_U00105_9_0_1,P0092,6
CU00110_9_SESS_U00110_9_0_0,U00110,SESS_U00110_9_0,2026-06-10 09:36:03,SU00110_9_SESS_U00110_9_0_0,P0014,8
CU00110_9_SESS_U00110_9_0_1,U00110,SESS_U00110_9_0,2026-06-10 16:35:21,SU00110_9_SESS_U00110_9_0_1,P0092,1
CU00110_9_SESS_U00110_9_1_0,U00110,SESS_U00110_9_1,2026-06-10 14:06:12,SU00110_9_SESS_U00110_9_1_0,P0002,1
CU00121_9_SESS_U00121_9_0_0,U00121,SESS_U00121_9_0,2026-06-10 11:22:25,SU00121_9_SESS_U00121_9_0_0,P0186,1
CU00127_9_SESS_U00127_9_0_0,U00127,SESS_U00127_9_0,2026-06-10 18:54:22,SU00127_9_SESS_U00127_9_0_0,P0046,1
CU00127_9_SESS_U00127_9_1_0,U00127,SESS_U00127_9_1,2026-06-10 14:10:04,SU00127_9_SESS_U00127_9_1_0,P0234,2
CU00135_9_SESS_U00135_9_0_0,U00135,SESS_U00135_9_0,2026-06-10 10:53:25,SU00135_9_SESS_U00135_9_0_0,P0002,1
CU00135_9_SESS_U00135_9_0_1,U00135,SESS_U00135_9_0,2026-06-10 19:25:18,SU00135_9_SESS_U00135_9_0_1,P0001,1
CU00156_9_SESS_U00156_9_0_0,U00156,SESS_U00156_9_0,2026-06-10 22:05:20,SU00156_9_SESS_U00156_9_0_0,P0202,1
CU00165_9_SESS_U00165_9_0_1,U00165,SESS_U00165_9_0,2026-06-10 08:05:24,SU00165_9_SESS_U00165_9_0_1,P0002,1
CU00167_9_SESS_U00167_9_0_0,U00167,SESS_U00167_9_0,2026-06-10 07:25:13,SU00167_9_SESS_U00167_9_0_0,P0115,1
CU00167_9_SESS_U00167_9_0_1,U00167,SESS_U00167_9_0,2026-06-10 19:36:24,SU00167_9_SESS_U00167_9_0_1,P0116,4
CU00182_9_SESS_U00182_9_0_0,U00182,SESS_U00182_9_0,2026-06-10 15:05:22,SU00182_9_SESS_U00182_9_0_0,P0028,3
CU00187_9_SESS_U00187_9_0_0,U00187,SESS_U00187_9_0,2026-06-10 11:11:10,SU00187_9_SESS_U00187_9_0_0,P0584,1
CU00187_9_SESS_U00187_9_0_1,U00187,SESS_U00187_9_0,2026-06-10 22:18:20,SU00187_9_SESS_U00187_9_0_1,P0342,1
CU00190_9_SESS_U00190_9_0_1,U00190,SESS_U00190_9_0,2026-06-10 12:48:21,SU00190_9_SESS_U00190_9_0_1,P0421,1
CU00197_9_SESS_U00197_9_0_0,U00197,SESS_U00197_9_0,2026-06-10 11:28:13,SU00197_9_SESS_U00197_9_0_0,P0015,1
CU00197_9_SESS_U00197_9_1_0,U00197,SESS_U00197_9_1,2026-06-10 12:02:20,SU00197_9_SESS_U00197_9_1_0,P0013,1
CU00200_9_SESS_U00200_9_0_0,U00200,SESS_U00200_9_0,2026-06-10 13:10:10,SU00200_9_SESS_U00200_9_0_0,P0412,8
CU00217_9_SESS_U00217_9_0_0,U00217,SESS_U00217_9_0,2026-06-10 20:48:18,SU00217_9_SESS_U00217_9_0_0,P0009,5
CU00226_9_SESS_U00226_9_0_0,U00226,SESS_U00226_9_0,2026-06-10 17:42:03,SU00226_9_SESS_U00226_9_0_0,P0013,1
CU00233_9_SESS_U00233_9_0_0,U00233,SESS_U00233_9_0,2026-06-10 19:39:21,SU00233_9_SESS_U00233_9_0_0,P0026,1
CU00233_9_SESS_U00233_9_0_1,U00233,SESS_U00233_9_0,2026-06-10 09:15:09,SU00233_9_SESS_U00233_9_0_1,P0013,1
CU00234_9_SESS_U00234_9_0_0,U00234,SESS_U00234_9_0,2026-06-10 11:41:04,SU00234_9_SESS_U00234_9_0_0,P0016,1
CU00240_9_SESS_U00240_9_0_0,U00240,SESS_U00240_9_0,2026-06-10 21:16:11,SU00240_9_SESS_U00240_9_0_0,P0021,1
CU00244_9_SESS_U00244_9_0_1,U00244,SESS_U00244_9_0,2026-06-10 12:30:19,SU00244_9_SESS_U00244_9_0_1,P0004,3
CU00246_9_SESS_U00246_9_0_0,U00246,SESS_U00246_9_0,2026-06-10 20:19:22,SU00246_9_SESS_U00246_9_0_0,P0145,5
CU00248_9_SESS_U00248_9_0_0,U00248,SESS_U00248_9_0,2026-06-10 13:37:23,SU00248_9_SESS_U00248_9_0_0,P0451,1
CU00248_9_SESS_U00248_9_0_1,U00248,SESS_U00248_9_0,2026-06-10 21:43:11,SU00248_9_SESS_U00248_9_0_1,P0058,1
CU00254_9_SESS_U00254_9_0_0,U00254,SESS_U00254_9_0,2026-06-10 11:16:21,SU00254_9_SESS_U00254_9_0_0,P0592,8
CU00256_9_SESS_U00256_9_0_0,U00256,SESS_U00256_9_0,2026-06-10 10:53:16,SU00256_9_SESS_U00256_9_0_0,P0174,1
CU00256_9_SESS_U00256_9_0_1,U00256,SESS_U00256_9_0,2026-06-10 09:53:07,SU00256_9_SESS_U00256_9_0_1,P0640,1
CU00276_9_SESS_U00276_9_0_0,U00276,SESS_U00276_9_0,2026-06-10 20:40:19,SU00276_9_SESS_U00276_9_0_0,P0190,4
CU00277_9_SESS_U00277_9_0_0,U00277,SESS_U00277_9_0,2026-06-10 09:09:18,SU00277_9_SESS_U00277_9_0_0,P0002,1
CU00282_9_SESS_U00282_9_0_0,U00282,SESS_U00282_9_0,2026-06-10 14:39:09,SU00282_9_SESS_U00282_9_0_0,P0022,1
CU00286_9_SESS_U00286_9_0_0,U00286,SESS_U00286_9_0,2026-06-10 20:24:23,SU00286_9_SESS_U00286_9_0_0,P0197,1
CU00291_9_SESS_U00291_9_0_0,U00291,SESS_U00291_9_0,2026-06-10 22:49:20,SU00291_9_SESS_U00291_9_0_0,P0022,4
CU00295_9_SESS_U00295_9_0_0,U00295,SESS_U00295_9_0,2026-06-10 11:14:03,SU00295_9_SESS_U00295_9_0_0,P0016,1
CU00299_9_SESS_U00299_9_0_0,U00299,SESS_U00299_9_0,2026-06-10 16:55:22,SU00299_9_SESS_U00299_9_0_0,P0016,1
CU00301_9_SESS_U00301_9_0_0,U00301,SESS_U00301_9_0,2026-06-10 15:17:09,SU00301_9_SESS_U00301_9_0_0,P0308,4
CU00307_9_SESS_U00307_9_0_0,U00307,SESS_U00307_9_0,2026-06-10 09:59:24,SU00307_9_SESS_U00307_9_0_0,P0017,1
CU00309_9_SESS_U00309_9_0_0,U00309,SESS_U00309_9_0,2026-06-10 22:29:19,SU00309_9_SESS_U00309_9_0_0,P0016,1
CU00310_9_SESS_U00310_9_0_0,U00310,SESS_U00310_9_0,2026-06-10 10:10:06,SU00310_9_SESS_U00310_9_0_0,P0195,1
CU00313_9_SESS_U00313_9_0_0,U00313,SESS_U00313_9_0,2026-06-10 15:19:18,SU00313_9_SESS_U00313_9_0_0,P0670,1
CU00317_9_SESS_U00317_9_0_0,U00317,SESS_U00317_9_0,2026-06-10 08:09:15,SU00317_9_SESS_U00317_9_0_0,P0002,1
CU00318_9_SESS_U00318_9_0_0,U00318,SESS_U00318_9_0,2026-06-10 10:17:22,SU00318_9_SESS_U00318_9_0_0,P0125,1
CU00327_9_SESS_U00327_9_0_0,U00327,SESS_U00327_9_0,2026-06-10 20:04:12,SU00327_9_SESS_U00327_9_0_0,P0002,1
CU00329_9_SESS_U00329_9_0_0,U00329,SESS_U00329_9_0,2026-06-10 13:35:05,SU00329_9_SESS_U00329_9_0_0,P0050,1
CU00336_9_SESS_U00336_9_0_0,U00336,SESS_U00336_9_0,2026-06-10 21:03:13,SU00336_9_SESS_U00336_9_0_0,P0009,6
CU00340_9_SESS_U00340_9_0_1,U00340,SESS_U00340_9_0,2026-06-10 15:24:21,SU00340_9_SESS_U00340_9_0_1,P0186,1
CU00345_9_SESS_U00345_9_0_0,U00345,SESS_U00345_9_0,2026-06-10 11:23:18,SU00345_9_SESS_U00345_9_0_0,P0016,1
CU00348_9_SESS_U00348_9_0_0,U00348,SESS_U00348_9_0,2026-06-10 21:21:17,SU00348_9_SESS_U00348_9_0_0,P0016,2
CU00350_9_SESS_U00350_9_0_0,U00350,SESS_U00350_9_0,2026-06-10 18:22:25,SU00350_9_SESS_U00350_9_0_0,P0085,2
CU00362_9_SESS_U00362_9_0_0,U00362,SESS_U00362_9_0,2026-06-10 08:44:04,SU00362_9_SESS_U00362_9_0_0,P0002,1
CU00362_9_SESS_U00362_9_0_1,U00362,SESS_U00362_9_0,2026-06-10 14:07:08,SU00362_9_SESS_U00362_9_0_1,P0004,1
CU00364_9_SESS_U00364_9_0_0,U00364,SESS_U00364_9_0,2026-06-10 11:42:09,SU00364_9_SESS_U00364_9_0_0,P0016,1
CU00369_9_SESS_U00369_9_0_0,U00369,SESS_U00369_9_0,2026-06-10 13:31:13,SU00369_9_SESS_U00369_9_0_0,P0400,1
CU00372_9_SESS_U00372_9_0_0,U00372,SESS_U00372_9_0,2026-06-10 20:53:06,SU00372_9_SESS_U00372_9_0_0,P0461,5
CU00372_9_SESS_U00372_9_0_1,U00372,SESS_U00372_9_0,2026-06-10 11:55:11,SU00372_9_SESS_U00372_9_0_1,P0062,1
CU00375_9_SESS_U00375_9_0_0,U00375,SESS_U00375_9_0,2026-06-10 20:20:15,SU00375_9_SESS_U00375_9_0_0,P0041,1
CU00379_9_SESS_U00379_9_0_1,U00379,SESS_U00379_9_0,2026-06-10 16:33:13,SU00379_9_SESS_U00379_9_0_1,P0009,5
CU00385_9_SESS_U00385_9_0_0,U00385,SESS_U00385_9_0,2026-06-10 15:53:19,SU00385_9_SESS_U00385_9_0_0,P0020,8
CU00385_9_SESS_U00385_9_0_1,U00385,SESS_U00385_9_0,2026-06-10 19:46:04,SU00385_9_SESS_U00385_9_0_1,P0144,7
CU00390_9_SESS_U00390_9_0_0,U00390,SESS_U00390_9_0,2026-06-10 09:31:19,SU00390_9_SESS_U00390_9_0_0,P0174,6
CU00398_9_SESS_U00398_9_0_1,U00398,SESS_U00398_9_0,2026-06-10 10:13:23,SU00398_9_SESS_U00398_9_0_1,P0002,1
CU00399_9_SESS_U00399_9_0_0,U00399,SESS_U00399_9_0,2026-06-10 07:58:11,SU00399_9_SESS_U00399_9_0_0,P0416,1
CU00401_9_SESS_U00401_9_0_0,U00401,SESS_U00401_9_0,2026-06-10 07:13:08,SU00401_9_SESS_U00401_9_0_0,P0566,3
CU00411_9_SESS_U00411_9_0_0,U00411,SESS_U00411_9_0,2026-06-10 19:52:10,SU00411_9_SESS_U00411_9_0_0,P0002,1
CU00414_9_SESS_U00414_9_0_0,U00414,SESS_U00414_9_0,2026-06-10 21:56:07,SU00414_9_SESS_U00414_9_0_0,P0427,6
CU00415_9_SESS_U00415_9_0_0,U00415,SESS_U00415_9_0,2026-06-10 19:28:07,SU00415_9_SESS_U00415_9_0_0,P0232,1
CU00424_9_SESS_U00424_9_0_0,U00424,SESS_U00424_9_0,2026-06-10 10:22:11,SU00424_9_SESS_U00424_9_0_0,P0098,1
CU00425_9_SESS_U00425_9_0_0,U00425,SESS_U00425_9_0,2026-06-10 21:19:04,SU00425_9_SESS_U00425_9_0_0,P0062,1
CU00425_9_SESS_U00425_9_1_0,U00425,SESS_U00425_9_1,2026-06-10 21:10:12,SU00425_9_SESS_U00425_9_1_0,P0002,1
CU00426_9_SESS_U00426_9_0_0,U00426,SESS_U00426_9_0,2026-06-10 15:18:05,SU00426_9_SESS_U00426_9_0_0,P0133,6
CU00431_9_SESS_U00431_9_0_0,U00431,SESS_U00431_9_0,2026-06-10 09:31:11,SU00431_9_SESS_U00431_9_0_0,P0040,3
CU00438_9_SESS_U00438_9_0_1,U00438,SESS_U00438_9_0,2026-06-10 17:28:19,SU00438_9_SESS_U00438_9_0_1,P0421,1
CU00438_9_SESS_U00438_9_0_2,U00438,SESS_U00438_9_0,2026-06-10 16:18:06,SU00438_9_SESS_U00438_9_0_2,P0300,1
CU00439_9_SESS_U00439_9_0_1,U00439,SESS_U00439_9_0,2026-06-10 19:51:16,SU00439_9_SESS_U00439_9_0_1,P0002,1
CU00443_9_SESS_U00443_9_0_0,U00443,SESS_U00443_9_0,2026-06-10 21:24:09,SU00443_9_SESS_U00443_9_0_0,P0005,1
CU00448_9_SESS_U00448_9_0_1,U00448,SESS_U00448_9_0,2026-06-10 11:48:16,SU00448_9_SESS_U00448_9_0_1,P0002,1
CU00450_9_SESS_U00450_9_0_1,U00450,SESS_U00450_9_0,2026-06-10 19:56:11,SU00450_9_SESS_U00450_9_0_1,P0072,1
CU00450_9_SESS_U00450_9_0_2,U00450,SESS_U00450_9_0,2026-06-10 17:10:06,SU00450_9_SESS_U00450_9_0_2,P0427,1
CU00451_9_SESS_U00451_9_0_2,U00451,SESS_U00451_9_0,2026-06-10 16:55:22,SU00451_9_SESS_U00451_9_0_2,P0041,1
CU00456_9_SESS_U00456_9_0_0,U00456,SESS_U00456_9_0,2026-06-10 11:11:06,SU00456_9_SESS_U00456_9_0_0,P0025,1
CU00456_9_SESS_U00456_9_0_1,U00456,SESS_U00456_9_0,2026-06-10 15:51:07,SU00456_9_SESS_U00456_9_0_1,P0060,3
CU00456_9_SESS_U00456_9_1_0,U00456,SESS_U00456_9_1,2026-06-10 11:23:11,SU00456_9_SESS_U00456_9_1_0,P0016,1
CU00459_9_SESS_U00459_9_0_0,U00459,SESS_U00459_9_0,2026-06-10 21:40:16,SU00459_9_SESS_U00459_9_0_0,P0433,5
CU00459_9_SESS_U00459_9_0_1,U00459,SESS_U00459_9_0,2026-06-10 10:00:25,SU00459_9_SESS_U00459_9_0_1,P0016,1
CU00459_9_SESS_U00459_9_1_1,U00459,SESS_U00459_9_1,2026-06-10 15:19:03,SU00459_9_SESS_U00459_9_1_1,P0002,1
CU00460_9_SESS_U00460_9_0_0,U00460,SESS_U00460_9_0,2026-06-10 12:12:18,SU00460_9_SESS_U00460_9_0_0,P0013,1
CU00461_9_SESS_U00461_9_0_0,U00461,SESS_U00461_9_0,2026-06-10 14:46:10,SU00461_9_SESS_U00461_9_0_0,P0024,1
CU00462_9_SESS_U00462_9_0_0,U00462,SESS_U00462_9_0,2026-06-10 09:46:05,SU00462_9_SESS_U00462_9_0_0,P0467,3
CU00464_9_SESS_U00464_9_0_0,U00464,SESS_U00464_9_0,2026-06-10 08:53:14,SU00464_9_SESS_U00464_9_0_0,P0039,5
CU00481_9_SESS_U00481_9_0_1,U00481,SESS_U00481_9_0,2026-06-10 21:48:04,SU00481_9_SESS_U00481_9_0_1,P0002,1
CU00486_9_SESS_U00486_9_0_0,U00486,SESS_U00486_9_0,2026-06-10 09:23:14,SU00486_9_SESS_U00486_9_0_0,P0002,1
CU00491_9_SESS_U00491_9_0_0,U00491,SESS_U00491_9_0,2026-06-10 22:31:03,SU00491_9_SESS_U00491_9_0_0,P0017,1
CU00500_9_SESS_U00500_9_0_0,U00500,SESS_U00500_9_0,2026-06-10 17:20:20,SU00500_9_SESS_U00500_9_0_0,P0394,1
CU00501_9_SESS_U00501_9_0_0,U00501,SESS_U00501_9_0,2026-06-10 13:15:03,SU00501_9_SESS_U00501_9_0_0,P0002,1
CU00504_9_SESS_U00504_9_0_0,U00504,SESS_U00504_9_0,2026-06-10 18:12:20,SU00504_9_SESS_U00504_9_0_0,P0002,1
CU00504_9_SESS_U00504_9_0_1,U00504,SESS_U00504_9_0,2026-06-10 21:54:13,SU00504_9_SESS_U00504_9_0_1,P0002,1
CU00509_9_SESS_U00509_9_0_2,U00509,SESS_U00509_9_0,2026-06-10 18:50:07,SU00509_9_SESS_U00509_9_0_2,P0036,1
CU00514_9_SESS_U00514_9_0_0,U00514,SESS_U00514_9_0,2026-06-10 22:46:12,SU00514_9_SESS_U00514_9_0_0,P0015,1
CU00516_9_SESS_U00516_9_0_0,U00516,SESS_U00516_9_0,2026-06-10 12:29:07,SU00516_9_SESS_U00516_9_0_0,P0030,5
CU00519_9_SESS_U00519_9_1_0,U00519,SESS_U00519_9_1,2026-06-10 13:02:21,SU00519_9_SESS_U00519_9_1_0,P0622,2
CU00521_9_SESS_U00521_9_0_0,U00521,SESS_U00521_9_0,2026-06-10 11:46:10,SU00521_9_SESS_U00521_9_0_0,P0413,4
CU00525_9_SESS_U00525_9_0_0,U00525,SESS_U00525_9_0,2026-06-10 13:04:15,SU00525_9_SESS_U00525_9_0_0,P0169,8
CU00536_9_SESS_U00536_9_1_0,U00536,SESS_U00536_9_1,2026-06-10 18:05:20,SU00536_9_SESS_U00536_9_1_0,P0016,1
CU00541_9_SESS_U00541_9_0_2,U00541,SESS_U00541_9_0,2026-06-10 22:45:22,SU00541_9_SESS_U00541_9_0_2,P0101,5
CU00542_9_SESS_U00542_9_0_1,U00542,SESS_U00542_9_0,2026-06-10 11:32:07,SU00542_9_SESS_U00542_9_0_1,P0197,4
CU00544_9_SESS_U00544_9_0_0,U00544,SESS_U00544_9_0,2026-06-10 08:35:06,SU00544_9_SESS_U00544_9_0_0,P0012,1
CU00549_9_SESS_U00549_9_0_1,U00549,SESS_U00549_9_0,2026-06-10 14:38:12,SU00549_9_SESS_U00549_9_0_1,P0451,1
CU00549_9_SESS_U00549_9_1_0,U00549,SESS_U00549_9_1,2026-06-10 13:55:16,SU00549_9_SESS_U00549_9_1_0,P0028,7
CU00549_9_SESS_U00549_9_1_1,U00549,SESS_U00549_9_1,2026-06-10 22:24:13,SU00549_9_SESS_U00549_9_1_1,P0298,4
CU00552_9_SESS_U00552_9_0_0,U00552,SESS_U00552_9_0,2026-06-10 16:19:13,SU00552_9_SESS_U00552_9_0_0,P0036,2
CU00555_9_SESS_U00555_9_0_0,U00555,SESS_U00555_9_0,2026-06-10 20:25:14,SU00555_9_SESS_U00555_9_0_0,P0433,1
CU00557_9_SESS_U00557_9_0_0,U00557,SESS_U00557_9_0,2026-06-10 16:59:22,SU00557_9_SESS_U00557_9_0_0,P0120,7
CU00557_9_SESS_U00557_9_1_0,U00557,SESS_U00557_9_1,2026-06-10 09:22:23,SU00557_9_SESS_U00557_9_1_0,P0394,1
CU00557_9_SESS_U00557_9_1_1,U00557,SESS_U00557_9_1,2026-06-10 15:29:11,SU00557_9_SESS_U00557_9_1_1,P0180,5
CU00565_9_SESS_U00565_9_0_1,U00565,SESS_U00565_9_0,2026-06-10 12:54:03,SU00565_9_SESS_U00565_9_0_1,P0001,7
CU00565_9_SESS_U00565_9_1_0,U00565,SESS_U00565_9_1,2026-06-10 16:56:24,SU00565_9_SESS_U00565_9_1_0,P0115,1
CU00565_9_SESS_U00565_9_1_1,U00565,SESS_U00565_9_1,2026-06-10 17:48:07,SU00565_9_SESS_U00565_9_1_1,P0155,4
CU00571_9_SESS_U00571_9_0_0,U00571,SESS_U00571_9_0,2026-06-10 14:00:24,SU00571_9_SESS_U00571_9_0_0,P0112,1
CU00579_9_SESS_U00579_9_0_0,U00579,SESS_U00579_9_0,2026-06-10 20:08:12,SU00579_9_SESS_U00579_9_0_0,P0053,2
CU00579_9_SESS_U00579_9_0_1,U00579,SESS_U00579_9_0,2026-06-10 22:59:07,SU00579_9_SESS_U00579_9_0_1,P0016,1
CU00582_9_SESS_U00582_9_0_0,U00582,SESS_U00582_9_0,2026-06-10 22:13:17,SU00582_9_SESS_U00582_9_0_0,P0016,1
CU00582_9_SESS_U00582_9_0_1,U00582,SESS_U00582_9_0,2026-06-10 17:59:21,SU00582_9_SESS_U00582_9_0_1,P0506,1
CU00586_9_SESS_U00586_9_1_0,U00586,SESS_U00586_9_1,2026-06-10 16:50:21,SU00586_9_SESS_U00586_9_1_0,P0010,1
CU00592_9_SESS_U00592_9_0_0,U00592,SESS_U00592_9_0,2026-06-10 08:59:24,SU00592_9_SESS_U00592_9_0_0,P0161,1
CU00602_9_SESS_U00602_9_0_0,U00602,SESS_U00602_9_0,2026-06-10 21:37:08,SU00602_9_SESS_U00602_9_0_0,P0214,3
CU00602_9_SESS_U00602_9_1_1,U00602,SESS_U00602_9_1,2026-06-10 20:33:20,SU00602_9_SESS_U00602_9_1_1,P0117,1
CU00604_9_SESS_U00604_9_0_0,U00604,SESS_U00604_9_0,2026-06-10 22:50:05,SU00604_9_SESS_U00604_9_0_0,P0023,2
CU00604_9_SESS_U00604_9_0_1,U00604,SESS_U00604_9_0,2026-06-10 18:22:17,SU00604_9_SESS_U00604_9_0_1,P0121,1
CU00605_9_SESS_U00605_9_0_0,U00605,SESS_U00605_9_0,2026-06-10 21:38:09,SU00605_9_SESS_U00605_9_0_0,P0012,1
CU00606_9_SESS_U00606_9_0_0,U00606,SESS_U00606_9_0,2026-06-10 21:11:23,SU00606_9_SESS_U00606_9_0_0,P0197,4
CU00609_9_SESS_U00609_9_0_0,U00609,SESS_U00609_9_0,2026-06-10 08:32:18,SU00609_9_SESS_U00609_9_0_0,P0218,1
CU00614_9_SESS_U00614_9_0_0,U00614,SESS_U00614_9_0,2026-06-10 21:50:25,SU00614_9_SESS_U00614_9_0_0,P0085,1
CU00622_9_SESS_U00622_9_0_0,U00622,SESS_U00622_9_0,2026-06-10 11:13:12,SU00622_9_SESS_U00622_9_0_0,P0014,7
CU00628_9_SESS_U00628_9_0_0,U00628,SESS_U00628_9_0,2026-06-10 20:50:11,SU00628_9_SESS_U00628_9_0_0,P0065,1
CU00628_9_SESS_U00628_9_1_0,U00628,SESS_U00628_9_1,2026-06-10 09:12:06,SU00628_9_SESS_U00628_9_1_0,P0232,1
CU00629_9_SESS_U00629_9_0_1,U00629,SESS_U00629_9_0,2026-06-10 09:24:25,SU00629_9_SESS_U00629_9_0_1,P0310,1
CU00629_9_SESS_U00629_9_0_2,U00629,SESS_U00629_9_0,2026-06-10 10:45:06,SU00629_9_SESS_U00629_9_0_2,P0261,7
CU00633_9_SESS_U00633_9_0_0,U00633,SESS_U00633_9_0,2026-06-10 21:16:21,SU00633_9_SESS_U00633_9_0_0,P0002,1
CU00633_9_SESS_U00633_9_0_1,U00633,SESS_U00633_9_0,2026-06-10 14:16:23,SU00633_9_SESS_U00633_9_0_1,P0004,3
CU00633_9_SESS_U00633_9_1_0,U00633,SESS_U00633_9_1,2026-06-10 13:26:21,SU00633_9_SESS_U00633_9_1_0,P0261,4
CU00657_9_SESS_U00657_9_0_0,U00657,SESS_U00657_9_0,2026-06-10 13:19:13,SU00657_9_SESS_U00657_9_0_0,P0042,3
CU00657_9_SESS_U00657_9_0_1,U00657,SESS_U00657_9_0,2026-06-10 17:37:16,SU00657_9_SESS_U00657_9_0_1,P0002,1
CU00668_9_SESS_U00668_9_0_0,U00668,SESS_U00668_9_0,2026-06-10 14:12:16,SU00668_9_SESS_U00668_9_0_0,P0006,4
CU00675_9_SESS_U00675_9_0_0,U00675,SESS_U00675_9_0,2026-06-10 14:27:12,SU00675_9_SESS_U00675_9_0_0,P0214,3
CU00678_9_SESS_U00678_9_0_1,U00678,SESS_U00678_9_0,2026-06-10 21:09:04,SU00678_9_SESS_U00678_9_0_1,P0002,1
CU00681_9_SESS_U00681_9_0_0,U00681,SESS_U00681_9_0,2026-06-10 16:05:23,SU00681_9_SESS_U00681_9_0_0,P0002,1
CU00688_9_SESS_U00688_9_0_0,U00688,SESS_U00688_9_0,2026-06-10 19:39:14,SU00688_9_SESS_U00688_9_0_0,P0020,2
CU00689_9_SESS_U00689_9_0_1,U00689,SESS_U00689_9_0,2026-06-10 07:26:08,SU00689_9_SESS_U00689_9_0_1,P0220,3
CU00706_9_SESS_U00706_9_0_0,U00706,SESS_U00706_9_0,2026-06-10 19:47:22,SU00706_9_SESS_U00706_9_0_0,P0427,1
CU00719_9_SESS_U00719_9_0_0,U00719,SESS_U00719_9_0,2026-06-10 18:07:08,SU00719_9_SESS_U00719_9_0_0,P0154,7
CU00719_9_SESS_U00719_9_0_1,U00719,SESS_U00719_9_0,2026-06-10 19:31:16,SU00719_9_SESS_U00719_9_0_1,P0246,5
CU00721_9_SESS_U00721_9_0_0,U00721,SESS_U00721_9_0,2026-06-10 15:22:05,SU00721_9_SESS_U00721_9_0_0,P0232,1
CU00721_9_SESS_U00721_9_0_1,U00721,SESS_U00721_9_0,2026-06-10 14:15:12,SU00721_9_SESS_U00721_9_0_1,P0413,1
CU00723_9_SESS_U00723_9_0_2,U00723,SESS_U00723_9_0,2026-06-10 21:45:04,SU00723_9_SESS_U00723_9_0_2,P0288,1
CU00724_9_SESS_U00724_9_0_0,U00724,SESS_U00724_9_0,2026-06-10 20:21:23,SU00724_9_SESS_U00724_9_0_0,P0138,5
CU00724_9_SESS_U00724_9_0_1,U00724,SESS_U00724_9_0,2026-06-10 12:16:04,SU00724_9_SESS_U00724_9_0_1,P0356,1
CU00730_9_SESS_U00730_9_0_1,U00730,SESS_U00730_9_0,2026-06-10 08:48:13,SU00730_9_SESS_U00730_9_0_1,P0171,1
CU00733_9_SESS_U00733_9_0_0,U00733,SESS_U00733_9_0,2026-06-10 22:56:25,SU00733_9_SESS_U00733_9_0_0,P0009,1
CU00736_9_SESS_U00736_9_0_0,U00736,SESS_U00736_9_0,2026-06-10 09:51:13,SU00736_9_SESS_U00736_9_0_0,P0004,3
CU00748_9_SESS_U00748_9_0_0,U00748,SESS_U00748_9_0,2026-06-10 10:03:22,SU00748_9_SESS_U00748_9_0_0,P0002,1
CU00749_9_SESS_U00749_9_0_0,U00749,SESS_U00749_9_0,2026-06-10 15:36:24,SU00749_9_SESS_U00749_9_0_0,P0188,3
CU00750_9_SESS_U00750_9_0_0,U00750,SESS_U00750_9_0,2026-06-10 21:03:08,SU00750_9_SESS_U00750_9_0_0,P0120,8
CU00750_9_SESS_U00750_9_0_1,U00750,SESS_U00750_9_0,2026-06-10 12:57:04,SU00750_9_SESS_U00750_9_0_1,P0197,1
CU00752_9_SESS_U00752_9_0_0,U00752,SESS_U00752_9_0,2026-06-10 07:54:13,SU00752_9_SESS_U00752_9_0_0,P0002,1
CU00773_9_SESS_U00773_9_0_0,U00773,SESS_U00773_9_0,2026-06-10 15:48:06,SU00773_9_SESS_U00773_9_0_0,P0006,1
CU00773_9_SESS_U00773_9_1_0,U00773,SESS_U00773_9_1,2026-06-10 20:14:16,SU00773_9_SESS_U00773_9_1_0,P0002,1
CU00776_9_SESS_U00776_9_0_0,U00776,SESS_U00776_9_0,2026-06-10 15:58:12,SU00776_9_SESS_U00776_9_0_0,P0186,1
CU00786_9_SESS_U00786_9_0_0,U00786,SESS_U00786_9_0,2026-06-10 19:15:23,SU00786_9_SESS_U00786_9_0_0,P0285,1
CU00789_9_SESS_U00789_9_0_0,U00789,SESS_U00789_9_0,2026-06-10 13:16:20,SU00789_9_SESS_U00789_9_0_0,P0214,2
CU00789_9_SESS_U00789_9_0_1,U00789,SESS_U00789_9_0,2026-06-10 11:00:15,SU00789_9_SESS_U00789_9_0_1,P0098,1
CU00790_9_SESS_U00790_9_0_0,U00790,SESS_U00790_9_0,2026-06-10 07:06:14,SU00790_9_SESS_U00790_9_0_0,P0186,8
CU00790_9_SESS_U00790_9_0_1,U00790,SESS_U00790_9_0,2026-06-10 18:08:15,SU00790_9_SESS_U00790_9_0_1,P0072,1
CU00800_9_SESS_U00800_9_1_0,U00800,SESS_U00800_9_1,2026-06-10 10:30:22,SU00800_9_SESS_U00800_9_1_0,P0016,1
CU00001_10_SESS_U00001_10_0_0,U00001,SESS_U00001_10_0,2026-06-11 17:06:24,SU00001_10_SESS_U00001_10_0_0,P0023,1
CU00003_10_SESS_U00003_10_0_0,U00003,SESS_U00003_10_0,2026-06-11 08:28:07,SU00003_10_SESS_U00003_10_0_0,P0616,1
CU00003_10_SESS_U00003_10_1_0,U00003,SESS_U00003_10_1,2026-06-11 12:59:10,SU00003_10_SESS_U00003_10_1_0,P0073,1
CU00003_10_SESS_U00003_10_1_2,U00003,SESS_U00003_10_1,2026-06-11 13:38:20,SU00003_10_SESS_U00003_10_1_2,P0048,1
CU00009_10_SESS_U00009_10_0_0,U00009,SESS_U00009_10_0,2026-06-11 19:53:07,SU00009_10_SESS_U00009_10_0_0,P0007,1
CU00011_10_SESS_U00011_10_0_1,U00011,SESS_U00011_10_0,2026-06-11 19:25:10,SU00011_10_SESS_U00011_10_0_1,P0006,4
CU00017_10_SESS_U00017_10_0_0,U00017,SESS_U00017_10_0,2026-06-11 20:11:20,SU00017_10_SESS_U00017_10_0_0,P0023,4
CU00023_10_SESS_U00023_10_0_0,U00023,SESS_U00023_10_0,2026-06-11 13:56:22,SU00023_10_SESS_U00023_10_0_0,P0002,1
CU00024_10_SESS_U00024_10_0_0,U00024,SESS_U00024_10_0,2026-06-11 10:21:09,SU00024_10_SESS_U00024_10_0_0,P0001,1
CU00024_10_SESS_U00024_10_0_1,U00024,SESS_U00024_10_0,2026-06-11 12:16:18,SU00024_10_SESS_U00024_10_0_1,P0184,2
CU00024_10_SESS_U00024_10_1_0,U00024,SESS_U00024_10_1,2026-06-11 14:21:22,SU00024_10_SESS_U00024_10_1_0,P0010,7
CU00027_10_SESS_U00027_10_1_0,U00027,SESS_U00027_10_1,2026-06-11 07:30:14,SU00027_10_SESS_U00027_10_1_0,P0167,6
CU00047_10_SESS_U00047_10_0_0,U00047,SESS_U00047_10_0,2026-06-11 22:47:17,SU00047_10_SESS_U00047_10_0_0,P0002,1
CU00047_10_SESS_U00047_10_0_1,U00047,SESS_U00047_10_0,2026-06-11 16:01:14,SU00047_10_SESS_U00047_10_0_1,P0670,6
CU00055_10_SESS_U00055_10_1_0,U00055,SESS_U00055_10_1,2026-06-11 11:00:04,SU00055_10_SESS_U00055_10_1_0,P0016,1
CU00055_10_SESS_U00055_10_1_1,U00055,SESS_U00055_10_1,2026-06-11 20:04:14,SU00055_10_SESS_U00055_10_1_1,P0169,1
CU00056_10_SESS_U00056_10_0_0,U00056,SESS_U00056_10_0,2026-06-11 16:32:15,SU00056_10_SESS_U00056_10_0_0,P0003,2
CU00056_10_SESS_U00056_10_0_1,U00056,SESS_U00056_10_0,2026-06-11 19:21:21,SU00056_10_SESS_U00056_10_0_1,P0544,6
CU00059_10_SESS_U00059_10_0_0,U00059,SESS_U00059_10_0,2026-06-11 21:03:19,SU00059_10_SESS_U00059_10_0_0,P0016,1
CU00061_10_SESS_U00061_10_0_0,U00061,SESS_U00061_10_0,2026-06-11 21:27:10,SU00061_10_SESS_U00061_10_0_0,P0016,1
CU00064_10_SESS_U00064_10_0_0,U00064,SESS_U00064_10_0,2026-06-11 09:41:19,SU00064_10_SESS_U00064_10_0_0,P0171,4
CU00064_10_SESS_U00064_10_0_1,U00064,SESS_U00064_10_0,2026-06-11 15:37:03,SU00064_10_SESS_U00064_10_0_1,P0016,1
CU00064_10_SESS_U00064_10_0_2,U00064,SESS_U00064_10_0,2026-06-11 22:07:17,SU00064_10_SESS_U00064_10_0_2,P0058,3
CU00065_10_SESS_U00065_10_0_0,U00065,SESS_U00065_10_0,2026-06-11 11:26:22,SU00065_10_SESS_U00065_10_0_0,P0015,1
CU00068_10_SESS_U00068_10_0_0,U00068,SESS_U00068_10_0,2026-06-11 07:38:06,SU00068_10_SESS_U00068_10_0_0,P0072,1
CU00069_10_SESS_U00069_10_0_0,U00069,SESS_U00069_10_0,2026-06-11 09:21:07,SU00069_10_SESS_U00069_10_0_0,P0155,1
CU00075_10_SESS_U00075_10_0_1,U00075,SESS_U00075_10_0,2026-06-11 11:09:19,SU00075_10_SESS_U00075_10_0_1,P0002,1
CU00079_10_SESS_U00079_10_0_0,U00079,SESS_U00079_10_0,2026-06-11 17:06:07,SU00079_10_SESS_U00079_10_0_0,P0584,8
CU00085_10_SESS_U00085_10_0_0,U00085,SESS_U00085_10_0,2026-06-11 10:59:18,SU00085_10_SESS_U00085_10_0_0,P0002,1
CU00090_10_SESS_U00090_10_0_0,U00090,SESS_U00090_10_0,2026-06-11 13:28:21,SU00090_10_SESS_U00090_10_0_0,P0091,1
CU00096_10_SESS_U00096_10_0_0,U00096,SESS_U00096_10_0,2026-06-11 19:33:22,SU00096_10_SESS_U00096_10_0_0,P0002,1
CU00096_10_SESS_U00096_10_0_1,U00096,SESS_U00096_10_0,2026-06-11 21:50:09,SU00096_10_SESS_U00096_10_0_1,P0119,4
CU00096_10_SESS_U00096_10_0_2,U00096,SESS_U00096_10_0,2026-06-11 22:44:05,SU00096_10_SESS_U00096_10_0_2,P0014,7
CU00097_10_SESS_U00097_10_0_0,U00097,SESS_U00097_10_0,2026-06-11 11:54:25,SU00097_10_SESS_U00097_10_0_0,P0245,3
CU00097_10_SESS_U00097_10_0_2,U00097,SESS_U00097_10_0,2026-06-11 08:55:16,SU00097_10_SESS_U00097_10_0_2,P0210,3
CU00104_10_SESS_U00104_10_0_0,U00104,SESS_U00104_10_0,2026-06-11 12:36:11,SU00104_10_SESS_U00104_10_0_0,P0183,1
CU00104_10_SESS_U00104_10_0_1,U00104,SESS_U00104_10_0,2026-06-11 09:28:07,SU00104_10_SESS_U00104_10_0_1,P0012,1
CU00110_10_SESS_U00110_10_0_0,U00110,SESS_U00110_10_0,2026-06-11 12:07:18,SU00110_10_SESS_U00110_10_0_0,P0065,2
CU00120_10_SESS_U00120_10_0_0,U00120,SESS_U00120_10_0,2026-06-11 15:10:06,SU00120_10_SESS_U00120_10_0_0,P0085,4
CU00120_10_SESS_U00120_10_0_1,U00120,SESS_U00120_10_0,2026-06-11 17:32:11,SU00120_10_SESS_U00120_10_0_1,P0002,1
CU00130_10_SESS_U00130_10_0_0,U00130,SESS_U00130_10_0,2026-06-11 21:25:21,SU00130_10_SESS_U00130_10_0_0,P0094,2
CU00130_10_SESS_U00130_10_0_1,U00130,SESS_U00130_10_0,2026-06-11 07:15:11,SU00130_10_SESS_U00130_10_0_1,P0356,1
CU00134_10_SESS_U00134_10_0_0,U00134,SESS_U00134_10_0,2026-06-11 08:54:19,SU00134_10_SESS_U00134_10_0_0,P0004,3
CU00135_10_SESS_U00135_10_0_1,U00135,SESS_U00135_10_0,2026-06-11 16:44:06,SU00135_10_SESS_U00135_10_0_1,P0001,1
CU00135_10_SESS_U00135_10_1_0,U00135,SESS_U00135_10_1,2026-06-11 10:57:14,SU00135_10_SESS_U00135_10_1_0,P0056,2
CU00137_10_SESS_U00137_10_0_0,U00137,SESS_U00137_10_0,2026-06-11 09:40:12,SU00137_10_SESS_U00137_10_0_0,P0171,5
CU00148_10_SESS_U00148_10_0_0,U00148,SESS_U00148_10_0,2026-06-11 21:35:10,SU00148_10_SESS_U00148_10_0_0,P0003,1
CU00152_10_SESS_U00152_10_0_1,U00152,SESS_U00152_10_0,2026-06-11 18:03:18,SU00152_10_SESS_U00152_10_0_1,P0002,1
CU00153_10_SESS_U00153_10_0_0,U00153,SESS_U00153_10_0,2026-06-11 12:38:24,SU00153_10_SESS_U00153_10_0_0,P0180,1
CU00153_10_SESS_U00153_10_0_1,U00153,SESS_U00153_10_0,2026-06-11 08:21:12,SU00153_10_SESS_U00153_10_0_1,P0640,1
CU00154_10_SESS_U00154_10_0_0,U00154,SESS_U00154_10_0,2026-06-11 07:06:23,SU00154_10_SESS_U00154_10_0_0,P0116,1
CU00181_10_SESS_U00181_10_0_0,U00181,SESS_U00181_10_0,2026-06-11 15:11:13,SU00181_10_SESS_U00181_10_0_0,P0003,1
CU00181_10_SESS_U00181_10_0_1,U00181,SESS_U00181_10_0,2026-06-11 21:24:18,SU00181_10_SESS_U00181_10_0_1,P0243,1
CU00195_10_SESS_U00195_10_0_0,U00195,SESS_U00195_10_0,2026-06-11 21:09:22,SU00195_10_SESS_U00195_10_0_0,P0142,1
CU00195_10_SESS_U00195_10_1_0,U00195,SESS_U00195_10_1,2026-06-11 17:19:06,SU00195_10_SESS_U00195_10_1_0,P0217,1
CU00203_10_SESS_U00203_10_1_0,U00203,SESS_U00203_10_1,2026-06-11 09:32:15,SU00203_10_SESS_U00203_10_1_0,P0262,5
CU00203_10_SESS_U00203_10_1_1,U00203,SESS_U00203_10_1,2026-06-11 09:47:24,SU00203_10_SESS_U00203_10_1_1,P0002,1
CU00206_10_SESS_U00206_10_0_0,U00206,SESS_U00206_10_0,2026-06-11 13:12:03,SU00206_10_SESS_U00206_10_0_0,P0450,1
CU00206_10_SESS_U00206_10_1_0,U00206,SESS_U00206_10_1,2026-06-11 09:29:13,SU00206_10_SESS_U00206_10_1_0,P0037,6
CU00206_10_SESS_U00206_10_1_1,U00206,SESS_U00206_10_1,2026-06-11 13:12:05,SU00206_10_SESS_U00206_10_1_1,P0089,6
CU00207_10_SESS_U00207_10_0_0,U00207,SESS_U00207_10_0,2026-06-11 22:40:23,SU00207_10_SESS_U00207_10_0_0,P0010,1
CU00217_10_SESS_U00217_10_0_0,U00217,SESS_U00217_10_0,2026-06-11 10:17:04,SU00217_10_SESS_U00217_10_0_0,P0021,1
CU00220_10_SESS_U00220_10_0_0,U00220,SESS_U00220_10_0,2026-06-11 13:30:04,SU00220_10_SESS_U00220_10_0_0,P0281,1
CU00224_10_SESS_U00224_10_0_0,U00224,SESS_U00224_10_0,2026-06-11 22:42:04,SU00224_10_SESS_U00224_10_0_0,P0049,1
CU00227_10_SESS_U00227_10_0_0,U00227,SESS_U00227_10_0,2026-06-11 16:48:22,SU00227_10_SESS_U00227_10_0_0,P0091,3
CU00234_10_SESS_U00234_10_0_0,U00234,SESS_U00234_10_0,2026-06-11 07:54:20,SU00234_10_SESS_U00234_10_0_0,P0060,7
CU00234_10_SESS_U00234_10_0_1,U00234,SESS_U00234_10_0,2026-06-11 10:28:12,SU00234_10_SESS_U00234_10_0_1,P0117,1
CU00237_10_SESS_U00237_10_0_0,U00237,SESS_U00237_10_0,2026-06-11 17:09:07,SU00237_10_SESS_U00237_10_0_0,P0002,1
CU00241_10_SESS_U00241_10_0_0,U00241,SESS_U00241_10_0,2026-06-11 18:59:08,SU00241_10_SESS_U00241_10_0_0,P0112,1
CU00250_10_SESS_U00250_10_0_0,U00250,SESS_U00250_10_0,2026-06-11 14:31:24,SU00250_10_SESS_U00250_10_0_0,P0488,5
CU00254_10_SESS_U00254_10_0_0,U00254,SESS_U00254_10_0,2026-06-11 08:42:13,SU00254_10_SESS_U00254_10_0_0,P0002,1
CU00254_10_SESS_U00254_10_1_2,U00254,SESS_U00254_10_1,2026-06-11 21:35:19,SU00254_10_SESS_U00254_10_1_2,P0127,1
CU00257_10_SESS_U00257_10_0_0,U00257,SESS_U00257_10_0,2026-06-11 10:23:22,SU00257_10_SESS_U00257_10_0_0,P0566,1
CU00262_10_SESS_U00262_10_0_0,U00262,SESS_U00262_10_0,2026-06-11 15:06:15,SU00262_10_SESS_U00262_10_0_0,P0002,1
CU00280_10_SESS_U00280_10_0_0,U00280,SESS_U00280_10_0,2026-06-11 12:12:05,SU00280_10_SESS_U00280_10_0_0,P0394,6
CU00280_10_SESS_U00280_10_0_2,U00280,SESS_U00280_10_0,2026-06-11 08:23:12,SU00280_10_SESS_U00280_10_0_2,P0002,1
CU00286_10_SESS_U00286_10_0_0,U00286,SESS_U00286_10_0,2026-06-11 09:28:03,SU00286_10_SESS_U00286_10_0_0,P0565,1
CU00288_10_SESS_U00288_10_0_1,U00288,SESS_U00288_10_0,2026-06-11 12:20:25,SU00288_10_SESS_U00288_10_0_1,P0017,8
CU00288_10_SESS_U00288_10_0_2,U00288,SESS_U00288_10_0,2026-06-11 10:26:20,SU00288_10_SESS_U00288_10_0_2,P0473,7
CU00292_10_SESS_U00292_10_0_0,U00292,SESS_U00292_10_0,2026-06-11 13:21:09,SU00292_10_SESS_U00292_10_0_0,P0002,1
CU00292_10_SESS_U00292_10_0_1,U00292,SESS_U00292_10_0,2026-06-11 13:54:03,SU00292_10_SESS_U00292_10_0_1,P0016,1
CU00292_10_SESS_U00292_10_0_2,U00292,SESS_U00292_10_0,2026-06-11 21:28:23,SU00292_10_SESS_U00292_10_0_2,P0027,1
CU00298_10_SESS_U00298_10_0_0,U00298,SESS_U00298_10_0,2026-06-11 16:16:12,SU00298_10_SESS_U00298_10_0_0,P0002,1
CU00300_10_SESS_U00300_10_0_0,U00300,SESS_U00300_10_0,2026-06-11 20:50:23,SU00300_10_SESS_U00300_10_0_0,P0078,1
CU00308_10_SESS_U00308_10_0_0,U00308,SESS_U00308_10_0,2026-06-11 13:28:18,SU00308_10_SESS_U00308_10_0_0,P0288,7
CU00310_10_SESS_U00310_10_0_0,U00310,SESS_U00310_10_0,2026-06-11 07:36:14,SU00310_10_SESS_U00310_10_0_0,P0183,3
CU00322_10_SESS_U00322_10_0_1,U00322,SESS_U00322_10_0,2026-06-11 11:55:06,SU00322_10_SESS_U00322_10_0_1,P0013,1
CU00322_10_SESS_U00322_10_0_2,U00322,SESS_U00322_10_0,2026-06-11 15:39:22,SU00322_10_SESS_U00322_10_0_2,P0092,1
CU00328_10_SESS_U00328_10_0_0,U00328,SESS_U00328_10_0,2026-06-11 14:21:10,SU00328_10_SESS_U00328_10_0_0,P0427,2
CU00333_10_SESS_U00333_10_0_0,U00333,SESS_U00333_10_0,2026-06-11 09:16:06,SU00333_10_SESS_U00333_10_0_0,P0149,1
CU00334_10_SESS_U00334_10_0_1,U00334,SESS_U00334_10_0,2026-06-11 14:31:16,SU00334_10_SESS_U00334_10_0_1,P0514,7
CU00340_10_SESS_U00340_10_0_0,U00340,SESS_U00340_10_0,2026-06-11 17:26:18,SU00340_10_SESS_U00340_10_0_0,P0072,1
CU00342_10_SESS_U00342_10_0_0,U00342,SESS_U00342_10_0,2026-06-11 18:30:21,SU00342_10_SESS_U00342_10_0_0,P0034,1
CU00348_10_SESS_U00348_10_0_1,U00348,SESS_U00348_10_0,2026-06-11 20:28:06,SU00348_10_SESS_U00348_10_0_1,P0054,1
CU00351_10_SESS_U00351_10_0_0,U00351,SESS_U00351_10_0,2026-06-11 22:44:19,SU00351_10_SESS_U00351_10_0_0,P0239,1
CU00356_10_SESS_U00356_10_0_2,U00356,SESS_U00356_10_0,2026-06-11 08:14:21,SU00356_10_SESS_U00356_10_0_2,P0044,3
CU00357_10_SESS_U00357_10_0_0,U00357,SESS_U00357_10_0,2026-06-11 22:13:22,SU00357_10_SESS_U00357_10_0_0,P0002,1
CU00357_10_SESS_U00357_10_0_1,U00357,SESS_U00357_10_0,2026-06-11 17:15:12,SU00357_10_SESS_U00357_10_0_1,P0006,2
CU00358_10_SESS_U00358_10_1_0,U00358,SESS_U00358_10_1,2026-06-11 20:06:20,SU00358_10_SESS_U00358_10_1_0,P0154,7
CU00358_10_SESS_U00358_10_1_1,U00358,SESS_U00358_10_1,2026-06-11 12:53:10,SU00358_10_SESS_U00358_10_1_1,P0017,1
CU00360_10_SESS_U00360_10_0_0,U00360,SESS_U00360_10_0,2026-06-11 08:34:18,SU00360_10_SESS_U00360_10_0_0,P0014,7
CU00372_10_SESS_U00372_10_0_0,U00372,SESS_U00372_10_0,2026-06-11 19:57:16,SU00372_10_SESS_U00372_10_0_0,P0002,1
CU00376_10_SESS_U00376_10_0_0,U00376,SESS_U00376_10_0,2026-06-11 15:34:09,SU00376_10_SESS_U00376_10_0_0,P0154,8
CU00380_10_SESS_U00380_10_0_0,U00380,SESS_U00380_10_0,2026-06-11 17:09:13,SU00380_10_SESS_U00380_10_0_0,P0012,6
CU00387_10_SESS_U00387_10_0_0,U00387,SESS_U00387_10_0,2026-06-11 09:04:12,SU00387_10_SESS_U00387_10_0_0,P0304,1
CU00393_10_SESS_U00393_10_0_1,U00393,SESS_U00393_10_0,2026-06-11 22:28:07,SU00393_10_SESS_U00393_10_0_1,P0001,1
CU00396_10_SESS_U00396_10_0_0,U00396,SESS_U00396_10_0,2026-06-11 18:51:22,SU00396_10_SESS_U00396_10_0_0,P0264,8
CU00404_10_SESS_U00404_10_0_0,U00404,SESS_U00404_10_0,2026-06-11 12:39:20,SU00404_10_SESS_U00404_10_0_0,P0024,1
CU00422_10_SESS_U00422_10_0_1,U00422,SESS_U00422_10_0,2026-06-11 11:20:19,SU00422_10_SESS_U00422_10_0_1,P0488,1
CU00429_10_SESS_U00429_10_0_0,U00429,SESS_U00429_10_0,2026-06-11 08:56:10,SU00429_10_SESS_U00429_10_0_0,P0461,5
CU00429_10_SESS_U00429_10_0_1,U00429,SESS_U00429_10_0,2026-06-11 13:25:12,SU00429_10_SESS_U00429_10_0_1,P0002,1
CU00430_10_SESS_U00430_10_0_0,U00430,SESS_U00430_10_0,2026-06-11 11:43:13,SU00430_10_SESS_U00430_10_0_0,P0007,1
CU00440_10_SESS_U00440_10_0_0,U00440,SESS_U00440_10_0,2026-06-11 14:17:03,SU00440_10_SESS_U00440_10_0_0,P0002,1
CU00442_10_SESS_U00442_10_0_1,U00442,SESS_U00442_10_0,2026-06-11 21:06:17,SU00442_10_SESS_U00442_10_0_1,P0112,4
CU00444_10_SESS_U00444_10_0_0,U00444,SESS_U00444_10_0,2026-06-11 11:45:15,SU00444_10_SESS_U00444_10_0_0,P0450,6
CU00458_10_SESS_U00458_10_0_2,U00458,SESS_U00458_10_0,2026-06-11 11:54:24,SU00458_10_SESS_U00458_10_0_2,P0031,1
CU00461_10_SESS_U00461_10_0_1,U00461,SESS_U00461_10_0,2026-06-11 09:09:06,SU00461_10_SESS_U00461_10_0_1,P0009,5
CU00467_10_SESS_U00467_10_0_0,U00467,SESS_U00467_10_0,2026-06-11 08:03:09,SU00467_10_SESS_U00467_10_0_0,P0028,1
CU00472_10_SESS_U00472_10_1_0,U00472,SESS_U00472_10_1,2026-06-11 09:51:19,SU00472_10_SESS_U00472_10_1_0,P0076,2
CU00484_10_SESS_U00484_10_0_1,U00484,SESS_U00484_10_0,2026-06-11 12:06:08,SU00484_10_SESS_U00484_10_0_1,P0077,1
CU00485_10_SESS_U00485_10_0_0,U00485,SESS_U00485_10_0,2026-06-11 11:53:11,SU00485_10_SESS_U00485_10_0_0,P0017,1
CU00487_10_SESS_U00487_10_0_0,U00487,SESS_U00487_10_0,2026-06-11 19:07:05,SU00487_10_SESS_U00487_10_0_0,P0261,1
CU00487_10_SESS_U00487_10_0_1,U00487,SESS_U00487_10_0,2026-06-11 10:50:25,SU00487_10_SESS_U00487_10_0_1,P0203,7
CU00488_10_SESS_U00488_10_0_1,U00488,SESS_U00488_10_0,2026-06-11 21:16:21,SU00488_10_SESS_U00488_10_0_1,P0067,2
CU00495_10_SESS_U00495_10_0_1,U00495,SESS_U00495_10_0,2026-06-11 13:52:19,SU00495_10_SESS_U00495_10_0_1,P0034,1
CU00495_10_SESS_U00495_10_0_2,U00495,SESS_U00495_10_0,2026-06-11 19:07:04,SU00495_10_SESS_U00495_10_0_2,P0040,2
CU00503_10_SESS_U00503_10_0_0,U00503,SESS_U00503_10_0,2026-06-11 11:06:21,SU00503_10_SESS_U00503_10_0_0,P0225,1
CU00515_10_SESS_U00515_10_0_0,U00515,SESS_U00515_10_0,2026-06-11 08:24:16,SU00515_10_SESS_U00515_10_0_0,P0025,7
CU00515_10_SESS_U00515_10_0_1,U00515,SESS_U00515_10_0,2026-06-11 14:53:03,SU00515_10_SESS_U00515_10_0_1,P0125,1
CU00518_10_SESS_U00518_10_0_0,U00518,SESS_U00518_10_0,2026-06-11 10:55:23,SU00518_10_SESS_U00518_10_0_0,P0018,1
CU00521_10_SESS_U00521_10_0_0,U00521,SESS_U00521_10_0,2026-06-11 12:49:25,SU00521_10_SESS_U00521_10_0_0,P0128,3
CU00526_10_SESS_U00526_10_0_0,U00526,SESS_U00526_10_0,2026-06-11 20:26:20,SU00526_10_SESS_U00526_10_0_0,P0277,4
CU00532_10_SESS_U00532_10_0_0,U00532,SESS_U00532_10_0,2026-06-11 16:00:24,SU00532_10_SESS_U00532_10_0_0,P0199,1
CU00532_10_SESS_U00532_10_0_1,U00532,SESS_U00532_10_0,2026-06-11 07:43:03,SU00532_10_SESS_U00532_10_0_1,P0046,3
CU00535_10_SESS_U00535_10_0_0,U00535,SESS_U00535_10_0,2026-06-11 09:22:09,SU00535_10_SESS_U00535_10_0_0,P0305,1
CU00536_10_SESS_U00536_10_0_0,U00536,SESS_U00536_10_0,2026-06-11 13:39:24,SU00536_10_SESS_U00536_10_0_0,P0174,1
CU00536_10_SESS_U00536_10_1_0,U00536,SESS_U00536_10_1,2026-06-11 11:03:24,SU00536_10_SESS_U00536_10_1_0,P0202,1
CU00548_10_SESS_U00548_10_0_0,U00548,SESS_U00548_10_0,2026-06-11 16:09:10,SU00548_10_SESS_U00548_10_0_0,P0002,1
CU00548_10_SESS_U00548_10_1_0,U00548,SESS_U00548_10_1,2026-06-11 16:11:04,SU00548_10_SESS_U00548_10_1_0,P0015,1
CU00548_10_SESS_U00548_10_1_1,U00548,SESS_U00548_10_1,2026-06-11 12:51:07,SU00548_10_SESS_U00548_10_1_1,P0127,7
CU00560_10_SESS_U00560_10_0_0,U00560,SESS_U00560_10_0,2026-06-11 22:07:23,SU00560_10_SESS_U00560_10_0_0,P0531,1
CU00560_10_SESS_U00560_10_0_1,U00560,SESS_U00560_10_0,2026-06-11 18:58:22,SU00560_10_SESS_U00560_10_0_1,P0285,4
CU00566_10_SESS_U00566_10_0_0,U00566,SESS_U00566_10_0,2026-06-11 10:05:24,SU00566_10_SESS_U00566_10_0_0,P0190,3
CU00569_10_SESS_U00569_10_0_0,U00569,SESS_U00569_10_0,2026-06-11 11:22:13,SU00569_10_SESS_U00569_10_0_0,P0073,1
CU00577_10_SESS_U00577_10_0_1,U00577,SESS_U00577_10_0,2026-06-11 14:56:15,SU00577_10_SESS_U00577_10_0_1,P0136,1
CU00579_10_SESS_U00579_10_0_0,U00579,SESS_U00579_10_0,2026-06-11 13:09:24,SU00579_10_SESS_U00579_10_0_0,P0015,1
CU00581_10_SESS_U00581_10_0_0,U00581,SESS_U00581_10_0,2026-06-11 07:30:25,SU00581_10_SESS_U00581_10_0_0,P0125,1
CU00584_10_SESS_U00584_10_0_0,U00584,SESS_U00584_10_0,2026-06-11 08:05:12,SU00584_10_SESS_U00584_10_0_0,P0599,2
CU00587_10_SESS_U00587_10_0_0,U00587,SESS_U00587_10_0,2026-06-11 14:34:05,SU00587_10_SESS_U00587_10_0_0,P0125,1
CU00588_10_SESS_U00588_10_0_0,U00588,SESS_U00588_10_0,2026-06-11 12:59:05,SU00588_10_SESS_U00588_10_0_0,P0002,1
CU00591_10_SESS_U00591_10_0_0,U00591,SESS_U00591_10_0,2026-06-11 09:07:09,SU00591_10_SESS_U00591_10_0_0,P0421,6
CU00591_10_SESS_U00591_10_0_1,U00591,SESS_U00591_10_0,2026-06-11 21:49:09,SU00591_10_SESS_U00591_10_0_1,P0085,5
CU00597_10_SESS_U00597_10_1_0,U00597,SESS_U00597_10_1,2026-06-11 21:18:14,SU00597_10_SESS_U00597_10_1_0,P0007,1
CU00599_10_SESS_U00599_10_0_0,U00599,SESS_U00599_10_0,2026-06-11 10:05:21,SU00599_10_SESS_U00599_10_0_0,P0004,3
CU00608_10_SESS_U00608_10_1_0,U00608,SESS_U00608_10_1,2026-06-11 09:46:22,SU00608_10_SESS_U00608_10_1_0,P0013,1
CU00608_10_SESS_U00608_10_1_1,U00608,SESS_U00608_10_1,2026-06-11 17:47:05,SU00608_10_SESS_U00608_10_1_1,P0017,8
CU00612_10_SESS_U00612_10_0_1,U00612,SESS_U00612_10_0,2026-06-11 18:56:09,SU00612_10_SESS_U00612_10_0_1,P0044,1
CU00622_10_SESS_U00622_10_0_0,U00622,SESS_U00622_10_0,2026-06-11 20:32:17,SU00622_10_SESS_U00622_10_0_0,P0002,1
CU00631_10_SESS_U00631_10_0_0,U00631,SESS_U00631_10_0,2026-06-11 21:13:05,SU00631_10_SESS_U00631_10_0_0,P0038,4
CU00634_10_SESS_U00634_10_1_1,U00634,SESS_U00634_10_1,2026-06-11 08:11:04,SU00634_10_SESS_U00634_10_1_1,P0002,1
CU00637_10_SESS_U00637_10_0_1,U00637,SESS_U00637_10_0,2026-06-11 17:08:09,SU00637_10_SESS_U00637_10_0_1,P0054,1
CU00654_10_SESS_U00654_10_0_0,U00654,SESS_U00654_10_0,2026-06-11 19:41:18,SU00654_10_SESS_U00654_10_0_0,P0531,1
CU00658_10_SESS_U00658_10_0_0,U00658,SESS_U00658_10_0,2026-06-11 21:29:25,SU00658_10_SESS_U00658_10_0_0,P0011,1
CU00665_10_SESS_U00665_10_0_0,U00665,SESS_U00665_10_0,2026-06-11 18:40:19,SU00665_10_SESS_U00665_10_0_0,P0027,1
CU00665_10_SESS_U00665_10_0_1,U00665,SESS_U00665_10_0,2026-06-11 19:54:21,SU00665_10_SESS_U00665_10_0_1,P0016,1
CU00669_10_SESS_U00669_10_0_0,U00669,SESS_U00669_10_0,2026-06-11 14:25:18,SU00669_10_SESS_U00669_10_0_0,P0203,1
CU00670_10_SESS_U00670_10_0_0,U00670,SESS_U00670_10_0,2026-06-11 12:47:05,SU00670_10_SESS_U00670_10_0_0,P0065,3
CU00673_10_SESS_U00673_10_0_0,U00673,SESS_U00673_10_0,2026-06-11 18:17:04,SU00673_10_SESS_U00673_10_0_0,P0167,8
CU00674_10_SESS_U00674_10_0_0,U00674,SESS_U00674_10_0,2026-06-11 17:30:06,SU00674_10_SESS_U00674_10_0_0,P0563,1
CU00676_10_SESS_U00676_10_0_0,U00676,SESS_U00676_10_0,2026-06-11 15:17:25,SU00676_10_SESS_U00676_10_0_0,P0218,1
CU00679_10_SESS_U00679_10_0_0,U00679,SESS_U00679_10_0,2026-06-11 10:36:03,SU00679_10_SESS_U00679_10_0_0,P0004,1
CU00681_10_SESS_U00681_10_0_0,U00681,SESS_U00681_10_0,2026-06-11 07:25:08,SU00681_10_SESS_U00681_10_0_0,P0127,1
CU00681_10_SESS_U00681_10_0_1,U00681,SESS_U00681_10_0,2026-06-11 07:16:24,SU00681_10_SESS_U00681_10_0_1,P0028,1
CU00681_10_SESS_U00681_10_1_0,U00681,SESS_U00681_10_1,2026-06-11 15:57:23,SU00681_10_SESS_U00681_10_1_0,P0002,1
CU00682_10_SESS_U00682_10_0_0,U00682,SESS_U00682_10_0,2026-06-11 15:11:05,SU00682_10_SESS_U00682_10_0_0,P0062,1
CU00682_10_SESS_U00682_10_0_1,U00682,SESS_U00682_10_0,2026-06-11 16:39:06,SU00682_10_SESS_U00682_10_0_1,P0092,1
CU00683_10_SESS_U00683_10_0_0,U00683,SESS_U00683_10_0,2026-06-11 18:41:20,SU00683_10_SESS_U00683_10_0_0,P0246,1
CU00683_10_SESS_U00683_10_0_1,U00683,SESS_U00683_10_0,2026-06-11 19:33:04,SU00683_10_SESS_U00683_10_0_1,P0264,1
CU00684_10_SESS_U00684_10_1_0,U00684,SESS_U00684_10_1,2026-06-11 16:07:25,SU00684_10_SESS_U00684_10_1_0,P0009,5
CU00693_10_SESS_U00693_10_0_0,U00693,SESS_U00693_10_0,2026-06-11 09:20:20,SU00693_10_SESS_U00693_10_0_0,P0121,1
CU00693_10_SESS_U00693_10_0_1,U00693,SESS_U00693_10_0,2026-06-11 17:26:10,SU00693_10_SESS_U00693_10_0_1,P0565,1
CU00695_10_SESS_U00695_10_0_0,U00695,SESS_U00695_10_0,2026-06-11 07:23:15,SU00695_10_SESS_U00695_10_0_0,P0004,1
CU00705_10_SESS_U00705_10_0_0,U00705,SESS_U00705_10_0,2026-06-11 18:49:09,SU00705_10_SESS_U00705_10_0_0,P0205,1
CU00705_10_SESS_U00705_10_1_1,U00705,SESS_U00705_10_1,2026-06-11 10:05:20,SU00705_10_SESS_U00705_10_1_1,P0007,1
CU00706_10_SESS_U00706_10_0_0,U00706,SESS_U00706_10_0,2026-06-11 18:55:06,SU00706_10_SESS_U00706_10_0_0,P0013,1
CU00711_10_SESS_U00711_10_0_0,U00711,SESS_U00711_10_0,2026-06-11 08:38:05,SU00711_10_SESS_U00711_10_0_0,P0005,1
CU00713_10_SESS_U00713_10_0_1,U00713,SESS_U00713_10_0,2026-06-11 18:15:03,SU00713_10_SESS_U00713_10_0_1,P0055,1
CU00716_10_SESS_U00716_10_0_0,U00716,SESS_U00716_10_0,2026-06-11 08:48:11,SU00716_10_SESS_U00716_10_0_0,P0002,1
CU00719_10_SESS_U00719_10_0_0,U00719,SESS_U00719_10_0,2026-06-11 14:49:23,SU00719_10_SESS_U00719_10_0_0,P0021,1
CU00720_10_SESS_U00720_10_0_0,U00720,SESS_U00720_10_0,2026-06-11 16:45:24,SU00720_10_SESS_U00720_10_0_0,P0183,8
CU00720_10_SESS_U00720_10_0_1,U00720,SESS_U00720_10_0,2026-06-11 22:46:19,SU00720_10_SESS_U00720_10_0_1,P0156,4
CU00726_10_SESS_U00726_10_0_0,U00726,SESS_U00726_10_0,2026-06-11 10:26:16,SU00726_10_SESS_U00726_10_0_0,P0482,8
CU00737_10_SESS_U00737_10_0_0,U00737,SESS_U00737_10_0,2026-06-11 15:56:08,SU00737_10_SESS_U00737_10_0_0,P0207,4
CU00741_10_SESS_U00741_10_0_1,U00741,SESS_U00741_10_0,2026-06-11 09:37:25,SU00741_10_SESS_U00741_10_0_1,P0001,1
CU00752_10_SESS_U00752_10_0_1,U00752,SESS_U00752_10_0,2026-06-11 16:15:23,SU00752_10_SESS_U00752_10_0_1,P0024,1
CU00760_10_SESS_U00760_10_0_1,U00760,SESS_U00760_10_0,2026-06-11 14:38:24,SU00760_10_SESS_U00760_10_0_1,P0015,8
CU00761_10_SESS_U00761_10_0_0,U00761,SESS_U00761_10_0,2026-06-11 07:07:19,SU00761_10_SESS_U00761_10_0_0,P0060,3
CU00761_10_SESS_U00761_10_0_2,U00761,SESS_U00761_10_0,2026-06-11 09:55:16,SU00761_10_SESS_U00761_10_0_2,P0001,1
CU00763_10_SESS_U00763_10_0_1,U00763,SESS_U00763_10_0,2026-06-11 13:49:14,SU00763_10_SESS_U00763_10_0_1,P0330,8
CU00765_10_SESS_U00765_10_0_0,U00765,SESS_U00765_10_0,2026-06-11 19:38:07,SU00765_10_SESS_U00765_10_0_0,P0400,2
CU00769_10_SESS_U00769_10_0_0,U00769,SESS_U00769_10_0,2026-06-11 14:10:08,SU00769_10_SESS_U00769_10_0_0,P0119,1
CU00776_10_SESS_U00776_10_0_0,U00776,SESS_U00776_10_0,2026-06-11 16:40:06,SU00776_10_SESS_U00776_10_0_0,P0437,1
CU00780_10_SESS_U00780_10_0_0,U00780,SESS_U00780_10_0,2026-06-11 22:57:04,SU00780_10_SESS_U00780_10_0_0,P0003,1
CU00783_10_SESS_U00783_10_0_0,U00783,SESS_U00783_10_0,2026-06-11 21:45:21,SU00783_10_SESS_U00783_10_0_0,P0183,3
CU00793_10_SESS_U00793_10_0_0,U00793,SESS_U00793_10_0,2026-06-11 12:41:07,SU00793_10_SESS_U00793_10_0_0,P0017,8
CU00793_10_SESS_U00793_10_1_0,U00793,SESS_U00793_10_1,2026-06-11 08:41:12,SU00793_10_SESS_U00793_10_1_0,P0014,8
CU00793_10_SESS_U00793_10_1_1,U00793,SESS_U00793_10_1,2026-06-11 17:20:14,SU00793_10_SESS_U00793_10_1_1,P0330,5
CU00003_11_SESS_U00003_11_0_0,U00003,SESS_U00003_11_0,2026-06-12 08:55:10,SU00003_11_SESS_U00003_11_0_0,P0195,1
CU00005_11_SESS_U00005_11_1_1,U00005,SESS_U00005_11_1,2026-06-12 21:53:17,SU00005_11_SESS_U00005_11_1_1,P0050,1
CU00005_11_SESS_U00005_11_1_2,U00005,SESS_U00005_11_1,2026-06-12 20:06:04,SU00005_11_SESS_U00005_11_1_2,P0029,1
CU00009_11_SESS_U00009_11_0_0,U00009,SESS_U00009_11_0,2026-06-12 12:52:14,SU00009_11_SESS_U00009_11_0_0,P0005,1
CU00012_11_SESS_U00012_11_0_0,U00012,SESS_U00012_11_0,2026-06-12 19:42:09,SU00012_11_SESS_U00012_11_0_0,P0232,1
CU00017_11_SESS_U00017_11_0_0,U00017,SESS_U00017_11_0,2026-06-12 12:32:06,SU00017_11_SESS_U00017_11_0_0,P0670,1
CU00017_11_SESS_U00017_11_1_0,U00017,SESS_U00017_11_1,2026-06-12 20:07:16,SU00017_11_SESS_U00017_11_1_0,P0086,5
CU00020_11_SESS_U00020_11_0_0,U00020,SESS_U00020_11_0,2026-06-12 15:49:24,SU00020_11_SESS_U00020_11_0_0,P0004,1
CU00028_11_SESS_U00028_11_0_0,U00028,SESS_U00028_11_0,2026-06-12 17:33:22,SU00028_11_SESS_U00028_11_0_0,P0167,4
CU00028_11_SESS_U00028_11_0_1,U00028,SESS_U00028_11_0,2026-06-12 17:53:11,SU00028_11_SESS_U00028_11_0_1,P0288,4
CU00030_11_SESS_U00030_11_0_0,U00030,SESS_U00030_11_0,2026-06-12 09:59:21,SU00030_11_SESS_U00030_11_0_0,P0005,1
CU00033_11_SESS_U00033_11_0_1,U00033,SESS_U00033_11_0,2026-06-12 07:15:05,SU00033_11_SESS_U00033_11_0_1,P0032,3
CU00036_11_SESS_U00036_11_0_0,U00036,SESS_U00036_11_0,2026-06-12 14:54:05,SU00036_11_SESS_U00036_11_0_0,P0006,4
CU00038_11_SESS_U00038_11_0_0,U00038,SESS_U00038_11_0,2026-06-12 19:35:14,SU00038_11_SESS_U00038_11_0_0,P0006,1
CU00038_11_SESS_U00038_11_0_1,U00038,SESS_U00038_11_0,2026-06-12 21:26:11,SU00038_11_SESS_U00038_11_0_1,P0001,1
CU00052_11_SESS_U00052_11_0_0,U00052,SESS_U00052_11_0,2026-06-12 09:40:13,SU00052_11_SESS_U00052_11_0_0,P0487,1
CU00052_11_SESS_U00052_11_0_1,U00052,SESS_U00052_11_0,2026-06-12 17:05:25,SU00052_11_SESS_U00052_11_0_1,P0102,1
CU00053_11_SESS_U00053_11_0_0,U00053,SESS_U00053_11_0,2026-06-12 17:06:06,SU00053_11_SESS_U00053_11_0_0,P0263,1
CU00053_11_SESS_U00053_11_0_1,U00053,SESS_U00053_11_0,2026-06-12 14:21:05,SU00053_11_SESS_U00053_11_0_1,P0142,1
CU00055_11_SESS_U00055_11_0_0,U00055,SESS_U00055_11_0,2026-06-12 18:06:05,SU00055_11_SESS_U00055_11_0_0,P0074,1
CU00060_11_SESS_U00060_11_0_1,U00060,SESS_U00060_11_0,2026-06-12 19:17:07,SU00060_11_SESS_U00060_11_0_1,P0133,5
CU00061_11_SESS_U00061_11_0_0,U00061,SESS_U00061_11_0,2026-06-12 22:17:11,SU00061_11_SESS_U00061_11_0_0,P0048,1
CU00066_11_SESS_U00066_11_0_1,U00066,SESS_U00066_11_0,2026-06-12 09:51:19,SU00066_11_SESS_U00066_11_0_1,P0024,1
CU00077_11_SESS_U00077_11_0_0,U00077,SESS_U00077_11_0,2026-06-12 16:03:07,SU00077_11_SESS_U00077_11_0_0,P0146,1
CU00081_11_SESS_U00081_11_0_0,U00081,SESS_U00081_11_0,2026-06-12 16:09:20,SU00081_11_SESS_U00081_11_0_0,P0101,1
CU00086_11_SESS_U00086_11_0_1,U00086,SESS_U00086_11_0,2026-06-12 14:26:21,SU00086_11_SESS_U00086_11_0_1,P0002,1
CU00110_11_SESS_U00110_11_0_0,U00110,SESS_U00110_11_0,2026-06-12 20:19:05,SU00110_11_SESS_U00110_11_0_0,P0021,1
CU00112_11_SESS_U00112_11_0_0,U00112,SESS_U00112_11_0,2026-06-12 17:49:23,SU00112_11_SESS_U00112_11_0_0,P0001,1
CU00115_11_SESS_U00115_11_0_0,U00115,SESS_U00115_11_0,2026-06-12 09:06:17,SU00115_11_SESS_U00115_11_0_0,P0584,4
CU00115_11_SESS_U00115_11_0_1,U00115,SESS_U00115_11_0,2026-06-12 19:39:10,SU00115_11_SESS_U00115_11_0_1,P0254,5
CU00115_11_SESS_U00115_11_1_1,U00115,SESS_U00115_11_1,2026-06-12 19:17:08,SU00115_11_SESS_U00115_11_1_1,P0592,1
CU00115_11_SESS_U00115_11_1_2,U00115,SESS_U00115_11_1,2026-06-12 11:41:24,SU00115_11_SESS_U00115_11_1_2,P0083,1
CU00118_11_SESS_U00118_11_0_1,U00118,SESS_U00118_11_0,2026-06-12 16:51:10,SU00118_11_SESS_U00118_11_0_1,P0232,2
CU00118_11_SESS_U00118_11_0_2,U00118,SESS_U00118_11_0,2026-06-12 11:58:19,SU00118_11_SESS_U00118_11_0_2,P0048,1
CU00118_11_SESS_U00118_11_1_0,U00118,SESS_U00118_11_1,2026-06-12 08:00:13,SU00118_11_SESS_U00118_11_1_0,P0016,7
CU00118_11_SESS_U00118_11_1_1,U00118,SESS_U00118_11_1,2026-06-12 21:57:06,SU00118_11_SESS_U00118_11_1_1,P0081,1
CU00118_11_SESS_U00118_11_1_2,U00118,SESS_U00118_11_1,2026-06-12 19:29:07,SU00118_11_SESS_U00118_11_1_2,P0116,8
CU00127_11_SESS_U00127_11_0_0,U00127,SESS_U00127_11_0,2026-06-12 17:27:12,SU00127_11_SESS_U00127_11_0_0,P0161,1
CU00136_11_SESS_U00136_11_0_1,U00136,SESS_U00136_11_0,2026-06-12 16:32:23,SU00136_11_SESS_U00136_11_0_1,P0006,4
CU00140_11_SESS_U00140_11_0_0,U00140,SESS_U00140_11_0,2026-06-12 19:04:18,SU00140_11_SESS_U00140_11_0_0,P0101,4
CU00142_11_SESS_U00142_11_0_0,U00142,SESS_U00142_11_0,2026-06-12 18:19:24,SU00142_11_SESS_U00142_11_0_0,P0467,6
CU00142_11_SESS_U00142_11_0_1,U00142,SESS_U00142_11_0,2026-06-12 13:26:17,SU00142_11_SESS_U00142_11_0_1,P0001,1
CU00142_11_SESS_U00142_11_0_2,U00142,SESS_U00142_11_0,2026-06-12 19:41:23,SU00142_11_SESS_U00142_11_0_2,P0002,1
CU00148_11_SESS_U00148_11_0_0,U00148,SESS_U00148_11_0,2026-06-12 21:46:11,SU00148_11_SESS_U00148_11_0_0,P0002,1
CU00148_11_SESS_U00148_11_0_1,U00148,SESS_U00148_11_0,2026-06-12 18:28:16,SU00148_11_SESS_U00148_11_0_1,P0584,7
CU00149_11_SESS_U00149_11_1_0,U00149,SESS_U00149_11_1,2026-06-12 12:33:06,SU00149_11_SESS_U00149_11_1_0,P0011,2
CU00152_11_SESS_U00152_11_0_0,U00152,SESS_U00152_11_0,2026-06-12 08:19:10,SU00152_11_SESS_U00152_11_0_0,P0002,1
CU00159_11_SESS_U00159_11_0_1,U00159,SESS_U00159_11_0,2026-06-12 11:04:18,SU00159_11_SESS_U00159_11_0_1,P0584,1
CU00165_11_SESS_U00165_11_0_0,U00165,SESS_U00165_11_0,2026-06-12 10:52:04,SU00165_11_SESS_U00165_11_0_0,P0433,5
CU00176_11_SESS_U00176_11_0_1,U00176,SESS_U00176_11_0,2026-06-12 08:22:11,SU00176_11_SESS_U00176_11_0_1,P0134,1
CU00181_11_SESS_U00181_11_0_0,U00181,SESS_U00181_11_0,2026-06-12 11:53:12,SU00181_11_SESS_U00181_11_0_0,P0016,1
CU00194_11_SESS_U00194_11_0_0,U00194,SESS_U00194_11_0,2026-06-12 19:57:19,SU00194_11_SESS_U00194_11_0_0,P0006,1
CU00204_11_SESS_U00204_11_0_0,U00204,SESS_U00204_11_0,2026-06-12 19:38:17,SU00204_11_SESS_U00204_11_0_0,P0005,1
CU00209_11_SESS_U00209_11_0_0,U00209,SESS_U00209_11_0,2026-06-12 16:12:24,SU00209_11_SESS_U00209_11_0_0,P0034,1
CU00209_11_SESS_U00209_11_1_0,U00209,SESS_U00209_11_1,2026-06-12 13:10:15,SU00209_11_SESS_U00209_11_1_0,P0047,1
CU00209_11_SESS_U00209_11_1_1,U00209,SESS_U00209_11_1,2026-06-12 10:26:19,SU00209_11_SESS_U00209_11_1_1,P0009,5
CU00210_11_SESS_U00210_11_0_0,U00210,SESS_U00210_11_0,2026-06-12 11:17:22,SU00210_11_SESS_U00210_11_0_0,P0174,1
CU00210_11_SESS_U00210_11_0_1,U00210,SESS_U00210_11_0,2026-06-12 13:37:15,SU00210_11_SESS_U00210_11_0_1,P0120,7
CU00213_11_SESS_U00213_11_1_0,U00213,SESS_U00213_11_1,2026-06-12 09:03:18,SU00213_11_SESS_U00213_11_1_0,P0072,1
CU00214_11_SESS_U00214_11_0_0,U00214,SESS_U00214_11_0,2026-06-12 07:56:25,SU00214_11_SESS_U00214_11_0_0,P0181,1
CU00214_11_SESS_U00214_11_0_1,U00214,SESS_U00214_11_0,2026-06-12 18:43:03,SU00214_11_SESS_U00214_11_0_1,P0002,1
CU00214_11_SESS_U00214_11_0_2,U00214,SESS_U00214_11_0,2026-06-12 19:09:18,SU00214_11_SESS_U00214_11_0_2,P0006,1
CU00220_11_SESS_U00220_11_0_1,U00220,SESS_U00220_11_0,2026-06-12 20:22:14,SU00220_11_SESS_U00220_11_0_1,P0506,2
CU00221_11_SESS_U00221_11_0_0,U00221,SESS_U00221_11_0,2026-06-12 21:57:23,SU00221_11_SESS_U00221_11_0_0,P0079,1
CU00222_11_SESS_U00222_11_0_0,U00222,SESS_U00222_11_0,2026-06-12 19:08:04,SU00222_11_SESS_U00222_11_0_0,P0051,2
CU00224_11_SESS_U00224_11_1_0,U00224,SESS_U00224_11_1,2026-06-12 10:57:11,SU00224_11_SESS_U00224_11_1_0,P0183,1
CU00226_11_SESS_U00226_11_0_0,U00226,SESS_U00226_11_0,2026-06-12 08:16:11,SU00226_11_SESS_U00226_11_0_0,P0041,1
CU00226_11_SESS_U00226_11_1_0,U00226,SESS_U00226_11_1,2026-06-12 07:57:21,SU00226_11_SESS_U00226_11_1_0,P0001,1
CU00244_11_SESS_U00244_11_0_0,U00244,SESS_U00244_11_0,2026-06-12 22:32:20,SU00244_11_SESS_U00244_11_0_0,P0002,1
CU00247_11_SESS_U00247_11_0_0,U00247,SESS_U00247_11_0,2026-06-12 14:59:06,SU00247_11_SESS_U00247_11_0_0,P0076,2
CU00252_11_SESS_U00252_11_0_0,U00252,SESS_U00252_11_0,2026-06-12 08:31:24,SU00252_11_SESS_U00252_11_0_0,P0438,1
CU00252_11_SESS_U00252_11_0_1,U00252,SESS_U00252_11_0,2026-06-12 22:03:12,SU00252_11_SESS_U00252_11_0_1,P0132,1
CU00255_11_SESS_U00255_11_0_0,U00255,SESS_U00255_11_0,2026-06-12 17:56:15,SU00255_11_SESS_U00255_11_0_0,P0072,1
CU00256_11_SESS_U00256_11_0_0,U00256,SESS_U00256_11_0,2026-06-12 21:36:05,SU00256_11_SESS_U00256_11_0_0,P0016,7
CU00262_11_SESS_U00262_11_0_0,U00262,SESS_U00262_11_0,2026-06-12 17:52:23,SU00262_11_SESS_U00262_11_0_0,P0018,1
CU00262_11_SESS_U00262_11_0_1,U00262,SESS_U00262_11_0,2026-06-12 21:59:14,SU00262_11_SESS_U00262_11_0_1,P0017,8
CU00265_11_SESS_U00265_11_0_0,U00265,SESS_U00265_11_0,2026-06-12 18:45:15,SU00265_11_SESS_U00265_11_0_0,P0001,1
CU00270_11_SESS_U00270_11_0_0,U00270,SESS_U00270_11_0,2026-06-12 20:25:23,SU00270_11_SESS_U00270_11_0_0,P0427,5
CU00271_11_SESS_U00271_11_0_1,U00271,SESS_U00271_11_0,2026-06-12 20:04:20,SU00271_11_SESS_U00271_11_0_1,P0016,1
CU00271_11_SESS_U00271_11_0_2,U00271,SESS_U00271_11_0,2026-06-12 19:59:20,SU00271_11_SESS_U00271_11_0_2,P0075,1
CU00279_11_SESS_U00279_11_0_1,U00279,SESS_U00279_11_0,2026-06-12 15:29:03,SU00279_11_SESS_U00279_11_0_1,P0232,1
CU00284_11_SESS_U00284_11_0_0,U00284,SESS_U00284_11_0,2026-06-12 10:06:19,SU00284_11_SESS_U00284_11_0_0,P0126,2
CU00287_11_SESS_U00287_11_1_0,U00287,SESS_U00287_11_1,2026-06-12 17:18:09,SU00287_11_SESS_U00287_11_1_0,P0074,1
CU00293_11_SESS_U00293_11_0_0,U00293,SESS_U00293_11_0,2026-06-12 22:23:21,SU00293_11_SESS_U00293_11_0_0,P0044,1
CU00293_11_SESS_U00293_11_0_1,U00293,SESS_U00293_11_0,2026-06-12 16:18:25,SU00293_11_SESS_U00293_11_0_1,P0225,7
CU00293_11_SESS_U00293_11_0_2,U00293,SESS_U00293_11_0,2026-06-12 12:54:04,SU00293_11_SESS_U00293_11_0_2,P0028,7
CU00299_11_SESS_U00299_11_0_1,U00299,SESS_U00299_11_0,2026-06-12 17:31:03,SU00299_11_SESS_U00299_11_0_1,P0017,8
CU00299_11_SESS_U00299_11_0_2,U00299,SESS_U00299_11_0,2026-06-12 10:49:05,SU00299_11_SESS_U00299_11_0_2,P0001,1
CU00302_11_SESS_U00302_11_0_0,U00302,SESS_U00302_11_0,2026-06-12 16:48:07,SU00302_11_SESS_U00302_11_0_0,P0014,1
CU00303_11_SESS_U00303_11_0_0,U00303,SESS_U00303_11_0,2026-06-12 09:53:07,SU00303_11_SESS_U00303_11_0_0,P0061,2
CU00303_11_SESS_U00303_11_0_2,U00303,SESS_U00303_11_0,2026-06-12 19:05:07,SU00303_11_SESS_U00303_11_0_2,P0125,1
CU00305_11_SESS_U00305_11_0_1,U00305,SESS_U00305_11_0,2026-06-12 17:18:05,SU00305_11_SESS_U00305_11_0_1,P0002,1
CU00310_11_SESS_U00310_11_0_0,U00310,SESS_U00310_11_0,2026-06-12 07:16:06,SU00310_11_SESS_U00310_11_0_0,P0007,1
CU00310_11_SESS_U00310_11_0_1,U00310,SESS_U00310_11_0,2026-06-12 15:01:12,SU00310_11_SESS_U00310_11_0_1,P0142,6
CU00319_11_SESS_U00319_11_0_0,U00319,SESS_U00319_11_0,2026-06-12 15:41:23,SU00319_11_SESS_U00319_11_0_0,P0076,6
CU00321_11_SESS_U00321_11_0_0,U00321,SESS_U00321_11_0,2026-06-12 07:26:18,SU00321_11_SESS_U00321_11_0_0,P0227,1
CU00330_11_SESS_U00330_11_0_0,U00330,SESS_U00330_11_0,2026-06-12 09:52:09,SU00330_11_SESS_U00330_11_0_0,P0065,3
CU00337_11_SESS_U00337_11_0_0,U00337,SESS_U00337_11_0,2026-06-12 22:37:23,SU00337_11_SESS_U00337_11_0_0,P0014,8
CU00339_11_SESS_U00339_11_0_0,U00339,SESS_U00339_11_0,2026-06-12 07:44:24,SU00339_11_SESS_U00339_11_0_0,P0074,5
CU00340_11_SESS_U00340_11_0_1,U00340,SESS_U00340_11_0,2026-06-12 22:10:22,SU00340_11_SESS_U00340_11_0_1,P0009,1
CU00341_11_SESS_U00341_11_0_0,U00341,SESS_U00341_11_0,2026-06-12 20:32:08,SU00341_11_SESS_U00341_11_0_0,P0040,8
CU00344_11_SESS_U00344_11_0_0,U00344,SESS_U00344_11_0,2026-06-12 17:31:05,SU00344_11_SESS_U00344_11_0_0,P0131,8
CU00348_11_SESS_U00348_11_0_0,U00348,SESS_U00348_11_0,2026-06-12 19:59:11,SU00348_11_SESS_U00348_11_0_0,P0125,8
CU00351_11_SESS_U00351_11_0_0,U00351,SESS_U00351_11_0,2026-06-12 16:26:22,SU00351_11_SESS_U00351_11_0_0,P0080,7
CU00358_11_SESS_U00358_11_0_0,U00358,SESS_U00358_11_0,2026-06-12 08:52:19,SU00358_11_SESS_U00358_11_0_0,P0109,1
CU00370_11_SESS_U00370_11_0_0,U00370,SESS_U00370_11_0,2026-06-12 12:17:12,SU00370_11_SESS_U00370_11_0_0,P0028,1
CU00371_11_SESS_U00371_11_0_0,U00371,SESS_U00371_11_0,2026-06-12 22:06:22,SU00371_11_SESS_U00371_11_0_0,P0032,2
CU00374_11_SESS_U00374_11_0_0,U00374,SESS_U00374_11_0,2026-06-12 17:57:13,SU00374_11_SESS_U00374_11_0_0,P0002,1
CU00375_11_SESS_U00375_11_0_0,U00375,SESS_U00375_11_0,2026-06-12 15:01:21,SU00375_11_SESS_U00375_11_0_0,P0181,1
CU00379_11_SESS_U00379_11_0_0,U00379,SESS_U00379_11_0,2026-06-12 18:32:21,SU00379_11_SESS_U00379_11_0_0,P0062,1
CU00383_11_SESS_U00383_11_0_0,U00383,SESS_U00383_11_0,2026-06-12 12:37:22,SU00383_11_SESS_U00383_11_0_0,P0014,1
CU00395_11_SESS_U00395_11_1_0,U00395,SESS_U00395_11_1,2026-06-12 20:42:06,SU00395_11_SESS_U00395_11_1_0,P0115,2
CU00395_11_SESS_U00395_11_1_1,U00395,SESS_U00395_11_1,2026-06-12 08:56:14,SU00395_11_SESS_U00395_11_1_1,P0492,7
CU00395_11_SESS_U00395_11_1_2,U00395,SESS_U00395_11_1,2026-06-12 20:14:14,SU00395_11_SESS_U00395_11_1_2,P0264,3
CU00396_11_SESS_U00396_11_0_0,U00396,SESS_U00396_11_0,2026-06-12 11:10:13,SU00396_11_SESS_U00396_11_0_0,P0013,7
CU00396_11_SESS_U00396_11_0_2,U00396,SESS_U00396_11_0,2026-06-12 11:01:16,SU00396_11_SESS_U00396_11_0_2,P0002,1
CU00398_11_SESS_U00398_11_0_0,U00398,SESS_U00398_11_0,2026-06-12 12:40:04,SU00398_11_SESS_U00398_11_0_0,P0013,1
CU00400_11_SESS_U00400_11_0_0,U00400,SESS_U00400_11_0,2026-06-12 19:29:17,SU00400_11_SESS_U00400_11_0_0,P0121,1
CU00405_11_SESS_U00405_11_0_0,U00405,SESS_U00405_11_0,2026-06-12 11:28:20,SU00405_11_SESS_U00405_11_0_0,P0136,1
CU00405_11_SESS_U00405_11_1_0,U00405,SESS_U00405_11_1,2026-06-12 09:48:04,SU00405_11_SESS_U00405_11_1_0,P0152,5
CU00407_11_SESS_U00407_11_0_0,U00407,SESS_U00407_11_0,2026-06-12 08:25:22,SU00407_11_SESS_U00407_11_0_0,P0001,1
CU00409_11_SESS_U00409_11_0_0,U00409,SESS_U00409_11_0,2026-06-12 13:23:11,SU00409_11_SESS_U00409_11_0_0,P0029,1
CU00416_11_SESS_U00416_11_1_0,U00416,SESS_U00416_11_1,2026-06-12 16:44:17,SU00416_11_SESS_U00416_11_1_0,P0017,8
CU00425_11_SESS_U00425_11_0_0,U00425,SESS_U00425_11_0,2026-06-12 10:00:04,SU00425_11_SESS_U00425_11_0_0,P0157,5
CU00430_11_SESS_U00430_11_0_0,U00430,SESS_U00430_11_0,2026-06-12 19:02:24,SU00430_11_SESS_U00430_11_0_0,P0426,2
CU00430_11_SESS_U00430_11_0_1,U00430,SESS_U00430_11_0,2026-06-12 07:04:21,SU00430_11_SESS_U00430_11_0_1,P0310,1
CU00432_11_SESS_U00432_11_0_0,U00432,SESS_U00432_11_0,2026-06-12 14:40:12,SU00432_11_SESS_U00432_11_0_0,P0481,5
CU00434_11_SESS_U00434_11_0_0,U00434,SESS_U00434_11_0,2026-06-12 20:19:13,SU00434_11_SESS_U00434_11_0_0,P0002,1
CU00436_11_SESS_U00436_11_0_1,U00436,SESS_U00436_11_0,2026-06-12 17:52:10,SU00436_11_SESS_U00436_11_0_1,P0115,1
CU00442_11_SESS_U00442_11_0_0,U00442,SESS_U00442_11_0,2026-06-12 07:59:25,SU00442_11_SESS_U00442_11_0_0,P0089,7
CU00445_11_SESS_U00445_11_0_0,U00445,SESS_U00445_11_0,2026-06-12 16:42:09,SU00445_11_SESS_U00445_11_0_0,P0566,1
CU00449_11_SESS_U00449_11_0_0,U00449,SESS_U00449_11_0,2026-06-12 20:09:17,SU00449_11_SESS_U00449_11_0_0,P0280,5
CU00458_11_SESS_U00458_11_0_0,U00458,SESS_U00458_11_0,2026-06-12 17:13:05,SU00458_11_SESS_U00458_11_0_0,P0075,1
CU00462_11_SESS_U00462_11_0_0,U00462,SESS_U00462_11_0,2026-06-12 13:56:17,SU00462_11_SESS_U00462_11_0_0,P0118,1
CU00466_11_SESS_U00466_11_0_1,U00466,SESS_U00466_11_0,2026-06-12 09:14:22,SU00466_11_SESS_U00466_11_0_1,P0342,2
CU00467_11_SESS_U00467_11_0_0,U00467,SESS_U00467_11_0,2026-06-12 21:16:12,SU00467_11_SESS_U00467_11_0_0,P0002,1
CU00469_11_SESS_U00469_11_0_1,U00469,SESS_U00469_11_0,2026-06-12 19:56:15,SU00469_11_SESS_U00469_11_0_1,P0427,1
CU00469_11_SESS_U00469_11_0_2,U00469,SESS_U00469_11_0,2026-06-12 19:28:19,SU00469_11_SESS_U00469_11_0_2,P0566,1
CU00478_11_SESS_U00478_11_0_0,U00478,SESS_U00478_11_0,2026-06-12 13:56:11,SU00478_11_SESS_U00478_11_0_0,P0013,1
CU00480_11_SESS_U00480_11_0_0,U00480,SESS_U00480_11_0,2026-06-12 20:34:14,SU00480_11_SESS_U00480_11_0_0,P0016,1
CU00486_11_SESS_U00486_11_0_0,U00486,SESS_U00486_11_0,2026-06-12 07:25:15,SU00486_11_SESS_U00486_11_0_0,P0009,1
CU00491_11_SESS_U00491_11_0_0,U00491,SESS_U00491_11_0,2026-06-12 21:07:23,SU00491_11_SESS_U00491_11_0_0,P0116,1
CU00491_11_SESS_U00491_11_0_1,U00491,SESS_U00491_11_0,2026-06-12 16:12:15,SU00491_11_SESS_U00491_11_0_1,P0202,1
CU00499_11_SESS_U00499_11_0_1,U00499,SESS_U00499_11_0,2026-06-12 13:45:12,SU00499_11_SESS_U00499_11_0_1,P0566,1
CU00502_11_SESS_U00502_11_0_0,U00502,SESS_U00502_11_0,2026-06-12 10:45:13,SU00502_11_SESS_U00502_11_0_0,P0112,1
CU00515_11_SESS_U00515_11_0_1,U00515,SESS_U00515_11_0,2026-06-12 20:45:12,SU00515_11_SESS_U00515_11_0_1,P0115,2
CU00522_11_SESS_U00522_11_0_2,U00522,SESS_U00522_11_0,2026-06-12 14:15:09,SU00522_11_SESS_U00522_11_0_2,P0125,1
CU00532_11_SESS_U00532_11_0_0,U00532,SESS_U00532_11_0,2026-06-12 15:41:23,SU00532_11_SESS_U00532_11_0_0,P0245,1
CU00537_11_SESS_U00537_11_0_0,U00537,SESS_U00537_11_0,2026-06-12 22:12:06,SU00537_11_SESS_U00537_11_0_0,P0092,1
CU00538_11_SESS_U00538_11_0_0,U00538,SESS_U00538_11_0,2026-06-12 22:59:16,SU00538_11_SESS_U00538_11_0_0,P0041,1
CU00539_11_SESS_U00539_11_0_0,U00539,SESS_U00539_11_0,2026-06-12 15:28:05,SU00539_11_SESS_U00539_11_0_0,P0030,1
CU00547_11_SESS_U00547_11_0_0,U00547,SESS_U00547_11_0,2026-06-12 12:00:05,SU00547_11_SESS_U00547_11_0_0,P0369,7
CU00547_11_SESS_U00547_11_0_1,U00547,SESS_U00547_11_0,2026-06-12 11:48:12,SU00547_11_SESS_U00547_11_0_1,P0154,6
CU00547_11_SESS_U00547_11_1_0,U00547,SESS_U00547_11_1,2026-06-12 09:12:16,SU00547_11_SESS_U00547_11_1_0,P0107,1
CU00550_11_SESS_U00550_11_0_0,U00550,SESS_U00550_11_0,2026-06-12 07:26:15,SU00550_11_SESS_U00550_11_0_0,P0234,1
CU00555_11_SESS_U00555_11_0_0,U00555,SESS_U00555_11_0,2026-06-12 17:01:19,SU00555_11_SESS_U00555_11_0_0,P0381,1
CU00555_11_SESS_U00555_11_0_1,U00555,SESS_U00555_11_0,2026-06-12 20:01:07,SU00555_11_SESS_U00555_11_0_1,P0452,5
CU00560_11_SESS_U00560_11_0_0,U00560,SESS_U00560_11_0,2026-06-12 22:18:11,SU00560_11_SESS_U00560_11_0_0,P0263,1
CU00562_11_SESS_U00562_11_0_0,U00562,SESS_U00562_11_0,2026-06-12 21:10:07,SU00562_11_SESS_U00562_11_0_0,P0254,5
CU00563_11_SESS_U00563_11_0_1,U00563,SESS_U00563_11_0,2026-06-12 15:58:16,SU00563_11_SESS_U00563_11_0_1,P0427,1
CU00569_11_SESS_U00569_11_0_1,U00569,SESS_U00569_11_0,2026-06-12 19:38:15,SU00569_11_SESS_U00569_11_0_1,P0487,1
CU00572_11_SESS_U00572_11_0_0,U00572,SESS_U00572_11_0,2026-06-12 22:12:25,SU00572_11_SESS_U00572_11_0_0,P0014,8
CU00572_11_SESS_U00572_11_0_1,U00572,SESS_U00572_11_0,2026-06-12 09:05:19,SU00572_11_SESS_U00572_11_0_1,P0002,1
CU00574_11_SESS_U00574_11_0_0,U00574,SESS_U00574_11_0,2026-06-12 18:51:15,SU00574_11_SESS_U00574_11_0_0,P0015,1
CU00578_11_SESS_U00578_11_0_0,U00578,SESS_U00578_11_0,2026-06-12 08:21:20,SU00578_11_SESS_U00578_11_0_0,P0482,7
CU00594_11_SESS_U00594_11_0_0,U00594,SESS_U00594_11_0,2026-06-12 15:52:20,SU00594_11_SESS_U00594_11_0_0,P0450,6
CU00594_11_SESS_U00594_11_1_1,U00594,SESS_U00594_11_1,2026-06-12 18:12:24,SU00594_11_SESS_U00594_11_1_1,P0263,1
CU00597_11_SESS_U00597_11_0_0,U00597,SESS_U00597_11_0,2026-06-12 10:58:20,SU00597_11_SESS_U00597_11_0_0,P0055,1
CU00600_11_SESS_U00600_11_0_0,U00600,SESS_U00600_11_0,2026-06-12 14:20:07,SU00600_11_SESS_U00600_11_0_0,P0167,5
CU00602_11_SESS_U00602_11_0_0,U00602,SESS_U00602_11_0,2026-06-12 08:28:25,SU00602_11_SESS_U00602_11_0_0,P0119,1
CU00604_11_SESS_U00604_11_0_0,U00604,SESS_U00604_11_0,2026-06-12 21:05:15,SU00604_11_SESS_U00604_11_0_0,P0186,1
CU00611_11_SESS_U00611_11_0_0,U00611,SESS_U00611_11_0,2026-06-12 09:31:13,SU00611_11_SESS_U00611_11_0_0,P0279,6
CU00611_11_SESS_U00611_11_1_1,U00611,SESS_U00611_11_1,2026-06-12 08:24:21,SU00611_11_SESS_U00611_11_1_1,P0043,1
CU00614_11_SESS_U00614_11_0_0,U00614,SESS_U00614_11_0,2026-06-12 11:06:13,SU00614_11_SESS_U00614_11_0_0,P0078,1
CU00618_11_SESS_U00618_11_1_0,U00618,SESS_U00618_11_1,2026-06-12 17:31:25,SU00618_11_SESS_U00618_11_1_0,P0381,1
CU00639_11_SESS_U00639_11_0_0,U00639,SESS_U00639_11_0,2026-06-12 10:35:15,SU00639_11_SESS_U00639_11_0_0,P0012,1
CU00649_11_SESS_U00649_11_0_0,U00649,SESS_U00649_11_0,2026-06-12 16:02:04,SU00649_11_SESS_U00649_11_0_0,P0051,6
CU00649_11_SESS_U00649_11_0_1,U00649,SESS_U00649_11_0,2026-06-12 10:15:21,SU00649_11_SESS_U00649_11_0_1,P0038,1
CU00655_11_SESS_U00655_11_0_0,U00655,SESS_U00655_11_0,2026-06-12 19:10:05,SU00655_11_SESS_U00655_11_0_0,P0060,7
CU00662_11_SESS_U00662_11_0_0,U00662,SESS_U00662_11_0,2026-06-12 16:32:04,SU00662_11_SESS_U00662_11_0_0,P0021,1
CU00665_11_SESS_U00665_11_0_1,U00665,SESS_U00665_11_0,2026-06-12 19:37:25,SU00665_11_SESS_U00665_11_0_1,P0138,8
CU00670_11_SESS_U00670_11_0_0,U00670,SESS_U00670_11_0,2026-06-12 19:17:10,SU00670_11_SESS_U00670_11_0_0,P0411,1
CU00681_11_SESS_U00681_11_0_0,U00681,SESS_U00681_11_0,2026-06-12 14:37:20,SU00681_11_SESS_U00681_11_0_0,P0002,1
CU00681_11_SESS_U00681_11_0_1,U00681,SESS_U00681_11_0,2026-06-12 08:57:20,SU00681_11_SESS_U00681_11_0_1,P0002,1
CU00684_11_SESS_U00684_11_0_0,U00684,SESS_U00684_11_0,2026-06-12 13:45:20,SU00684_11_SESS_U00684_11_0_0,P0006,4
CU00688_11_SESS_U00688_11_0_0,U00688,SESS_U00688_11_0,2026-06-12 10:04:10,SU00688_11_SESS_U00688_11_0_0,P0112,1
CU00689_11_SESS_U00689_11_0_0,U00689,SESS_U00689_11_0,2026-06-12 12:09:13,SU00689_11_SESS_U00689_11_0_0,P0452,5
CU00691_11_SESS_U00691_11_0_0,U00691,SESS_U00691_11_0,2026-06-12 15:24:18,SU00691_11_SESS_U00691_11_0_0,P0014,1
CU00695_11_SESS_U00695_11_0_1,U00695,SESS_U00695_11_0,2026-06-12 12:23:11,SU00695_11_SESS_U00695_11_0_1,P0003,1
CU00696_11_SESS_U00696_11_0_0,U00696,SESS_U00696_11_0,2026-06-12 11:01:09,SU00696_11_SESS_U00696_11_0_0,P0015,1
CU00699_11_SESS_U00699_11_0_0,U00699,SESS_U00699_11_0,2026-06-12 07:46:16,SU00699_11_SESS_U00699_11_0_0,P0114,1
CU00705_11_SESS_U00705_11_0_0,U00705,SESS_U00705_11_0,2026-06-12 18:35:11,SU00705_11_SESS_U00705_11_0_0,P0427,1
CU00707_11_SESS_U00707_11_0_0,U00707,SESS_U00707_11_0,2026-06-12 09:35:16,SU00707_11_SESS_U00707_11_0_0,P0197,6
CU00715_11_SESS_U00715_11_1_0,U00715,SESS_U00715_11_1,2026-06-12 22:48:23,SU00715_11_SESS_U00715_11_1_0,P0002,1
CU00717_11_SESS_U00717_11_0_0,U00717,SESS_U00717_11_0,2026-06-12 09:23:04,SU00717_11_SESS_U00717_11_0_0,P0012,6
CU00720_11_SESS_U00720_11_1_1,U00720,SESS_U00720_11_1,2026-06-12 16:43:17,SU00720_11_SESS_U00720_11_1_1,P0080,6
CU00722_11_SESS_U00722_11_0_0,U00722,SESS_U00722_11_0,2026-06-12 13:50:23,SU00722_11_SESS_U00722_11_0_0,P0030,1
CU00722_11_SESS_U00722_11_0_1,U00722,SESS_U00722_11_0,2026-06-12 12:34:23,SU00722_11_SESS_U00722_11_0_1,P0009,1
CU00726_11_SESS_U00726_11_0_0,U00726,SESS_U00726_11_0,2026-06-12 17:27:25,SU00726_11_SESS_U00726_11_0_0,P0136,1
CU00738_11_SESS_U00738_11_0_0,U00738,SESS_U00738_11_0,2026-06-12 08:47:07,SU00738_11_SESS_U00738_11_0_0,P0062,1
CU00741_11_SESS_U00741_11_0_0,U00741,SESS_U00741_11_0,2026-06-12 12:51:20,SU00741_11_SESS_U00741_11_0_0,P0002,1
CU00743_11_SESS_U00743_11_0_0,U00743,SESS_U00743_11_0,2026-06-12 13:11:15,SU00743_11_SESS_U00743_11_0_0,P0205,2
CU00746_11_SESS_U00746_11_1_0,U00746,SESS_U00746_11_1,2026-06-12 15:10:19,SU00746_11_SESS_U00746_11_1_0,P0041,1
CU00746_11_SESS_U00746_11_1_1,U00746,SESS_U00746_11_1,2026-06-12 11:20:03,SU00746_11_SESS_U00746_11_1_1,P0127,8
CU00747_11_SESS_U00747_11_0_0,U00747,SESS_U00747_11_0,2026-06-12 13:42:03,SU00747_11_SESS_U00747_11_0_0,P0025,5
CU00750_11_SESS_U00750_11_0_0,U00750,SESS_U00750_11_0,2026-06-12 07:34:12,SU00750_11_SESS_U00750_11_0_0,P0020,1
CU00756_11_SESS_U00756_11_0_0,U00756,SESS_U00756_11_0,2026-06-12 12:50:10,SU00756_11_SESS_U00756_11_0_0,P0004,3
CU00762_11_SESS_U00762_11_0_0,U00762,SESS_U00762_11_0,2026-06-12 21:30:05,SU00762_11_SESS_U00762_11_0_0,P0506,6
CU00765_11_SESS_U00765_11_0_0,U00765,SESS_U00765_11_0,2026-06-12 09:48:03,SU00765_11_SESS_U00765_11_0_0,P0078,1
CU00771_11_SESS_U00771_11_0_0,U00771,SESS_U00771_11_0,2026-06-12 09:03:15,SU00771_11_SESS_U00771_11_0_0,P0025,1
CU00773_11_SESS_U00773_11_0_0,U00773,SESS_U00773_11_0,2026-06-12 13:07:16,SU00773_11_SESS_U00773_11_0_0,P0025,1
CU00775_11_SESS_U00775_11_0_0,U00775,SESS_U00775_11_0,2026-06-12 21:36:04,SU00775_11_SESS_U00775_11_0_0,P0355,1
CU00777_11_SESS_U00777_11_0_0,U00777,SESS_U00777_11_0,2026-06-12 16:44:17,SU00777_11_SESS_U00777_11_0_0,P0024,1
CU00780_11_SESS_U00780_11_0_0,U00780,SESS_U00780_11_0,2026-06-12 11:45:10,SU00780_11_SESS_U00780_11_0_0,P0133,3
CU00782_11_SESS_U00782_11_0_0,U00782,SESS_U00782_11_0,2026-06-12 16:25:15,SU00782_11_SESS_U00782_11_0_0,P0011,1
CU00782_11_SESS_U00782_11_0_1,U00782,SESS_U00782_11_0,2026-06-12 21:18:14,SU00782_11_SESS_U00782_11_0_1,P0112,1
CU00782_11_SESS_U00782_11_0_2,U00782,SESS_U00782_11_0,2026-06-12 13:51:21,SU00782_11_SESS_U00782_11_0_2,P0112,8
CU00782_11_SESS_U00782_11_1_0,U00782,SESS_U00782_11_1,2026-06-12 15:35:15,SU00782_11_SESS_U00782_11_1_0,P0025,1
CU00783_11_SESS_U00783_11_0_1,U00783,SESS_U00783_11_0,2026-06-12 16:43:13,SU00783_11_SESS_U00783_11_0_1,P0079,1
CU00793_11_SESS_U00793_11_0_0,U00793,SESS_U00793_11_0,2026-06-12 08:44:25,SU00793_11_SESS_U00793_11_0_0,P0018,1
CU00797_11_SESS_U00797_11_0_0,U00797,SESS_U00797_11_0,2026-06-12 11:24:11,SU00797_11_SESS_U00797_11_0_0,P0304,5
CU00013_12_SESS_U00013_12_0_0,U00013,SESS_U00013_12_0,2026-06-13 14:33:19,SU00013_12_SESS_U00013_12_0_0,P0400,1
CU00016_12_SESS_U00016_12_1_0,U00016,SESS_U00016_12_1,2026-06-13 22:25:07,SU00016_12_SESS_U00016_12_1_0,P0127,1
CU00021_12_SESS_U00021_12_0_0,U00021,SESS_U00021_12_0,2026-06-13 08:01:22,SU00021_12_SESS_U00021_12_0_0,P0012,6
CU00022_12_SESS_U00022_12_0_0,U00022,SESS_U00022_12_0,2026-06-13 17:31:17,SU00022_12_SESS_U00022_12_0_0,P0154,8
CU00026_12_SESS_U00026_12_0_0,U00026,SESS_U00026_12_0,2026-06-13 17:57:04,SU00026_12_SESS_U00026_12_0_0,P0011,1
CU00033_12_SESS_U00033_12_0_0,U00033,SESS_U00033_12_0,2026-06-13 19:12:04,SU00033_12_SESS_U00033_12_0_0,P0003,2
CU00041_12_SESS_U00041_12_0_0,U00041,SESS_U00041_12_0,2026-06-13 16:41:21,SU00041_12_SESS_U00041_12_0_0,P0225,1
CU00041_12_SESS_U00041_12_0_1,U00041,SESS_U00041_12_0,2026-06-13 13:52:15,SU00041_12_SESS_U00041_12_0_1,P0203,7
CU00041_12_SESS_U00041_12_1_0,U00041,SESS_U00041_12_1,2026-06-13 18:35:16,SU00041_12_SESS_U00041_12_1_0,P0280,7
CU00045_12_SESS_U00045_12_0_0,U00045,SESS_U00045_12_0,2026-06-13 17:46:09,SU00045_12_SESS_U00045_12_0_0,P0416,1
CU00051_12_SESS_U00051_12_0_0,U00051,SESS_U00051_12_0,2026-06-13 14:55:15,SU00051_12_SESS_U00051_12_0_0,P0566,1
CU00093_12_SESS_U00093_12_0_0,U00093,SESS_U00093_12_0,2026-06-13 12:00:14,SU00093_12_SESS_U00093_12_0_0,P0054,2
CU00096_12_SESS_U00096_12_0_1,U00096,SESS_U00096_12_0,2026-06-13 11:58:04,SU00096_12_SESS_U00096_12_0_1,P0092,1
CU00096_12_SESS_U00096_12_0_2,U00096,SESS_U00096_12_0,2026-06-13 21:01:14,SU00096_12_SESS_U00096_12_0_2,P0002,1
CU00098_12_SESS_U00098_12_1_0,U00098,SESS_U00098_12_1,2026-06-13 10:23:11,SU00098_12_SESS_U00098_12_1_0,P0245,1
CU00102_12_SESS_U00102_12_0_0,U00102,SESS_U00102_12_0,2026-06-13 15:39:18,SU00102_12_SESS_U00102_12_0_0,P0157,1
CU00102_12_SESS_U00102_12_1_0,U00102,SESS_U00102_12_1,2026-06-13 11:22:10,SU00102_12_SESS_U00102_12_1_0,P0232,1
CU00103_12_SESS_U00103_12_0_1,U00103,SESS_U00103_12_0,2026-06-13 22:54:09,SU00103_12_SESS_U00103_12_0_1,P0342,8
CU00103_12_SESS_U00103_12_0_2,U00103,SESS_U00103_12_0,2026-06-13 21:10:16,SU00103_12_SESS_U00103_12_0_2,P0254,7
CU00108_12_SESS_U00108_12_0_0,U00108,SESS_U00108_12_0,2026-06-13 08:10:21,SU00108_12_SESS_U00108_12_0_0,P0111,1
CU00108_12_SESS_U00108_12_0_1,U00108,SESS_U00108_12_0,2026-06-13 19:36:11,SU00108_12_SESS_U00108_12_0_1,P0055,2
CU00112_12_SESS_U00112_12_0_0,U00112,SESS_U00112_12_0,2026-06-13 18:19:04,SU00112_12_SESS_U00112_12_0_0,P0012,6
CU00121_12_SESS_U00121_12_0_0,U00121,SESS_U00121_12_0,2026-06-13 22:51:06,SU00121_12_SESS_U00121_12_0_0,P0566,1
CU00122_12_SESS_U00122_12_0_1,U00122,SESS_U00122_12_0,2026-06-13 07:47:12,SU00122_12_SESS_U00122_12_0_1,P0038,5
CU00136_12_SESS_U00136_12_0_0,U00136,SESS_U00136_12_0,2026-06-13 14:44:08,SU00136_12_SESS_U00136_12_0_0,P0023,1
CU00138_12_SESS_U00138_12_0_0,U00138,SESS_U00138_12_0,2026-06-13 14:34:16,SU00138_12_SESS_U00138_12_0_0,P0016,1
CU00141_12_SESS_U00141_12_0_1,U00141,SESS_U00141_12_0,2026-06-13 07:53:16,SU00141_12_SESS_U00141_12_0_1,P0016,2
CU00151_12_SESS_U00151_12_0_0,U00151,SESS_U00151_12_0,2026-06-13 09:21:23,SU00151_12_SESS_U00151_12_0_0,P0028,1
CU00152_12_SESS_U00152_12_0_0,U00152,SESS_U00152_12_0,2026-06-13 15:58:16,SU00152_12_SESS_U00152_12_0_0,P0002,1
CU00156_12_SESS_U00156_12_0_0,U00156,SESS_U00156_12_0,2026-06-13 15:16:25,SU00156_12_SESS_U00156_12_0_0,P0174,1
CU00169_12_SESS_U00169_12_0_0,U00169,SESS_U00169_12_0,2026-06-13 17:48:12,SU00169_12_SESS_U00169_12_0_0,P0107,1
CU00179_12_SESS_U00179_12_0_0,U00179,SESS_U00179_12_0,2026-06-13 17:27:22,SU00179_12_SESS_U00179_12_0_0,P0081,1
CU00180_12_SESS_U00180_12_0_2,U00180,SESS_U00180_12_0,2026-06-13 07:18:10,SU00180_12_SESS_U00180_12_0_2,P0015,1
CU00183_12_SESS_U00183_12_0_1,U00183,SESS_U00183_12_0,2026-06-13 17:28:13,SU00183_12_SESS_U00183_12_0_1,P0044,2
CU00183_12_SESS_U00183_12_0_2,U00183,SESS_U00183_12_0,2026-06-13 13:52:24,SU00183_12_SESS_U00183_12_0_2,P0400,2
CU00184_12_SESS_U00184_12_0_0,U00184,SESS_U00184_12_0,2026-06-13 20:33:03,SU00184_12_SESS_U00184_12_0_0,P0018,1
CU00185_12_SESS_U00185_12_0_1,U00185,SESS_U00185_12_0,2026-06-13 07:04:21,SU00185_12_SESS_U00185_12_0_1,P0002,1
CU00186_12_SESS_U00186_12_0_0,U00186,SESS_U00186_12_0,2026-06-13 17:20:13,SU00186_12_SESS_U00186_12_0_0,P0146,7
CU00200_12_SESS_U00200_12_0_0,U00200,SESS_U00200_12_0,2026-06-13 22:26:12,SU00200_12_SESS_U00200_12_0_0,P0390,1
CU00202_12_SESS_U00202_12_0_0,U00202,SESS_U00202_12_0,2026-06-13 16:32:09,SU00202_12_SESS_U00202_12_0_0,P0029,1
CU00215_12_SESS_U00215_12_0_1,U00215,SESS_U00215_12_0,2026-06-13 13:38:15,SU00215_12_SESS_U00215_12_0_1,P0006,4
CU00222_12_SESS_U00222_12_1_0,U00222,SESS_U00222_12_1,2026-06-13 17:37:16,SU00222_12_SESS_U00222_12_1_0,P0017,1
CU00227_12_SESS_U00227_12_0_0,U00227,SESS_U00227_12_0,2026-06-13 09:38:13,SU00227_12_SESS_U00227_12_0_0,P0002,1
CU00234_12_SESS_U00234_12_0_0,U00234,SESS_U00234_12_0,2026-06-13 16:27:06,SU00234_12_SESS_U00234_12_0_0,P0186,1
CU00234_12_SESS_U00234_12_0_1,U00234,SESS_U00234_12_0,2026-06-13 13:53:06,SU00234_12_SESS_U00234_12_0_1,P0433,1
CU00236_12_SESS_U00236_12_1_0,U00236,SESS_U00236_12_1,2026-06-13 08:41:19,SU00236_12_SESS_U00236_12_1_0,P0027,1
CU00242_12_SESS_U00242_12_0_0,U00242,SESS_U00242_12_0,2026-06-13 22:41:25,SU00242_12_SESS_U00242_12_0_0,P0110,6
CU00245_12_SESS_U00245_12_0_0,U00245,SESS_U00245_12_0,2026-06-13 11:53:18,SU00245_12_SESS_U00245_12_0_0,P0003,1
CU00245_12_SESS_U00245_12_1_0,U00245,SESS_U00245_12_1,2026-06-13 08:21:14,SU00245_12_SESS_U00245_12_1_0,P0119,4
CU00245_12_SESS_U00245_12_1_1,U00245,SESS_U00245_12_1,2026-06-13 20:49:06,SU00245_12_SESS_U00245_12_1_1,P0013,1
CU00245_12_SESS_U00245_12_1_2,U00245,SESS_U00245_12_1,2026-06-13 14:29:14,SU00245_12_SESS_U00245_12_1_2,P0023,1
CU00246_12_SESS_U00246_12_0_0,U00246,SESS_U00246_12_0,2026-06-13 10:14:05,SU00246_12_SESS_U00246_12_0_0,P0210,1
CU00249_12_SESS_U00249_12_1_0,U00249,SESS_U00249_12_1,2026-06-13 14:59:24,SU00249_12_SESS_U00249_12_1_0,P0005,4
CU00270_12_SESS_U00270_12_1_0,U00270,SESS_U00270_12_1,2026-06-13 21:41:05,SU00270_12_SESS_U00270_12_1_0,P0028,1
CU00279_12_SESS_U00279_12_0_0,U00279,SESS_U00279_12_0,2026-06-13 16:13:22,SU00279_12_SESS_U00279_12_0_0,P0016,1
CU00279_12_SESS_U00279_12_0_1,U00279,SESS_U00279_12_0,2026-06-13 22:59:11,SU00279_12_SESS_U00279_12_0_1,P0061,4
CU00282_12_SESS_U00282_12_0_1,U00282,SESS_U00282_12_0,2026-06-13 14:09:20,SU00282_12_SESS_U00282_12_0_1,P0566,1
CU00287_12_SESS_U00287_12_0_0,U00287,SESS_U00287_12_0,2026-06-13 13:07:03,SU00287_12_SESS_U00287_12_0_0,P0381,1
CU00291_12_SESS_U00291_12_0_1,U00291,SESS_U00291_12_0,2026-06-13 15:57:05,SU00291_12_SESS_U00291_12_0_1,P0186,1
CU00296_12_SESS_U00296_12_0_0,U00296,SESS_U00296_12_0,2026-06-13 19:32:22,SU00296_12_SESS_U00296_12_0_0,P0050,1
CU00297_12_SESS_U00297_12_0_2,U00297,SESS_U00297_12_0,2026-06-13 10:28:10,SU00297_12_SESS_U00297_12_0_2,P0031,1
CU00305_12_SESS_U00305_12_0_0,U00305,SESS_U00305_12_0,2026-06-13 15:03:23,SU00305_12_SESS_U00305_12_0_0,P0080,3
CU00306_12_SESS_U00306_12_0_0,U00306,SESS_U00306_12_0,2026-06-13 16:30:23,SU00306_12_SESS_U00306_12_0_0,P0467,1
CU00308_12_SESS_U00308_12_0_0,U00308,SESS_U00308_12_0,2026-06-13 12:09:22,SU00308_12_SESS_U00308_12_0_0,P0285,1
CU00310_12_SESS_U00310_12_0_0,U00310,SESS_U00310_12_0,2026-06-13 08:13:20,SU00310_12_SESS_U00310_12_0_0,P0086,1
CU00313_12_SESS_U00313_12_0_0,U00313,SESS_U00313_12_0,2026-06-13 10:24:21,SU00313_12_SESS_U00313_12_0_0,P0146,5
CU00323_12_SESS_U00323_12_0_0,U00323,SESS_U00323_12_0,2026-06-13 18:34:07,SU00323_12_SESS_U00323_12_0_0,P0304,1
CU00330_12_SESS_U00330_12_0_0,U00330,SESS_U00330_12_0,2026-06-13 08:46:07,SU00330_12_SESS_U00330_12_0_0,P0084,1
CU00332_12_SESS_U00332_12_0_0,U00332,SESS_U00332_12_0,2026-06-13 19:28:25,SU00332_12_SESS_U00332_12_0_0,P0285,6
CU00341_12_SESS_U00341_12_0_0,U00341,SESS_U00341_12_0,2026-06-13 09:07:03,SU00341_12_SESS_U00341_12_0_0,P0421,1
CU00343_12_SESS_U00343_12_0_0,U00343,SESS_U00343_12_0,2026-06-13 08:13:19,SU00343_12_SESS_U00343_12_0_0,P0012,6
CU00358_12_SESS_U00358_12_0_0,U00358,SESS_U00358_12_0,2026-06-13 17:55:20,SU00358_12_SESS_U00358_12_0_0,P0072,1
CU00364_12_SESS_U00364_12_0_0,U00364,SESS_U00364_12_0,2026-06-13 16:02:09,SU00364_12_SESS_U00364_12_0_0,P0003,2
CU00367_12_SESS_U00367_12_0_0,U00367,SESS_U00367_12_0,2026-06-13 21:08:06,SU00367_12_SESS_U00367_12_0_0,P0234,1
CU00371_12_SESS_U00371_12_0_0,U00371,SESS_U00371_12_0,2026-06-13 22:18:14,SU00371_12_SESS_U00371_12_0_0,P0254,5
CU00371_12_SESS_U00371_12_0_1,U00371,SESS_U00371_12_0,2026-06-13 07:21:25,SU00371_12_SESS_U00371_12_0_1,P0390,7
CU00371_12_SESS_U00371_12_0_2,U00371,SESS_U00371_12_0,2026-06-13 19:46:09,SU00371_12_SESS_U00371_12_0_2,P0125,1
CU00372_12_SESS_U00372_12_0_0,U00372,SESS_U00372_12_0,2026-06-13 12:30:22,SU00372_12_SESS_U00372_12_0_0,P0044,1
CU00378_12_SESS_U00378_12_0_2,U00378,SESS_U00378_12_0,2026-06-13 16:32:04,SU00378_12_SESS_U00378_12_0_2,P0018,2
CU00379_12_SESS_U00379_12_0_0,U00379,SESS_U00379_12_0,2026-06-13 14:53:22,SU00379_12_SESS_U00379_12_0_0,P0001,1
CU00379_12_SESS_U00379_12_0_1,U00379,SESS_U00379_12_0,2026-06-13 16:25:05,SU00379_12_SESS_U00379_12_0_1,P0181,1
CU00388_12_SESS_U00388_12_0_0,U00388,SESS_U00388_12_0,2026-06-13 13:25:11,SU00388_12_SESS_U00388_12_0_0,P0044,1
CU00388_12_SESS_U00388_12_1_0,U00388,SESS_U00388_12_1,2026-06-13 19:34:16,SU00388_12_SESS_U00388_12_1_0,P0220,7
CU00409_12_SESS_U00409_12_0_0,U00409,SESS_U00409_12_0,2026-06-13 17:01:24,SU00409_12_SESS_U00409_12_0_0,P0210,1
CU00416_12_SESS_U00416_12_0_0,U00416,SESS_U00416_12_0,2026-06-13 16:27:12,SU00416_12_SESS_U00416_12_0_0,P0017,8
CU00419_12_SESS_U00419_12_0_0,U00419,SESS_U00419_12_0,2026-06-13 10:13:25,SU00419_12_SESS_U00419_12_0_0,P0054,2
CU00431_12_SESS_U00431_12_0_1,U00431,SESS_U00431_12_0,2026-06-13 21:17:04,SU00431_12_SESS_U00431_12_0_1,P0107,1
CU00432_12_SESS_U00432_12_0_0,U00432,SESS_U00432_12_0,2026-06-13 19:42:22,SU00432_12_SESS_U00432_12_0_0,P0225,1
CU00436_12_SESS_U00436_12_0_0,U00436,SESS_U00436_12_0,2026-06-13 21:34:24,SU00436_12_SESS_U00436_12_0_0,P0003,1
CU00436_12_SESS_U00436_12_0_1,U00436,SESS_U00436_12_0,2026-06-13 10:20:07,SU00436_12_SESS_U00436_12_0_1,P0005,5
CU00437_12_SESS_U00437_12_0_1,U00437,SESS_U00437_12_0,2026-06-13 09:58:09,SU00437_12_SESS_U00437_12_0_1,P0157,5
CU00454_12_SESS_U00454_12_0_0,U00454,SESS_U00454_12_0,2026-06-13 11:54:17,SU00454_12_SESS_U00454_12_0_0,P0122,5
CU00460_12_SESS_U00460_12_0_0,U00460,SESS_U00460_12_0,2026-06-13 11:34:18,SU00460_12_SESS_U00460_12_0_0,P0030,1
CU00472_12_SESS_U00472_12_0_0,U00472,SESS_U00472_12_0,2026-06-13 12:32:03,SU00472_12_SESS_U00472_12_0_0,P0002,1
CU00490_12_SESS_U00490_12_0_0,U00490,SESS_U00490_12_0,2026-06-13 15:30:03,SU00490_12_SESS_U00490_12_0_0,P0014,7
CU00491_12_SESS_U00491_12_0_0,U00491,SESS_U00491_12_0,2026-06-13 15:56:07,SU00491_12_SESS_U00491_12_0_0,P0079,1
CU00503_12_SESS_U00503_12_0_0,U00503,SESS_U00503_12_0,2026-06-13 17:25:06,SU00503_12_SESS_U00503_12_0_0,P0390,1
CU00510_12_SESS_U00510_12_0_0,U00510,SESS_U00510_12_0,2026-06-13 14:49:10,SU00510_12_SESS_U00510_12_0_0,P0056,7
CU00516_12_SESS_U00516_12_0_0,U00516,SESS_U00516_12_0,2026-06-13 15:54:25,SU00516_12_SESS_U00516_12_0_0,P0148,1
CU00520_12_SESS_U00520_12_0_0,U00520,SESS_U00520_12_0,2026-06-13 09:35:11,SU00520_12_SESS_U00520_12_0_0,P0132,1
CU00520_12_SESS_U00520_12_0_1,U00520,SESS_U00520_12_0,2026-06-13 18:22:19,SU00520_12_SESS_U00520_12_0_1,P0115,1
CU00542_12_SESS_U00542_12_1_0,U00542,SESS_U00542_12_1,2026-06-13 15:06:19,SU00542_12_SESS_U00542_12_1_0,P0121,1
CU00557_12_SESS_U00557_12_0_0,U00557,SESS_U00557_12_0,2026-06-13 13:31:08,SU00557_12_SESS_U00557_12_0_0,P0085,1
CU00563_12_SESS_U00563_12_0_0,U00563,SESS_U00563_12_0,2026-06-13 20:28:15,SU00563_12_SESS_U00563_12_0_0,P0016,1
CU00563_12_SESS_U00563_12_0_1,U00563,SESS_U00563_12_0,2026-06-13 17:46:08,SU00563_12_SESS_U00563_12_0_1,P0421,7
CU00575_12_SESS_U00575_12_0_0,U00575,SESS_U00575_12_0,2026-06-13 21:23:14,SU00575_12_SESS_U00575_12_0_0,P0134,1
CU00575_12_SESS_U00575_12_0_1,U00575,SESS_U00575_12_0,2026-06-13 16:37:08,SU00575_12_SESS_U00575_12_0_1,P0021,1
CU00578_12_SESS_U00578_12_0_0,U00578,SESS_U00578_12_0,2026-06-13 19:38:05,SU00578_12_SESS_U00578_12_0_0,P0029,1
CU00578_12_SESS_U00578_12_0_1,U00578,SESS_U00578_12_0,2026-06-13 10:35:22,SU00578_12_SESS_U00578_12_0_1,P0368,3
CU00591_12_SESS_U00591_12_0_0,U00591,SESS_U00591_12_0,2026-06-13 19:03:22,SU00591_12_SESS_U00591_12_0_0,P0072,2
CU00603_12_SESS_U00603_12_1_0,U00603,SESS_U00603_12_1,2026-06-13 08:29:15,SU00603_12_SESS_U00603_12_1_0,P0111,1
CU00603_12_SESS_U00603_12_1_1,U00603,SESS_U00603_12_1,2026-06-13 07:50:20,SU00603_12_SESS_U00603_12_1_1,P0051,5
CU00616_12_SESS_U00616_12_1_1,U00616,SESS_U00616_12_1,2026-06-13 19:02:11,SU00616_12_SESS_U00616_12_1_1,P0622,1
CU00617_12_SESS_U00617_12_1_0,U00617,SESS_U00617_12_1,2026-06-13 13:14:04,SU00617_12_SESS_U00617_12_1_0,P0001,1
CU00623_12_SESS_U00623_12_0_0,U00623,SESS_U00623_12_0,2026-06-13 17:55:17,SU00623_12_SESS_U00623_12_0_0,P0016,1
CU00627_12_SESS_U00627_12_0_0,U00627,SESS_U00627_12_0,2026-06-13 14:49:22,SU00627_12_SESS_U00627_12_0_0,P0007,6
CU00636_12_SESS_U00636_12_0_0,U00636,SESS_U00636_12_0,2026-06-13 15:47:19,SU00636_12_SESS_U00636_12_0_0,P0002,1
CU00640_12_SESS_U00640_12_1_0,U00640,SESS_U00640_12_1,2026-06-13 10:27:14,SU00640_12_SESS_U00640_12_1_0,P0065,2
CU00641_12_SESS_U00641_12_0_0,U00641,SESS_U00641_12_0,2026-06-13 12:06:13,SU00641_12_SESS_U00641_12_0_0,P0033,1
CU00642_12_SESS_U00642_12_0_0,U00642,SESS_U00642_12_0,2026-06-13 15:56:12,SU00642_12_SESS_U00642_12_0_0,P0332,6
CU00642_12_SESS_U00642_12_0_1,U00642,SESS_U00642_12_0,2026-06-13 08:11:10,SU00642_12_SESS_U00642_12_0_1,P0579,4
CU00650_12_SESS_U00650_12_0_0,U00650,SESS_U00650_12_0,2026-06-13 17:00:10,SU00650_12_SESS_U00650_12_0_0,P0131,3
CU00653_12_SESS_U00653_12_0_0,U00653,SESS_U00653_12_0,2026-06-13 16:52:10,SU00653_12_SESS_U00653_12_0_0,P0183,5
CU00659_12_SESS_U00659_12_0_1,U00659,SESS_U00659_12_0,2026-06-13 15:12:23,SU00659_12_SESS_U00659_12_0_1,P0050,2
CU00663_12_SESS_U00663_12_0_0,U00663,SESS_U00663_12_0,2026-06-13 13:42:12,SU00663_12_SESS_U00663_12_0_0,P0131,1
CU00664_12_SESS_U00664_12_0_0,U00664,SESS_U00664_12_0,2026-06-13 07:30:25,SU00664_12_SESS_U00664_12_0_0,P0083,6
CU00664_12_SESS_U00664_12_0_2,U00664,SESS_U00664_12_0,2026-06-13 19:53:18,SU00664_12_SESS_U00664_12_0_2,P0098,1
CU00671_12_SESS_U00671_12_0_0,U00671,SESS_U00671_12_0,2026-06-13 18:06:07,SU00671_12_SESS_U00671_12_0_0,P0174,1
CU00671_12_SESS_U00671_12_1_1,U00671,SESS_U00671_12_1,2026-06-13 18:46:20,SU00671_12_SESS_U00671_12_1_1,P0145,7
CU00676_12_SESS_U00676_12_0_0,U00676,SESS_U00676_12_0,2026-06-13 22:53:10,SU00676_12_SESS_U00676_12_0_0,P0421,1
CU00676_12_SESS_U00676_12_1_1,U00676,SESS_U00676_12_1,2026-06-13 09:52:19,SU00676_12_SESS_U00676_12_1_1,P0050,5
CU00677_12_SESS_U00677_12_0_0,U00677,SESS_U00677_12_0,2026-06-13 16:25:20,SU00677_12_SESS_U00677_12_0_0,P0006,1
CU00682_12_SESS_U00682_12_0_0,U00682,SESS_U00682_12_0,2026-06-13 14:56:09,SU00682_12_SESS_U00682_12_0_0,P0154,8
CU00682_12_SESS_U00682_12_0_1,U00682,SESS_U00682_12_0,2026-06-13 22:52:17,SU00682_12_SESS_U00682_12_0_1,P0398,6
CU00698_12_SESS_U00698_12_0_0,U00698,SESS_U00698_12_0,2026-06-13 15:44:13,SU00698_12_SESS_U00698_12_0_0,P0072,1
CU00706_12_SESS_U00706_12_0_0,U00706,SESS_U00706_12_0,2026-06-13 07:28:07,SU00706_12_SESS_U00706_12_0_0,P0243,1
CU00714_12_SESS_U00714_12_0_0,U00714,SESS_U00714_12_0,2026-06-13 17:11:21,SU00714_12_SESS_U00714_12_0_0,P0411,1
CU00720_12_SESS_U00720_12_0_0,U00720,SESS_U00720_12_0,2026-06-13 11:11:05,SU00720_12_SESS_U00720_12_0_0,P0421,5
CU00726_12_SESS_U00726_12_0_0,U00726,SESS_U00726_12_0,2026-06-13 19:33:18,SU00726_12_SESS_U00726_12_0_0,P0285,1
CU00726_12_SESS_U00726_12_0_1,U00726,SESS_U00726_12_0,2026-06-13 20:29:22,SU00726_12_SESS_U00726_12_0_1,P0611,5
CU00726_12_SESS_U00726_12_0_2,U00726,SESS_U00726_12_0,2026-06-13 20:12:14,SU00726_12_SESS_U00726_12_0_2,P0046,1
CU00739_12_SESS_U00739_12_0_0,U00739,SESS_U00739_12_0,2026-06-13 09:52:13,SU00739_12_SESS_U00739_12_0_0,P0186,1
CU00739_12_SESS_U00739_12_1_0,U00739,SESS_U00739_12_1,2026-06-13 13:11:13,SU00739_12_SESS_U00739_12_1_0,P0256,1
CU00745_12_SESS_U00745_12_0_0,U00745,SESS_U00745_12_0,2026-06-13 12:11:12,SU00745_12_SESS_U00745_12_0_0,P0437,5
CU00748_12_SESS_U00748_12_0_0,U00748,SESS_U00748_12_0,2026-06-13 16:51:24,SU00748_12_SESS_U00748_12_0_0,P0002,1
CU00759_12_SESS_U00759_12_0_0,U00759,SESS_U00759_12_0,2026-06-13 17:31:10,SU00759_12_SESS_U00759_12_0_0,P0254,4
CU00759_12_SESS_U00759_12_1_0,U00759,SESS_U00759_12_1,2026-06-13 17:13:13,SU00759_12_SESS_U00759_12_1_0,P0173,1
CU00760_12_SESS_U00760_12_0_0,U00760,SESS_U00760_12_0,2026-06-13 17:20:12,SU00760_12_SESS_U00760_12_0_0,P0263,5
CU00762_12_SESS_U00762_12_0_0,U00762,SESS_U00762_12_0,2026-06-13 08:44:08,SU00762_12_SESS_U00762_12_0_0,P0122,1
CU00768_12_SESS_U00768_12_0_0,U00768,SESS_U00768_12_0,2026-06-13 14:22:09,SU00768_12_SESS_U00768_12_0_0,P0012,6
CU00768_12_SESS_U00768_12_0_1,U00768,SESS_U00768_12_0,2026-06-13 21:55:05,SU00768_12_SESS_U00768_12_0_1,P0030,1
CU00774_12_SESS_U00774_12_0_1,U00774,SESS_U00774_12_0,2026-06-13 11:53:03,SU00774_12_SESS_U00774_12_0_1,P0227,3
CU00775_12_SESS_U00775_12_1_0,U00775,SESS_U00775_12_1,2026-06-13 19:29:05,SU00775_12_SESS_U00775_12_1_0,P0010,5
CU00775_12_SESS_U00775_12_1_1,U00775,SESS_U00775_12_1,2026-06-13 17:30:23,SU00775_12_SESS_U00775_12_1_1,P0119,1
CU00777_12_SESS_U00777_12_0_0,U00777,SESS_U00777_12_0,2026-06-13 21:55:21,SU00777_12_SESS_U00777_12_0_0,P0188,1
CU00786_12_SESS_U00786_12_0_0,U00786,SESS_U00786_12_0,2026-06-13 13:40:07,SU00786_12_SESS_U00786_12_0_0,P0107,1
CU00790_12_SESS_U00790_12_0_0,U00790,SESS_U00790_12_0,2026-06-13 17:26:12,SU00790_12_SESS_U00790_12_0_0,P0155,1
CU00002_13_SESS_U00002_13_0_0,U00002,SESS_U00002_13_0,2026-06-14 17:29:05,SU00002_13_SESS_U00002_13_0_0,P0002,1
CU00003_13_SESS_U00003_13_0_0,U00003,SESS_U00003_13_0,2026-06-14 17:37:04,SU00003_13_SESS_U00003_13_0_0,P0016,1
CU00039_13_SESS_U00039_13_1_0,U00039,SESS_U00039_13_1,2026-06-14 22:13:08,SU00039_13_SESS_U00039_13_1_0,P0053,2
CU00053_13_SESS_U00053_13_0_0,U00053,SESS_U00053_13_0,2026-06-14 09:35:16,SU00053_13_SESS_U00053_13_0_0,P0049,1
CU00056_13_SESS_U00056_13_0_0,U00056,SESS_U00056_13_0,2026-06-14 22:26:03,SU00056_13_SESS_U00056_13_0_0,P0016,1
CU00058_13_SESS_U00058_13_1_0,U00058,SESS_U00058_13_1,2026-06-14 18:20:10,SU00058_13_SESS_U00058_13_1_0,P0049,1
CU00062_13_SESS_U00062_13_0_0,U00062,SESS_U00062_13_0,2026-06-14 12:18:24,SU00062_13_SESS_U00062_13_0_0,P0012,1
CU00065_13_SESS_U00065_13_0_0,U00065,SESS_U00065_13_0,2026-06-14 21:11:08,SU00065_13_SESS_U00065_13_0_0,P0002,1
CU00066_13_SESS_U00066_13_0_0,U00066,SESS_U00066_13_0,2026-06-14 21:22:17,SU00066_13_SESS_U00066_13_0_0,P0263,1
CU00067_13_SESS_U00067_13_0_0,U00067,SESS_U00067_13_0,2026-06-14 18:58:12,SU00067_13_SESS_U00067_13_0_0,P0121,1
CU00068_13_SESS_U00068_13_0_0,U00068,SESS_U00068_13_0,2026-06-14 19:05:25,SU00068_13_SESS_U00068_13_0_0,P0411,1
CU00082_13_SESS_U00082_13_0_0,U00082,SESS_U00082_13_0,2026-06-14 19:55:10,SU00082_13_SESS_U00082_13_0_0,P0222,4
CU00082_13_SESS_U00082_13_0_2,U00082,SESS_U00082_13_0,2026-06-14 20:42:21,SU00082_13_SESS_U00082_13_0_2,P0014,7
CU00085_13_SESS_U00085_13_0_1,U00085,SESS_U00085_13_0,2026-06-14 11:00:11,SU00085_13_SESS_U00085_13_0_1,P0217,5
CU00093_13_SESS_U00093_13_0_0,U00093,SESS_U00093_13_0,2026-06-14 21:14:07,SU00093_13_SESS_U00093_13_0_0,P0481,1
CU00094_13_SESS_U00094_13_0_0,U00094,SESS_U00094_13_0,2026-06-14 11:28:22,SU00094_13_SESS_U00094_13_0_0,P0115,1
CU00105_13_SESS_U00105_13_0_0,U00105,SESS_U00105_13_0,2026-06-14 17:40:08,SU00105_13_SESS_U00105_13_0_0,P0013,1
CU00111_13_SESS_U00111_13_0_0,U00111,SESS_U00111_13_0,2026-06-14 20:36:09,SU00111_13_SESS_U00111_13_0_0,P0002,1
CU00116_13_SESS_U00116_13_0_0,U00116,SESS_U00116_13_0,2026-06-14 13:38:24,SU00116_13_SESS_U00116_13_0_0,P0006,4
CU00119_13_SESS_U00119_13_0_0,U00119,SESS_U00119_13_0,2026-06-14 09:53:13,SU00119_13_SESS_U00119_13_0_0,P0002,1
CU00119_13_SESS_U00119_13_0_1,U00119,SESS_U00119_13_0,2026-06-14 21:12:25,SU00119_13_SESS_U00119_13_0_1,P0005,1
CU00127_13_SESS_U00127_13_0_0,U00127,SESS_U00127_13_0,2026-06-14 07:06:07,SU00127_13_SESS_U00127_13_0_0,P0232,1
CU00134_13_SESS_U00134_13_0_1,U00134,SESS_U00134_13_0,2026-06-14 19:27:08,SU00134_13_SESS_U00134_13_0_1,P0157,5
CU00134_13_SESS_U00134_13_0_2,U00134,SESS_U00134_13_0,2026-06-14 09:45:23,SU00134_13_SESS_U00134_13_0_2,P0013,1
CU00145_13_SESS_U00145_13_0_0,U00145,SESS_U00145_13_0,2026-06-14 20:34:13,SU00145_13_SESS_U00145_13_0_0,P0114,4
CU00149_13_SESS_U00149_13_0_1,U00149,SESS_U00149_13_0,2026-06-14 08:50:10,SU00149_13_SESS_U00149_13_0_1,P0013,1
CU00151_13_SESS_U00151_13_0_0,U00151,SESS_U00151_13_0,2026-06-14 17:13:04,SU00151_13_SESS_U00151_13_0_0,P0042,1
CU00166_13_SESS_U00166_13_1_1,U00166,SESS_U00166_13_1,2026-06-14 07:51:11,SU00166_13_SESS_U00166_13_1_1,P0122,2
CU00170_13_SESS_U00170_13_0_0,U00170,SESS_U00170_13_0,2026-06-14 21:31:04,SU00170_13_SESS_U00170_13_0_0,P0002,1
CU00172_13_SESS_U00172_13_0_0,U00172,SESS_U00172_13_0,2026-06-14 19:22:22,SU00172_13_SESS_U00172_13_0_0,P0005,1
CU00175_13_SESS_U00175_13_0_0,U00175,SESS_U00175_13_0,2026-06-14 07:37:17,SU00175_13_SESS_U00175_13_0_0,P0368,5
CU00176_13_SESS_U00176_13_0_1,U00176,SESS_U00176_13_0,2026-06-14 15:58:04,SU00176_13_SESS_U00176_13_0_1,P0015,3
CU00180_13_SESS_U00180_13_0_0,U00180,SESS_U00180_13_0,2026-06-14 11:38:18,SU00180_13_SESS_U00180_13_0_0,P0023,1
CU00180_13_SESS_U00180_13_0_1,U00180,SESS_U00180_13_0,2026-06-14 16:37:13,SU00180_13_SESS_U00180_13_0_1,P0128,1
CU00184_13_SESS_U00184_13_0_0,U00184,SESS_U00184_13_0,2026-06-14 21:17:03,SU00184_13_SESS_U00184_13_0_0,P0047,1
CU00188_13_SESS_U00188_13_0_0,U00188,SESS_U00188_13_0,2026-06-14 21:42:16,SU00188_13_SESS_U00188_13_0_0,P0002,1
CU00200_13_SESS_U00200_13_0_0,U00200,SESS_U00200_13_0,2026-06-14 16:40:20,SU00200_13_SESS_U00200_13_0_0,P0332,4
CU00221_13_SESS_U00221_13_0_0,U00221,SESS_U00221_13_0,2026-06-14 16:33:11,SU00221_13_SESS_U00221_13_0_0,P0236,4
CU00221_13_SESS_U00221_13_1_0,U00221,SESS_U00221_13_1,2026-06-14 16:13:22,SU00221_13_SESS_U00221_13_1_0,P0262,1
CU00232_13_SESS_U00232_13_0_0,U00232,SESS_U00232_13_0,2026-06-14 22:31:23,SU00232_13_SESS_U00232_13_0_0,P0112,1
CU00232_13_SESS_U00232_13_0_1,U00232,SESS_U00232_13_0,2026-06-14 11:16:15,SU00232_13_SESS_U00232_13_0_1,P0008,1
CU00233_13_SESS_U00233_13_0_0,U00233,SESS_U00233_13_0,2026-06-14 10:10:25,SU00233_13_SESS_U00233_13_0_0,P0002,1
CU00239_13_SESS_U00239_13_0_0,U00239,SESS_U00239_13_0,2026-06-14 10:21:13,SU00239_13_SESS_U00239_13_0_0,P0002,1
CU00239_13_SESS_U00239_13_0_2,U00239,SESS_U00239_13_0,2026-06-14 10:07:04,SU00239_13_SESS_U00239_13_0_2,P0102,8
CU00240_13_SESS_U00240_13_0_0,U00240,SESS_U00240_13_0,2026-06-14 15:56:18,SU00240_13_SESS_U00240_13_0_0,P0025,1
CU00246_13_SESS_U00246_13_0_0,U00246,SESS_U00246_13_0,2026-06-14 10:30:19,SU00246_13_SESS_U00246_13_0_0,P0305,4
CU00246_13_SESS_U00246_13_1_0,U00246,SESS_U00246_13_1,2026-06-14 14:30:03,SU00246_13_SESS_U00246_13_1_0,P0047,1
CU00254_13_SESS_U00254_13_0_0,U00254,SESS_U00254_13_0,2026-06-14 20:39:21,SU00254_13_SESS_U00254_13_0_0,P0018,1
CU00261_13_SESS_U00261_13_0_0,U00261,SESS_U00261_13_0,2026-06-14 07:43:04,SU00261_13_SESS_U00261_13_0_0,P0544,1
CU00261_13_SESS_U00261_13_0_1,U00261,SESS_U00261_13_0,2026-06-14 12:45:13,SU00261_13_SESS_U00261_13_0_1,P0036,1
CU00263_13_SESS_U00263_13_0_1,U00263,SESS_U00263_13_0,2026-06-14 13:52:07,SU00263_13_SESS_U00263_13_0_1,P0005,1
CU00269_13_SESS_U00269_13_0_0,U00269,SESS_U00269_13_0,2026-06-14 16:35:24,SU00269_13_SESS_U00269_13_0_0,P0138,3
CU00272_13_SESS_U00272_13_0_1,U00272,SESS_U00272_13_0,2026-06-14 21:33:03,SU00272_13_SESS_U00272_13_0_1,P0001,1
CU00279_13_SESS_U00279_13_0_0,U00279,SESS_U00279_13_0,2026-06-14 09:09:14,SU00279_13_SESS_U00279_13_0_0,P0276,1
CU00279_13_SESS_U00279_13_1_0,U00279,SESS_U00279_13_1,2026-06-14 21:45:14,SU00279_13_SESS_U00279_13_1_0,P0021,1
CU00279_13_SESS_U00279_13_1_1,U00279,SESS_U00279_13_1,2026-06-14 08:45:04,SU00279_13_SESS_U00279_13_1_1,P0622,1
CU00286_13_SESS_U00286_13_0_0,U00286,SESS_U00286_13_0,2026-06-14 09:33:18,SU00286_13_SESS_U00286_13_0_0,P0531,1
CU00290_13_SESS_U00290_13_0_0,U00290,SESS_U00290_13_0,2026-06-14 13:45:04,SU00290_13_SESS_U00290_13_0_0,P0013,1
CU00301_13_SESS_U00301_13_0_0,U00301,SESS_U00301_13_0,2026-06-14 15:49:05,SU00301_13_SESS_U00301_13_0_0,P0004,1
CU00310_13_SESS_U00310_13_0_0,U00310,SESS_U00310_13_0,2026-06-14 15:55:25,SU00310_13_SESS_U00310_13_0_0,P0228,1
CU00313_13_SESS_U00313_13_0_0,U00313,SESS_U00313_13_0,2026-06-14 12:10:04,SU00313_13_SESS_U00313_13_0_0,P0281,1
CU00314_13_SESS_U00314_13_0_0,U00314,SESS_U00314_13_0,2026-06-14 21:31:19,SU00314_13_SESS_U00314_13_0_0,P0412,1
CU00316_13_SESS_U00316_13_0_2,U00316,SESS_U00316_13_0,2026-06-14 19:46:18,SU00316_13_SESS_U00316_13_0_2,P0003,2
CU00321_13_SESS_U00321_13_0_0,U00321,SESS_U00321_13_0,2026-06-14 07:35:15,SU00321_13_SESS_U00321_13_0_0,P0232,1
CU00330_13_SESS_U00330_13_0_0,U00330,SESS_U00330_13_0,2026-06-14 22:12:08,SU00330_13_SESS_U00330_13_0_0,P0473,5
CU00344_13_SESS_U00344_13_0_0,U00344,SESS_U00344_13_0,2026-06-14 21:55:06,SU00344_13_SESS_U00344_13_0_0,P0002,2
CU00345_13_SESS_U00345_13_0_1,U00345,SESS_U00345_13_0,2026-06-14 10:36:07,SU00345_13_SESS_U00345_13_0_1,P0132,3
CU00357_13_SESS_U00357_13_0_0,U00357,SESS_U00357_13_0,2026-06-14 10:35:03,SU00357_13_SESS_U00357_13_0_0,P0012,1
CU00357_13_SESS_U00357_13_0_1,U00357,SESS_U00357_13_0,2026-06-14 09:24:15,SU00357_13_SESS_U00357_13_0_1,P0062,1
CU00367_13_SESS_U00367_13_0_0,U00367,SESS_U00367_13_0,2026-06-14 07:13:06,SU00367_13_SESS_U00367_13_0_0,P0036,1
CU00380_13_SESS_U00380_13_0_0,U00380,SESS_U00380_13_0,2026-06-14 11:48:25,SU00380_13_SESS_U00380_13_0_0,P0002,1
CU00380_13_SESS_U00380_13_0_1,U00380,SESS_U00380_13_0,2026-06-14 09:51:25,SU00380_13_SESS_U00380_13_0_1,P0128,1
CU00384_13_SESS_U00384_13_0_0,U00384,SESS_U00384_13_0,2026-06-14 16:16:18,SU00384_13_SESS_U00384_13_0_0,P0002,4
CU00384_13_SESS_U00384_13_0_1,U00384,SESS_U00384_13_0,2026-06-14 12:30:14,SU00384_13_SESS_U00384_13_0_1,P0394,1
CU00384_13_SESS_U00384_13_1_0,U00384,SESS_U00384_13_1,2026-06-14 09:49:20,SU00384_13_SESS_U00384_13_1_0,P0492,5
CU00385_13_SESS_U00385_13_0_0,U00385,SESS_U00385_13_0,2026-06-14 17:38:11,SU00385_13_SESS_U00385_13_0_0,P0149,1
CU00390_13_SESS_U00390_13_0_1,U00390,SESS_U00390_13_0,2026-06-14 12:05:03,SU00390_13_SESS_U00390_13_0_1,P0017,1
CU00392_13_SESS_U00392_13_0_0,U00392,SESS_U00392_13_0,2026-06-14 12:41:11,SU00392_13_SESS_U00392_13_0_0,P0021,1
CU00403_13_SESS_U00403_13_0_0,U00403,SESS_U00403_13_0,2026-06-14 18:15:05,SU00403_13_SESS_U00403_13_0_0,P0086,3
CU00404_13_SESS_U00404_13_0_0,U00404,SESS_U00404_13_0,2026-06-14 22:47:22,SU00404_13_SESS_U00404_13_0_0,P0088,4
CU00405_13_SESS_U00405_13_0_0,U00405,SESS_U00405_13_0,2026-06-14 10:53:19,SU00405_13_SESS_U00405_13_0_0,P0298,1
CU00406_13_SESS_U00406_13_0_0,U00406,SESS_U00406_13_0,2026-06-14 10:18:20,SU00406_13_SESS_U00406_13_0_0,P0112,1
CU00411_13_SESS_U00411_13_0_0,U00411,SESS_U00411_13_0,2026-06-14 17:03:17,SU00411_13_SESS_U00411_13_0_0,P0002,1
CU00413_13_SESS_U00413_13_0_0,U00413,SESS_U00413_13_0,2026-06-14 17:42:16,SU00413_13_SESS_U00413_13_0_0,P0002,1
CU00414_13_SESS_U00414_13_0_0,U00414,SESS_U00414_13_0,2026-06-14 07:02:22,SU00414_13_SESS_U00414_13_0_0,P0052,5
CU00416_13_SESS_U00416_13_0_0,U00416,SESS_U00416_13_0,2026-06-14 18:07:22,SU00416_13_SESS_U00416_13_0_0,P0218,7
CU00417_13_SESS_U00417_13_0_0,U00417,SESS_U00417_13_0,2026-06-14 13:26:20,SU00417_13_SESS_U00417_13_0_0,P0036,3
CU00421_13_SESS_U00421_13_0_0,U00421,SESS_U00421_13_0,2026-06-14 14:19:17,SU00421_13_SESS_U00421_13_0_0,P0013,1
CU00422_13_SESS_U00422_13_0_0,U00422,SESS_U00422_13_0,2026-06-14 19:46:11,SU00422_13_SESS_U00422_13_0_0,P0081,1
CU00428_13_SESS_U00428_13_0_0,U00428,SESS_U00428_13_0,2026-06-14 11:01:16,SU00428_13_SESS_U00428_13_0_0,P0451,1
CU00433_13_SESS_U00433_13_0_0,U00433,SESS_U00433_13_0,2026-06-14 17:14:18,SU00433_13_SESS_U00433_13_0_0,P0085,1
CU00439_13_SESS_U00439_13_0_1,U00439,SESS_U00439_13_0,2026-06-14 08:52:07,SU00439_13_SESS_U00439_13_0_1,P0003,2
CU00439_13_SESS_U00439_13_1_0,U00439,SESS_U00439_13_1,2026-06-14 20:55:08,SU00439_13_SESS_U00439_13_1_0,P0002,1
CU00447_13_SESS_U00447_13_0_0,U00447,SESS_U00447_13_0,2026-06-14 11:04:09,SU00447_13_SESS_U00447_13_0_0,P0155,3
CU00457_13_SESS_U00457_13_0_0,U00457,SESS_U00457_13_0,2026-06-14 07:14:21,SU00457_13_SESS_U00457_13_0_0,P0298,4
CU00459_13_SESS_U00459_13_0_0,U00459,SESS_U00459_13_0,2026-06-14 18:37:12,SU00459_13_SESS_U00459_13_0_0,P0002,1
CU00463_13_SESS_U00463_13_0_0,U00463,SESS_U00463_13_0,2026-06-14 13:51:03,SU00463_13_SESS_U00463_13_0_0,P0640,1
CU00463_13_SESS_U00463_13_0_1,U00463,SESS_U00463_13_0,2026-06-14 11:53:18,SU00463_13_SESS_U00463_13_0_1,P0126,1
CU00468_13_SESS_U00468_13_0_0,U00468,SESS_U00468_13_0,2026-06-14 13:20:25,SU00468_13_SESS_U00468_13_0_0,P0565,7
CU00470_13_SESS_U00470_13_0_0,U00470,SESS_U00470_13_0,2026-06-14 09:42:23,SU00470_13_SESS_U00470_13_0_0,P0069,4
CU00470_13_SESS_U00470_13_0_1,U00470,SESS_U00470_13_0,2026-06-14 15:07:15,SU00470_13_SESS_U00470_13_0_1,P0002,1
CU00473_13_SESS_U00473_13_0_0,U00473,SESS_U00473_13_0,2026-06-14 21:18:22,SU00473_13_SESS_U00473_13_0_0,P0044,2
CU00483_13_SESS_U00483_13_0_0,U00483,SESS_U00483_13_0,2026-06-14 16:33:03,SU00483_13_SESS_U00483_13_0_0,P0005,1
CU00483_13_SESS_U00483_13_0_2,U00483,SESS_U00483_13_0,2026-06-14 19:58:17,SU00483_13_SESS_U00483_13_0_2,P0005,4
CU00484_13_SESS_U00484_13_0_0,U00484,SESS_U00484_13_0,2026-06-14 21:03:15,SU00484_13_SESS_U00484_13_0_0,P0232,6
CU00486_13_SESS_U00486_13_0_0,U00486,SESS_U00486_13_0,2026-06-14 18:23:14,SU00486_13_SESS_U00486_13_0_0,P0002,1
CU00488_13_SESS_U00488_13_0_0,U00488,SESS_U00488_13_0,2026-06-14 10:25:10,SU00488_13_SESS_U00488_13_0_0,P0003,2
CU00489_13_SESS_U00489_13_0_2,U00489,SESS_U00489_13_0,2026-06-14 20:59:24,SU00489_13_SESS_U00489_13_0_2,P0021,1
CU00490_13_SESS_U00490_13_0_0,U00490,SESS_U00490_13_0,2026-06-14 19:49:24,SU00490_13_SESS_U00490_13_0_0,P0013,1
CU00491_13_SESS_U00491_13_0_0,U00491,SESS_U00491_13_0,2026-06-14 16:08:03,SU00491_13_SESS_U00491_13_0_0,P0129,1
CU00491_13_SESS_U00491_13_0_1,U00491,SESS_U00491_13_0,2026-06-14 10:39:04,SU00491_13_SESS_U00491_13_0_1,P0072,1
CU00507_13_SESS_U00507_13_1_0,U00507,SESS_U00507_13_1,2026-06-14 09:17:10,SU00507_13_SESS_U00507_13_1_0,P0062,1
CU00518_13_SESS_U00518_13_0_0,U00518,SESS_U00518_13_0,2026-06-14 15:51:16,SU00518_13_SESS_U00518_13_0_0,P0018,1
CU00519_13_SESS_U00519_13_1_0,U00519,SESS_U00519_13_1,2026-06-14 09:12:24,SU00519_13_SESS_U00519_13_1_0,P0002,1
CU00524_13_SESS_U00524_13_0_0,U00524,SESS_U00524_13_0,2026-06-14 18:45:20,SU00524_13_SESS_U00524_13_0_0,P0341,7
CU00527_13_SESS_U00527_13_0_0,U00527,SESS_U00527_13_0,2026-06-14 14:20:11,SU00527_13_SESS_U00527_13_0_0,P0239,1
CU00531_13_SESS_U00531_13_0_0,U00531,SESS_U00531_13_0,2026-06-14 12:31:09,SU00531_13_SESS_U00531_13_0_0,P0305,1
CU00534_13_SESS_U00534_13_0_1,U00534,SESS_U00534_13_0,2026-06-14 09:12:05,SU00534_13_SESS_U00534_13_0_1,P0125,7
CU00537_13_SESS_U00537_13_0_0,U00537,SESS_U00537_13_0,2026-06-14 09:59:21,SU00537_13_SESS_U00537_13_0_0,P0001,1
CU00542_13_SESS_U00542_13_0_0,U00542,SESS_U00542_13_0,2026-06-14 07:47:07,SU00542_13_SESS_U00542_13_0_0,P0073,7
CU00544_13_SESS_U00544_13_0_0,U00544,SESS_U00544_13_0,2026-06-14 17:19:19,SU00544_13_SESS_U00544_13_0_0,P0025,1
CU00545_13_SESS_U00545_13_0_0,U00545,SESS_U00545_13_0,2026-06-14 17:13:25,SU00545_13_SESS_U00545_13_0_0,P0186,8
CU00545_13_SESS_U00545_13_0_1,U00545,SESS_U00545_13_0,2026-06-14 20:03:23,SU00545_13_SESS_U00545_13_0_1,P0310,1
CU00545_13_SESS_U00545_13_0_2,U00545,SESS_U00545_13_0,2026-06-14 14:06:11,SU00545_13_SESS_U00545_13_0_2,P0308,3
CU00545_13_SESS_U00545_13_1_1,U00545,SESS_U00545_13_1,2026-06-14 19:24:23,SU00545_13_SESS_U00545_13_1_1,P0044,1
CU00546_13_SESS_U00546_13_0_0,U00546,SESS_U00546_13_0,2026-06-14 12:22:04,SU00546_13_SESS_U00546_13_0_0,P0002,1
CU00548_13_SESS_U00548_13_0_1,U00548,SESS_U00548_13_0,2026-06-14 21:21:21,SU00548_13_SESS_U00548_13_0_1,P0369,4
CU00557_13_SESS_U00557_13_0_0,U00557,SESS_U00557_13_0,2026-06-14 08:01:21,SU00557_13_SESS_U00557_13_0_0,P0039,6
CU00559_13_SESS_U00559_13_0_0,U00559,SESS_U00559_13_0,2026-06-14 09:08:08,SU00559_13_SESS_U00559_13_0_0,P0074,1
CU00565_13_SESS_U00565_13_0_0,U00565,SESS_U00565_13_0,2026-06-14 19:51:21,SU00565_13_SESS_U00565_13_0_0,P0017,1
CU00577_13_SESS_U00577_13_0_0,U00577,SESS_U00577_13_0,2026-06-14 15:51:13,SU00577_13_SESS_U00577_13_0_0,P0042,1
CU00577_13_SESS_U00577_13_0_2,U00577,SESS_U00577_13_0,2026-06-14 20:18:16,SU00577_13_SESS_U00577_13_0_2,P0177,1
CU00582_13_SESS_U00582_13_0_1,U00582,SESS_U00582_13_0,2026-06-14 18:49:04,SU00582_13_SESS_U00582_13_0_1,P0050,1
CU00589_13_SESS_U00589_13_0_0,U00589,SESS_U00589_13_0,2026-06-14 09:49:05,SU00589_13_SESS_U00589_13_0_0,P0002,1
CU00595_13_SESS_U00595_13_0_1,U00595,SESS_U00595_13_0,2026-06-14 18:43:18,SU00595_13_SESS_U00595_13_0_1,P0065,1
CU00601_13_SESS_U00601_13_0_0,U00601,SESS_U00601_13_0,2026-06-14 14:18:06,SU00601_13_SESS_U00601_13_0_0,P0584,1
CU00606_13_SESS_U00606_13_0_0,U00606,SESS_U00606_13_0,2026-06-14 17:37:05,SU00606_13_SESS_U00606_13_0_0,P0083,3
CU00608_13_SESS_U00608_13_0_0,U00608,SESS_U00608_13_0,2026-06-14 07:09:13,SU00608_13_SESS_U00608_13_0_0,P0002,1
CU00608_13_SESS_U00608_13_0_1,U00608,SESS_U00608_13_0,2026-06-14 08:56:09,SU00608_13_SESS_U00608_13_0_1,P0002,1
CU00611_13_SESS_U00611_13_0_0,U00611,SESS_U00611_13_0,2026-06-14 17:50:18,SU00611_13_SESS_U00611_13_0_0,P0049,8
CU00618_13_SESS_U00618_13_0_1,U00618,SESS_U00618_13_0,2026-06-14 18:29:23,SU00618_13_SESS_U00618_13_0_1,P0218,1
CU00618_13_SESS_U00618_13_1_0,U00618,SESS_U00618_13_1,2026-06-14 16:53:09,SU00618_13_SESS_U00618_13_1_0,P0001,5
CU00618_13_SESS_U00618_13_1_1,U00618,SESS_U00618_13_1,2026-06-14 21:10:07,SU00618_13_SESS_U00618_13_1_1,P0136,1
CU00620_13_SESS_U00620_13_0_0,U00620,SESS_U00620_13_0,2026-06-14 17:00:17,SU00620_13_SESS_U00620_13_0_0,P0566,1
CU00626_13_SESS_U00626_13_0_0,U00626,SESS_U00626_13_0,2026-06-14 14:17:10,SU00626_13_SESS_U00626_13_0_0,P0192,1
CU00640_13_SESS_U00640_13_0_0,U00640,SESS_U00640_13_0,2026-06-14 11:52:06,SU00640_13_SESS_U00640_13_0_0,P0002,1
CU00641_13_SESS_U00641_13_0_0,U00641,SESS_U00641_13_0,2026-06-14 10:43:10,SU00641_13_SESS_U00641_13_0_0,P0239,1
CU00645_13_SESS_U00645_13_0_0,U00645,SESS_U00645_13_0,2026-06-14 07:34:06,SU00645_13_SESS_U00645_13_0_0,P0622,1
CU00645_13_SESS_U00645_13_0_1,U00645,SESS_U00645_13_0,2026-06-14 20:18:16,SU00645_13_SESS_U00645_13_0_1,P0197,7
CU00646_13_SESS_U00646_13_0_0,U00646,SESS_U00646_13_0,2026-06-14 09:17:21,SU00646_13_SESS_U00646_13_0_0,P0056,1
CU00650_13_SESS_U00650_13_0_0,U00650,SESS_U00650_13_0,2026-06-14 20:36:03,SU00650_13_SESS_U00650_13_0_0,P0031,1
CU00654_13_SESS_U00654_13_0_0,U00654,SESS_U00654_13_0,2026-06-14 12:11:22,SU00654_13_SESS_U00654_13_0_0,P0149,1
CU00661_13_SESS_U00661_13_0_0,U00661,SESS_U00661_13_0,2026-06-14 11:16:23,SU00661_13_SESS_U00661_13_0_0,P0013,1
CU00661_13_SESS_U00661_13_0_1,U00661,SESS_U00661_13_0,2026-06-14 18:26:23,SU00661_13_SESS_U00661_13_0_1,P0095,1
CU00661_13_SESS_U00661_13_1_1,U00661,SESS_U00661_13_1,2026-06-14 13:23:09,SU00661_13_SESS_U00661_13_1_1,P0566,1
CU00662_13_SESS_U00662_13_0_0,U00662,SESS_U00662_13_0,2026-06-14 16:27:18,SU00662_13_SESS_U00662_13_0_0,P0413,1
CU00672_13_SESS_U00672_13_1_0,U00672,SESS_U00672_13_1,2026-06-14 15:08:10,SU00672_13_SESS_U00672_13_1_0,P0002,1
CU00673_13_SESS_U00673_13_0_1,U00673,SESS_U00673_13_0,2026-06-14 09:22:22,SU00673_13_SESS_U00673_13_0_1,P0002,1
CU00678_13_SESS_U00678_13_0_0,U00678,SESS_U00678_13_0,2026-06-14 21:15:05,SU00678_13_SESS_U00678_13_0_0,P0014,1
CU00678_13_SESS_U00678_13_0_1,U00678,SESS_U00678_13_0,2026-06-14 07:02:19,SU00678_13_SESS_U00678_13_0_1,P0013,1
CU00684_13_SESS_U00684_13_0_0,U00684,SESS_U00684_13_0,2026-06-14 07:21:20,SU00684_13_SESS_U00684_13_0_0,P0011,1
CU00692_13_SESS_U00692_13_0_0,U00692,SESS_U00692_13_0,2026-06-14 13:39:12,SU00692_13_SESS_U00692_13_0_0,P0254,7
CU00692_13_SESS_U00692_13_1_0,U00692,SESS_U00692_13_1,2026-06-14 12:08:07,SU00692_13_SESS_U00692_13_1_0,P0599,2
CU00698_13_SESS_U00698_13_0_0,U00698,SESS_U00698_13_0,2026-06-14 18:23:18,SU00698_13_SESS_U00698_13_0_0,P0342,4
CU00699_13_SESS_U00699_13_0_1,U00699,SESS_U00699_13_0,2026-06-14 09:00:18,SU00699_13_SESS_U00699_13_0_1,P0592,1
CU00704_13_SESS_U00704_13_0_0,U00704,SESS_U00704_13_0,2026-06-14 12:55:10,SU00704_13_SESS_U00704_13_0_0,P0057,1
CU00712_13_SESS_U00712_13_0_0,U00712,SESS_U00712_13_0,2026-06-14 21:37:13,SU00712_13_SESS_U00712_13_0_0,P0002,1
CU00715_13_SESS_U00715_13_0_0,U00715,SESS_U00715_13_0,2026-06-14 09:15:05,SU00715_13_SESS_U00715_13_0_0,P0014,1
CU00715_13_SESS_U00715_13_1_1,U00715,SESS_U00715_13_1,2026-06-14 09:12:22,SU00715_13_SESS_U00715_13_1_1,P0002,1
CU00717_13_SESS_U00717_13_0_0,U00717,SESS_U00717_13_0,2026-06-14 13:23:14,SU00717_13_SESS_U00717_13_0_0,P0202,7
CU00719_13_SESS_U00719_13_0_0,U00719,SESS_U00719_13_0,2026-06-14 13:15:14,SU00719_13_SESS_U00719_13_0_0,P0264,2
CU00725_13_SESS_U00725_13_0_0,U00725,SESS_U00725_13_0,2026-06-14 08:41:20,SU00725_13_SESS_U00725_13_0_0,P0356,4
CU00726_13_SESS_U00726_13_0_0,U00726,SESS_U00726_13_0,2026-06-14 17:12:12,SU00726_13_SESS_U00726_13_0_0,P0180,1
CU00726_13_SESS_U00726_13_0_2,U00726,SESS_U00726_13_0,2026-06-14 07:22:15,SU00726_13_SESS_U00726_13_0_2,P0451,1
CU00727_13_SESS_U00727_13_0_0,U00727,SESS_U00727_13_0,2026-06-14 07:45:18,SU00727_13_SESS_U00727_13_0_0,P0003,3
CU00727_13_SESS_U00727_13_0_1,U00727,SESS_U00727_13_0,2026-06-14 18:46:25,SU00727_13_SESS_U00727_13_0_1,P0016,1
CU00731_13_SESS_U00731_13_0_0,U00731,SESS_U00731_13_0,2026-06-14 20:43:05,SU00731_13_SESS_U00731_13_0_0,P0433,1
CU00731_13_SESS_U00731_13_0_1,U00731,SESS_U00731_13_0,2026-06-14 15:33:21,SU00731_13_SESS_U00731_13_0_1,P0048,1
CU00731_13_SESS_U00731_13_1_0,U00731,SESS_U00731_13_1,2026-06-14 22:38:07,SU00731_13_SESS_U00731_13_1_0,P0081,3
CU00736_13_SESS_U00736_13_0_0,U00736,SESS_U00736_13_0,2026-06-14 18:09:09,SU00736_13_SESS_U00736_13_0_0,P0002,1
CU00754_13_SESS_U00754_13_0_0,U00754,SESS_U00754_13_0,2026-06-14 14:19:04,SU00754_13_SESS_U00754_13_0_0,P0421,1
CU00762_13_SESS_U00762_13_0_0,U00762,SESS_U00762_13_0,2026-06-14 07:52:06,SU00762_13_SESS_U00762_13_0_0,P0002,1
CU00763_13_SESS_U00763_13_0_1,U00763,SESS_U00763_13_0,2026-06-14 08:24:21,SU00763_13_SESS_U00763_13_0_1,P0188,1
CU00764_13_SESS_U00764_13_0_0,U00764,SESS_U00764_13_0,2026-06-14 12:08:17,SU00764_13_SESS_U00764_13_0_0,P0186,1
CU00770_13_SESS_U00770_13_0_0,U00770,SESS_U00770_13_0,2026-06-14 12:09:12,SU00770_13_SESS_U00770_13_0_0,P0002,1
CU00781_13_SESS_U00781_13_0_0,U00781,SESS_U00781_13_0,2026-06-14 11:53:04,SU00781_13_SESS_U00781_13_0_0,P0013,1
CU00795_13_SESS_U00795_13_0_0,U00795,SESS_U00795_13_0,2026-06-14 17:43:20,SU00795_13_SESS_U00795_13_0_0,P0276,7
CU00795_13_SESS_U00795_13_1_2,U00795,SESS_U00795_13_1,2026-06-14 12:23:22,SU00795_13_SESS_U00795_13_1_2,P0117,1
CU00798_13_SESS_U00798_13_0_0,U00798,SESS_U00798_13_0,2026-06-14 21:15:19,SU00798_13_SESS_U00798_13_0_0,P0006,7
