event_id,user_id,session_id,timestamp,order_id,product_ids,revenue,search_event_id
PU00008_0_SESS_U00008_0_0,U00008,SESS_U00008_0_0,2026-06-01 20:01:17,OU00008_0_SESS_U00008_0_0,P0006,59.46,SU00008_0_SESS_U00008_0_0
PU00027_0_SESS_U00027_0_0,U00027,SESS_U00027_0_0,2026-06-01 13:29:39,OU00027_0_SESS_U00027_0_0,P0261,139.15,SU00027_0_SESS_U00027_0_0
PU00058_0_SESS_U00058_0_1,U00058,SESS_U00058_0_1,2026-06-01 21:14:18,OU00058_0_SESS_U00058_0_1,P0482,132.84,SU00058_0_SESS_U00058_0_1
PU00058_0_SESS_U00058_0_1,U00058,SESS_U00058_0_1,2026-06-01 16:17:32,OU00058_0_SESS_U00058_0_1,P0451,275.34,SU00058_0_SESS_U00058_0_1
PU00060_0_SESS_U00060_0_0,U00060,SESS_U00060_0_0,2026-06-01 22:24:40,OU00060_0_SESS_U00060_0_0,P0249,144.98,SU00060_0_SESS_U00060_0_0
PU00073_0_SESS_U00073_0_0,U00073,SESS_U00073_0_0,2026-06-01 12:06:43,OU00073_0_SESS_U00073_0_0,P0433,97.31,SU00073_0_SESS_U00073_0_0
PU00080_0_SESS_U00080_0_1,U00080,SESS_U00080_0_1,2026-06-01 07:47:21,OU00080_0_SESS_U00080_0_1,P0246,168.89,SU00080_0_SESS_U00080_0_1
PU00097_0_SESS_U00097_0_0,U00097,SESS_U00097_0_0,2026-06-01 10:40:34,OU00097_0_SESS_U00097_0_0,P0115,227.19,SU00097_0_SESS_U00097_0_0
PU00106_0_SESS_U00106_0_0,U00106,SESS_U00106_0_0,2026-06-01 19:51:42,OU00106_0_SESS_U00106_0_0,P0059,32.01,SU00106_0_SESS_U00106_0_0
PU00119_0_SESS_U00119_0_0,U00119,SESS_U00119_0_0,2026-06-01 20:42:36,OU00119_0_SESS_U00119_0_0,P0016,23.04,SU00119_0_SESS_U00119_0_0
PU00120_0_SESS_U00120_0_0,U00120,SESS_U00120_0_0,2026-06-01 08:14:27,OU00120_0_SESS_U00120_0_0,P0166,127.27,SU00120_0_SESS_U00120_0_0
PU00123_0_SESS_U00123_0_0,U00123,SESS_U00123_0_0,2026-06-01 20:55:30,OU00123_0_SESS_U00123_0_0,P0028,82.96,SU00123_0_SESS_U00123_0_0
PU00129_0_SESS_U00129_0_0,U00129,SESS_U00129_0_0,2026-06-01 07:59:35,OU00129_0_SESS_U00129_0_0,P0427,93.44,SU00129_0_SESS_U00129_0_0
PU00216_0_SESS_U00216_0_0,U00216,SESS_U00216_0_0,2026-06-01 19:06:54,OU00216_0_SESS_U00216_0_0,P0279,133.8,SU00216_0_SESS_U00216_0_0
PU00237_0_SESS_U00237_0_0,U00237,SESS_U00237_0_0,2026-06-01 18:19:57,OU00237_0_SESS_U00237_0_0,P0016,23.04,SU00237_0_SESS_U00237_0_0
PU00246_0_SESS_U00246_0_1,U00246,SESS_U00246_0_1,2026-06-01 15:47:17,OU00246_0_SESS_U00246_0_1,P0149,19.1,SU00246_0_SESS_U00246_0_1
PU00254_0_SESS_U00254_0_0,U00254,SESS_U00254_0_0,2026-06-01 08:00:39,OU00254_0_SESS_U00254_0_0,P0012,175.34,SU00254_0_SESS_U00254_0_0
PU00269_0_SESS_U00269_0_0,U00269,SESS_U00269_0_0,2026-06-01 16:55:27,OU00269_0_SESS_U00269_0_0,P0041,35.63,SU00269_0_SESS_U00269_0_0
PU00270_0_SESS_U00270_0_0,U00270,SESS_U00270_0_0,2026-06-01 20:13:26,OU00270_0_SESS_U00270_0_0,P0249,144.98,SU00270_0_SESS_U00270_0_0
PU00274_0_SESS_U00274_0_0,U00274,SESS_U00274_0_0,2026-06-01 16:49:57,OU00274_0_SESS_U00274_0_0,P0013,184.81,SU00274_0_SESS_U00274_0_0
PU00289_0_SESS_U00289_0_0,U00289,SESS_U00289_0_0,2026-06-01 22:35:44,OU00289_0_SESS_U00289_0_0,P0369,55.35,SU00289_0_SESS_U00289_0_0
PU00316_0_SESS_U00316_0_0,U00316,SESS_U00316_0_0,2026-06-01 15:02:37,OU00316_0_SESS_U00316_0_0,P0023,98.26,SU00316_0_SESS_U00316_0_0
PU00329_0_SESS_U00329_0_0,U00329,SESS_U00329_0_0,2026-06-01 07:38:38,OU00329_0_SESS_U00329_0_0,P0078,39.8,SU00329_0_SESS_U00329_0_0
PU00335_0_SESS_U00335_0_1,U00335,SESS_U00335_0_1,2026-06-01 09:29:39,OU00335_0_SESS_U00335_0_1,P0183,83.82,SU00335_0_SESS_U00335_0_1
PU00361_0_SESS_U00361_0_0,U00361,SESS_U00361_0_0,2026-06-01 13:14:48,OU00361_0_SESS_U00361_0_0,P0131,154.83,SU00361_0_SESS_U00361_0_0
PU00376_0_SESS_U00376_0_0,U00376,SESS_U00376_0_0,2026-06-01 15:28:49,OU00376_0_SESS_U00376_0_0,P0047,103.84,SU00376_0_SESS_U00376_0_0
PU00388_0_SESS_U00388_0_0,U00388,SESS_U00388_0_0,2026-06-01 21:32:50,OU00388_0_SESS_U00388_0_0,P0565,79.34,SU00388_0_SESS_U00388_0_0
PU00421_0_SESS_U00421_0_0,U00421,SESS_U00421_0_0,2026-06-01 21:29:32,OU00421_0_SESS_U00421_0_0,P0015,37.09,SU00421_0_SESS_U00421_0_0
PU00426_0_SESS_U00426_0_1,U00426,SESS_U00426_0_1,2026-06-01 13:59:48,OU00426_0_SESS_U00426_0_1,P0009,136.23,SU00426_0_SESS_U00426_0_1
PU00427_0_SESS_U00427_0_0,U00427,SESS_U00427_0_0,2026-06-01 19:20:12,OU00427_0_SESS_U00427_0_0,P0300,43.59,SU00427_0_SESS_U00427_0_0
PU00459_0_SESS_U00459_0_0,U00459,SESS_U00459_0_0,2026-06-01 17:41:55,OU00459_0_SESS_U00459_0_0,P0027,81.89,SU00459_0_SESS_U00459_0_0
PU00479_0_SESS_U00479_0_0,U00479,SESS_U00479_0_0,2026-06-01 20:07:23,OU00479_0_SESS_U00479_0_0,P0437,22.04,SU00479_0_SESS_U00479_0_0
PU00480_0_SESS_U00480_0_0,U00480,SESS_U00480_0_0,2026-06-01 10:13:41,OU00480_0_SESS_U00480_0_0,P0222,205.38,SU00480_0_SESS_U00480_0_0
PU00481_0_SESS_U00481_0_0,U00481,SESS_U00481_0_0,2026-06-01 21:37:23,OU00481_0_SESS_U00481_0_0,P0002,333.49,SU00481_0_SESS_U00481_0_0
PU00484_0_SESS_U00484_0_0,U00484,SESS_U00484_0_0,2026-06-01 14:48:44,OU00484_0_SESS_U00484_0_0,P0088,60.28,SU00484_0_SESS_U00484_0_0
PU00484_0_SESS_U00484_0_0,U00484,SESS_U00484_0_0,2026-06-01 10:19:40,OU00484_0_SESS_U00484_0_0,P0230,59.75,SU00484_0_SESS_U00484_0_0
PU00513_0_SESS_U00513_0_1,U00513,SESS_U00513_0_1,2026-06-01 19:51:47,OU00513_0_SESS_U00513_0_1,P0584,125.13,SU00513_0_SESS_U00513_0_1
PU00530_0_SESS_U00530_0_0,U00530,SESS_U00530_0_0,2026-06-01 09:48:28,OU00530_0_SESS_U00530_0_0,P0002,333.49,SU00530_0_SESS_U00530_0_0
PU00537_0_SESS_U00537_0_0,U00537,SESS_U00537_0_0,2026-06-01 07:29:32,OU00537_0_SESS_U00537_0_0,P0021,219.97,SU00537_0_SESS_U00537_0_0
PU00537_0_SESS_U00537_0_0,U00537,SESS_U00537_0_0,2026-06-01 20:17:43,OU00537_0_SESS_U00537_0_0,P0011,21.9,SU00537_0_SESS_U00537_0_0
PU00542_0_SESS_U00542_0_0,U00542,SESS_U00542_0_0,2026-06-01 14:26:27,OU00542_0_SESS_U00542_0_0,P0222,205.38,SU00542_0_SESS_U00542_0_0
PU00543_0_SESS_U00543_0_0,U00543,SESS_U00543_0_0,2026-06-01 10:53:55,OU00543_0_SESS_U00543_0_0,P0192,315.57,SU00543_0_SESS_U00543_0_0
PU00549_0_SESS_U00549_0_0,U00549,SESS_U00549_0_0,2026-06-01 08:20:16,OU00549_0_SESS_U00549_0_0,P0121,123.43,SU00549_0_SESS_U00549_0_0
PU00597_0_SESS_U00597_0_1,U00597,SESS_U00597_0_1,2026-06-01 12:47:22,OU00597_0_SESS_U00597_0_1,P0072,81.57,SU00597_0_SESS_U00597_0_1
PU00630_0_SESS_U00630_0_0,U00630,SESS_U00630_0_0,2026-06-01 18:58:33,OU00630_0_SESS_U00630_0_0,P0451,275.34,SU00630_0_SESS_U00630_0_0
PU00633_0_SESS_U00633_0_0,U00633,SESS_U00633_0_0,2026-06-01 11:44:34,OU00633_0_SESS_U00633_0_0,P0025,74.94,SU00633_0_SESS_U00633_0_0
PU00636_0_SESS_U00636_0_1,U00636,SESS_U00636_0_1,2026-06-01 19:15:26,OU00636_0_SESS_U00636_0_1,P0002,333.49,SU00636_0_SESS_U00636_0_1
PU00642_0_SESS_U00642_0_0,U00642,SESS_U00642_0_0,2026-06-01 12:49:17,OU00642_0_SESS_U00642_0_0,P0227,146.28,SU00642_0_SESS_U00642_0_0
PU00669_0_SESS_U00669_0_0,U00669,SESS_U00669_0_0,2026-06-01 16:46:16,OU00669_0_SESS_U00669_0_0,P0037,32.98,SU00669_0_SESS_U00669_0_0
PU00698_0_SESS_U00698_0_0,U00698,SESS_U00698_0_0,2026-06-01 14:30:30,OU00698_0_SESS_U00698_0_0,P0006,59.46,SU00698_0_SESS_U00698_0_0
PU00714_0_SESS_U00714_0_0,U00714,SESS_U00714_0_0,2026-06-01 18:35:43,OU00714_0_SESS_U00714_0_0,P0156,27.85,SU00714_0_SESS_U00714_0_0
PU00714_0_SESS_U00714_0_1,U00714,SESS_U00714_0_1,2026-06-01 10:39:45,OU00714_0_SESS_U00714_0_1,P0152,62.13,SU00714_0_SESS_U00714_0_1
PU00721_0_SESS_U00721_0_0,U00721,SESS_U00721_0_0,2026-06-01 14:12:39,OU00721_0_SESS_U00721_0_0,P0492,97.58,SU00721_0_SESS_U00721_0_0
PU00771_0_SESS_U00771_0_0,U00771,SESS_U00771_0_0,2026-06-01 14:37:35,OU00771_0_SESS_U00771_0_0,P0004,185.62,SU00771_0_SESS_U00771_0_0
PU00771_0_SESS_U00771_0_0,U00771,SESS_U00771_0_0,2026-06-01 21:12:36,OU00771_0_SESS_U00771_0_0,P0009,136.23,SU00771_0_SESS_U00771_0_0
PU00786_0_SESS_U00786_0_0,U00786,SESS_U00786_0_0,2026-06-01 14:01:10,OU00786_0_SESS_U00786_0_0,P0115,227.19,SU00786_0_SESS_U00786_0_0
PU00003_1_SESS_U00003_1_1,U00003,SESS_U00003_1_1,2026-06-02 09:59:51,OU00003_1_SESS_U00003_1_1,P0118,37.75,SU00003_1_SESS_U00003_1_1
PU00003_1_SESS_U00003_1_1,U00003,SESS_U00003_1_1,2026-06-02 09:38:26,OU00003_1_SESS_U00003_1_1,P0450,42.97,SU00003_1_SESS_U00003_1_1
PU00022_1_SESS_U00022_1_1,U00022,SESS_U00022_1_1,2026-06-02 11:16:29,OU00022_1_SESS_U00022_1_1,P0083,109.31,SU00022_1_SESS_U00022_1_1
PU00029_1_SESS_U00029_1_0,U00029,SESS_U00029_1_0,2026-06-02 22:29:17,OU00029_1_SESS_U00029_1_0,P0002,333.49,SU00029_1_SESS_U00029_1_0
PU00033_1_SESS_U00033_1_0,U00033,SESS_U00033_1_0,2026-06-02 11:32:53,OU00033_1_SESS_U00033_1_0,P0121,123.43,SU00033_1_SESS_U00033_1_0
PU00055_1_SESS_U00055_1_0,U00055,SESS_U00055_1_0,2026-06-02 08:39:39,OU00055_1_SESS_U00055_1_0,P0161,82.01,SU00055_1_SESS_U00055_1_0
PU00064_1_SESS_U00064_1_0,U00064,SESS_U00064_1_0,2026-06-02 12:47:32,OU00064_1_SESS_U00064_1_0,P0002,333.49,SU00064_1_SESS_U00064_1_0
PU00076_1_SESS_U00076_1_0,U00076,SESS_U00076_1_0,2026-06-02 20:53:55,OU00076_1_SESS_U00076_1_0,P0002,333.49,SU00076_1_SESS_U00076_1_0
PU00129_1_SESS_U00129_1_0,U00129,SESS_U00129_1_0,2026-06-02 11:46:20,OU00129_1_SESS_U00129_1_0,P0670,110.51,SU00129_1_SESS_U00129_1_0
PU00134_1_SESS_U00134_1_0,U00134,SESS_U00134_1_0,2026-06-02 10:40:44,OU00134_1_SESS_U00134_1_0,P0025,74.94,SU00134_1_SESS_U00134_1_0
PU00164_1_SESS_U00164_1_0,U00164,SESS_U00164_1_0,2026-06-02 10:01:46,OU00164_1_SESS_U00164_1_0,P0584,125.13,SU00164_1_SESS_U00164_1_0
PU00180_1_SESS_U00180_1_0,U00180,SESS_U00180_1_0,2026-06-02 12:36:31,OU00180_1_SESS_U00180_1_0,P0011,21.9,SU00180_1_SESS_U00180_1_0
PU00180_1_SESS_U00180_1_0,U00180,SESS_U00180_1_0,2026-06-02 18:59:51,OU00180_1_SESS_U00180_1_0,P0042,113.99,SU00180_1_SESS_U00180_1_0
PU00183_1_SESS_U00183_1_0,U00183,SESS_U00183_1_0,2026-06-02 14:20:51,OU00183_1_SESS_U00183_1_0,P0276,49.12,SU00183_1_SESS_U00183_1_0
PU00187_1_SESS_U00187_1_0,U00187,SESS_U00187_1_0,2026-06-02 20:19:50,OU00187_1_SESS_U00187_1_0,P0199,196.29,SU00187_1_SESS_U00187_1_0
PU00199_1_SESS_U00199_1_0,U00199,SESS_U00199_1_0,2026-06-02 21:32:43,OU00199_1_SESS_U00199_1_0,P0482,132.84,SU00199_1_SESS_U00199_1_0
PU00206_1_SESS_U00206_1_0,U00206,SESS_U00206_1_0,2026-06-02 14:27:17,OU00206_1_SESS_U00206_1_0,P0163,143.04,SU00206_1_SESS_U00206_1_0
PU00207_1_SESS_U00207_1_0,U00207,SESS_U00207_1_0,2026-06-02 19:54:26,OU00207_1_SESS_U00207_1_0,P0009,136.23,SU00207_1_SESS_U00207_1_0
PU00208_1_SESS_U00208_1_0,U00208,SESS_U00208_1_0,2026-06-02 14:45:37,OU00208_1_SESS_U00208_1_0,P0122,198.18,SU00208_1_SESS_U00208_1_0
PU00217_1_SESS_U00217_1_0,U00217,SESS_U00217_1_0,2026-06-02 10:01:53,OU00217_1_SESS_U00217_1_0,P0492,97.58,SU00217_1_SESS_U00217_1_0
PU00219_1_SESS_U00219_1_0,U00219,SESS_U00219_1_0,2026-06-02 10:48:54,OU00219_1_SESS_U00219_1_0,P0002,333.49,SU00219_1_SESS_U00219_1_0
PU00221_1_SESS_U00221_1_0,U00221,SESS_U00221_1_0,2026-06-02 09:34:14,OU00221_1_SESS_U00221_1_0,P0025,74.94,SU00221_1_SESS_U00221_1_0
PU00232_1_SESS_U00232_1_1,U00232,SESS_U00232_1_1,2026-06-02 10:09:36,OU00232_1_SESS_U00232_1_1,P0451,275.34,SU00232_1_SESS_U00232_1_1
PU00240_1_SESS_U00240_1_0,U00240,SESS_U00240_1_0,2026-06-02 07:28:40,OU00240_1_SESS_U00240_1_0,P0010,66.06,SU00240_1_SESS_U00240_1_0
PU00268_1_SESS_U00268_1_0,U00268,SESS_U00268_1_0,2026-06-02 19:53:50,OU00268_1_SESS_U00268_1_0,P0086,123.94,SU00268_1_SESS_U00268_1_0
PU00287_1_SESS_U00287_1_0,U00287,SESS_U00287_1_0,2026-06-02 14:34:27,OU00287_1_SESS_U00287_1_0,P0276,49.12,SU00287_1_SESS_U00287_1_0
PU00291_1_SESS_U00291_1_0,U00291,SESS_U00291_1_0,2026-06-02 18:25:43,OU00291_1_SESS_U00291_1_0,P0482,132.84,SU00291_1_SESS_U00291_1_0
PU00306_1_SESS_U00306_1_0,U00306,SESS_U00306_1_0,2026-06-02 14:12:46,OU00306_1_SESS_U00306_1_0,P0080,17.5,SU00306_1_SESS_U00306_1_0
PU00318_1_SESS_U00318_1_0,U00318,SESS_U00318_1_0,2026-06-02 18:50:56,OU00318_1_SESS_U00318_1_0,P0494,37.96,SU00318_1_SESS_U00318_1_0
PU00318_1_SESS_U00318_1_1,U00318,SESS_U00318_1_1,2026-06-02 16:10:39,OU00318_1_SESS_U00318_1_1,P0262,346.67,SU00318_1_SESS_U00318_1_1
PU00336_1_SESS_U00336_1_0,U00336,SESS_U00336_1_0,2026-06-02 12:11:48,OU00336_1_SESS_U00336_1_0,P0002,333.49,SU00336_1_SESS_U00336_1_0
PU00339_1_SESS_U00339_1_0,U00339,SESS_U00339_1_0,2026-06-02 18:36:24,OU00339_1_SESS_U00339_1_0,P0005,49.18,SU00339_1_SESS_U00339_1_0
PU00340_1_SESS_U00340_1_0,U00340,SESS_U00340_1_0,2026-06-02 19:13:45,OU00340_1_SESS_U00340_1_0,P0566,93.41,SU00340_1_SESS_U00340_1_0
PU00340_1_SESS_U00340_1_0,U00340,SESS_U00340_1_0,2026-06-02 17:03:19,OU00340_1_SESS_U00340_1_0,P0046,236.94,SU00340_1_SESS_U00340_1_0
PU00341_1_SESS_U00341_1_0,U00341,SESS_U00341_1_0,2026-06-02 12:35:23,OU00341_1_SESS_U00341_1_0,P0022,19.44,SU00341_1_SESS_U00341_1_0
PU00361_1_SESS_U00361_1_0,U00361,SESS_U00361_1_0,2026-06-02 12:38:35,OU00361_1_SESS_U00361_1_0,P0394,236.28,SU00361_1_SESS_U00361_1_0
PU00374_1_SESS_U00374_1_0,U00374,SESS_U00374_1_0,2026-06-02 08:27:52,OU00374_1_SESS_U00374_1_0,P0062,67.06,SU00374_1_SESS_U00374_1_0
PU00374_1_SESS_U00374_1_1,U00374,SESS_U00374_1_1,2026-06-02 12:22:15,OU00374_1_SESS_U00374_1_1,P0002,333.49,SU00374_1_SESS_U00374_1_1
PU00386_1_SESS_U00386_1_0,U00386,SESS_U00386_1_0,2026-06-02 09:47:43,OU00386_1_SESS_U00386_1_0,P0065,50.77,SU00386_1_SESS_U00386_1_0
PU00408_1_SESS_U00408_1_0,U00408,SESS_U00408_1_0,2026-06-02 12:58:38,OU00408_1_SESS_U00408_1_0,P0085,103.63,SU00408_1_SESS_U00408_1_0
PU00427_1_SESS_U00427_1_0,U00427,SESS_U00427_1_0,2026-06-02 13:44:42,OU00427_1_SESS_U00427_1_0,P0398,71.2,SU00427_1_SESS_U00427_1_0
PU00442_1_SESS_U00442_1_0,U00442,SESS_U00442_1_0,2026-06-02 17:58:44,OU00442_1_SESS_U00442_1_0,P0122,198.18,SU00442_1_SESS_U00442_1_0
PU00480_1_SESS_U00480_1_0,U00480,SESS_U00480_1_0,2026-06-02 21:42:19,OU00480_1_SESS_U00480_1_0,P0024,38.04,SU00480_1_SESS_U00480_1_0
PU00553_1_SESS_U00553_1_0,U00553,SESS_U00553_1_0,2026-06-02 10:53:21,OU00553_1_SESS_U00553_1_0,P0599,38.54,SU00553_1_SESS_U00553_1_0
PU00554_1_SESS_U00554_1_1,U00554,SESS_U00554_1_1,2026-06-02 17:05:08,OU00554_1_SESS_U00554_1_1,P0129,12.96,SU00554_1_SESS_U00554_1_1
PU00584_1_SESS_U00584_1_0,U00584,SESS_U00584_1_0,2026-06-02 19:04:29,OU00584_1_SESS_U00584_1_0,P0228,92.55,SU00584_1_SESS_U00584_1_0
PU00591_1_SESS_U00591_1_0,U00591,SESS_U00591_1_0,2026-06-02 09:49:53,OU00591_1_SESS_U00591_1_0,P0487,32.04,SU00591_1_SESS_U00591_1_0
PU00683_1_SESS_U00683_1_0,U00683,SESS_U00683_1_0,2026-06-02 09:00:33,OU00683_1_SESS_U00683_1_0,P0184,308.91,SU00683_1_SESS_U00683_1_0
PU00705_1_SESS_U00705_1_0,U00705,SESS_U00705_1_0,2026-06-02 23:08:43,OU00705_1_SESS_U00705_1_0,P0566,93.41,SU00705_1_SESS_U00705_1_0
PU00705_1_SESS_U00705_1_1,U00705,SESS_U00705_1_1,2026-06-02 21:38:27,OU00705_1_SESS_U00705_1_1,P0585,143.01,SU00705_1_SESS_U00705_1_1
PU00706_1_SESS_U00706_1_0,U00706,SESS_U00706_1_0,2026-06-02 14:36:30,OU00706_1_SESS_U00706_1_0,P0125,57.87,SU00706_1_SESS_U00706_1_0
PU00708_1_SESS_U00708_1_0,U00708,SESS_U00708_1_0,2026-06-02 18:35:45,OU00708_1_SESS_U00708_1_0,P0023,98.26,SU00708_1_SESS_U00708_1_0
PU00711_1_SESS_U00711_1_0,U00711,SESS_U00711_1_0,2026-06-02 21:49:40,OU00711_1_SESS_U00711_1_0,P0008,131.53,SU00711_1_SESS_U00711_1_0
PU00718_1_SESS_U00718_1_0,U00718,SESS_U00718_1_0,2026-06-02 21:18:37,OU00718_1_SESS_U00718_1_0,P0200,173.77,SU00718_1_SESS_U00718_1_0
PU00731_1_SESS_U00731_1_0,U00731,SESS_U00731_1_0,2026-06-02 15:00:14,OU00731_1_SESS_U00731_1_0,P0210,21.19,SU00731_1_SESS_U00731_1_0
PU00784_1_SESS_U00784_1_0,U00784,SESS_U00784_1_0,2026-06-02 13:25:32,OU00784_1_SESS_U00784_1_0,P0004,185.62,SU00784_1_SESS_U00784_1_0
PU00009_2_SESS_U00009_2_1,U00009,SESS_U00009_2_1,2026-06-03 10:12:42,OU00009_2_SESS_U00009_2_1,P0002,333.49,SU00009_2_SESS_U00009_2_1
PU00013_2_SESS_U00013_2_0,U00013,SESS_U00013_2_0,2026-06-03 17:14:29,OU00013_2_SESS_U00013_2_0,P0155,295.91,SU00013_2_SESS_U00013_2_0
PU00023_2_SESS_U00023_2_0,U00023,SESS_U00023_2_0,2026-06-03 07:28:33,OU00023_2_SESS_U00023_2_0,P0003,68.02,SU00023_2_SESS_U00023_2_0
PU00024_2_SESS_U00024_2_0,U00024,SESS_U00024_2_0,2026-06-03 16:07:28,OU00024_2_SESS_U00024_2_0,P0012,175.34,SU00024_2_SESS_U00024_2_0
PU00029_2_SESS_U00029_2_1,U00029,SESS_U00029_2_1,2026-06-03 16:39:40,OU00029_2_SESS_U00029_2_1,P0011,21.9,SU00029_2_SESS_U00029_2_1
PU00039_2_SESS_U00039_2_0,U00039,SESS_U00039_2_0,2026-06-03 18:52:56,OU00039_2_SESS_U00039_2_0,P0008,131.53,SU00039_2_SESS_U00039_2_0
PU00055_2_SESS_U00055_2_0,U00055,SESS_U00055_2_0,2026-06-03 07:28:36,OU00055_2_SESS_U00055_2_0,P0098,158.23,SU00055_2_SESS_U00055_2_0
PU00072_2_SESS_U00072_2_1,U00072,SESS_U00072_2_1,2026-06-03 07:38:29,OU00072_2_SESS_U00072_2_1,P0009,136.23,SU00072_2_SESS_U00072_2_1
PU00083_2_SESS_U00083_2_0,U00083,SESS_U00083_2_0,2026-06-03 10:43:35,OU00083_2_SESS_U00083_2_0,P0138,215.36,SU00083_2_SESS_U00083_2_0
PU00083_2_SESS_U00083_2_0,U00083,SESS_U00083_2_0,2026-06-03 17:05:38,OU00083_2_SESS_U00083_2_0,P0461,43.22,SU00083_2_SESS_U00083_2_0
PU00087_2_SESS_U00087_2_0,U00087,SESS_U00087_2_0,2026-06-03 10:35:37,OU00087_2_SESS_U00087_2_0,P0173,49.99,SU00087_2_SESS_U00087_2_0
PU00089_2_SESS_U00089_2_1,U00089,SESS_U00089_2_1,2026-06-03 20:36:25,OU00089_2_SESS_U00089_2_1,P0085,103.63,SU00089_2_SESS_U00089_2_1
PU00091_2_SESS_U00091_2_1,U00091,SESS_U00091_2_1,2026-06-03 13:24:52,OU00091_2_SESS_U00091_2_1,P0014,57.91,SU00091_2_SESS_U00091_2_1
PU00099_2_SESS_U00099_2_0,U00099,SESS_U00099_2_0,2026-06-03 16:19:49,OU00099_2_SESS_U00099_2_0,P0390,179.44,SU00099_2_SESS_U00099_2_0
PU00099_2_SESS_U00099_2_0,U00099,SESS_U00099_2_0,2026-06-03 13:24:24,OU00099_2_SESS_U00099_2_0,P0079,85.28,SU00099_2_SESS_U00099_2_0
PU00126_2_SESS_U00126_2_0,U00126,SESS_U00126_2_0,2026-06-03 08:08:25,OU00126_2_SESS_U00126_2_0,P0039,210.01,SU00126_2_SESS_U00126_2_0
PU00149_2_SESS_U00149_2_0,U00149,SESS_U00149_2_0,2026-06-03 18:52:39,OU00149_2_SESS_U00149_2_0,P0261,139.15,SU00149_2_SESS_U00149_2_0
PU00168_2_SESS_U00168_2_1,U00168,SESS_U00168_2_1,2026-06-03 13:16:23,OU00168_2_SESS_U00168_2_1,P0186,127.3,SU00168_2_SESS_U00168_2_1
PU00222_2_SESS_U00222_2_0,U00222,SESS_U00222_2_0,2026-06-03 09:53:54,OU00222_2_SESS_U00222_2_0,P0013,184.81,SU00222_2_SESS_U00222_2_0
PU00227_2_SESS_U00227_2_0,U00227,SESS_U00227_2_0,2026-06-03 18:36:17,OU00227_2_SESS_U00227_2_0,P0002,333.49,SU00227_2_SESS_U00227_2_0
PU00234_2_SESS_U00234_2_0,U00234,SESS_U00234_2_0,2026-06-03 14:29:18,OU00234_2_SESS_U00234_2_0,P0121,123.43,SU00234_2_SESS_U00234_2_0
PU00262_2_SESS_U00262_2_0,U00262,SESS_U00262_2_0,2026-06-03 10:58:46,OU00262_2_SESS_U00262_2_0,P0002,333.49,SU00262_2_SESS_U00262_2_0
PU00305_2_SESS_U00305_2_0,U00305,SESS_U00305_2_0,2026-06-03 18:14:54,OU00305_2_SESS_U00305_2_0,P0002,333.49,SU00305_2_SESS_U00305_2_0
PU00321_2_SESS_U00321_2_0,U00321,SESS_U00321_2_0,2026-06-03 18:53:23,OU00321_2_SESS_U00321_2_0,P0098,158.23,SU00321_2_SESS_U00321_2_0
PU00328_2_SESS_U00328_2_0,U00328,SESS_U00328_2_0,2026-06-03 13:30:51,OU00328_2_SESS_U00328_2_0,P0115,227.19,SU00328_2_SESS_U00328_2_0
PU00329_2_SESS_U00329_2_0,U00329,SESS_U00329_2_0,2026-06-03 20:59:51,OU00329_2_SESS_U00329_2_0,P0514,159.24,SU00329_2_SESS_U00329_2_0
PU00334_2_SESS_U00334_2_0,U00334,SESS_U00334_2_0,2026-06-03 22:35:35,OU00334_2_SESS_U00334_2_0,P0192,315.57,SU00334_2_SESS_U00334_2_0
PU00337_2_SESS_U00337_2_0,U00337,SESS_U00337_2_0,2026-06-03 10:11:28,OU00337_2_SESS_U00337_2_0,P0002,333.49,SU00337_2_SESS_U00337_2_0
PU00350_2_SESS_U00350_2_0,U00350,SESS_U00350_2_0,2026-06-03 20:05:50,OU00350_2_SESS_U00350_2_0,P0394,236.28,SU00350_2_SESS_U00350_2_0
PU00352_2_SESS_U00352_2_0,U00352,SESS_U00352_2_0,2026-06-03 10:50:50,OU00352_2_SESS_U00352_2_0,P0006,59.46,SU00352_2_SESS_U00352_2_0
PU00359_2_SESS_U00359_2_1,U00359,SESS_U00359_2_1,2026-06-03 19:00:14,OU00359_2_SESS_U00359_2_1,P0002,333.49,SU00359_2_SESS_U00359_2_1
PU00365_2_SESS_U00365_2_0,U00365,SESS_U00365_2_0,2026-06-03 08:37:43,OU00365_2_SESS_U00365_2_0,P0640,83.48,SU00365_2_SESS_U00365_2_0
PU00381_2_SESS_U00381_2_1,U00381,SESS_U00381_2_1,2026-06-03 07:31:49,OU00381_2_SESS_U00381_2_1,P0451,275.34,SU00381_2_SESS_U00381_2_1
PU00387_2_SESS_U00387_2_0,U00387,SESS_U00387_2_0,2026-06-03 08:50:18,OU00387_2_SESS_U00387_2_0,P0016,23.04,SU00387_2_SESS_U00387_2_0
PU00436_2_SESS_U00436_2_0,U00436,SESS_U00436_2_0,2026-06-03 17:10:27,OU00436_2_SESS_U00436_2_0,P0008,131.53,SU00436_2_SESS_U00436_2_0
PU00454_2_SESS_U00454_2_0,U00454,SESS_U00454_2_0,2026-06-03 18:11:39,OU00454_2_SESS_U00454_2_0,P0008,131.53,SU00454_2_SESS_U00454_2_0
PU00457_2_SESS_U00457_2_0,U00457,SESS_U00457_2_0,2026-06-03 16:11:50,OU00457_2_SESS_U00457_2_0,P0214,59.76,SU00457_2_SESS_U00457_2_0
PU00459_2_SESS_U00459_2_0,U00459,SESS_U00459_2_0,2026-06-03 13:27:28,OU00459_2_SESS_U00459_2_0,P0016,23.04,SU00459_2_SESS_U00459_2_0
PU00460_2_SESS_U00460_2_0,U00460,SESS_U00460_2_0,2026-06-03 07:08:35,OU00460_2_SESS_U00460_2_0,P0002,333.49,SU00460_2_SESS_U00460_2_0
PU00463_2_SESS_U00463_2_0,U00463,SESS_U00463_2_0,2026-06-03 20:16:48,OU00463_2_SESS_U00463_2_0,P0214,59.76,SU00463_2_SESS_U00463_2_0
PU00468_2_SESS_U00468_2_0,U00468,SESS_U00468_2_0,2026-06-03 13:36:32,OU00468_2_SESS_U00468_2_0,P0028,82.96,SU00468_2_SESS_U00468_2_0
PU00469_2_SESS_U00469_2_0,U00469,SESS_U00469_2_0,2026-06-03 16:48:13,OU00469_2_SESS_U00469_2_0,P0239,60.93,SU00469_2_SESS_U00469_2_0
PU00484_2_SESS_U00484_2_0,U00484,SESS_U00484_2_0,2026-06-03 08:23:45,OU00484_2_SESS_U00484_2_0,P0136,107.11,SU00484_2_SESS_U00484_2_0
PU00484_2_SESS_U00484_2_0,U00484,SESS_U00484_2_0,2026-06-03 20:56:55,OU00484_2_SESS_U00484_2_0,P0107,131.96,SU00484_2_SESS_U00484_2_0
PU00494_2_SESS_U00494_2_1,U00494,SESS_U00494_2_1,2026-06-03 21:33:52,OU00494_2_SESS_U00494_2_1,P0174,43.26,SU00494_2_SESS_U00494_2_1
PU00494_2_SESS_U00494_2_1,U00494,SESS_U00494_2_1,2026-06-03 08:34:13,OU00494_2_SESS_U00494_2_1,P0046,236.94,SU00494_2_SESS_U00494_2_1
PU00534_2_SESS_U00534_2_0,U00534,SESS_U00534_2_0,2026-06-03 07:25:50,OU00534_2_SESS_U00534_2_0,P0599,38.54,SU00534_2_SESS_U00534_2_0
PU00538_2_SESS_U00538_2_0,U00538,SESS_U00538_2_0,2026-06-03 13:42:41,OU00538_2_SESS_U00538_2_0,P0109,60.46,SU00538_2_SESS_U00538_2_0
PU00547_2_SESS_U00547_2_1,U00547,SESS_U00547_2_1,2026-06-03 09:36:25,OU00547_2_SESS_U00547_2_1,P0413,172.34,SU00547_2_SESS_U00547_2_1
PU00555_2_SESS_U00555_2_0,U00555,SESS_U00555_2_0,2026-06-03 09:53:36,OU00555_2_SESS_U00555_2_0,P0277,177.64,SU00555_2_SESS_U00555_2_0
PU00555_2_SESS_U00555_2_1,U00555,SESS_U00555_2_1,2026-06-03 12:42:38,OU00555_2_SESS_U00555_2_1,P0126,158.08,SU00555_2_SESS_U00555_2_1
PU00555_2_SESS_U00555_2_1,U00555,SESS_U00555_2_1,2026-06-03 11:24:37,OU00555_2_SESS_U00555_2_1,P0210,21.19,SU00555_2_SESS_U00555_2_1
PU00560_2_SESS_U00560_2_0,U00560,SESS_U00560_2_0,2026-06-03 20:40:19,OU00560_2_SESS_U00560_2_0,P0157,104.75,SU00560_2_SESS_U00560_2_0
PU00569_2_SESS_U00569_2_0,U00569,SESS_U00569_2_0,2026-06-03 13:37:36,OU00569_2_SESS_U00569_2_0,P0640,83.48,SU00569_2_SESS_U00569_2_0
PU00578_2_SESS_U00578_2_0,U00578,SESS_U00578_2_0,2026-06-03 15:15:25,OU00578_2_SESS_U00578_2_0,P0044,274.16,SU00578_2_SESS_U00578_2_0
PU00595_2_SESS_U00595_2_0,U00595,SESS_U00595_2_0,2026-06-03 14:30:37,OU00595_2_SESS_U00595_2_0,P0427,93.44,SU00595_2_SESS_U00595_2_0
PU00603_2_SESS_U00603_2_0,U00603,SESS_U00603_2_0,2026-06-03 15:26:50,OU00603_2_SESS_U00603_2_0,P0025,74.94,SU00603_2_SESS_U00603_2_0
PU00618_2_SESS_U00618_2_0,U00618,SESS_U00618_2_0,2026-06-03 22:45:34,OU00618_2_SESS_U00618_2_0,P0125,57.87,SU00618_2_SESS_U00618_2_0
PU00619_2_SESS_U00619_2_0,U00619,SESS_U00619_2_0,2026-06-03 13:18:31,OU00619_2_SESS_U00619_2_0,P0263,19.49,SU00619_2_SESS_U00619_2_0
PU00635_2_SESS_U00635_2_0,U00635,SESS_U00635_2_0,2026-06-03 19:12:41,OU00635_2_SESS_U00635_2_0,P0086,123.94,SU00635_2_SESS_U00635_2_0
PU00653_2_SESS_U00653_2_0,U00653,SESS_U00653_2_0,2026-06-03 18:37:41,OU00653_2_SESS_U00653_2_0,P0012,175.34,SU00653_2_SESS_U00653_2_0
PU00656_2_SESS_U00656_2_0,U00656,SESS_U00656_2_0,2026-06-03 11:33:45,OU00656_2_SESS_U00656_2_0,P0014,57.91,SU00656_2_SESS_U00656_2_0
PU00715_2_SESS_U00715_2_0,U00715,SESS_U00715_2_0,2026-06-03 07:44:44,OU00715_2_SESS_U00715_2_0,P0002,333.49,SU00715_2_SESS_U00715_2_0
PU00717_2_SESS_U00717_2_0,U00717,SESS_U00717_2_0,2026-06-03 09:08:31,OU00717_2_SESS_U00717_2_0,P0007,12.76,SU00717_2_SESS_U00717_2_0
PU00742_2_SESS_U00742_2_0,U00742,SESS_U00742_2_0,2026-06-03 14:59:26,OU00742_2_SESS_U00742_2_0,P0053,282.76,SU00742_2_SESS_U00742_2_0
PU00760_2_SESS_U00760_2_1,U00760,SESS_U00760_2_1,2026-06-03 12:47:30,OU00760_2_SESS_U00760_2_1,P0013,184.81,SU00760_2_SESS_U00760_2_1
PU00016_3_SESS_U00016_3_0,U00016,SESS_U00016_3_0,2026-06-04 16:38:41,OU00016_3_SESS_U00016_3_0,P0036,150.3,SU00016_3_SESS_U00016_3_0
PU00027_3_SESS_U00027_3_1,U00027,SESS_U00027_3_1,2026-06-04 08:16:54,OU00027_3_SESS_U00027_3_1,P0081,78.77,SU00027_3_SESS_U00027_3_1
PU00046_3_SESS_U00046_3_0,U00046,SESS_U00046_3_0,2026-06-04 18:32:23,OU00046_3_SESS_U00046_3_0,P0116,160.08,SU00046_3_SESS_U00046_3_0
PU00055_3_SESS_U00055_3_0,U00055,SESS_U00055_3_0,2026-06-04 19:13:25,OU00055_3_SESS_U00055_3_0,P0009,136.23,SU00055_3_SESS_U00055_3_0
PU00062_3_SESS_U00062_3_0,U00062,SESS_U00062_3_0,2026-06-04 17:37:29,OU00062_3_SESS_U00062_3_0,P0161,82.01,SU00062_3_SESS_U00062_3_0
PU00078_3_SESS_U00078_3_0,U00078,SESS_U00078_3_0,2026-06-04 11:20:54,OU00078_3_SESS_U00078_3_0,P0163,143.04,SU00078_3_SESS_U00078_3_0
PU00089_3_SESS_U00089_3_0,U00089,SESS_U00089_3_0,2026-06-04 15:13:43,OU00089_3_SESS_U00089_3_0,P0002,333.49,SU00089_3_SESS_U00089_3_0
PU00092_3_SESS_U00092_3_0,U00092,SESS_U00092_3_0,2026-06-04 12:04:46,OU00092_3_SESS_U00092_3_0,P0048,119.21,SU00092_3_SESS_U00092_3_0
PU00100_3_SESS_U00100_3_0,U00100,SESS_U00100_3_0,2026-06-04 21:00:27,OU00100_3_SESS_U00100_3_0,P0488,109.12,SU00100_3_SESS_U00100_3_0
PU00129_3_SESS_U00129_3_0,U00129,SESS_U00129_3_0,2026-06-04 08:54:55,OU00129_3_SESS_U00129_3_0,P0085,103.63,SU00129_3_SESS_U00129_3_0
PU00129_3_SESS_U00129_3_0,U00129,SESS_U00129_3_0,2026-06-04 17:08:31,OU00129_3_SESS_U00129_3_0,P0003,68.02,SU00129_3_SESS_U00129_3_0
PU00133_3_SESS_U00133_3_0,U00133,SESS_U00133_3_0,2026-06-04 21:36:29,OU00133_3_SESS_U00133_3_0,P0171,208.11,SU00133_3_SESS_U00133_3_0
PU00138_3_SESS_U00138_3_0,U00138,SESS_U00138_3_0,2026-06-04 12:48:26,OU00138_3_SESS_U00138_3_0,P0566,93.41,SU00138_3_SESS_U00138_3_0
PU00150_3_SESS_U00150_3_0,U00150,SESS_U00150_3_0,2026-06-04 07:42:28,OU00150_3_SESS_U00150_3_0,P0009,136.23,SU00150_3_SESS_U00150_3_0
PU00153_3_SESS_U00153_3_0,U00153,SESS_U00153_3_0,2026-06-04 13:18:41,OU00153_3_SESS_U00153_3_0,P0005,49.18,SU00153_3_SESS_U00153_3_0
PU00153_3_SESS_U00153_3_0,U00153,SESS_U00153_3_0,2026-06-04 19:30:42,OU00153_3_SESS_U00153_3_0,P0433,97.31,SU00153_3_SESS_U00153_3_0
PU00157_3_SESS_U00157_3_0,U00157,SESS_U00157_3_0,2026-06-04 13:00:47,OU00157_3_SESS_U00157_3_0,P0092,253.94,SU00157_3_SESS_U00157_3_0
PU00166_3_SESS_U00166_3_1,U00166,SESS_U00166_3_1,2026-06-04 20:15:40,OU00166_3_SESS_U00166_3_1,P0012,175.34,SU00166_3_SESS_U00166_3_1
PU00169_3_SESS_U00169_3_0,U00169,SESS_U00169_3_0,2026-06-04 19:11:33,OU00169_3_SESS_U00169_3_0,P0437,22.04,SU00169_3_SESS_U00169_3_0
PU00199_3_SESS_U00199_3_0,U00199,SESS_U00199_3_0,2026-06-04 21:22:19,OU00199_3_SESS_U00199_3_0,P0058,80.65,SU00199_3_SESS_U00199_3_0
PU00239_3_SESS_U00239_3_0,U00239,SESS_U00239_3_0,2026-06-04 13:07:55,OU00239_3_SESS_U00239_3_0,P0016,23.04,SU00239_3_SESS_U00239_3_0
PU00239_3_SESS_U00239_3_1,U00239,SESS_U00239_3_1,2026-06-04 21:00:14,OU00239_3_SESS_U00239_3_1,P0299,192.52,SU00239_3_SESS_U00239_3_1
PU00292_3_SESS_U00292_3_0,U00292,SESS_U00292_3_0,2026-06-04 20:03:42,OU00292_3_SESS_U00292_3_0,P0006,59.46,SU00292_3_SESS_U00292_3_0
PU00326_3_SESS_U00326_3_0,U00326,SESS_U00326_3_0,2026-06-04 15:37:11,OU00326_3_SESS_U00326_3_0,P0615,193.45,SU00326_3_SESS_U00326_3_0
PU00326_3_SESS_U00326_3_0,U00326,SESS_U00326_3_0,2026-06-04 10:31:56,OU00326_3_SESS_U00326_3_0,P0101,10.58,SU00326_3_SESS_U00326_3_0
PU00326_3_SESS_U00326_3_1,U00326,SESS_U00326_3_1,2026-06-04 22:46:39,OU00326_3_SESS_U00326_3_1,P0046,236.94,SU00326_3_SESS_U00326_3_1
PU00349_3_SESS_U00349_3_1,U00349,SESS_U00349_3_1,2026-06-04 12:54:55,OU00349_3_SESS_U00349_3_1,P0004,185.62,SU00349_3_SESS_U00349_3_1
PU00382_3_SESS_U00382_3_0,U00382,SESS_U00382_3_0,2026-06-04 09:08:47,OU00382_3_SESS_U00382_3_0,P0032,21.98,SU00382_3_SESS_U00382_3_0
PU00401_3_SESS_U00401_3_0,U00401,SESS_U00401_3_0,2026-06-04 09:56:43,OU00401_3_SESS_U00401_3_0,P0059,32.01,SU00401_3_SESS_U00401_3_0
PU00408_3_SESS_U00408_3_0,U00408,SESS_U00408_3_0,2026-06-04 21:26:51,OU00408_3_SESS_U00408_3_0,P0098,158.23,SU00408_3_SESS_U00408_3_0
PU00436_3_SESS_U00436_3_0,U00436,SESS_U00436_3_0,2026-06-04 12:58:17,OU00436_3_SESS_U00436_3_0,P0036,150.3,SU00436_3_SESS_U00436_3_0
PU00438_3_SESS_U00438_3_0,U00438,SESS_U00438_3_0,2026-06-04 18:21:42,OU00438_3_SESS_U00438_3_0,P0277,177.64,SU00438_3_SESS_U00438_3_0
PU00438_3_SESS_U00438_3_0,U00438,SESS_U00438_3_0,2026-06-04 22:29:38,OU00438_3_SESS_U00438_3_0,P0210,21.19,SU00438_3_SESS_U00438_3_0
PU00458_3_SESS_U00458_3_0,U00458,SESS_U00458_3_0,2026-06-04 17:25:35,OU00458_3_SESS_U00458_3_0,P0197,162.45,SU00458_3_SESS_U00458_3_0
PU00513_3_SESS_U00513_3_0,U00513,SESS_U00513_3_0,2026-06-04 10:45:31,OU00513_3_SESS_U00513_3_0,P0225,65.69,SU00513_3_SESS_U00513_3_0
PU00533_3_SESS_U00533_3_0,U00533,SESS_U00533_3_0,2026-06-04 14:58:19,OU00533_3_SESS_U00533_3_0,P0085,103.63,SU00533_3_SESS_U00533_3_0
PU00561_3_SESS_U00561_3_0,U00561,SESS_U00561_3_0,2026-06-04 10:36:41,OU00561_3_SESS_U00561_3_0,P0146,17.09,SU00561_3_SESS_U00561_3_0
PU00577_3_SESS_U00577_3_0,U00577,SESS_U00577_3_0,2026-06-04 17:54:18,OU00577_3_SESS_U00577_3_0,P0227,146.28,SU00577_3_SESS_U00577_3_0
PU00606_3_SESS_U00606_3_0,U00606,SESS_U00606_3_0,2026-06-04 09:57:14,OU00606_3_SESS_U00606_3_0,P0002,333.49,SU00606_3_SESS_U00606_3_0
PU00606_3_SESS_U00606_3_1,U00606,SESS_U00606_3_1,2026-06-04 09:47:39,OU00606_3_SESS_U00606_3_1,P0003,68.02,SU00606_3_SESS_U00606_3_1
PU00608_3_SESS_U00608_3_0,U00608,SESS_U00608_3_0,2026-06-04 12:09:55,OU00608_3_SESS_U00608_3_0,P0001,38.71,SU00608_3_SESS_U00608_3_0
PU00611_3_SESS_U00611_3_0,U00611,SESS_U00611_3_0,2026-06-04 22:54:51,OU00611_3_SESS_U00611_3_0,P0159,44.79,SU00611_3_SESS_U00611_3_0
PU00620_3_SESS_U00620_3_0,U00620,SESS_U00620_3_0,2026-06-04 17:27:09,OU00620_3_SESS_U00620_3_0,P0031,218.53,SU00620_3_SESS_U00620_3_0
PU00620_3_SESS_U00620_3_0,U00620,SESS_U00620_3_0,2026-06-04 16:26:43,OU00620_3_SESS_U00620_3_0,P0016,23.04,SU00620_3_SESS_U00620_3_0
PU00660_3_SESS_U00660_3_0,U00660,SESS_U00660_3_0,2026-06-04 11:14:34,OU00660_3_SESS_U00660_3_0,P0135,171.15,SU00660_3_SESS_U00660_3_0
PU00668_3_SESS_U00668_3_0,U00668,SESS_U00668_3_0,2026-06-04 16:39:03,OU00668_3_SESS_U00668_3_0,P0012,175.34,SU00668_3_SESS_U00668_3_0
PU00674_3_SESS_U00674_3_0,U00674,SESS_U00674_3_0,2026-06-04 20:13:49,OU00674_3_SESS_U00674_3_0,P0180,54.19,SU00674_3_SESS_U00674_3_0
PU00679_3_SESS_U00679_3_1,U00679,SESS_U00679_3_1,2026-06-04 20:02:42,OU00679_3_SESS_U00679_3_1,P0003,68.02,SU00679_3_SESS_U00679_3_1
PU00692_3_SESS_U00692_3_0,U00692,SESS_U00692_3_0,2026-06-04 21:17:23,OU00692_3_SESS_U00692_3_0,P0156,27.85,SU00692_3_SESS_U00692_3_0
PU00693_3_SESS_U00693_3_0,U00693,SESS_U00693_3_0,2026-06-04 21:12:42,OU00693_3_SESS_U00693_3_0,P0492,97.58,SU00693_3_SESS_U00693_3_0
PU00712_3_SESS_U00712_3_0,U00712,SESS_U00712_3_0,2026-06-04 08:12:48,OU00712_3_SESS_U00712_3_0,P0004,185.62,SU00712_3_SESS_U00712_3_0
PU00712_3_SESS_U00712_3_0,U00712,SESS_U00712_3_0,2026-06-04 07:46:51,OU00712_3_SESS_U00712_3_0,P0027,81.89,SU00712_3_SESS_U00712_3_0
PU00718_3_SESS_U00718_3_0,U00718,SESS_U00718_3_0,2026-06-04 22:27:50,OU00718_3_SESS_U00718_3_0,P0412,285.77,SU00718_3_SESS_U00718_3_0
PU00725_3_SESS_U00725_3_0,U00725,SESS_U00725_3_0,2026-06-04 21:00:23,OU00725_3_SESS_U00725_3_0,P0010,66.06,SU00725_3_SESS_U00725_3_0
PU00727_3_SESS_U00727_3_0,U00727,SESS_U00727_3_0,2026-06-04 17:26:42,OU00727_3_SESS_U00727_3_0,P0002,333.49,SU00727_3_SESS_U00727_3_0
PU00731_3_SESS_U00731_3_0,U00731,SESS_U00731_3_0,2026-06-04 19:16:53,OU00731_3_SESS_U00731_3_0,P0046,236.94,SU00731_3_SESS_U00731_3_0
PU00752_3_SESS_U00752_3_0,U00752,SESS_U00752_3_0,2026-06-04 14:53:33,OU00752_3_SESS_U00752_3_0,P0004,185.62,SU00752_3_SESS_U00752_3_0
PU00756_3_SESS_U00756_3_0,U00756,SESS_U00756_3_0,2026-06-04 23:10:53,OU00756_3_SESS_U00756_3_0,P0017,101.71,SU00756_3_SESS_U00756_3_0
PU00758_3_SESS_U00758_3_0,U00758,SESS_U00758_3_0,2026-06-04 18:05:47,OU00758_3_SESS_U00758_3_0,P0007,12.76,SU00758_3_SESS_U00758_3_0
PU00762_3_SESS_U00762_3_0,U00762,SESS_U00762_3_0,2026-06-04 22:05:41,OU00762_3_SESS_U00762_3_0,P0002,333.49,SU00762_3_SESS_U00762_3_0
PU00772_3_SESS_U00772_3_0,U00772,SESS_U00772_3_0,2026-06-04 21:43:56,OU00772_3_SESS_U00772_3_0,P0020,52.19,SU00772_3_SESS_U00772_3_0
PU00779_3_SESS_U00779_3_0,U00779,SESS_U00779_3_0,2026-06-04 18:35:31,OU00779_3_SESS_U00779_3_0,P0010,66.06,SU00779_3_SESS_U00779_3_0
PU00793_3_SESS_U00793_3_0,U00793,SESS_U00793_3_0,2026-06-04 17:42:55,OU00793_3_SESS_U00793_3_0,P0009,136.23,SU00793_3_SESS_U00793_3_0
PU00004_4_SESS_U00004_4_0,U00004,SESS_U00004_4_0,2026-06-05 14:06:30,OU00004_4_SESS_U00004_4_0,P0002,333.49,SU00004_4_SESS_U00004_4_0
PU00017_4_SESS_U00017_4_0,U00017,SESS_U00017_4_0,2026-06-05 18:13:47,OU00017_4_SESS_U00017_4_0,P0482,132.84,SU00017_4_SESS_U00017_4_0
PU00043_4_SESS_U00043_4_0,U00043,SESS_U00043_4_0,2026-06-05 19:52:34,OU00043_4_SESS_U00043_4_0,P0149,19.1,SU00043_4_SESS_U00043_4_0
PU00052_4_SESS_U00052_4_0,U00052,SESS_U00052_4_0,2026-06-05 09:14:24,OU00052_4_SESS_U00052_4_0,P0167,34.3,SU00052_4_SESS_U00052_4_0
PU00069_4_SESS_U00069_4_1,U00069,SESS_U00069_4_1,2026-06-05 21:27:45,OU00069_4_SESS_U00069_4_1,P0492,97.58,SU00069_4_SESS_U00069_4_1
PU00100_4_SESS_U00100_4_1,U00100,SESS_U00100_4_1,2026-06-05 19:33:56,OU00100_4_SESS_U00100_4_1,P0381,43.32,SU00100_4_SESS_U00100_4_1
PU00104_4_SESS_U00104_4_0,U00104,SESS_U00104_4_0,2026-06-05 20:27:29,OU00104_4_SESS_U00104_4_0,P0053,282.76,SU00104_4_SESS_U00104_4_0
PU00171_4_SESS_U00171_4_0,U00171,SESS_U00171_4_0,2026-06-05 15:37:58,OU00171_4_SESS_U00171_4_0,P0009,136.23,SU00171_4_SESS_U00171_4_0
PU00191_4_SESS_U00191_4_0,U00191,SESS_U00191_4_0,2026-06-05 17:04:28,OU00191_4_SESS_U00191_4_0,P0061,145.21,SU00191_4_SESS_U00191_4_0
PU00214_4_SESS_U00214_4_0,U00214,SESS_U00214_4_0,2026-06-05 09:22:16,OU00214_4_SESS_U00214_4_0,P0016,23.04,SU00214_4_SESS_U00214_4_0
PU00263_4_SESS_U00263_4_0,U00263,SESS_U00263_4_0,2026-06-05 22:39:15,OU00263_4_SESS_U00263_4_0,P0051,87.51,SU00263_4_SESS_U00263_4_0
PU00269_4_SESS_U00269_4_0,U00269,SESS_U00269_4_0,2026-06-05 11:24:47,OU00269_4_SESS_U00269_4_0,P0002,333.49,SU00269_4_SESS_U00269_4_0
PU00271_4_SESS_U00271_4_0,U00271,SESS_U00271_4_0,2026-06-05 21:52:41,OU00271_4_SESS_U00271_4_0,P0339,173.85,SU00271_4_SESS_U00271_4_0
PU00285_4_SESS_U00285_4_0,U00285,SESS_U00285_4_0,2026-06-05 18:01:29,OU00285_4_SESS_U00285_4_0,P0055,57.03,SU00285_4_SESS_U00285_4_0
PU00296_4_SESS_U00296_4_0,U00296,SESS_U00296_4_0,2026-06-05 14:00:29,OU00296_4_SESS_U00296_4_0,P0235,51.0,SU00296_4_SESS_U00296_4_0
PU00308_4_SESS_U00308_4_1,U00308,SESS_U00308_4_1,2026-06-05 15:15:49,OU00308_4_SESS_U00308_4_1,P0203,50.05,SU00308_4_SESS_U00308_4_1
PU00313_4_SESS_U00313_4_0,U00313,SESS_U00313_4_0,2026-06-05 15:36:10,OU00313_4_SESS_U00313_4_0,P0276,49.12,SU00313_4_SESS_U00313_4_0
PU00330_4_SESS_U00330_4_0,U00330,SESS_U00330_4_0,2026-06-05 17:36:50,OU00330_4_SESS_U00330_4_0,P0381,43.32,SU00330_4_SESS_U00330_4_0
PU00362_4_SESS_U00362_4_0,U00362,SESS_U00362_4_0,2026-06-05 10:36:25,OU00362_4_SESS_U00362_4_0,P0016,23.04,SU00362_4_SESS_U00362_4_0
PU00362_4_SESS_U00362_4_1,U00362,SESS_U00362_4_1,2026-06-05 08:30:54,OU00362_4_SESS_U00362_4_1,P0001,38.71,SU00362_4_SESS_U00362_4_1
PU00377_4_SESS_U00377_4_0,U00377,SESS_U00377_4_0,2026-06-05 14:38:35,OU00377_4_SESS_U00377_4_0,P0032,21.98,SU00377_4_SESS_U00377_4_0
PU00382_4_SESS_U00382_4_0,U00382,SESS_U00382_4_0,2026-06-05 19:42:26,OU00382_4_SESS_U00382_4_0,P0148,81.37,SU00382_4_SESS_U00382_4_0
PU00384_4_SESS_U00384_4_0,U00384,SESS_U00384_4_0,2026-06-05 16:38:28,OU00384_4_SESS_U00384_4_0,P0180,54.19,SU00384_4_SESS_U00384_4_0
PU00444_4_SESS_U00444_4_0,U00444,SESS_U00444_4_0,2026-06-05 07:29:49,OU00444_4_SESS_U00444_4_0,P0102,143.65,SU00444_4_SESS_U00444_4_0
PU00447_4_SESS_U00447_4_0,U00447,SESS_U00447_4_0,2026-06-05 15:38:45,OU00447_4_SESS_U00447_4_0,P0002,333.49,SU00447_4_SESS_U00447_4_0
PU00458_4_SESS_U00458_4_0,U00458,SESS_U00458_4_0,2026-06-05 12:57:45,OU00458_4_SESS_U00458_4_0,P0121,123.43,SU00458_4_SESS_U00458_4_0
PU00458_4_SESS_U00458_4_0,U00458,SESS_U00458_4_0,2026-06-05 17:21:25,OU00458_4_SESS_U00458_4_0,P0109,60.46,SU00458_4_SESS_U00458_4_0
PU00463_4_SESS_U00463_4_0,U00463,SESS_U00463_4_0,2026-06-05 08:21:26,OU00463_4_SESS_U00463_4_0,P0121,123.43,SU00463_4_SESS_U00463_4_0
PU00478_4_SESS_U00478_4_1,U00478,SESS_U00478_4_1,2026-06-05 07:23:50,OU00478_4_SESS_U00478_4_1,P0044,274.16,SU00478_4_SESS_U00478_4_1
PU00478_4_SESS_U00478_4_1,U00478,SESS_U00478_4_1,2026-06-05 08:15:27,OU00478_4_SESS_U00478_4_1,P0008,131.53,SU00478_4_SESS_U00478_4_1
PU00490_4_SESS_U00490_4_0,U00490,SESS_U00490_4_0,2026-06-05 14:52:46,OU00490_4_SESS_U00490_4_0,P0002,333.49,SU00490_4_SESS_U00490_4_0
PU00536_4_SESS_U00536_4_0,U00536,SESS_U00536_4_0,2026-06-05 21:54:40,OU00536_4_SESS_U00536_4_0,P0186,127.3,SU00536_4_SESS_U00536_4_0
PU00547_4_SESS_U00547_4_0,U00547,SESS_U00547_4_0,2026-06-05 21:31:19,OU00547_4_SESS_U00547_4_0,P0138,215.36,SU00547_4_SESS_U00547_4_0
PU00563_4_SESS_U00563_4_1,U00563,SESS_U00563_4_1,2026-06-05 22:50:43,OU00563_4_SESS_U00563_4_1,P0411,106.0,SU00563_4_SESS_U00563_4_1
PU00572_4_SESS_U00572_4_0,U00572,SESS_U00572_4_0,2026-06-05 19:20:30,OU00572_4_SESS_U00572_4_0,P0002,333.49,SU00572_4_SESS_U00572_4_0
PU00572_4_SESS_U00572_4_0,U00572,SESS_U00572_4_0,2026-06-05 10:39:55,OU00572_4_SESS_U00572_4_0,P0210,21.19,SU00572_4_SESS_U00572_4_0
PU00582_4_SESS_U00582_4_0,U00582,SESS_U00582_4_0,2026-06-05 21:30:53,OU00582_4_SESS_U00582_4_0,P0330,63.4,SU00582_4_SESS_U00582_4_0
PU00595_4_SESS_U00595_4_0,U00595,SESS_U00595_4_0,2026-06-05 22:25:17,OU00595_4_SESS_U00595_4_0,P0308,107.04,SU00595_4_SESS_U00595_4_0
PU00597_4_SESS_U00597_4_0,U00597,SESS_U00597_4_0,2026-06-05 19:01:01,OU00597_4_SESS_U00597_4_0,P0033,13.33,SU00597_4_SESS_U00597_4_0
PU00599_4_SESS_U00599_4_0,U00599,SESS_U00599_4_0,2026-06-05 21:34:36,OU00599_4_SESS_U00599_4_0,P0041,35.63,SU00599_4_SESS_U00599_4_0
PU00611_4_SESS_U00611_4_1,U00611,SESS_U00611_4_1,2026-06-05 22:23:38,OU00611_4_SESS_U00611_4_1,P0450,42.97,SU00611_4_SESS_U00611_4_1
PU00632_4_SESS_U00632_4_0,U00632,SESS_U00632_4_0,2026-06-05 22:13:24,OU00632_4_SESS_U00632_4_0,P0009,136.23,SU00632_4_SESS_U00632_4_0
PU00643_4_SESS_U00643_4_0,U00643,SESS_U00643_4_0,2026-06-05 18:46:35,OU00643_4_SESS_U00643_4_0,P0005,49.18,SU00643_4_SESS_U00643_4_0
PU00673_4_SESS_U00673_4_0,U00673,SESS_U00673_4_0,2026-06-05 21:04:50,OU00673_4_SESS_U00673_4_0,P0003,68.02,SU00673_4_SESS_U00673_4_0
PU00705_4_SESS_U00705_4_0,U00705,SESS_U00705_4_0,2026-06-05 11:53:45,OU00705_4_SESS_U00705_4_0,P0494,37.96,SU00705_4_SESS_U00705_4_0
PU00716_4_SESS_U00716_4_0,U00716,SESS_U00716_4_0,2026-06-05 09:30:46,OU00716_4_SESS_U00716_4_0,P0167,34.3,SU00716_4_SESS_U00716_4_0
PU00720_4_SESS_U00720_4_0,U00720,SESS_U00720_4_0,2026-06-05 07:20:59,OU00720_4_SESS_U00720_4_0,P0013,184.81,SU00720_4_SESS_U00720_4_0
PU00729_4_SESS_U00729_4_1,U00729,SESS_U00729_4_1,2026-06-05 17:05:16,OU00729_4_SESS_U00729_4_1,P0438,182.59,SU00729_4_SESS_U00729_4_1
PU00755_4_SESS_U00755_4_0,U00755,SESS_U00755_4_0,2026-06-05 08:56:24,OU00755_4_SESS_U00755_4_0,P0192,315.57,SU00755_4_SESS_U00755_4_0
PU00758_4_SESS_U00758_4_0,U00758,SESS_U00758_4_0,2026-06-05 15:54:18,OU00758_4_SESS_U00758_4_0,P0002,333.49,SU00758_4_SESS_U00758_4_0
PU00761_4_SESS_U00761_4_0,U00761,SESS_U00761_4_0,2026-06-05 20:43:41,OU00761_4_SESS_U00761_4_0,P0263,19.49,SU00761_4_SESS_U00761_4_0
PU00767_4_SESS_U00767_4_0,U00767,SESS_U00767_4_0,2026-06-05 20:15:29,OU00767_4_SESS_U00767_4_0,P0127,124.89,SU00767_4_SESS_U00767_4_0
PU00770_4_SESS_U00770_4_0,U00770,SESS_U00770_4_0,2026-06-05 19:34:32,OU00770_4_SESS_U00770_4_0,P0002,333.49,SU00770_4_SESS_U00770_4_0
PU00013_5_SESS_U00013_5_1,U00013,SESS_U00013_5_1,2026-06-06 18:21:24,OU00013_5_SESS_U00013_5_1,P0488,109.12,SU00013_5_SESS_U00013_5_1
PU00027_5_SESS_U00027_5_0,U00027,SESS_U00027_5_0,2026-06-06 14:08:55,OU00027_5_SESS_U00027_5_0,P0040,44.09,SU00027_5_SESS_U00027_5_0
PU00031_5_SESS_U00031_5_0,U00031,SESS_U00031_5_0,2026-06-06 12:11:39,OU00031_5_SESS_U00031_5_0,P0488,109.12,SU00031_5_SESS_U00031_5_0
PU00049_5_SESS_U00049_5_0,U00049,SESS_U00049_5_0,2026-06-06 16:06:21,OU00049_5_SESS_U00049_5_0,P0112,49.99,SU00049_5_SESS_U00049_5_0
PU00070_5_SESS_U00070_5_0,U00070,SESS_U00070_5_0,2026-06-06 10:50:26,OU00070_5_SESS_U00070_5_0,P0277,177.64,SU00070_5_SESS_U00070_5_0
PU00112_5_SESS_U00112_5_1,U00112,SESS_U00112_5_1,2026-06-06 19:04:32,OU00112_5_SESS_U00112_5_1,P0004,185.62,SU00112_5_SESS_U00112_5_1
PU00168_5_SESS_U00168_5_0,U00168,SESS_U00168_5_0,2026-06-06 08:26:43,OU00168_5_SESS_U00168_5_0,P0211,171.39,SU00168_5_SESS_U00168_5_0
PU00181_5_SESS_U00181_5_0,U00181,SESS_U00181_5_0,2026-06-06 09:59:33,OU00181_5_SESS_U00181_5_0,P0280,177.12,SU00181_5_SESS_U00181_5_0
PU00186_5_SESS_U00186_5_0,U00186,SESS_U00186_5_0,2026-06-06 22:01:24,OU00186_5_SESS_U00186_5_0,P0004,185.62,SU00186_5_SESS_U00186_5_0
PU00198_5_SESS_U00198_5_0,U00198,SESS_U00198_5_0,2026-06-06 21:09:27,OU00198_5_SESS_U00198_5_0,P0112,49.99,SU00198_5_SESS_U00198_5_0
PU00201_5_SESS_U00201_5_0,U00201,SESS_U00201_5_0,2026-06-06 19:50:24,OU00201_5_SESS_U00201_5_0,P0077,273.38,SU00201_5_SESS_U00201_5_0
PU00213_5_SESS_U00213_5_0,U00213,SESS_U00213_5_0,2026-06-06 12:33:30,OU00213_5_SESS_U00213_5_0,P0017,101.71,SU00213_5_SESS_U00213_5_0
PU00216_5_SESS_U00216_5_1,U00216,SESS_U00216_5_1,2026-06-06 09:26:32,OU00216_5_SESS_U00216_5_1,P0023,98.26,SU00216_5_SESS_U00216_5_1
PU00240_5_SESS_U00240_5_0,U00240,SESS_U00240_5_0,2026-06-06 15:26:29,OU00240_5_SESS_U00240_5_0,P0017,101.71,SU00240_5_SESS_U00240_5_0
PU00240_5_SESS_U00240_5_1,U00240,SESS_U00240_5_1,2026-06-06 14:10:28,OU00240_5_SESS_U00240_5_1,P0004,185.62,SU00240_5_SESS_U00240_5_1
PU00303_5_SESS_U00303_5_0,U00303,SESS_U00303_5_0,2026-06-06 11:06:44,OU00303_5_SESS_U00303_5_0,P0288,196.79,SU00303_5_SESS_U00303_5_0
PU00306_5_SESS_U00306_5_0,U00306,SESS_U00306_5_0,2026-06-06 15:07:38,OU00306_5_SESS_U00306_5_0,P0049,124.81,SU00306_5_SESS_U00306_5_0
PU00306_5_SESS_U00306_5_1,U00306,SESS_U00306_5_1,2026-06-06 12:19:33,OU00306_5_SESS_U00306_5_1,P0139,37.82,SU00306_5_SESS_U00306_5_1
PU00325_5_SESS_U00325_5_0,U00325,SESS_U00325_5_0,2026-06-06 18:50:50,OU00325_5_SESS_U00325_5_0,P0001,38.71,SU00325_5_SESS_U00325_5_0
PU00331_5_SESS_U00331_5_0,U00331,SESS_U00331_5_0,2026-06-06 09:47:24,OU00331_5_SESS_U00331_5_0,P0018,106.34,SU00331_5_SESS_U00331_5_0
PU00338_5_SESS_U00338_5_0,U00338,SESS_U00338_5_0,2026-06-06 14:06:38,OU00338_5_SESS_U00338_5_0,P0001,38.71,SU00338_5_SESS_U00338_5_0
PU00340_5_SESS_U00340_5_0,U00340,SESS_U00340_5_0,2026-06-06 14:14:12,OU00340_5_SESS_U00340_5_0,P0091,49.08,SU00340_5_SESS_U00340_5_0
PU00351_5_SESS_U00351_5_0,U00351,SESS_U00351_5_0,2026-06-06 16:11:57,OU00351_5_SESS_U00351_5_0,P0184,308.91,SU00351_5_SESS_U00351_5_0
PU00359_5_SESS_U00359_5_0,U00359,SESS_U00359_5_0,2026-06-06 10:29:50,OU00359_5_SESS_U00359_5_0,P0022,19.44,SU00359_5_SESS_U00359_5_0
PU00384_5_SESS_U00384_5_0,U00384,SESS_U00384_5_0,2026-06-06 10:20:48,OU00384_5_SESS_U00384_5_0,P0083,109.31,SU00384_5_SESS_U00384_5_0
PU00386_5_SESS_U00386_5_0,U00386,SESS_U00386_5_0,2026-06-06 21:33:32,OU00386_5_SESS_U00386_5_0,P0002,333.49,SU00386_5_SESS_U00386_5_0
PU00397_5_SESS_U00397_5_0,U00397,SESS_U00397_5_0,2026-06-06 19:19:53,OU00397_5_SESS_U00397_5_0,P0640,83.48,SU00397_5_SESS_U00397_5_0
PU00406_5_SESS_U00406_5_0,U00406,SESS_U00406_5_0,2026-06-06 12:11:45,OU00406_5_SESS_U00406_5_0,P0001,38.71,SU00406_5_SESS_U00406_5_0
PU00429_5_SESS_U00429_5_0,U00429,SESS_U00429_5_0,2026-06-06 18:22:22,OU00429_5_SESS_U00429_5_0,P0111,97.58,SU00429_5_SESS_U00429_5_0
PU00466_5_SESS_U00466_5_0,U00466,SESS_U00466_5_0,2026-06-06 13:55:25,OU00466_5_SESS_U00466_5_0,P0077,273.38,SU00466_5_SESS_U00466_5_0
PU00493_5_SESS_U00493_5_0,U00493,SESS_U00493_5_0,2026-06-06 20:15:45,OU00493_5_SESS_U00493_5_0,P0002,333.49,SU00493_5_SESS_U00493_5_0
PU00542_5_SESS_U00542_5_0,U00542,SESS_U00542_5_0,2026-06-06 14:10:41,OU00542_5_SESS_U00542_5_0,P0171,208.11,SU00542_5_SESS_U00542_5_0
PU00545_5_SESS_U00545_5_0,U00545,SESS_U00545_5_0,2026-06-06 20:36:24,OU00545_5_SESS_U00545_5_0,P0174,43.26,SU00545_5_SESS_U00545_5_0
PU00564_5_SESS_U00564_5_0,U00564,SESS_U00564_5_0,2026-06-06 18:52:22,OU00564_5_SESS_U00564_5_0,P0005,49.18,SU00564_5_SESS_U00564_5_0
PU00568_5_SESS_U00568_5_0,U00568,SESS_U00568_5_0,2026-06-06 14:50:28,OU00568_5_SESS_U00568_5_0,P0033,13.33,SU00568_5_SESS_U00568_5_0
PU00577_5_SESS_U00577_5_0,U00577,SESS_U00577_5_0,2026-06-06 09:13:48,OU00577_5_SESS_U00577_5_0,P0236,161.71,SU00577_5_SESS_U00577_5_0
PU00577_5_SESS_U00577_5_1,U00577,SESS_U00577_5_1,2026-06-06 13:52:25,OU00577_5_SESS_U00577_5_1,P0075,134.56,SU00577_5_SESS_U00577_5_1
PU00582_5_SESS_U00582_5_0,U00582,SESS_U00582_5_0,2026-06-06 09:40:51,OU00582_5_SESS_U00582_5_0,P0227,146.28,SU00582_5_SESS_U00582_5_0
PU00588_5_SESS_U00588_5_0,U00588,SESS_U00588_5_0,2026-06-06 14:45:41,OU00588_5_SESS_U00588_5_0,P0002,333.49,SU00588_5_SESS_U00588_5_0
PU00591_5_SESS_U00591_5_0,U00591,SESS_U00591_5_0,2026-06-06 19:12:43,OU00591_5_SESS_U00591_5_0,P0074,151.4,SU00591_5_SESS_U00591_5_0
PU00599_5_SESS_U00599_5_0,U00599,SESS_U00599_5_0,2026-06-06 15:22:53,OU00599_5_SESS_U00599_5_0,P0002,333.49,SU00599_5_SESS_U00599_5_0
PU00606_5_SESS_U00606_5_0,U00606,SESS_U00606_5_0,2026-06-06 13:50:54,OU00606_5_SESS_U00606_5_0,P0027,81.89,SU00606_5_SESS_U00606_5_0
PU00614_5_SESS_U00614_5_0,U00614,SESS_U00614_5_0,2026-06-06 16:13:57,OU00614_5_SESS_U00614_5_0,P0036,150.3,SU00614_5_SESS_U00614_5_0
PU00619_5_SESS_U00619_5_0,U00619,SESS_U00619_5_0,2026-06-06 17:09:17,OU00619_5_SESS_U00619_5_0,P0285,208.72,SU00619_5_SESS_U00619_5_0
PU00632_5_SESS_U00632_5_0,U00632,SESS_U00632_5_0,2026-06-06 14:59:33,OU00632_5_SESS_U00632_5_0,P0016,23.04,SU00632_5_SESS_U00632_5_0
PU00642_5_SESS_U00642_5_0,U00642,SESS_U00642_5_0,2026-06-06 11:11:36,OU00642_5_SESS_U00642_5_0,P0264,105.34,SU00642_5_SESS_U00642_5_0
PU00676_5_SESS_U00676_5_1,U00676,SESS_U00676_5_1,2026-06-06 08:22:22,OU00676_5_SESS_U00676_5_1,P0088,60.28,SU00676_5_SESS_U00676_5_1
PU00678_5_SESS_U00678_5_0,U00678,SESS_U00678_5_0,2026-06-06 17:05:41,OU00678_5_SESS_U00678_5_0,P0006,59.46,SU00678_5_SESS_U00678_5_0
PU00722_5_SESS_U00722_5_0,U00722,SESS_U00722_5_0,2026-06-06 12:26:20,OU00722_5_SESS_U00722_5_0,P0004,185.62,SU00722_5_SESS_U00722_5_0
PU00723_5_SESS_U00723_5_0,U00723,SESS_U00723_5_0,2026-06-06 08:34:21,OU00723_5_SESS_U00723_5_0,P0488,109.12,SU00723_5_SESS_U00723_5_0
PU00730_5_SESS_U00730_5_0,U00730,SESS_U00730_5_0,2026-06-06 19:37:32,OU00730_5_SESS_U00730_5_0,P0001,38.71,SU00730_5_SESS_U00730_5_0
PU00759_5_SESS_U00759_5_0,U00759,SESS_U00759_5_0,2026-06-06 20:27:12,OU00759_5_SESS_U00759_5_0,P0063,292.63,SU00759_5_SESS_U00759_5_0
PU00761_5_SESS_U00761_5_1,U00761,SESS_U00761_5_1,2026-06-06 19:58:43,OU00761_5_SESS_U00761_5_1,P0021,219.97,SU00761_5_SESS_U00761_5_1
PU00784_5_SESS_U00784_5_0,U00784,SESS_U00784_5_0,2026-06-06 22:07:35,OU00784_5_SESS_U00784_5_0,P0002,333.49,SU00784_5_SESS_U00784_5_0
PU00793_5_SESS_U00793_5_0,U00793,SESS_U00793_5_0,2026-06-06 17:54:45,OU00793_5_SESS_U00793_5_0,P0010,66.06,SU00793_5_SESS_U00793_5_0
PU00008_6_SESS_U00008_6_0,U00008,SESS_U00008_6_0,2026-06-07 19:20:47,OU00008_6_SESS_U00008_6_0,P0003,68.02,SU00008_6_SESS_U00008_6_0
PU00008_6_SESS_U00008_6_0,U00008,SESS_U00008_6_0,2026-06-07 20:52:21,OU00008_6_SESS_U00008_6_0,P0013,184.81,SU00008_6_SESS_U00008_6_0
PU00009_6_SESS_U00009_6_0,U00009,SESS_U00009_6_0,2026-06-07 19:20:39,OU00009_6_SESS_U00009_6_0,P0166,127.27,SU00009_6_SESS_U00009_6_0
PU00017_6_SESS_U00017_6_0,U00017,SESS_U00017_6_0,2026-06-07 22:17:31,OU00017_6_SESS_U00017_6_0,P0079,85.28,SU00017_6_SESS_U00017_6_0
PU00026_6_SESS_U00026_6_0,U00026,SESS_U00026_6_0,2026-06-07 07:53:27,OU00026_6_SESS_U00026_6_0,P0002,333.49,SU00026_6_SESS_U00026_6_0
PU00034_6_SESS_U00034_6_0,U00034,SESS_U00034_6_0,2026-06-07 10:47:29,OU00034_6_SESS_U00034_6_0,P0004,185.62,SU00034_6_SESS_U00034_6_0
PU00034_6_SESS_U00034_6_1,U00034,SESS_U00034_6_1,2026-06-07 10:02:25,OU00034_6_SESS_U00034_6_1,P0002,333.49,SU00034_6_SESS_U00034_6_1
PU00034_6_SESS_U00034_6_1,U00034,SESS_U00034_6_1,2026-06-07 16:35:19,OU00034_6_SESS_U00034_6_1,P0010,66.06,SU00034_6_SESS_U00034_6_1
PU00038_6_SESS_U00038_6_0,U00038,SESS_U00038_6_0,2026-06-07 20:52:36,OU00038_6_SESS_U00038_6_0,P0004,185.62,SU00038_6_SESS_U00038_6_0
PU00038_6_SESS_U00038_6_0,U00038,SESS_U00038_6_0,2026-06-07 14:57:19,OU00038_6_SESS_U00038_6_0,P0002,333.49,SU00038_6_SESS_U00038_6_0
PU00053_6_SESS_U00053_6_0,U00053,SESS_U00053_6_0,2026-06-07 15:28:18,OU00053_6_SESS_U00053_6_0,P0411,106.0,SU00053_6_SESS_U00053_6_0
PU00109_6_SESS_U00109_6_0,U00109,SESS_U00109_6_0,2026-06-07 13:31:33,OU00109_6_SESS_U00109_6_0,P0013,184.81,SU00109_6_SESS_U00109_6_0
PU00110_6_SESS_U00110_6_0,U00110,SESS_U00110_6_0,2026-06-07 21:49:57,OU00110_6_SESS_U00110_6_0,P0014,57.91,SU00110_6_SESS_U00110_6_0
PU00114_6_SESS_U00114_6_0,U00114,SESS_U00114_6_0,2026-06-07 20:57:51,OU00114_6_SESS_U00114_6_0,P0069,36.56,SU00114_6_SESS_U00114_6_0
PU00117_6_SESS_U00117_6_0,U00117,SESS_U00117_6_0,2026-06-07 18:24:19,OU00117_6_SESS_U00117_6_0,P0531,74.66,SU00117_6_SESS_U00117_6_0
PU00126_6_SESS_U00126_6_0,U00126,SESS_U00126_6_0,2026-06-07 08:35:26,OU00126_6_SESS_U00126_6_0,P0101,10.58,SU00126_6_SESS_U00126_6_0
PU00126_6_SESS_U00126_6_0,U00126,SESS_U00126_6_0,2026-06-07 11:44:50,OU00126_6_SESS_U00126_6_0,P0156,27.85,SU00126_6_SESS_U00126_6_0
PU00138_6_SESS_U00138_6_0,U00138,SESS_U00138_6_0,2026-06-07 22:40:25,OU00138_6_SESS_U00138_6_0,P0118,37.75,SU00138_6_SESS_U00138_6_0
PU00143_6_SESS_U00143_6_0,U00143,SESS_U00143_6_0,2026-06-07 14:20:08,OU00143_6_SESS_U00143_6_0,P0002,333.49,SU00143_6_SESS_U00143_6_0
PU00152_6_SESS_U00152_6_0,U00152,SESS_U00152_6_0,2026-06-07 20:30:40,OU00152_6_SESS_U00152_6_0,P0044,274.16,SU00152_6_SESS_U00152_6_0
PU00162_6_SESS_U00162_6_0,U00162,SESS_U00162_6_0,2026-06-07 22:55:42,OU00162_6_SESS_U00162_6_0,P0166,127.27,SU00162_6_SESS_U00162_6_0
PU00163_6_SESS_U00163_6_0,U00163,SESS_U00163_6_0,2026-06-07 15:20:26,OU00163_6_SESS_U00163_6_0,P0058,80.65,SU00163_6_SESS_U00163_6_0
PU00207_6_SESS_U00207_6_0,U00207,SESS_U00207_6_0,2026-06-07 15:17:31,OU00207_6_SESS_U00207_6_0,P0018,106.34,SU00207_6_SESS_U00207_6_0
PU00208_6_SESS_U00208_6_0,U00208,SESS_U00208_6_0,2026-06-07 11:49:35,OU00208_6_SESS_U00208_6_0,P0049,124.81,SU00208_6_SESS_U00208_6_0
PU00208_6_SESS_U00208_6_0,U00208,SESS_U00208_6_0,2026-06-07 12:18:42,OU00208_6_SESS_U00208_6_0,P0263,19.49,SU00208_6_SESS_U00208_6_0
PU00228_6_SESS_U00228_6_0,U00228,SESS_U00228_6_0,2026-06-07 18:12:50,OU00228_6_SESS_U00228_6_0,P0092,253.94,SU00228_6_SESS_U00228_6_0
PU00255_6_SESS_U00255_6_0,U00255,SESS_U00255_6_0,2026-06-07 22:06:33,OU00255_6_SESS_U00255_6_0,P0514,159.24,SU00255_6_SESS_U00255_6_0
PU00264_6_SESS_U00264_6_0,U00264,SESS_U00264_6_0,2026-06-07 16:43:42,OU00264_6_SESS_U00264_6_0,P0005,49.18,SU00264_6_SESS_U00264_6_0
PU00271_6_SESS_U00271_6_0,U00271,SESS_U00271_6_0,2026-06-07 13:30:34,OU00271_6_SESS_U00271_6_0,P0080,17.5,SU00271_6_SESS_U00271_6_0
PU00274_6_SESS_U00274_6_0,U00274,SESS_U00274_6_0,2026-06-07 08:26:38,OU00274_6_SESS_U00274_6_0,P0245,20.18,SU00274_6_SESS_U00274_6_0
PU00285_6_SESS_U00285_6_0,U00285,SESS_U00285_6_0,2026-06-07 08:06:57,OU00285_6_SESS_U00285_6_0,P0467,31.43,SU00285_6_SESS_U00285_6_0
PU00326_6_SESS_U00326_6_0,U00326,SESS_U00326_6_0,2026-06-07 21:49:38,OU00326_6_SESS_U00326_6_0,P0044,274.16,SU00326_6_SESS_U00326_6_0
PU00334_6_SESS_U00334_6_0,U00334,SESS_U00334_6_0,2026-06-07 22:28:44,OU00334_6_SESS_U00334_6_0,P0615,193.45,SU00334_6_SESS_U00334_6_0
PU00336_6_SESS_U00336_6_0,U00336,SESS_U00336_6_0,2026-06-07 09:56:18,OU00336_6_SESS_U00336_6_0,P0002,333.49,SU00336_6_SESS_U00336_6_0
PU00365_6_SESS_U00365_6_0,U00365,SESS_U00365_6_0,2026-06-07 15:02:12,OU00365_6_SESS_U00365_6_0,P0111,97.58,SU00365_6_SESS_U00365_6_0
PU00469_6_SESS_U00469_6_0,U00469,SESS_U00469_6_0,2026-06-07 14:31:35,OU00469_6_SESS_U00469_6_0,P0227,146.28,SU00469_6_SESS_U00469_6_0
PU00470_6_SESS_U00470_6_0,U00470,SESS_U00470_6_0,2026-06-07 14:11:39,OU00470_6_SESS_U00470_6_0,P0004,185.62,SU00470_6_SESS_U00470_6_0
PU00492_6_SESS_U00492_6_0,U00492,SESS_U00492_6_0,2026-06-07 18:04:47,OU00492_6_SESS_U00492_6_0,P0086,123.94,SU00492_6_SESS_U00492_6_0
PU00512_6_SESS_U00512_6_0,U00512,SESS_U00512_6_0,2026-06-07 19:03:26,OU00512_6_SESS_U00512_6_0,P0002,333.49,SU00512_6_SESS_U00512_6_0
PU00568_6_SESS_U00568_6_0,U00568,SESS_U00568_6_0,2026-06-07 17:30:08,OU00568_6_SESS_U00568_6_0,P0112,49.99,SU00568_6_SESS_U00568_6_0
PU00571_6_SESS_U00571_6_0,U00571,SESS_U00571_6_0,2026-06-07 19:32:29,OU00571_6_SESS_U00571_6_0,P0002,333.49,SU00571_6_SESS_U00571_6_0
PU00598_6_SESS_U00598_6_0,U00598,SESS_U00598_6_0,2026-06-07 15:44:29,OU00598_6_SESS_U00598_6_0,P0001,38.71,SU00598_6_SESS_U00598_6_0
PU00635_6_SESS_U00635_6_0,U00635,SESS_U00635_6_0,2026-06-07 09:51:44,OU00635_6_SESS_U00635_6_0,P0002,333.49,SU00635_6_SESS_U00635_6_0
PU00642_6_SESS_U00642_6_0,U00642,SESS_U00642_6_0,2026-06-07 07:36:28,OU00642_6_SESS_U00642_6_0,P0156,27.85,SU00642_6_SESS_U00642_6_0
PU00671_6_SESS_U00671_6_0,U00671,SESS_U00671_6_0,2026-06-07 22:39:26,OU00671_6_SESS_U00671_6_0,P0075,134.56,SU00671_6_SESS_U00671_6_0
PU00672_6_SESS_U00672_6_0,U00672,SESS_U00672_6_0,2026-06-07 22:57:43,OU00672_6_SESS_U00672_6_0,P0154,100.87,SU00672_6_SESS_U00672_6_0
PU00707_6_SESS_U00707_6_0,U00707,SESS_U00707_6_0,2026-06-07 09:37:27,OU00707_6_SESS_U00707_6_0,P0031,218.53,SU00707_6_SESS_U00707_6_0
PU00721_6_SESS_U00721_6_1,U00721,SESS_U00721_6_1,2026-06-07 07:18:16,OU00721_6_SESS_U00721_6_1,P0028,82.96,SU00721_6_SESS_U00721_6_1
PU00722_6_SESS_U00722_6_0,U00722,SESS_U00722_6_0,2026-06-07 10:22:39,OU00722_6_SESS_U00722_6_0,P0013,184.81,SU00722_6_SESS_U00722_6_0
PU00727_6_SESS_U00727_6_0,U00727,SESS_U00727_6_0,2026-06-07 18:53:42,OU00727_6_SESS_U00727_6_0,P0013,184.81,SU00727_6_SESS_U00727_6_0
PU00730_6_SESS_U00730_6_0,U00730,SESS_U00730_6_0,2026-06-07 18:12:42,OU00730_6_SESS_U00730_6_0,P0111,97.58,SU00730_6_SESS_U00730_6_0
PU00736_6_SESS_U00736_6_0,U00736,SESS_U00736_6_0,2026-06-07 22:30:46,OU00736_6_SESS_U00736_6_0,P0051,87.51,SU00736_6_SESS_U00736_6_0
PU00737_6_SESS_U00737_6_0,U00737,SESS_U00737_6_0,2026-06-07 07:26:44,OU00737_6_SESS_U00737_6_0,P0149,19.1,SU00737_6_SESS_U00737_6_0
PU00749_6_SESS_U00749_6_1,U00749,SESS_U00749_6_1,2026-06-07 21:02:15,OU00749_6_SESS_U00749_6_1,P0014,57.91,SU00749_6_SESS_U00749_6_1
PU00779_6_SESS_U00779_6_0,U00779,SESS_U00779_6_0,2026-06-07 16:45:34,OU00779_6_SESS_U00779_6_0,P0012,175.34,SU00779_6_SESS_U00779_6_0
PU00783_6_SESS_U00783_6_0,U00783,SESS_U00783_6_0,2026-06-07 10:12:59,OU00783_6_SESS_U00783_6_0,P0009,136.23,SU00783_6_SESS_U00783_6_0
PU00790_6_SESS_U00790_6_0,U00790,SESS_U00790_6_0,2026-06-07 18:36:42,OU00790_6_SESS_U00790_6_0,P0276,49.12,SU00790_6_SESS_U00790_6_0
PU00001_7_SESS_U00001_7_0,U00001,SESS_U00001_7_0,2026-06-08 07:42:36,OU00001_7_SESS_U00001_7_0,P0236,161.71,SU00001_7_SESS_U00001_7_0
PU00004_7_SESS_U00004_7_0,U00004,SESS_U00004_7_0,2026-06-08 15:54:40,OU00004_7_SESS_U00004_7_0,P0009,136.23,SU00004_7_SESS_U00004_7_0
PU00030_7_SESS_U00030_7_0,U00030,SESS_U00030_7_0,2026-06-08 22:23:35,OU00030_7_SESS_U00030_7_0,P0002,333.49,SU00030_7_SESS_U00030_7_0
PU00031_7_SESS_U00031_7_0,U00031,SESS_U00031_7_0,2026-06-08 13:14:35,OU00031_7_SESS_U00031_7_0,P0190,60.79,SU00031_7_SESS_U00031_7_0
PU00031_7_SESS_U00031_7_0,U00031,SESS_U00031_7_0,2026-06-08 10:07:48,OU00031_7_SESS_U00031_7_0,P0165,45.25,SU00031_7_SESS_U00031_7_0
PU00076_7_SESS_U00076_7_0,U00076,SESS_U00076_7_0,2026-06-08 09:05:25,OU00076_7_SESS_U00076_7_0,P0152,62.13,SU00076_7_SESS_U00076_7_0
PU00092_7_SESS_U00092_7_0,U00092,SESS_U00092_7_0,2026-06-08 20:22:21,OU00092_7_SESS_U00092_7_0,P0002,333.49,SU00092_7_SESS_U00092_7_0
PU00092_7_SESS_U00092_7_0,U00092,SESS_U00092_7_0,2026-06-08 08:19:56,OU00092_7_SESS_U00092_7_0,P0123,55.88,SU00092_7_SESS_U00092_7_0
PU00118_7_SESS_U00118_7_0,U00118,SESS_U00118_7_0,2026-06-08 17:04:49,OU00118_7_SESS_U00118_7_0,P0135,171.15,SU00118_7_SESS_U00118_7_0
PU00118_7_SESS_U00118_7_0,U00118,SESS_U00118_7_0,2026-06-08 21:00:53,OU00118_7_SESS_U00118_7_0,P0116,160.08,SU00118_7_SESS_U00118_7_0
PU00128_7_SESS_U00128_7_0,U00128,SESS_U00128_7_0,2026-06-08 15:58:37,OU00128_7_SESS_U00128_7_0,P0171,208.11,SU00128_7_SESS_U00128_7_0
PU00135_7_SESS_U00135_7_0,U00135,SESS_U00135_7_0,2026-06-08 19:21:44,OU00135_7_SESS_U00135_7_0,P0041,35.63,SU00135_7_SESS_U00135_7_0
PU00183_7_SESS_U00183_7_0,U00183,SESS_U00183_7_0,2026-06-08 07:34:18,OU00183_7_SESS_U00183_7_0,P0004,185.62,SU00183_7_SESS_U00183_7_0
PU00184_7_SESS_U00184_7_0,U00184,SESS_U00184_7_0,2026-06-08 09:55:38,OU00184_7_SESS_U00184_7_0,P0016,23.04,SU00184_7_SESS_U00184_7_0
PU00184_7_SESS_U00184_7_0,U00184,SESS_U00184_7_0,2026-06-08 18:55:08,OU00184_7_SESS_U00184_7_0,P0101,10.58,SU00184_7_SESS_U00184_7_0
PU00185_7_SESS_U00185_7_0,U00185,SESS_U00185_7_0,2026-06-08 16:46:36,OU00185_7_SESS_U00185_7_0,P0024,38.04,SU00185_7_SESS_U00185_7_0
PU00203_7_SESS_U00203_7_0,U00203,SESS_U00203_7_0,2026-06-08 21:28:18,OU00203_7_SESS_U00203_7_0,P0086,123.94,SU00203_7_SESS_U00203_7_0
PU00225_7_SESS_U00225_7_0,U00225,SESS_U00225_7_0,2026-06-08 13:43:36,OU00225_7_SESS_U00225_7_0,P0197,162.45,SU00225_7_SESS_U00225_7_0
PU00226_7_SESS_U00226_7_0,U00226,SESS_U00226_7_0,2026-06-08 19:57:30,OU00226_7_SESS_U00226_7_0,P0002,333.49,SU00226_7_SESS_U00226_7_0
PU00234_7_SESS_U00234_7_0,U00234,SESS_U00234_7_0,2026-06-08 22:44:50,OU00234_7_SESS_U00234_7_0,P0427,93.44,SU00234_7_SESS_U00234_7_0
PU00245_7_SESS_U00245_7_0,U00245,SESS_U00245_7_0,2026-06-08 07:31:15,OU00245_7_SESS_U00245_7_0,P0047,103.84,SU00245_7_SESS_U00245_7_0
PU00254_7_SESS_U00254_7_1,U00254,SESS_U00254_7_1,2026-06-08 13:56:44,OU00254_7_SESS_U00254_7_1,P0002,333.49,SU00254_7_SESS_U00254_7_1
PU00280_7_SESS_U00280_7_0,U00280,SESS_U00280_7_0,2026-06-08 11:48:15,OU00280_7_SESS_U00280_7_0,P0120,86.43,SU00280_7_SESS_U00280_7_0
PU00294_7_SESS_U00294_7_0,U00294,SESS_U00294_7_0,2026-06-08 18:47:58,OU00294_7_SESS_U00294_7_0,P0004,185.62,SU00294_7_SESS_U00294_7_0
PU00295_7_SESS_U00295_7_0,U00295,SESS_U00295_7_0,2026-06-08 10:30:53,OU00295_7_SESS_U00295_7_0,P0119,314.01,SU00295_7_SESS_U00295_7_0
PU00314_7_SESS_U00314_7_0,U00314,SESS_U00314_7_0,2026-06-08 12:56:52,OU00314_7_SESS_U00314_7_0,P0310,66.98,SU00314_7_SESS_U00314_7_0
PU00331_7_SESS_U00331_7_1,U00331,SESS_U00331_7_1,2026-06-08 08:59:45,OU00331_7_SESS_U00331_7_1,P0002,333.49,SU00331_7_SESS_U00331_7_1
PU00355_7_SESS_U00355_7_0,U00355,SESS_U00355_7_0,2026-06-08 22:59:00,OU00355_7_SESS_U00355_7_0,P0111,97.58,SU00355_7_SESS_U00355_7_0
PU00357_7_SESS_U00357_7_0,U00357,SESS_U00357_7_0,2026-06-08 16:16:40,OU00357_7_SESS_U00357_7_0,P0038,25.48,SU00357_7_SESS_U00357_7_0
PU00361_7_SESS_U00361_7_0,U00361,SESS_U00361_7_0,2026-06-08 08:08:31,OU00361_7_SESS_U00361_7_0,P0075,134.56,SU00361_7_SESS_U00361_7_0
PU00382_7_SESS_U00382_7_0,U00382,SESS_U00382_7_0,2026-06-08 09:20:29,OU00382_7_SESS_U00382_7_0,P0060,75.43,SU00382_7_SESS_U00382_7_0
PU00393_7_SESS_U00393_7_0,U00393,SESS_U00393_7_0,2026-06-08 16:35:33,OU00393_7_SESS_U00393_7_0,P0013,184.81,SU00393_7_SESS_U00393_7_0
PU00400_7_SESS_U00400_7_1,U00400,SESS_U00400_7_1,2026-06-08 17:34:56,OU00400_7_SESS_U00400_7_1,P0051,87.51,SU00400_7_SESS_U00400_7_1
PU00402_7_SESS_U00402_7_0,U00402,SESS_U00402_7_0,2026-06-08 17:56:40,OU00402_7_SESS_U00402_7_0,P0397,302.57,SU00402_7_SESS_U00402_7_0
PU00429_7_SESS_U00429_7_0,U00429,SESS_U00429_7_0,2026-06-08 07:36:37,OU00429_7_SESS_U00429_7_0,P0001,38.71,SU00429_7_SESS_U00429_7_0
PU00429_7_SESS_U00429_7_0,U00429,SESS_U00429_7_0,2026-06-08 09:20:21,OU00429_7_SESS_U00429_7_0,P0002,333.49,SU00429_7_SESS_U00429_7_0
PU00430_7_SESS_U00430_7_0,U00430,SESS_U00430_7_0,2026-06-08 07:40:27,OU00430_7_SESS_U00430_7_0,P0092,253.94,SU00430_7_SESS_U00430_7_0
PU00450_7_SESS_U00450_7_0,U00450,SESS_U00450_7_0,2026-06-08 17:44:28,OU00450_7_SESS_U00450_7_0,P0218,166.76,SU00450_7_SESS_U00450_7_0
PU00450_7_SESS_U00450_7_0,U00450,SESS_U00450_7_0,2026-06-08 21:33:16,OU00450_7_SESS_U00450_7_0,P0046,236.94,SU00450_7_SESS_U00450_7_0
PU00462_7_SESS_U00462_7_0,U00462,SESS_U00462_7_0,2026-06-08 13:10:19,OU00462_7_SESS_U00462_7_0,P0421,240.6,SU00462_7_SESS_U00462_7_0
PU00487_7_SESS_U00487_7_0,U00487,SESS_U00487_7_0,2026-06-08 22:41:50,OU00487_7_SESS_U00487_7_0,P0186,127.3,SU00487_7_SESS_U00487_7_0
PU00492_7_SESS_U00492_7_0,U00492,SESS_U00492_7_0,2026-06-08 11:30:23,OU00492_7_SESS_U00492_7_0,P0083,109.31,SU00492_7_SESS_U00492_7_0
PU00545_7_SESS_U00545_7_0,U00545,SESS_U00545_7_0,2026-06-08 16:00:01,OU00545_7_SESS_U00545_7_0,P0012,175.34,SU00545_7_SESS_U00545_7_0
PU00545_7_SESS_U00545_7_1,U00545,SESS_U00545_7_1,2026-06-08 13:03:33,OU00545_7_SESS_U00545_7_1,P0565,79.34,SU00545_7_SESS_U00545_7_1
PU00562_7_SESS_U00562_7_0,U00562,SESS_U00562_7_0,2026-06-08 20:21:53,OU00562_7_SESS_U00562_7_0,P0043,30.33,SU00562_7_SESS_U00562_7_0
PU00562_7_SESS_U00562_7_0,U00562,SESS_U00562_7_0,2026-06-08 15:34:52,OU00562_7_SESS_U00562_7_0,P0277,177.64,SU00562_7_SESS_U00562_7_0
PU00563_7_SESS_U00563_7_0,U00563,SESS_U00563_7_0,2026-06-08 11:20:49,OU00563_7_SESS_U00563_7_0,P0060,75.43,SU00563_7_SESS_U00563_7_0
PU00568_7_SESS_U00568_7_0,U00568,SESS_U00568_7_0,2026-06-08 16:54:38,OU00568_7_SESS_U00568_7_0,P0074,151.4,SU00568_7_SESS_U00568_7_0
PU00568_7_SESS_U00568_7_1,U00568,SESS_U00568_7_1,2026-06-08 15:11:08,OU00568_7_SESS_U00568_7_1,P0183,83.82,SU00568_7_SESS_U00568_7_1
PU00577_7_SESS_U00577_7_0,U00577,SESS_U00577_7_0,2026-06-08 13:09:25,OU00577_7_SESS_U00577_7_0,P0072,81.57,SU00577_7_SESS_U00577_7_0
PU00579_7_SESS_U00579_7_0,U00579,SESS_U00579_7_0,2026-06-08 20:44:28,OU00579_7_SESS_U00579_7_0,P0012,175.34,SU00579_7_SESS_U00579_7_0
PU00584_7_SESS_U00584_7_0,U00584,SESS_U00584_7_0,2026-06-08 21:15:28,OU00584_7_SESS_U00584_7_0,P0421,240.6,SU00584_7_SESS_U00584_7_0
PU00605_7_SESS_U00605_7_0,U00605,SESS_U00605_7_0,2026-06-08 15:51:44,OU00605_7_SESS_U00605_7_0,P0246,168.89,SU00605_7_SESS_U00605_7_0
PU00616_7_SESS_U00616_7_0,U00616,SESS_U00616_7_0,2026-06-08 14:00:29,OU00616_7_SESS_U00616_7_0,P0075,134.56,SU00616_7_SESS_U00616_7_0
PU00622_7_SESS_U00622_7_0,U00622,SESS_U00622_7_0,2026-06-08 12:06:27,OU00622_7_SESS_U00622_7_0,P0080,17.5,SU00622_7_SESS_U00622_7_0
PU00630_7_SESS_U00630_7_0,U00630,SESS_U00630_7_0,2026-06-08 21:40:42,OU00630_7_SESS_U00630_7_0,P0055,57.03,SU00630_7_SESS_U00630_7_0
PU00638_7_SESS_U00638_7_0,U00638,SESS_U00638_7_0,2026-06-08 20:55:38,OU00638_7_SESS_U00638_7_0,P0002,333.49,SU00638_7_SESS_U00638_7_0
PU00646_7_SESS_U00646_7_1,U00646,SESS_U00646_7_1,2026-06-08 07:30:20,OU00646_7_SESS_U00646_7_1,P0146,17.09,SU00646_7_SESS_U00646_7_1
PU00647_7_SESS_U00647_7_0,U00647,SESS_U00647_7_0,2026-06-08 14:04:44,OU00647_7_SESS_U00647_7_0,P0243,138.25,SU00647_7_SESS_U00647_7_0
PU00663_7_SESS_U00663_7_0,U00663,SESS_U00663_7_0,2026-06-08 19:44:43,OU00663_7_SESS_U00663_7_0,P0261,139.15,SU00663_7_SESS_U00663_7_0
PU00680_7_SESS_U00680_7_0,U00680,SESS_U00680_7_0,2026-06-08 16:09:23,OU00680_7_SESS_U00680_7_0,P0003,68.02,SU00680_7_SESS_U00680_7_0
PU00684_7_SESS_U00684_7_0,U00684,SESS_U00684_7_0,2026-06-08 09:09:30,OU00684_7_SESS_U00684_7_0,P0101,10.58,SU00684_7_SESS_U00684_7_0
PU00721_7_SESS_U00721_7_1,U00721,SESS_U00721_7_1,2026-06-08 23:10:40,OU00721_7_SESS_U00721_7_1,P0506,34.44,SU00721_7_SESS_U00721_7_1
PU00750_7_SESS_U00750_7_1,U00750,SESS_U00750_7_1,2026-06-08 21:57:59,OU00750_7_SESS_U00750_7_1,P0232,183.38,SU00750_7_SESS_U00750_7_1
PU00757_7_SESS_U00757_7_0,U00757,SESS_U00757_7_0,2026-06-08 11:14:14,OU00757_7_SESS_U00757_7_0,P0005,49.18,SU00757_7_SESS_U00757_7_0
PU00766_7_SESS_U00766_7_0,U00766,SESS_U00766_7_0,2026-06-08 13:21:48,OU00766_7_SESS_U00766_7_0,P0133,28.54,SU00766_7_SESS_U00766_7_0
PU00780_7_SESS_U00780_7_0,U00780,SESS_U00780_7_0,2026-06-08 23:10:44,OU00780_7_SESS_U00780_7_0,P0005,49.18,SU00780_7_SESS_U00780_7_0
PU00792_7_SESS_U00792_7_0,U00792,SESS_U00792_7_0,2026-06-08 21:49:27,OU00792_7_SESS_U00792_7_0,P0080,17.5,SU00792_7_SESS_U00792_7_0
PU00799_7_SESS_U00799_7_0,U00799,SESS_U00799_7_0,2026-06-08 19:00:50,OU00799_7_SESS_U00799_7_0,P0002,333.49,SU00799_7_SESS_U00799_7_0
PU00002_8_SESS_U00002_8_0,U00002,SESS_U00002_8_0,2026-06-09 16:36:57,OU00002_8_SESS_U00002_8_0,P0002,333.49,SU00002_8_SESS_U00002_8_0
PU00005_8_SESS_U00005_8_0,U00005,SESS_U00005_8_0,2026-06-09 13:35:37,OU00005_8_SESS_U00005_8_0,P0072,81.57,SU00005_8_SESS_U00005_8_0
PU00034_8_SESS_U00034_8_0,U00034,SESS_U00034_8_0,2026-06-09 16:02:43,OU00034_8_SESS_U00034_8_0,P0012,175.34,SU00034_8_SESS_U00034_8_0
PU00049_8_SESS_U00049_8_0,U00049,SESS_U00049_8_0,2026-06-09 19:01:36,OU00049_8_SESS_U00049_8_0,P0016,23.04,SU00049_8_SESS_U00049_8_0
PU00081_8_SESS_U00081_8_0,U00081,SESS_U00081_8_0,2026-06-09 16:17:49,OU00081_8_SESS_U00081_8_0,P0222,205.38,SU00081_8_SESS_U00081_8_0
PU00093_8_SESS_U00093_8_1,U00093,SESS_U00093_8_1,2026-06-09 15:20:29,OU00093_8_SESS_U00093_8_1,P0566,93.41,SU00093_8_SESS_U00093_8_1
PU00106_8_SESS_U00106_8_0,U00106,SESS_U00106_8_0,2026-06-09 08:54:24,OU00106_8_SESS_U00106_8_0,P0033,13.33,SU00106_8_SESS_U00106_8_0
PU00108_8_SESS_U00108_8_0,U00108,SESS_U00108_8_0,2026-06-09 08:32:42,OU00108_8_SESS_U00108_8_0,P0002,333.49,SU00108_8_SESS_U00108_8_0
PU00113_8_SESS_U00113_8_0,U00113,SESS_U00113_8_0,2026-06-09 17:24:38,OU00113_8_SESS_U00113_8_0,P0056,139.22,SU00113_8_SESS_U00113_8_0
PU00117_8_SESS_U00117_8_0,U00117,SESS_U00117_8_0,2026-06-09 19:38:52,OU00117_8_SESS_U00117_8_0,P0107,131.96,SU00117_8_SESS_U00117_8_0
PU00142_8_SESS_U00142_8_0,U00142,SESS_U00142_8_0,2026-06-09 10:21:34,OU00142_8_SESS_U00142_8_0,P0024,38.04,SU00142_8_SESS_U00142_8_0
PU00144_8_SESS_U00144_8_0,U00144,SESS_U00144_8_0,2026-06-09 15:33:38,OU00144_8_SESS_U00144_8_0,P0011,21.9,SU00144_8_SESS_U00144_8_0
PU00149_8_SESS_U00149_8_0,U00149,SESS_U00149_8_0,2026-06-09 11:10:49,OU00149_8_SESS_U00149_8_0,P0016,23.04,SU00149_8_SESS_U00149_8_0
PU00156_8_SESS_U00156_8_0,U00156,SESS_U00156_8_0,2026-06-09 11:59:41,OU00156_8_SESS_U00156_8_0,P0450,42.97,SU00156_8_SESS_U00156_8_0
PU00162_8_SESS_U00162_8_0,U00162,SESS_U00162_8_0,2026-06-09 16:03:41,OU00162_8_SESS_U00162_8_0,P0048,119.21,SU00162_8_SESS_U00162_8_0
PU00246_8_SESS_U00246_8_0,U00246,SESS_U00246_8_0,2026-06-09 20:11:31,OU00246_8_SESS_U00246_8_0,P0084,13.21,SU00246_8_SESS_U00246_8_0
PU00273_8_SESS_U00273_8_0,U00273,SESS_U00273_8_0,2026-06-09 14:42:14,OU00273_8_SESS_U00273_8_0,P0004,185.62,SU00273_8_SESS_U00273_8_0
PU00275_8_SESS_U00275_8_0,U00275,SESS_U00275_8_0,2026-06-09 17:26:48,OU00275_8_SESS_U00275_8_0,P0016,23.04,SU00275_8_SESS_U00275_8_0
PU00292_8_SESS_U00292_8_0,U00292,SESS_U00292_8_0,2026-06-09 18:28:46,OU00292_8_SESS_U00292_8_0,P0001,38.71,SU00292_8_SESS_U00292_8_0
PU00299_8_SESS_U00299_8_0,U00299,SESS_U00299_8_0,2026-06-09 17:13:26,OU00299_8_SESS_U00299_8_0,P0003,68.02,SU00299_8_SESS_U00299_8_0
PU00299_8_SESS_U00299_8_1,U00299,SESS_U00299_8_1,2026-06-09 12:49:18,OU00299_8_SESS_U00299_8_1,P0159,44.79,SU00299_8_SESS_U00299_8_1
PU00304_8_SESS_U00304_8_1,U00304,SESS_U00304_8_1,2026-06-09 16:57:17,OU00304_8_SESS_U00304_8_1,P0014,57.91,SU00304_8_SESS_U00304_8_1
PU00308_8_SESS_U00308_8_0,U00308,SESS_U00308_8_0,2026-06-09 07:34:38,OU00308_8_SESS_U00308_8_0,P0210,21.19,SU00308_8_SESS_U00308_8_0
PU00313_8_SESS_U00313_8_1,U00313,SESS_U00313_8_1,2026-06-09 12:57:46,OU00313_8_SESS_U00313_8_1,P0021,219.97,SU00313_8_SESS_U00313_8_1
PU00313_8_SESS_U00313_8_1,U00313,SESS_U00313_8_1,2026-06-09 08:25:26,OU00313_8_SESS_U00313_8_1,P0394,236.28,SU00313_8_SESS_U00313_8_1
PU00328_8_SESS_U00328_8_0,U00328,SESS_U00328_8_0,2026-06-09 19:56:24,OU00328_8_SESS_U00328_8_0,P0421,240.6,SU00328_8_SESS_U00328_8_0
PU00337_8_SESS_U00337_8_0,U00337,SESS_U00337_8_0,2026-06-09 14:22:48,OU00337_8_SESS_U00337_8_0,P0009,136.23,SU00337_8_SESS_U00337_8_0
PU00376_8_SESS_U00376_8_0,U00376,SESS_U00376_8_0,2026-06-09 10:04:33,OU00376_8_SESS_U00376_8_0,P0004,185.62,SU00376_8_SESS_U00376_8_0
PU00391_8_SESS_U00391_8_0,U00391,SESS_U00391_8_0,2026-06-09 14:32:52,OU00391_8_SESS_U00391_8_0,P0092,253.94,SU00391_8_SESS_U00391_8_0
PU00391_8_SESS_U00391_8_0,U00391,SESS_U00391_8_0,2026-06-09 18:46:36,OU00391_8_SESS_U00391_8_0,P0067,31.45,SU00391_8_SESS_U00391_8_0
PU00404_8_SESS_U00404_8_1,U00404,SESS_U00404_8_1,2026-06-09 22:15:51,OU00404_8_SESS_U00404_8_1,P0005,49.18,SU00404_8_SESS_U00404_8_1
PU00405_8_SESS_U00405_8_0,U00405,SESS_U00405_8_0,2026-06-09 17:34:46,OU00405_8_SESS_U00405_8_0,P0017,101.71,SU00405_8_SESS_U00405_8_0
PU00407_8_SESS_U00407_8_0,U00407,SESS_U00407_8_0,2026-06-09 21:33:51,OU00407_8_SESS_U00407_8_0,P0095,171.9,SU00407_8_SESS_U00407_8_0
PU00423_8_SESS_U00423_8_0,U00423,SESS_U00423_8_0,2026-06-09 19:00:15,OU00423_8_SESS_U00423_8_0,P0005,49.18,SU00423_8_SESS_U00423_8_0
PU00434_8_SESS_U00434_8_0,U00434,SESS_U00434_8_0,2026-06-09 18:38:41,OU00434_8_SESS_U00434_8_0,P0041,35.63,SU00434_8_SESS_U00434_8_0
PU00443_8_SESS_U00443_8_0,U00443,SESS_U00443_8_0,2026-06-09 19:10:40,OU00443_8_SESS_U00443_8_0,P0004,185.62,SU00443_8_SESS_U00443_8_0
PU00461_8_SESS_U00461_8_0,U00461,SESS_U00461_8_0,2026-06-09 13:35:43,OU00461_8_SESS_U00461_8_0,P0047,103.84,SU00461_8_SESS_U00461_8_0
PU00461_8_SESS_U00461_8_0,U00461,SESS_U00461_8_0,2026-06-09 12:22:29,OU00461_8_SESS_U00461_8_0,P0016,23.04,SU00461_8_SESS_U00461_8_0
PU00472_8_SESS_U00472_8_0,U00472,SESS_U00472_8_0,2026-06-09 08:23:49,OU00472_8_SESS_U00472_8_0,P0010,66.06,SU00472_8_SESS_U00472_8_0
PU00490_8_SESS_U00490_8_1,U00490,SESS_U00490_8_1,2026-06-09 21:21:54,OU00490_8_SESS_U00490_8_1,P0044,274.16,SU00490_8_SESS_U00490_8_1
PU00497_8_SESS_U00497_8_0,U00497,SESS_U00497_8_0,2026-06-09 14:27:37,OU00497_8_SESS_U00497_8_0,P0012,175.34,SU00497_8_SESS_U00497_8_0
PU00501_8_SESS_U00501_8_0,U00501,SESS_U00501_8_0,2026-06-09 16:36:52,OU00501_8_SESS_U00501_8_0,P0002,333.49,SU00501_8_SESS_U00501_8_0
PU00512_8_SESS_U00512_8_0,U00512,SESS_U00512_8_0,2026-06-09 20:29:34,OU00512_8_SESS_U00512_8_0,P0017,101.71,SU00512_8_SESS_U00512_8_0
PU00553_8_SESS_U00553_8_0,U00553,SESS_U00553_8_0,2026-06-09 16:33:33,OU00553_8_SESS_U00553_8_0,P0005,49.18,SU00553_8_SESS_U00553_8_0
PU00557_8_SESS_U00557_8_0,U00557,SESS_U00557_8_0,2026-06-09 10:55:33,OU00557_8_SESS_U00557_8_0,P0065,50.77,SU00557_8_SESS_U00557_8_0
PU00557_8_SESS_U00557_8_0,U00557,SESS_U00557_8_0,2026-06-09 15:32:22,OU00557_8_SESS_U00557_8_0,P0264,105.34,SU00557_8_SESS_U00557_8_0
PU00558_8_SESS_U00558_8_1,U00558,SESS_U00558_8_1,2026-06-09 16:34:41,OU00558_8_SESS_U00558_8_1,P0173,49.99,SU00558_8_SESS_U00558_8_1
PU00573_8_SESS_U00573_8_1,U00573,SESS_U00573_8_1,2026-06-09 16:02:45,OU00573_8_SESS_U00573_8_1,P0116,160.08,SU00573_8_SESS_U00573_8_1
PU00600_8_SESS_U00600_8_0,U00600,SESS_U00600_8_0,2026-06-09 21:50:26,OU00600_8_SESS_U00600_8_0,P0016,23.04,SU00600_8_SESS_U00600_8_0
PU00621_8_SESS_U00621_8_0,U00621,SESS_U00621_8_0,2026-06-09 07:34:24,OU00621_8_SESS_U00621_8_0,P0002,333.49,SU00621_8_SESS_U00621_8_0
PU00621_8_SESS_U00621_8_1,U00621,SESS_U00621_8_1,2026-06-09 21:18:36,OU00621_8_SESS_U00621_8_1,P0280,177.12,SU00621_8_SESS_U00621_8_1
PU00630_8_SESS_U00630_8_0,U00630,SESS_U00630_8_0,2026-06-09 15:05:35,OU00630_8_SESS_U00630_8_0,P0421,240.6,SU00630_8_SESS_U00630_8_0
PU00645_8_SESS_U00645_8_0,U00645,SESS_U00645_8_0,2026-06-09 22:22:43,OU00645_8_SESS_U00645_8_0,P0075,134.56,SU00645_8_SESS_U00645_8_0
PU00655_8_SESS_U00655_8_0,U00655,SESS_U00655_8_0,2026-06-09 22:34:36,OU00655_8_SESS_U00655_8_0,P0174,43.26,SU00655_8_SESS_U00655_8_0
PU00682_8_SESS_U00682_8_0,U00682,SESS_U00682_8_0,2026-06-09 12:37:59,OU00682_8_SESS_U00682_8_0,P0058,80.65,SU00682_8_SESS_U00682_8_0
PU00734_8_SESS_U00734_8_0,U00734,SESS_U00734_8_0,2026-06-09 13:16:25,OU00734_8_SESS_U00734_8_0,P0033,13.33,SU00734_8_SESS_U00734_8_0
PU00743_8_SESS_U00743_8_0,U00743,SESS_U00743_8_0,2026-06-09 13:11:33,OU00743_8_SESS_U00743_8_0,P0002,333.49,SU00743_8_SESS_U00743_8_0
PU00751_8_SESS_U00751_8_0,U00751,SESS_U00751_8_0,2026-06-09 19:46:46,OU00751_8_SESS_U00751_8_0,P0584,125.13,SU00751_8_SESS_U00751_8_0
PU00751_8_SESS_U00751_8_0,U00751,SESS_U00751_8_0,2026-06-09 19:33:46,OU00751_8_SESS_U00751_8_0,P0094,54.02,SU00751_8_SESS_U00751_8_0
PU00797_8_SESS_U00797_8_0,U00797,SESS_U00797_8_0,2026-06-09 19:40:39,OU00797_8_SESS_U00797_8_0,P0285,208.72,SU00797_8_SESS_U00797_8_0
PU00027_9_SESS_U00027_9_0,U00027,SESS_U00027_9_0,2026-06-10 15:12:56,OU00027_9_SESS_U00027_9_0,P0107,131.96,SU00027_9_SESS_U00027_9_0
PU00031_9_SESS_U00031_9_0,U00031,SESS_U00031_9_0,2026-06-10 16:14:35,OU00031_9_SESS_U00031_9_0,P0013,184.81,SU00031_9_SESS_U00031_9_0
PU00035_9_SESS_U00035_9_0,U00035,SESS_U00035_9_0,2026-06-10 11:28:41,OU00035_9_SESS_U00035_9_0,P0040,44.09,SU00035_9_SESS_U00035_9_0
PU00049_9_SESS_U00049_9_0,U00049,SESS_U00049_9_0,2026-06-10 09:22:37,OU00049_9_SESS_U00049_9_0,P0004,185.62,SU00049_9_SESS_U00049_9_0
PU00095_9_SESS_U00095_9_0,U00095,SESS_U00095_9_0,2026-06-10 13:22:35,OU00095_9_SESS_U00095_9_0,P0107,131.96,SU00095_9_SESS_U00095_9_0
PU00095_9_SESS_U00095_9_0,U00095,SESS_U00095_9_0,2026-06-10 17:35:40,OU00095_9_SESS_U00095_9_0,P0205,95.69,SU00095_9_SESS_U00095_9_0
PU00110_9_SESS_U00110_9_1,U00110,SESS_U00110_9_1,2026-06-10 14:13:51,OU00110_9_SESS_U00110_9_1,P0002,333.49,SU00110_9_SESS_U00110_9_1
PU00167_9_SESS_U00167_9_0,U00167,SESS_U00167_9_0,2026-06-10 19:44:54,OU00167_9_SESS_U00167_9_0,P0116,160.08,SU00167_9_SESS_U00167_9_0
PU00187_9_SESS_U00187_9_0,U00187,SESS_U00187_9_0,2026-06-10 11:29:48,OU00187_9_SESS_U00187_9_0,P0584,125.13,SU00187_9_SESS_U00187_9_0
PU00200_9_SESS_U00200_9_0,U00200,SESS_U00200_9_0,2026-06-10 13:20:46,OU00200_9_SESS_U00200_9_0,P0412,285.77,SU00200_9_SESS_U00200_9_0
PU00226_9_SESS_U00226_9_0,U00226,SESS_U00226_9_0,2026-06-10 17:58:34,OU00226_9_SESS_U00226_9_0,P0013,184.81,SU00226_9_SESS_U00226_9_0
PU00233_9_SESS_U00233_9_0,U00233,SESS_U00233_9_0,2026-06-10 09:19:43,OU00233_9_SESS_U00233_9_0,P0013,184.81,SU00233_9_SESS_U00233_9_0
PU00244_9_SESS_U00244_9_0,U00244,SESS_U00244_9_0,2026-06-10 12:41:58,OU00244_9_SESS_U00244_9_0,P0004,185.62,SU00244_9_SESS_U00244_9_0
PU00246_9_SESS_U00246_9_0,U00246,SESS_U00246_9_0,2026-06-10 20:37:46,OU00246_9_SESS_U00246_9_0,P0145,69.15,SU00246_9_SESS_U00246_9_0
PU00248_9_SESS_U00248_9_0,U00248,SESS_U00248_9_0,2026-06-10 21:47:28,OU00248_9_SESS_U00248_9_0,P0058,80.65,SU00248_9_SESS_U00248_9_0
PU00277_9_SESS_U00277_9_0,U00277,SESS_U00277_9_0,2026-06-10 09:16:24,OU00277_9_SESS_U00277_9_0,P0002,333.49,SU00277_9_SESS_U00277_9_0
PU00282_9_SESS_U00282_9_0,U00282,SESS_U00282_9_0,2026-06-10 14:44:20,OU00282_9_SESS_U00282_9_0,P0022,19.44,SU00282_9_SESS_U00282_9_0
PU00286_9_SESS_U00286_9_0,U00286,SESS_U00286_9_0,2026-06-10 20:35:52,OU00286_9_SESS_U00286_9_0,P0197,162.45,SU00286_9_SESS_U00286_9_0
PU00295_9_SESS_U00295_9_0,U00295,SESS_U00295_9_0,2026-06-10 11:28:27,OU00295_9_SESS_U00295_9_0,P0016,23.04,SU00295_9_SESS_U00295_9_0
PU00301_9_SESS_U00301_9_0,U00301,SESS_U00301_9_0,2026-06-10 15:26:48,OU00301_9_SESS_U00301_9_0,P0308,107.04,SU00301_9_SESS_U00301_9_0
PU00307_9_SESS_U00307_9_0,U00307,SESS_U00307_9_0,2026-06-10 10:13:56,OU00307_9_SESS_U00307_9_0,P0017,101.71,SU00307_9_SESS_U00307_9_0
PU00310_9_SESS_U00310_9_0,U00310,SESS_U00310_9_0,2026-06-10 10:23:37,OU00310_9_SESS_U00310_9_0,P0195,58.79,SU00310_9_SESS_U00310_9_0
PU00313_9_SESS_U00313_9_0,U00313,SESS_U00313_9_0,2026-06-10 15:36:29,OU00313_9_SESS_U00313_9_0,P0670,110.51,SU00313_9_SESS_U00313_9_0
PU00348_9_SESS_U00348_9_0,U00348,SESS_U00348_9_0,2026-06-10 21:37:42,OU00348_9_SESS_U00348_9_0,P0016,23.04,SU00348_9_SESS_U00348_9_0
PU00364_9_SESS_U00364_9_0,U00364,SESS_U00364_9_0,2026-06-10 11:54:35,OU00364_9_SESS_U00364_9_0,P0016,23.04,SU00364_9_SESS_U00364_9_0
PU00372_9_SESS_U00372_9_0,U00372,SESS_U00372_9_0,2026-06-10 21:11:31,OU00372_9_SESS_U00372_9_0,P0461,43.22,SU00372_9_SESS_U00372_9_0
PU00372_9_SESS_U00372_9_0,U00372,SESS_U00372_9_0,2026-06-10 12:13:42,OU00372_9_SESS_U00372_9_0,P0062,67.06,SU00372_9_SESS_U00372_9_0
PU00375_9_SESS_U00375_9_0,U00375,SESS_U00375_9_0,2026-06-10 20:38:40,OU00375_9_SESS_U00375_9_0,P0041,35.63,SU00375_9_SESS_U00375_9_0
PU00411_9_SESS_U00411_9_0,U00411,SESS_U00411_9_0,2026-06-10 20:04:48,OU00411_9_SESS_U00411_9_0,P0002,333.49,SU00411_9_SESS_U00411_9_0
PU00424_9_SESS_U00424_9_0,U00424,SESS_U00424_9_0,2026-06-10 10:39:21,OU00424_9_SESS_U00424_9_0,P0098,158.23,SU00424_9_SESS_U00424_9_0
PU00438_9_SESS_U00438_9_0,U00438,SESS_U00438_9_0,2026-06-10 17:42:24,OU00438_9_SESS_U00438_9_0,P0421,240.6,SU00438_9_SESS_U00438_9_0
PU00438_9_SESS_U00438_9_0,U00438,SESS_U00438_9_0,2026-06-10 16:22:23,OU00438_9_SESS_U00438_9_0,P0300,43.59,SU00438_9_SESS_U00438_9_0
PU00439_9_SESS_U00439_9_0,U00439,SESS_U00439_9_0,2026-06-10 20:00:38,OU00439_9_SESS_U00439_9_0,P0002,333.49,SU00439_9_SESS_U00439_9_0
PU00450_9_SESS_U00450_9_0,U00450,SESS_U00450_9_0,2026-06-10 20:02:27,OU00450_9_SESS_U00450_9_0,P0072,81.57,SU00450_9_SESS_U00450_9_0
PU00462_9_SESS_U00462_9_0,U00462,SESS_U00462_9_0,2026-06-10 10:06:33,OU00462_9_SESS_U00462_9_0,P0467,31.43,SU00462_9_SESS_U00462_9_0
PU00464_9_SESS_U00464_9_0,U00464,SESS_U00464_9_0,2026-06-10 09:01:36,OU00464_9_SESS_U00464_9_0,P0039,210.01,SU00464_9_SESS_U00464_9_0
PU00509_9_SESS_U00509_9_0,U00509,SESS_U00509_9_0,2026-06-10 19:07:20,OU00509_9_SESS_U00509_9_0,P0036,150.3,SU00509_9_SESS_U00509_9_0
PU00549_9_SESS_U00549_9_0,U00549,SESS_U00549_9_0,2026-06-10 14:52:35,OU00549_9_SESS_U00549_9_0,P0451,275.34,SU00549_9_SESS_U00549_9_0
PU00549_9_SESS_U00549_9_1,U00549,SESS_U00549_9_1,2026-06-10 14:00:27,OU00549_9_SESS_U00549_9_1,P0028,82.96,SU00549_9_SESS_U00549_9_1
PU00549_9_SESS_U00549_9_1,U00549,SESS_U00549_9_1,2026-06-10 22:43:22,OU00549_9_SESS_U00549_9_1,P0298,55.32,SU00549_9_SESS_U00549_9_1
PU00557_9_SESS_U00557_9_1,U00557,SESS_U00557_9_1,2026-06-10 09:23:40,OU00557_9_SESS_U00557_9_1,P0394,236.28,SU00557_9_SESS_U00557_9_1
PU00592_9_SESS_U00592_9_0,U00592,SESS_U00592_9_0,2026-06-10 09:01:46,OU00592_9_SESS_U00592_9_0,P0161,82.01,SU00592_9_SESS_U00592_9_0
PU00602_9_SESS_U00602_9_0,U00602,SESS_U00602_9_0,2026-06-10 21:55:16,OU00602_9_SESS_U00602_9_0,P0214,59.76,SU00602_9_SESS_U00602_9_0
PU00602_9_SESS_U00602_9_1,U00602,SESS_U00602_9_1,2026-06-10 20:53:42,OU00602_9_SESS_U00602_9_1,P0117,73.9,SU00602_9_SESS_U00602_9_1
PU00604_9_SESS_U00604_9_0,U00604,SESS_U00604_9_0,2026-06-10 18:29:56,OU00604_9_SESS_U00604_9_0,P0121,123.43,SU00604_9_SESS_U00604_9_0
PU00609_9_SESS_U00609_9_0,U00609,SESS_U00609_9_0,2026-06-10 08:44:29,OU00609_9_SESS_U00609_9_0,P0218,166.76,SU00609_9_SESS_U00609_9_0
PU00657_9_SESS_U00657_9_0,U00657,SESS_U00657_9_0,2026-06-10 17:51:47,OU00657_9_SESS_U00657_9_0,P0002,333.49,SU00657_9_SESS_U00657_9_0
PU00678_9_SESS_U00678_9_0,U00678,SESS_U00678_9_0,2026-06-10 21:21:37,OU00678_9_SESS_U00678_9_0,P0002,333.49,SU00678_9_SESS_U00678_9_0
PU00681_9_SESS_U00681_9_0,U00681,SESS_U00681_9_0,2026-06-10 16:15:35,OU00681_9_SESS_U00681_9_0,P0002,333.49,SU00681_9_SESS_U00681_9_0
PU00748_9_SESS_U00748_9_0,U00748,SESS_U00748_9_0,2026-06-10 10:22:32,OU00748_9_SESS_U00748_9_0,P0002,333.49,SU00748_9_SESS_U00748_9_0
PU00749_9_SESS_U00749_9_0,U00749,SESS_U00749_9_0,2026-06-10 15:43:43,OU00749_9_SESS_U00749_9_0,P0188,126.59,SU00749_9_SESS_U00749_9_0
PU00773_9_SESS_U00773_9_0,U00773,SESS_U00773_9_0,2026-06-10 16:00:18,OU00773_9_SESS_U00773_9_0,P0006,59.46,SU00773_9_SESS_U00773_9_0
PU00790_9_SESS_U00790_9_0,U00790,SESS_U00790_9_0,2026-06-10 07:13:49,OU00790_9_SESS_U00790_9_0,P0186,127.3,SU00790_9_SESS_U00790_9_0
PU00003_10_SESS_U00003_10_0,U00003,SESS_U00003_10_0,2026-06-11 08:38:47,OU00003_10_SESS_U00003_10_0,P0616,139.08,SU00003_10_SESS_U00003_10_0
PU00011_10_SESS_U00011_10_0,U00011,SESS_U00011_10_0,2026-06-11 19:31:39,OU00011_10_SESS_U00011_10_0,P0006,59.46,SU00011_10_SESS_U00011_10_0
PU00024_10_SESS_U00024_10_0,U00024,SESS_U00024_10_0,2026-06-11 12:35:42,OU00024_10_SESS_U00024_10_0,P0184,308.91,SU00024_10_SESS_U00024_10_0
PU00047_10_SESS_U00047_10_0,U00047,SESS_U00047_10_0,2026-06-11 22:52:29,OU00047_10_SESS_U00047_10_0,P0002,333.49,SU00047_10_SESS_U00047_10_0
PU00047_10_SESS_U00047_10_0,U00047,SESS_U00047_10_0,2026-06-11 16:14:38,OU00047_10_SESS_U00047_10_0,P0670,110.51,SU00047_10_SESS_U00047_10_0
PU00059_10_SESS_U00059_10_0,U00059,SESS_U00059_10_0,2026-06-11 21:04:41,OU00059_10_SESS_U00059_10_0,P0016,23.04,SU00059_10_SESS_U00059_10_0
PU00061_10_SESS_U00061_10_0,U00061,SESS_U00061_10_0,2026-06-11 21:46:17,OU00061_10_SESS_U00061_10_0,P0016,23.04,SU00061_10_SESS_U00061_10_0
PU00068_10_SESS_U00068_10_0,U00068,SESS_U00068_10_0,2026-06-11 07:58:28,OU00068_10_SESS_U00068_10_0,P0072,81.57,SU00068_10_SESS_U00068_10_0
PU00085_10_SESS_U00085_10_0,U00085,SESS_U00085_10_0,2026-06-11 11:14:34,OU00085_10_SESS_U00085_10_0,P0002,333.49,SU00085_10_SESS_U00085_10_0
PU00096_10_SESS_U00096_10_0,U00096,SESS_U00096_10_0,2026-06-11 19:46:53,OU00096_10_SESS_U00096_10_0,P0002,333.49,SU00096_10_SESS_U00096_10_0
PU00097_10_SESS_U00097_10_0,U00097,SESS_U00097_10_0,2026-06-11 11:55:41,OU00097_10_SESS_U00097_10_0,P0245,20.18,SU00097_10_SESS_U00097_10_0
PU00104_10_SESS_U00104_10_0,U00104,SESS_U00104_10_0,2026-06-11 12:43:30,OU00104_10_SESS_U00104_10_0,P0183,83.82,SU00104_10_SESS_U00104_10_0
PU00110_10_SESS_U00110_10_0,U00110,SESS_U00110_10_0,2026-06-11 12:20:48,OU00110_10_SESS_U00110_10_0,P0065,50.77,SU00110_10_SESS_U00110_10_0
PU00130_10_SESS_U00130_10_0,U00130,SESS_U00130_10_0,2026-06-11 21:28:45,OU00130_10_SESS_U00130_10_0,P0094,54.02,SU00130_10_SESS_U00130_10_0
PU00134_10_SESS_U00134_10_0,U00134,SESS_U00134_10_0,2026-06-11 09:09:24,OU00134_10_SESS_U00134_10_0,P0004,185.62,SU00134_10_SESS_U00134_10_0
PU00148_10_SESS_U00148_10_0,U00148,SESS_U00148_10_0,2026-06-11 21:53:15,OU00148_10_SESS_U00148_10_0,P0003,68.02,SU00148_10_SESS_U00148_10_0
PU00152_10_SESS_U00152_10_0,U00152,SESS_U00152_10_0,2026-06-11 18:16:33,OU00152_10_SESS_U00152_10_0,P0002,333.49,SU00152_10_SESS_U00152_10_0
PU00153_10_SESS_U00153_10_0,U00153,SESS_U00153_10_0,2026-06-11 12:50:41,OU00153_10_SESS_U00153_10_0,P0180,54.19,SU00153_10_SESS_U00153_10_0
PU00153_10_SESS_U00153_10_0,U00153,SESS_U00153_10_0,2026-06-11 08:32:23,OU00153_10_SESS_U00153_10_0,P0640,83.48,SU00153_10_SESS_U00153_10_0
PU00154_10_SESS_U00154_10_0,U00154,SESS_U00154_10_0,2026-06-11 07:12:43,OU00154_10_SESS_U00154_10_0,P0116,160.08,SU00154_10_SESS_U00154_10_0
PU00181_10_SESS_U00181_10_0,U00181,SESS_U00181_10_0,2026-06-11 21:28:32,OU00181_10_SESS_U00181_10_0,P0243,138.25,SU00181_10_SESS_U00181_10_0
PU00206_10_SESS_U00206_10_0,U00206,SESS_U00206_10_0,2026-06-11 13:23:22,OU00206_10_SESS_U00206_10_0,P0450,42.97,SU00206_10_SESS_U00206_10_0
PU00206_10_SESS_U00206_10_1,U00206,SESS_U00206_10_1,2026-06-11 13:15:32,OU00206_10_SESS_U00206_10_1,P0089,267.86,SU00206_10_SESS_U00206_10_1
PU00224_10_SESS_U00224_10_0,U00224,SESS_U00224_10_0,2026-06-11 22:56:14,OU00224_10_SESS_U00224_10_0,P0049,124.81,SU00224_10_SESS_U00224_10_0
PU00227_10_SESS_U00227_10_0,U00227,SESS_U00227_10_0,2026-06-11 16:50:59,OU00227_10_SESS_U00227_10_0,P0091,49.08,SU00227_10_SESS_U00227_10_0
PU00237_10_SESS_U00237_10_0,U00237,SESS_U00237_10_0,2026-06-11 17:23:27,OU00237_10_SESS_U00237_10_0,P0002,333.49,SU00237_10_SESS_U00237_10_0
PU00241_10_SESS_U00241_10_0,U00241,SESS_U00241_10_0,2026-06-11 19:18:29,OU00241_10_SESS_U00241_10_0,P0112,49.99,SU00241_10_SESS_U00241_10_0
PU00257_10_SESS_U00257_10_0,U00257,SESS_U00257_10_0,2026-06-11 10:35:48,OU00257_10_SESS_U00257_10_0,P0566,93.41,SU00257_10_SESS_U00257_10_0
PU00262_10_SESS_U00262_10_0,U00262,SESS_U00262_10_0,2026-06-11 15:16:31,OU00262_10_SESS_U00262_10_0,P0002,333.49,SU00262_10_SESS_U00262_10_0
PU00310_10_SESS_U00310_10_0,U00310,SESS_U00310_10_0,2026-06-11 07:41:50,OU00310_10_SESS_U00310_10_0,P0183,83.82,SU00310_10_SESS_U00310_10_0
PU00334_10_SESS_U00334_10_0,U00334,SESS_U00334_10_0,2026-06-11 14:51:52,OU00334_10_SESS_U00334_10_0,P0514,159.24,SU00334_10_SESS_U00334_10_0
PU00342_10_SESS_U00342_10_0,U00342,SESS_U00342_10_0,2026-06-11 18:36:41,OU00342_10_SESS_U00342_10_0,P0034,142.95,SU00342_10_SESS_U00342_10_0
PU00351_10_SESS_U00351_10_0,U00351,SESS_U00351_10_0,2026-06-11 22:59:59,OU00351_10_SESS_U00351_10_0,P0239,60.93,SU00351_10_SESS_U00351_10_0
PU00357_10_SESS_U00357_10_0,U00357,SESS_U00357_10_0,2026-06-11 17:20:50,OU00357_10_SESS_U00357_10_0,P0006,59.46,SU00357_10_SESS_U00357_10_0
PU00387_10_SESS_U00387_10_0,U00387,SESS_U00387_10_0,2026-06-11 09:24:37,OU00387_10_SESS_U00387_10_0,P0304,228.54,SU00387_10_SESS_U00387_10_0
PU00393_10_SESS_U00393_10_0,U00393,SESS_U00393_10_0,2026-06-11 22:30:37,OU00393_10_SESS_U00393_10_0,P0001,38.71,SU00393_10_SESS_U00393_10_0
PU00430_10_SESS_U00430_10_0,U00430,SESS_U00430_10_0,2026-06-11 12:00:26,OU00430_10_SESS_U00430_10_0,P0007,12.76,SU00430_10_SESS_U00430_10_0
PU00440_10_SESS_U00440_10_0,U00440,SESS_U00440_10_0,2026-06-11 14:35:38,OU00440_10_SESS_U00440_10_0,P0002,333.49,SU00440_10_SESS_U00440_10_0
PU00461_10_SESS_U00461_10_0,U00461,SESS_U00461_10_0,2026-06-11 09:25:43,OU00461_10_SESS_U00461_10_0,P0009,136.23,SU00461_10_SESS_U00461_10_0
PU00472_10_SESS_U00472_10_1,U00472,SESS_U00472_10_1,2026-06-11 10:10:35,OU00472_10_SESS_U00472_10_1,P0076,259.22,SU00472_10_SESS_U00472_10_1
PU00487_10_SESS_U00487_10_0,U00487,SESS_U00487_10_0,2026-06-11 19:27:42,OU00487_10_SESS_U00487_10_0,P0261,139.15,SU00487_10_SESS_U00487_10_0
PU00488_10_SESS_U00488_10_0,U00488,SESS_U00488_10_0,2026-06-11 21:24:46,OU00488_10_SESS_U00488_10_0,P0067,31.45,SU00488_10_SESS_U00488_10_0
PU00503_10_SESS_U00503_10_0,U00503,SESS_U00503_10_0,2026-06-11 11:18:58,OU00503_10_SESS_U00503_10_0,P0225,65.69,SU00503_10_SESS_U00503_10_0
PU00515_10_SESS_U00515_10_0,U00515,SESS_U00515_10_0,2026-06-11 15:04:12,OU00515_10_SESS_U00515_10_0,P0125,57.87,SU00515_10_SESS_U00515_10_0
PU00518_10_SESS_U00518_10_0,U00518,SESS_U00518_10_0,2026-06-11 11:00:02,OU00518_10_SESS_U00518_10_0,P0018,106.34,SU00518_10_SESS_U00518_10_0
PU00535_10_SESS_U00535_10_0,U00535,SESS_U00535_10_0,2026-06-11 09:34:16,OU00535_10_SESS_U00535_10_0,P0305,137.54,SU00535_10_SESS_U00535_10_0
PU00548_10_SESS_U00548_10_1,U00548,SESS_U00548_10_1,2026-06-11 16:12:42,OU00548_10_SESS_U00548_10_1,P0015,37.09,SU00548_10_SESS_U00548_10_1
PU00560_10_SESS_U00560_10_0,U00560,SESS_U00560_10_0,2026-06-11 19:06:40,OU00560_10_SESS_U00560_10_0,P0285,208.72,SU00560_10_SESS_U00560_10_0
PU00569_10_SESS_U00569_10_0,U00569,SESS_U00569_10_0,2026-06-11 11:32:41,OU00569_10_SESS_U00569_10_0,P0073,25.86,SU00569_10_SESS_U00569_10_0
PU00581_10_SESS_U00581_10_0,U00581,SESS_U00581_10_0,2026-06-11 07:36:01,OU00581_10_SESS_U00581_10_0,P0125,57.87,SU00581_10_SESS_U00581_10_0
PU00597_10_SESS_U00597_10_1,U00597,SESS_U00597_10_1,2026-06-11 21:21:33,OU00597_10_SESS_U00597_10_1,P0007,12.76,SU00597_10_SESS_U00597_10_1
PU00599_10_SESS_U00599_10_0,U00599,SESS_U00599_10_0,2026-06-11 10:24:33,OU00599_10_SESS_U00599_10_0,P0004,185.62,SU00599_10_SESS_U00599_10_0
PU00608_10_SESS_U00608_10_1,U00608,SESS_U00608_10_1,2026-06-11 10:02:34,OU00608_10_SESS_U00608_10_1,P0013,184.81,SU00608_10_SESS_U00608_10_1
PU00631_10_SESS_U00631_10_0,U00631,SESS_U00631_10_0,2026-06-11 21:20:14,OU00631_10_SESS_U00631_10_0,P0038,25.48,SU00631_10_SESS_U00631_10_0
PU00658_10_SESS_U00658_10_0,U00658,SESS_U00658_10_0,2026-06-11 21:34:33,OU00658_10_SESS_U00658_10_0,P0011,21.9,SU00658_10_SESS_U00658_10_0
PU00669_10_SESS_U00669_10_0,U00669,SESS_U00669_10_0,2026-06-11 14:37:50,OU00669_10_SESS_U00669_10_0,P0203,50.05,SU00669_10_SESS_U00669_10_0
PU00674_10_SESS_U00674_10_0,U00674,SESS_U00674_10_0,2026-06-11 17:36:18,OU00674_10_SESS_U00674_10_0,P0563,19.18,SU00674_10_SESS_U00674_10_0
PU00682_10_SESS_U00682_10_0,U00682,SESS_U00682_10_0,2026-06-11 15:27:37,OU00682_10_SESS_U00682_10_0,P0062,67.06,SU00682_10_SESS_U00682_10_0
PU00682_10_SESS_U00682_10_0,U00682,SESS_U00682_10_0,2026-06-11 16:44:12,OU00682_10_SESS_U00682_10_0,P0092,253.94,SU00682_10_SESS_U00682_10_0
PU00683_10_SESS_U00683_10_0,U00683,SESS_U00683_10_0,2026-06-11 18:56:40,OU00683_10_SESS_U00683_10_0,P0246,168.89,SU00683_10_SESS_U00683_10_0
PU00693_10_SESS_U00693_10_0,U00693,SESS_U00693_10_0,2026-06-11 09:24:37,OU00693_10_SESS_U00693_10_0,P0121,123.43,SU00693_10_SESS_U00693_10_0
PU00705_10_SESS_U00705_10_1,U00705,SESS_U00705_10_1,2026-06-11 10:25:39,OU00705_10_SESS_U00705_10_1,P0007,12.76,SU00705_10_SESS_U00705_10_1
PU00706_10_SESS_U00706_10_0,U00706,SESS_U00706_10_0,2026-06-11 19:01:36,OU00706_10_SESS_U00706_10_0,P0013,184.81,SU00706_10_SESS_U00706_10_0
PU00726_10_SESS_U00726_10_0,U00726,SESS_U00726_10_0,2026-06-11 10:31:35,OU00726_10_SESS_U00726_10_0,P0482,132.84,SU00726_10_SESS_U00726_10_0
PU00741_10_SESS_U00741_10_0,U00741,SESS_U00741_10_0,2026-06-11 09:58:05,OU00741_10_SESS_U00741_10_0,P0001,38.71,SU00741_10_SESS_U00741_10_0
PU00769_10_SESS_U00769_10_0,U00769,SESS_U00769_10_0,2026-06-11 14:28:48,OU00769_10_SESS_U00769_10_0,P0119,314.01,SU00769_10_SESS_U00769_10_0
PU00783_10_SESS_U00783_10_0,U00783,SESS_U00783_10_0,2026-06-11 21:48:38,OU00783_10_SESS_U00783_10_0,P0183,83.82,SU00783_10_SESS_U00783_10_0
PU00793_10_SESS_U00793_10_1,U00793,SESS_U00793_10_1,2026-06-11 08:43:39,OU00793_10_SESS_U00793_10_1,P0014,57.91,SU00793_10_SESS_U00793_10_1
PU00038_11_SESS_U00038_11_0,U00038,SESS_U00038_11_0,2026-06-12 21:29:42,OU00038_11_SESS_U00038_11_0,P0001,38.71,SU00038_11_SESS_U00038_11_0
PU00052_11_SESS_U00052_11_0,U00052,SESS_U00052_11_0,2026-06-12 09:54:50,OU00052_11_SESS_U00052_11_0,P0487,32.04,SU00052_11_SESS_U00052_11_0
PU00052_11_SESS_U00052_11_0,U00052,SESS_U00052_11_0,2026-06-12 17:14:55,OU00052_11_SESS_U00052_11_0,P0102,143.65,SU00052_11_SESS_U00052_11_0
PU00053_11_SESS_U00053_11_0,U00053,SESS_U00053_11_0,2026-06-12 17:08:25,OU00053_11_SESS_U00053_11_0,P0263,19.49,SU00053_11_SESS_U00053_11_0
PU00110_11_SESS_U00110_11_0,U00110,SESS_U00110_11_0,2026-06-12 20:21:20,OU00110_11_SESS_U00110_11_0,P0021,219.97,SU00110_11_SESS_U00110_11_0
PU00115_11_SESS_U00115_11_1,U00115,SESS_U00115_11_1,2026-06-12 19:33:20,OU00115_11_SESS_U00115_11_1,P0592,124.34,SU00115_11_SESS_U00115_11_1
PU00142_11_SESS_U00142_11_0,U00142,SESS_U00142_11_0,2026-06-12 13:34:47,OU00142_11_SESS_U00142_11_0,P0001,38.71,SU00142_11_SESS_U00142_11_0
PU00142_11_SESS_U00142_11_0,U00142,SESS_U00142_11_0,2026-06-12 19:55:31,OU00142_11_SESS_U00142_11_0,P0002,333.49,SU00142_11_SESS_U00142_11_0
PU00148_11_SESS_U00148_11_0,U00148,SESS_U00148_11_0,2026-06-12 21:55:49,OU00148_11_SESS_U00148_11_0,P0002,333.49,SU00148_11_SESS_U00148_11_0
PU00149_11_SESS_U00149_11_1,U00149,SESS_U00149_11_1,2026-06-12 12:50:21,OU00149_11_SESS_U00149_11_1,P0011,21.9,SU00149_11_SESS_U00149_11_1
PU00176_11_SESS_U00176_11_0,U00176,SESS_U00176_11_0,2026-06-12 08:27:21,OU00176_11_SESS_U00176_11_0,P0134,58.59,SU00176_11_SESS_U00176_11_0
PU00181_11_SESS_U00181_11_0,U00181,SESS_U00181_11_0,2026-06-12 11:57:37,OU00181_11_SESS_U00181_11_0,P0016,23.04,SU00181_11_SESS_U00181_11_0
PU00209_11_SESS_U00209_11_1,U00209,SESS_U00209_11_1,2026-06-12 13:27:20,OU00209_11_SESS_U00209_11_1,P0047,103.84,SU00209_11_SESS_U00209_11_1
PU00209_11_SESS_U00209_11_1,U00209,SESS_U00209_11_1,2026-06-12 10:28:31,OU00209_11_SESS_U00209_11_1,P0009,136.23,SU00209_11_SESS_U00209_11_1
PU00210_11_SESS_U00210_11_0,U00210,SESS_U00210_11_0,2026-06-12 13:57:32,OU00210_11_SESS_U00210_11_0,P0120,86.43,SU00210_11_SESS_U00210_11_0
PU00214_11_SESS_U00214_11_0,U00214,SESS_U00214_11_0,2026-06-12 08:16:44,OU00214_11_SESS_U00214_11_0,P0181,81.62,SU00214_11_SESS_U00214_11_0
PU00214_11_SESS_U00214_11_0,U00214,SESS_U00214_11_0,2026-06-12 19:14:32,OU00214_11_SESS_U00214_11_0,P0006,59.46,SU00214_11_SESS_U00214_11_0
PU00221_11_SESS_U00221_11_0,U00221,SESS_U00221_11_0,2026-06-12 22:15:46,OU00221_11_SESS_U00221_11_0,P0079,85.28,SU00221_11_SESS_U00221_11_0
PU00224_11_SESS_U00224_11_1,U00224,SESS_U00224_11_1,2026-06-12 11:02:51,OU00224_11_SESS_U00224_11_1,P0183,83.82,SU00224_11_SESS_U00224_11_1
PU00252_11_SESS_U00252_11_0,U00252,SESS_U00252_11_0,2026-06-12 08:40:42,OU00252_11_SESS_U00252_11_0,P0438,182.59,SU00252_11_SESS_U00252_11_0
PU00293_11_SESS_U00293_11_0,U00293,SESS_U00293_11_0,2026-06-12 22:28:47,OU00293_11_SESS_U00293_11_0,P0044,274.16,SU00293_11_SESS_U00293_11_0
PU00310_11_SESS_U00310_11_0,U00310,SESS_U00310_11_0,2026-06-12 07:35:44,OU00310_11_SESS_U00310_11_0,P0007,12.76,SU00310_11_SESS_U00310_11_0
PU00351_11_SESS_U00351_11_0,U00351,SESS_U00351_11_0,2026-06-12 16:41:34,OU00351_11_SESS_U00351_11_0,P0080,17.5,SU00351_11_SESS_U00351_11_0
PU00370_11_SESS_U00370_11_0,U00370,SESS_U00370_11_0,2026-06-12 12:33:28,OU00370_11_SESS_U00370_11_0,P0028,82.96,SU00370_11_SESS_U00370_11_0
PU00371_11_SESS_U00371_11_0,U00371,SESS_U00371_11_0,2026-06-12 22:15:55,OU00371_11_SESS_U00371_11_0,P0032,21.98,SU00371_11_SESS_U00371_11_0
PU00383_11_SESS_U00383_11_0,U00383,SESS_U00383_11_0,2026-06-12 12:49:51,OU00383_11_SESS_U00383_11_0,P0014,57.91,SU00383_11_SESS_U00383_11_0
PU00395_11_SESS_U00395_11_1,U00395,SESS_U00395_11_1,2026-06-12 21:02:19,OU00395_11_SESS_U00395_11_1,P0115,227.19,SU00395_11_SESS_U00395_11_1
PU00395_11_SESS_U00395_11_1,U00395,SESS_U00395_11_1,2026-06-12 09:09:44,OU00395_11_SESS_U00395_11_1,P0492,97.58,SU00395_11_SESS_U00395_11_1
PU00430_11_SESS_U00430_11_0,U00430,SESS_U00430_11_0,2026-06-12 19:18:03,OU00430_11_SESS_U00430_11_0,P0426,171.62,SU00430_11_SESS_U00430_11_0
PU00432_11_SESS_U00432_11_0,U00432,SESS_U00432_11_0,2026-06-12 14:48:43,OU00432_11_SESS_U00432_11_0,P0481,122.56,SU00432_11_SESS_U00432_11_0
PU00434_11_SESS_U00434_11_0,U00434,SESS_U00434_11_0,2026-06-12 20:20:32,OU00434_11_SESS_U00434_11_0,P0002,333.49,SU00434_11_SESS_U00434_11_0
PU00442_11_SESS_U00442_11_0,U00442,SESS_U00442_11_0,2026-06-12 08:07:00,OU00442_11_SESS_U00442_11_0,P0089,267.86,SU00442_11_SESS_U00442_11_0
PU00449_11_SESS_U00449_11_0,U00449,SESS_U00449_11_0,2026-06-12 20:27:43,OU00449_11_SESS_U00449_11_0,P0280,177.12,SU00449_11_SESS_U00449_11_0
PU00469_11_SESS_U00469_11_0,U00469,SESS_U00469_11_0,2026-06-12 19:47:58,OU00469_11_SESS_U00469_11_0,P0566,93.41,SU00469_11_SESS_U00469_11_0
PU00499_11_SESS_U00499_11_0,U00499,SESS_U00499_11_0,2026-06-12 13:49:52,OU00499_11_SESS_U00499_11_0,P0566,93.41,SU00499_11_SESS_U00499_11_0
PU00532_11_SESS_U00532_11_0,U00532,SESS_U00532_11_0,2026-06-12 15:51:42,OU00532_11_SESS_U00532_11_0,P0245,20.18,SU00532_11_SESS_U00532_11_0
PU00538_11_SESS_U00538_11_0,U00538,SESS_U00538_11_0,2026-06-12 23:01:49,OU00538_11_SESS_U00538_11_0,P0041,35.63,SU00538_11_SESS_U00538_11_0
PU00547_11_SESS_U00547_11_0,U00547,SESS_U00547_11_0,2026-06-12 12:19:27,OU00547_11_SESS_U00547_11_0,P0369,55.35,SU00547_11_SESS_U00547_11_0
PU00555_11_SESS_U00555_11_0,U00555,SESS_U00555_11_0,2026-06-12 20:02:25,OU00555_11_SESS_U00555_11_0,P0452,53.79,SU00555_11_SESS_U00555_11_0
PU00562_11_SESS_U00562_11_0,U00562,SESS_U00562_11_0,2026-06-12 21:26:15,OU00562_11_SESS_U00562_11_0,P0254,74.12,SU00562_11_SESS_U00562_11_0
PU00563_11_SESS_U00563_11_0,U00563,SESS_U00563_11_0,2026-06-12 16:16:23,OU00563_11_SESS_U00563_11_0,P0427,93.44,SU00563_11_SESS_U00563_11_0
PU00569_11_SESS_U00569_11_0,U00569,SESS_U00569_11_0,2026-06-12 19:52:38,OU00569_11_SESS_U00569_11_0,P0487,32.04,SU00569_11_SESS_U00569_11_0
PU00597_11_SESS_U00597_11_0,U00597,SESS_U00597_11_0,2026-06-12 11:17:37,OU00597_11_SESS_U00597_11_0,P0055,57.03,SU00597_11_SESS_U00597_11_0
PU00600_11_SESS_U00600_11_0,U00600,SESS_U00600_11_0,2026-06-12 14:28:32,OU00600_11_SESS_U00600_11_0,P0167,34.3,SU00600_11_SESS_U00600_11_0
PU00602_11_SESS_U00602_11_0,U00602,SESS_U00602_11_0,2026-06-12 08:33:04,OU00602_11_SESS_U00602_11_0,P0119,314.01,SU00602_11_SESS_U00602_11_0
PU00614_11_SESS_U00614_11_0,U00614,SESS_U00614_11_0,2026-06-12 11:19:35,OU00614_11_SESS_U00614_11_0,P0078,39.8,SU00614_11_SESS_U00614_11_0
PU00618_11_SESS_U00618_11_1,U00618,SESS_U00618_11_1,2026-06-12 17:44:39,OU00618_11_SESS_U00618_11_1,P0381,43.32,SU00618_11_SESS_U00618_11_1
PU00649_11_SESS_U00649_11_0,U00649,SESS_U00649_11_0,2026-06-12 10:26:35,OU00649_11_SESS_U00649_11_0,P0038,25.48,SU00649_11_SESS_U00649_11_0
PU00655_11_SESS_U00655_11_0,U00655,SESS_U00655_11_0,2026-06-12 19:21:44,OU00655_11_SESS_U00655_11_0,P0060,75.43,SU00655_11_SESS_U00655_11_0
PU00684_11_SESS_U00684_11_0,U00684,SESS_U00684_11_0,2026-06-12 13:54:33,OU00684_11_SESS_U00684_11_0,P0006,59.46,SU00684_11_SESS_U00684_11_0
PU00691_11_SESS_U00691_11_0,U00691,SESS_U00691_11_0,2026-06-12 15:38:51,OU00691_11_SESS_U00691_11_0,P0014,57.91,SU00691_11_SESS_U00691_11_0
PU00699_11_SESS_U00699_11_0,U00699,SESS_U00699_11_0,2026-06-12 07:52:53,OU00699_11_SESS_U00699_11_0,P0114,245.31,SU00699_11_SESS_U00699_11_0
PU00705_11_SESS_U00705_11_0,U00705,SESS_U00705_11_0,2026-06-12 18:51:49,OU00705_11_SESS_U00705_11_0,P0427,93.44,SU00705_11_SESS_U00705_11_0
PU00720_11_SESS_U00720_11_1,U00720,SESS_U00720_11_1,2026-06-12 16:51:42,OU00720_11_SESS_U00720_11_1,P0080,17.5,SU00720_11_SESS_U00720_11_1
PU00722_11_SESS_U00722_11_0,U00722,SESS_U00722_11_0,2026-06-12 14:08:42,OU00722_11_SESS_U00722_11_0,P0030,11.81,SU00722_11_SESS_U00722_11_0
PU00747_11_SESS_U00747_11_0,U00747,SESS_U00747_11_0,2026-06-12 13:52:32,OU00747_11_SESS_U00747_11_0,P0025,74.94,SU00747_11_SESS_U00747_11_0
PU00777_11_SESS_U00777_11_0,U00777,SESS_U00777_11_0,2026-06-12 16:52:54,OU00777_11_SESS_U00777_11_0,P0024,38.04,SU00777_11_SESS_U00777_11_0
PU00782_11_SESS_U00782_11_0,U00782,SESS_U00782_11_0,2026-06-12 16:44:48,OU00782_11_SESS_U00782_11_0,P0011,21.9,SU00782_11_SESS_U00782_11_0
PU00782_11_SESS_U00782_11_0,U00782,SESS_U00782_11_0,2026-06-12 21:23:47,OU00782_11_SESS_U00782_11_0,P0112,49.99,SU00782_11_SESS_U00782_11_0
PU00782_11_SESS_U00782_11_0,U00782,SESS_U00782_11_0,2026-06-12 13:57:54,OU00782_11_SESS_U00782_11_0,P0112,49.99,SU00782_11_SESS_U00782_11_0
PU00016_12_SESS_U00016_12_1,U00016,SESS_U00016_12_1,2026-06-13 22:28:26,OU00016_12_SESS_U00016_12_1,P0127,124.89,SU00016_12_SESS_U00016_12_1
PU00021_12_SESS_U00021_12_0,U00021,SESS_U00021_12_0,2026-06-13 08:21:33,OU00021_12_SESS_U00021_12_0,P0012,175.34,SU00021_12_SESS_U00021_12_0
PU00041_12_SESS_U00041_12_1,U00041,SESS_U00041_12_1,2026-06-13 18:40:28,OU00041_12_SESS_U00041_12_1,P0280,177.12,SU00041_12_SESS_U00041_12_1
PU00098_12_SESS_U00098_12_1,U00098,SESS_U00098_12_1,2026-06-13 10:27:33,OU00098_12_SESS_U00098_12_1,P0245,20.18,SU00098_12_SESS_U00098_12_1
PU00102_12_SESS_U00102_12_0,U00102,SESS_U00102_12_0,2026-06-13 15:43:56,OU00102_12_SESS_U00102_12_0,P0157,104.75,SU00102_12_SESS_U00102_12_0
PU00121_12_SESS_U00121_12_0,U00121,SESS_U00121_12_0,2026-06-13 23:08:33,OU00121_12_SESS_U00121_12_0,P0566,93.41,SU00121_12_SESS_U00121_12_0
PU00122_12_SESS_U00122_12_0,U00122,SESS_U00122_12_0,2026-06-13 07:53:40,OU00122_12_SESS_U00122_12_0,P0038,25.48,SU00122_12_SESS_U00122_12_0
PU00152_12_SESS_U00152_12_0,U00152,SESS_U00152_12_0,2026-06-13 16:03:53,OU00152_12_SESS_U00152_12_0,P0002,333.49,SU00152_12_SESS_U00152_12_0
PU00186_12_SESS_U00186_12_0,U00186,SESS_U00186_12_0,2026-06-13 17:34:39,OU00186_12_SESS_U00186_12_0,P0146,17.09,SU00186_12_SESS_U00186_12_0
PU00227_12_SESS_U00227_12_0,U00227,SESS_U00227_12_0,2026-06-13 09:47:40,OU00227_12_SESS_U00227_12_0,P0002,333.49,SU00227_12_SESS_U00227_12_0
PU00236_12_SESS_U00236_12_1,U00236,SESS_U00236_12_1,2026-06-13 08:46:32,OU00236_12_SESS_U00236_12_1,P0027,81.89,SU00236_12_SESS_U00236_12_1
PU00297_12_SESS_U00297_12_0,U00297,SESS_U00297_12_0,2026-06-13 10:35:33,OU00297_12_SESS_U00297_12_0,P0031,218.53,SU00297_12_SESS_U00297_12_0
PU00313_12_SESS_U00313_12_0,U00313,SESS_U00313_12_0,2026-06-13 10:33:50,OU00313_12_SESS_U00313_12_0,P0146,17.09,SU00313_12_SESS_U00313_12_0
PU00330_12_SESS_U00330_12_0,U00330,SESS_U00330_12_0,2026-06-13 08:47:15,OU00330_12_SESS_U00330_12_0,P0084,13.21,SU00330_12_SESS_U00330_12_0
PU00332_12_SESS_U00332_12_0,U00332,SESS_U00332_12_0,2026-06-13 19:45:31,OU00332_12_SESS_U00332_12_0,P0285,208.72,SU00332_12_SESS_U00332_12_0
PU00367_12_SESS_U00367_12_0,U00367,SESS_U00367_12_0,2026-06-13 21:17:43,OU00367_12_SESS_U00367_12_0,P0234,155.37,SU00367_12_SESS_U00367_12_0
PU00371_12_SESS_U00371_12_0,U00371,SESS_U00371_12_0,2026-06-13 22:36:36,OU00371_12_SESS_U00371_12_0,P0254,74.12,SU00371_12_SESS_U00371_12_0
PU00378_12_SESS_U00378_12_0,U00378,SESS_U00378_12_0,2026-06-13 16:38:20,OU00378_12_SESS_U00378_12_0,P0018,106.34,SU00378_12_SESS_U00378_12_0
PU00388_12_SESS_U00388_12_0,U00388,SESS_U00388_12_0,2026-06-13 13:45:46,OU00388_12_SESS_U00388_12_0,P0044,274.16,SU00388_12_SESS_U00388_12_0
PU00454_12_SESS_U00454_12_0,U00454,SESS_U00454_12_0,2026-06-13 11:55:42,OU00454_12_SESS_U00454_12_0,P0122,198.18,SU00454_12_SESS_U00454_12_0
PU00490_12_SESS_U00490_12_0,U00490,SESS_U00490_12_0,2026-06-13 15:44:36,OU00490_12_SESS_U00490_12_0,P0014,57.91,SU00490_12_SESS_U00490_12_0
PU00563_12_SESS_U00563_12_0,U00563,SESS_U00563_12_0,2026-06-13 20:33:40,OU00563_12_SESS_U00563_12_0,P0016,23.04,SU00563_12_SESS_U00563_12_0
PU00578_12_SESS_U00578_12_0,U00578,SESS_U00578_12_0,2026-06-13 19:48:18,OU00578_12_SESS_U00578_12_0,P0029,183.84,SU00578_12_SESS_U00578_12_0
PU00591_12_SESS_U00591_12_0,U00591,SESS_U00591_12_0,2026-06-13 19:21:52,OU00591_12_SESS_U00591_12_0,P0072,81.57,SU00591_12_SESS_U00591_12_0
PU00603_12_SESS_U00603_12_1,U00603,SESS_U00603_12_1,2026-06-13 07:56:52,OU00603_12_SESS_U00603_12_1,P0051,87.51,SU00603_12_SESS_U00603_12_1
PU00617_12_SESS_U00617_12_1,U00617,SESS_U00617_12_1,2026-06-13 13:22:39,OU00617_12_SESS_U00617_12_1,P0001,38.71,SU00617_12_SESS_U00617_12_1
PU00642_12_SESS_U00642_12_0,U00642,SESS_U00642_12_0,2026-06-13 08:20:23,OU00642_12_SESS_U00642_12_0,P0579,48.35,SU00642_12_SESS_U00642_12_0
PU00653_12_SESS_U00653_12_0,U00653,SESS_U00653_12_0,2026-06-13 17:03:32,OU00653_12_SESS_U00653_12_0,P0183,83.82,SU00653_12_SESS_U00653_12_0
PU00659_12_SESS_U00659_12_0,U00659,SESS_U00659_12_0,2026-06-13 15:29:45,OU00659_12_SESS_U00659_12_0,P0050,76.93,SU00659_12_SESS_U00659_12_0
PU00676_12_SESS_U00676_12_0,U00676,SESS_U00676_12_0,2026-06-13 22:54:30,OU00676_12_SESS_U00676_12_0,P0421,240.6,SU00676_12_SESS_U00676_12_0
PU00698_12_SESS_U00698_12_0,U00698,SESS_U00698_12_0,2026-06-13 16:03:32,OU00698_12_SESS_U00698_12_0,P0072,81.57,SU00698_12_SESS_U00698_12_0
PU00706_12_SESS_U00706_12_0,U00706,SESS_U00706_12_0,2026-06-13 07:47:35,OU00706_12_SESS_U00706_12_0,P0243,138.25,SU00706_12_SESS_U00706_12_0
PU00726_12_SESS_U00726_12_0,U00726,SESS_U00726_12_0,2026-06-13 20:44:55,OU00726_12_SESS_U00726_12_0,P0611,17.43,SU00726_12_SESS_U00726_12_0
PU00748_12_SESS_U00748_12_0,U00748,SESS_U00748_12_0,2026-06-13 16:58:57,OU00748_12_SESS_U00748_12_0,P0002,333.49,SU00748_12_SESS_U00748_12_0
PU00762_12_SESS_U00762_12_0,U00762,SESS_U00762_12_0,2026-06-13 09:04:16,OU00762_12_SESS_U00762_12_0,P0122,198.18,SU00762_12_SESS_U00762_12_0
PU00786_12_SESS_U00786_12_0,U00786,SESS_U00786_12_0,2026-06-13 13:47:35,OU00786_12_SESS_U00786_12_0,P0107,131.96,SU00786_12_SESS_U00786_12_0
PU00003_13_SESS_U00003_13_0,U00003,SESS_U00003_13_0,2026-06-14 17:44:21,OU00003_13_SESS_U00003_13_0,P0016,23.04,SU00003_13_SESS_U00003_13_0
PU00062_13_SESS_U00062_13_0,U00062,SESS_U00062_13_0,2026-06-14 12:31:35,OU00062_13_SESS_U00062_13_0,P0012,175.34,SU00062_13_SESS_U00062_13_0
PU00065_13_SESS_U00065_13_0,U00065,SESS_U00065_13_0,2026-06-14 21:28:20,OU00065_13_SESS_U00065_13_0,P0002,333.49,SU00065_13_SESS_U00065_13_0
PU00067_13_SESS_U00067_13_0,U00067,SESS_U00067_13_0,2026-06-14 19:07:39,OU00067_13_SESS_U00067_13_0,P0121,123.43,SU00067_13_SESS_U00067_13_0
PU00093_13_SESS_U00093_13_0,U00093,SESS_U00093_13_0,2026-06-14 21:34:29,OU00093_13_SESS_U00093_13_0,P0481,122.56,SU00093_13_SESS_U00093_13_0
PU00105_13_SESS_U00105_13_0,U00105,SESS_U00105_13_0,2026-06-14 17:43:41,OU00105_13_SESS_U00105_13_0,P0013,184.81,SU00105_13_SESS_U00105_13_0
PU00134_13_SESS_U00134_13_0,U00134,SESS_U00134_13_0,2026-06-14 19:31:22,OU00134_13_SESS_U00134_13_0,P0157,104.75,SU00134_13_SESS_U00134_13_0
PU00151_13_SESS_U00151_13_0,U00151,SESS_U00151_13_0,2026-06-14 17:20:18,OU00151_13_SESS_U00151_13_0,P0042,113.99,SU00151_13_SESS_U00151_13_0
PU00166_13_SESS_U00166_13_1,U00166,SESS_U00166_13_1,2026-06-14 07:57:28,OU00166_13_SESS_U00166_13_1,P0122,198.18,SU00166_13_SESS_U00166_13_1
PU00175_13_SESS_U00175_13_0,U00175,SESS_U00175_13_0,2026-06-14 07:40:37,OU00175_13_SESS_U00175_13_0,P0368,136.94,SU00175_13_SESS_U00175_13_0
PU00180_13_SESS_U00180_13_0,U00180,SESS_U00180_13_0,2026-06-14 16:48:29,OU00180_13_SESS_U00180_13_0,P0128,190.75,SU00180_13_SESS_U00180_13_0
PU00184_13_SESS_U00184_13_0,U00184,SESS_U00184_13_0,2026-06-14 21:18:17,OU00184_13_SESS_U00184_13_0,P0047,103.84,SU00184_13_SESS_U00184_13_0
PU00221_13_SESS_U00221_13_1,U00221,SESS_U00221_13_1,2026-06-14 16:15:58,OU00221_13_SESS_U00221_13_1,P0262,346.67,SU00221_13_SESS_U00221_13_1
PU00232_13_SESS_U00232_13_0,U00232,SESS_U00232_13_0,2026-06-14 22:47:40,OU00232_13_SESS_U00232_13_0,P0112,49.99,SU00232_13_SESS_U00232_13_0
PU00246_13_SESS_U00246_13_1,U00246,SESS_U00246_13_1,2026-06-14 14:49:37,OU00246_13_SESS_U00246_13_1,P0047,103.84,SU00246_13_SESS_U00246_13_1
PU00254_13_SESS_U00254_13_0,U00254,SESS_U00254_13_0,2026-06-14 20:51:33,OU00254_13_SESS_U00254_13_0,P0018,106.34,SU00254_13_SESS_U00254_13_0
PU00269_13_SESS_U00269_13_0,U00269,SESS_U00269_13_0,2026-06-14 16:48:45,OU00269_13_SESS_U00269_13_0,P0138,215.36,SU00269_13_SESS_U00269_13_0
PU00286_13_SESS_U00286_13_0,U00286,SESS_U00286_13_0,2026-06-14 09:52:53,OU00286_13_SESS_U00286_13_0,P0531,74.66,SU00286_13_SESS_U00286_13_0
PU00313_13_SESS_U00313_13_0,U00313,SESS_U00313_13_0,2026-06-14 12:13:09,OU00313_13_SESS_U00313_13_0,P0281,268.65,SU00313_13_SESS_U00313_13_0
PU00314_13_SESS_U00314_13_0,U00314,SESS_U00314_13_0,2026-06-14 21:44:50,OU00314_13_SESS_U00314_13_0,P0412,285.77,SU00314_13_SESS_U00314_13_0
PU00321_13_SESS_U00321_13_0,U00321,SESS_U00321_13_0,2026-06-14 07:43:27,OU00321_13_SESS_U00321_13_0,P0232,183.38,SU00321_13_SESS_U00321_13_0
PU00330_13_SESS_U00330_13_0,U00330,SESS_U00330_13_0,2026-06-14 22:21:24,OU00330_13_SESS_U00330_13_0,P0473,31.69,SU00330_13_SESS_U00330_13_0
PU00357_13_SESS_U00357_13_0,U00357,SESS_U00357_13_0,2026-06-14 09:36:38,OU00357_13_SESS_U00357_13_0,P0062,67.06,SU00357_13_SESS_U00357_13_0
PU00384_13_SESS_U00384_13_1,U00384,SESS_U00384_13_1,2026-06-14 10:06:31,OU00384_13_SESS_U00384_13_1,P0492,97.58,SU00384_13_SESS_U00384_13_1
PU00405_13_SESS_U00405_13_0,U00405,SESS_U00405_13_0,2026-06-14 10:59:56,OU00405_13_SESS_U00405_13_0,P0298,55.32,SU00405_13_SESS_U00405_13_0
PU00406_13_SESS_U00406_13_0,U00406,SESS_U00406_13_0,2026-06-14 10:31:39,OU00406_13_SESS_U00406_13_0,P0112,49.99,SU00406_13_SESS_U00406_13_0
PU00414_13_SESS_U00414_13_0,U00414,SESS_U00414_13_0,2026-06-14 07:13:52,OU00414_13_SESS_U00414_13_0,P0052,235.91,SU00414_13_SESS_U00414_13_0
PU00416_13_SESS_U00416_13_0,U00416,SESS_U00416_13_0,2026-06-14 18:12:40,OU00416_13_SESS_U00416_13_0,P0218,166.76,SU00416_13_SESS_U00416_13_0
PU00428_13_SESS_U00428_13_0,U00428,SESS_U00428_13_0,2026-06-14 11:03:35,OU00428_13_SESS_U00428_13_0,P0451,275.34,SU00428_13_SESS_U00428_13_0
PU00433_13_SESS_U00433_13_0,U00433,SESS_U00433_13_0,2026-06-14 17:31:45,OU00433_13_SESS_U00433_13_0,P0085,103.63,SU00433_13_SESS_U00433_13_0
PU00447_13_SESS_U00447_13_0,U00447,SESS_U00447_13_0,2026-06-14 11:08:19,OU00447_13_SESS_U00447_13_0,P0155,295.91,SU00447_13_SESS_U00447_13_0
PU00457_13_SESS_U00457_13_0,U00457,SESS_U00457_13_0,2026-06-14 07:29:31,OU00457_13_SESS_U00457_13_0,P0298,55.32,SU00457_13_SESS_U00457_13_0
PU00463_13_SESS_U00463_13_0,U00463,SESS_U00463_13_0,2026-06-14 14:05:39,OU00463_13_SESS_U00463_13_0,P0640,83.48,SU00463_13_SESS_U00463_13_0
PU00473_13_SESS_U00473_13_0,U00473,SESS_U00473_13_0,2026-06-14 21:21:55,OU00473_13_SESS_U00473_13_0,P0044,274.16,SU00473_13_SESS_U00473_13_0
PU00483_13_SESS_U00483_13_0,U00483,SESS_U00483_13_0,2026-06-14 16:49:20,OU00483_13_SESS_U00483_13_0,P0005,49.18,SU00483_13_SESS_U00483_13_0
PU00490_13_SESS_U00490_13_0,U00490,SESS_U00490_13_0,2026-06-14 20:01:43,OU00490_13_SESS_U00490_13_0,P0013,184.81,SU00490_13_SESS_U00490_13_0
PU00519_13_SESS_U00519_13_1,U00519,SESS_U00519_13_1,2026-06-14 09:32:29,OU00519_13_SESS_U00519_13_1,P0002,333.49,SU00519_13_SESS_U00519_13_1
PU00542_13_SESS_U00542_13_0,U00542,SESS_U00542_13_0,2026-06-14 07:57:14,OU00542_13_SESS_U00542_13_0,P0073,25.86,SU00542_13_SESS_U00542_13_0
PU00544_13_SESS_U00544_13_0,U00544,SESS_U00544_13_0,2026-06-14 17:37:57,OU00544_13_SESS_U00544_13_0,P0025,74.94,SU00544_13_SESS_U00544_13_0
PU00545_13_SESS_U00545_13_0,U00545,SESS_U00545_13_0,2026-06-14 14:15:49,OU00545_13_SESS_U00545_13_0,P0308,107.04,SU00545_13_SESS_U00545_13_0
PU00559_13_SESS_U00559_13_0,U00559,SESS_U00559_13_0,2026-06-14 09:25:17,OU00559_13_SESS_U00559_13_0,P0074,151.4,SU00559_13_SESS_U00559_13_0
PU00565_13_SESS_U00565_13_0,U00565,SESS_U00565_13_0,2026-06-14 19:55:37,OU00565_13_SESS_U00565_13_0,P0017,101.71,SU00565_13_SESS_U00565_13_0
PU00582_13_SESS_U00582_13_0,U00582,SESS_U00582_13_0,2026-06-14 18:54:29,OU00582_13_SESS_U00582_13_0,P0050,76.93,SU00582_13_SESS_U00582_13_0
PU00601_13_SESS_U00601_13_0,U00601,SESS_U00601_13_0,2026-06-14 14:26:43,OU00601_13_SESS_U00601_13_0,P0584,125.13,SU00601_13_SESS_U00601_13_0
PU00611_13_SESS_U00611_13_0,U00611,SESS_U00611_13_0,2026-06-14 18:03:55,OU00611_13_SESS_U00611_13_0,P0049,124.81,SU00611_13_SESS_U00611_13_0
PU00618_13_SESS_U00618_13_1,U00618,SESS_U00618_13_1,2026-06-14 17:07:17,OU00618_13_SESS_U00618_13_1,P0001,38.71,SU00618_13_SESS_U00618_13_1
PU00646_13_SESS_U00646_13_0,U00646,SESS_U00646_13_0,2026-06-14 09:22:42,OU00646_13_SESS_U00646_13_0,P0056,139.22,SU00646_13_SESS_U00646_13_0
PU00650_13_SESS_U00650_13_0,U00650,SESS_U00650_13_0,2026-06-14 20:40:08,OU00650_13_SESS_U00650_13_0,P0031,218.53,SU00650_13_SESS_U00650_13_0
PU00654_13_SESS_U00654_13_0,U00654,SESS_U00654_13_0,2026-06-14 12:23:01,OU00654_13_SESS_U00654_13_0,P0149,19.1,SU00654_13_SESS_U00654_13_0
PU00692_13_SESS_U00692_13_1,U00692,SESS_U00692_13_1,2026-06-14 12:11:21,OU00692_13_SESS_U00692_13_1,P0599,38.54,SU00692_13_SESS_U00692_13_1
PU00698_13_SESS_U00698_13_0,U00698,SESS_U00698_13_0,2026-06-14 18:28:42,OU00698_13_SESS_U00698_13_0,P0342,46.82,SU00698_13_SESS_U00698_13_0
PU00715_13_SESS_U00715_13_1,U00715,SESS_U00715_13_1,2026-06-14 09:25:00,OU00715_13_SESS_U00715_13_1,P0002,333.49,SU00715_13_SESS_U00715_13_1
PU00727_13_SESS_U00727_13_0,U00727,SESS_U00727_13_0,2026-06-14 18:50:50,OU00727_13_SESS_U00727_13_0,P0016,23.04,SU00727_13_SESS_U00727_13_0
PU00731_13_SESS_U00731_13_0,U00731,SESS_U00731_13_0,2026-06-14 21:03:35,OU00731_13_SESS_U00731_13_0,P0433,97.31,SU00731_13_SESS_U00731_13_0
PU00731_13_SESS_U00731_13_0,U00731,SESS_U00731_13_0,2026-06-14 15:35:41,OU00731_13_SESS_U00731_13_0,P0048,119.21,SU00731_13_SESS_U00731_13_0
PU00731_13_SESS_U00731_13_1,U00731,SESS_U00731_13_1,2026-06-14 22:39:16,OU00731_13_SESS_U00731_13_1,P0081,78.77,SU00731_13_SESS_U00731_13_1
PU00736_13_SESS_U00736_13_0,U00736,SESS_U00736_13_0,2026-06-14 18:16:34,OU00736_13_SESS_U00736_13_0,P0002,333.49,SU00736_13_SESS_U00736_13_0
PU00763_13_SESS_U00763_13_0,U00763,SESS_U00763_13_0,2026-06-14 08:41:43,OU00763_13_SESS_U00763_13_0,P0188,126.59,SU00763_13_SESS_U00763_13_0
PU00795_13_SESS_U00795_13_1,U00795,SESS_U00795_13_1,2026-06-14 12:35:54,OU00795_13_SESS_U00795_13_1,P0117,73.9,SU00795_13_SESS_U00795_13_1
