event_id,user_id,session_id,timestamp,query_text,query_length,search_variant,result_count,latency_ms,top_result_similarity_score
SU00003_0_SESS_U00003_0_0_0,U00003,SESS_U00003_0_0,2026-06-01 10:58:00,capm stove,2,ai_semantic,8,142.4,0.4880000054836273
SU00003_0_SESS_U00003_0_0_1,U00003,SESS_U00003_0_0,2026-06-01 16:35:00,gift hoodie,2,ai_semantic,8,170.3,0.6448000073432922
SU00007_0_SESS_U00007_0_0_0,U00007,SESS_U00007_0_0,2026-06-01 08:52:00,fleece-lnied sweater,2,ai_semantic,8,184.0,0.7638000249862671
SU00007_0_SESS_U00007_0_0_1,U00007,SESS_U00007_0_0,2026-06-01 11:30:00,somthing for camping,3,ai_semantic,8,163.3,0.4957999885082245
SU00008_0_SESS_U00008_0_0_0,U00008,SESS_U00008_0_0,2026-06-01 20:00:00,best blender for a gift,5,legacy,8,67.7,0.5336
SU00009_0_SESS_U00009_0_0_0,U00009,SESS_U00009_0_0,2026-06-01 11:46:00,cheap sleeping bag,3,legacy,7,92.8,0.5912
SU00009_0_SESS_U00009_0_0_1,U00009,SESS_U00009_0_0,2026-06-01 15:58:00,gift box set personalzied,4,legacy,8,90.2,0.5261
SU00011_0_SESS_U00011_0_0_0,U00011,SESS_U00011_0_0,2026-06-01 09:24:00,noise-cancelling smartwatch,2,legacy,8,138.3,0.5474
SU00011_0_SESS_U00011_0_0_1,U00011,SESS_U00011_0_0,2026-06-01 21:30:00,soft jacket,2,legacy,8,82.1,0.5928
SU00011_0_SESS_U00011_0_0_2,U00011,SESS_U00011_0_0,2026-06-01 12:40:00,sleeping bag,2,legacy,7,91.1,0.5024
SU00015_0_SESS_U00015_0_0_0,U00015,SESS_U00015_0_0,2026-06-01 17:55:00,gift photo frame,3,legacy,8,68.2,0.5661
SU00015_0_SESS_U00015_0_0_1,U00015,SESS_U00015_0_0,2026-06-01 20:56:00,cheap air fryer,3,legacy,6,74.6,0.5155
SU00018_0_SESS_U00018_0_0_0,U00018,SESS_U00018_0_0,2026-06-01 20:10:00,non-stick toaster,2,legacy,8,93.6,0.5367
SU00021_0_SESS_U00021_0_0_0,U00021,SESS_U00021_0_0,2026-06-01 22:22:00,cheap hoodie,2,legacy,7,86.9,0.442
SU00022_0_SESS_U00022_0_0_0,U00022,SESS_U00022_0_0,2026-06-01 08:43:00,best cleats for camping,4,ai_semantic,8,121.7,0.6715999841690063
SU00022_0_SESS_U00022_0_0_1,U00022,SESS_U00022_0_0,2026-06-01 18:49:00,jacket under 50 dollars,4,ai_semantic,8,200.2,0.5066999793052673
SU00027_0_SESS_U00027_0_0_0,U00027,SESS_U00027_0_0,2026-06-01 13:12:00,steel coffee maker stainelss,4,ai_semantic,8,223.4,0.5
SU00027_0_SESS_U00027_0_0_1,U00027,SESS_U00027_0_0,2026-06-01 22:23:00,best speaker for my mom,5,ai_semantic,8,171.6,0.5238999724388123
SU00028_0_SESS_U00028_0_0_0,U00028,SESS_U00028_0_0,2026-06-01 18:17:00,cheap headphones,2,ai_semantic,8,259.9,0.6647999882698059
SU00033_0_SESS_U00033_0_0_0,U00033,SESS_U00033_0_0,2026-06-01 15:27:00,somthing for the office,4,legacy,8,86.5,0.5856
SU00037_0_SESS_U00037_0_0_0,U00037,SESS_U00037_0_0,2026-06-01 19:05:00,gift power bank,3,legacy,8,62.2,0.5988
SU00037_0_SESS_U00037_0_1_0,U00037,SESS_U00037_0_1,2026-06-01 14:41:00,sleeping bag,2,legacy,7,102.0,0.5439
SU00037_0_SESS_U00037_0_1_1,U00037,SESS_U00037_0_1,2026-06-01 18:03:00,best gift box set for gym,6,legacy,8,100.2,0.5796
SU00047_0_SESS_U00047_0_0_0,U00047,SESS_U00047_0_0,2026-06-01 07:12:00,beaine wamr,2,legacy,0,96.8,
SU00048_0_SESS_U00048_0_0_0,U00048,SESS_U00048_0_0,2026-06-01 15:24:00,air fryer,2,legacy,6,112.1,0.5861
SU00050_0_SESS_U00050_0_0_0,U00050,SESS_U00050_0_0,2026-06-01 14:04:00,portable camp stove,3,legacy,8,79.8,0.5404
SU00050_0_SESS_U00050_0_0_1,U00050,SESS_U00050_0_0,2026-06-01 10:59:00,cheap knife set,3,legacy,8,114.9,0.5797
SU00051_0_SESS_U00051_0_0_0,U00051,SESS_U00051_0_0,2026-06-01 22:07:00,gift photo frame,3,ai_semantic,8,164.0,0.6269000172615051
SU00052_0_SESS_U00052_0_0_0,U00052,SESS_U00052_0_0,2026-06-01 11:28:00,cheap power bank,3,ai_semantic,8,185.1,0.7488999962806702
SU00052_0_SESS_U00052_0_0_1,U00052,SESS_U00052_0_0,2026-06-01 07:17:00,gift box set under 50 dollars,6,ai_semantic,8,223.7,0.6812999844551086
SU00058_0_SESS_U00058_0_0_0,U00058,SESS_U00058_0_0,2026-06-01 22:07:00,somthing for travel,3,ai_semantic,8,204.3,0.3716999888420105
SU00058_0_SESS_U00058_0_0_1,U00058,SESS_U00058_0_0,2026-06-01 10:16:00,smartwatch wireelss,2,ai_semantic,8,239.7,0.46299999952316284
SU00058_0_SESS_U00058_0_1_0,U00058,SESS_U00058_0_1,2026-06-01 20:57:00,best sneakers for travel,4,ai_semantic,8,200.6,0.6496000289916992
SU00058_0_SESS_U00058_0_1_1,U00058,SESS_U00058_0_1,2026-06-01 16:11:00,cooler copmact,2,ai_semantic,8,189.0,0.47929999232292175
SU00059_0_SESS_U00059_0_0_0,U00059,SESS_U00059_0_0,2026-06-01 15:11:00,bets power bank for my mom,6,legacy,8,93.5,0.5792
SU00060_0_SESS_U00060_0_0_0,U00060,SESS_U00060_0_0,2026-06-01 20:53:00,dishwasher-safe toaster,2,ai_semantic,8,156.1,0.8783000111579895
SU00060_0_SESS_U00060_0_0_1,U00060,SESS_U00060_0_0,2026-06-01 22:05:00,hoodie fleecel-ined,2,ai_semantic,8,196.0,0.7613999843597412
SU00060_0_SESS_U00060_0_0_2,U00060,SESS_U00060_0_0,2026-06-01 07:22:00,electric cookware set,3,ai_semantic,8,201.7,0.8632000088691711
SU00064_0_SESS_U00064_0_0_0,U00064,SESS_U00064_0_0,2026-06-01 22:28:00,rechargeable smartwatch,2,legacy,8,93.5,0.5567
SU00064_0_SESS_U00064_0_0_1,U00064,SESS_U00064_0_0,2026-06-01 12:10:00,tnet fodlable,2,legacy,0,82.3,
SU00071_0_SESS_U00071_0_0_0,U00071,SESS_U00071_0_0,2026-06-01 07:53:00,stainless steel knife set,4,legacy,8,77.0,0.5778
SU00073_0_SESS_U00073_0_0_0,U00073,SESS_U00073_0_0,2026-06-01 12:02:00,fleece pullover,2,ai_semantic,8,119.2,0.8878999948501587
SU00077_0_SESS_U00077_0_0_0,U00077,SESS_U00077_0_0,2026-06-01 21:47:00,best sandals for rain,4,ai_semantic,8,162.4,0.5997999906539917
SU00078_0_SESS_U00078_0_0_0,U00078,SESS_U00078_0_0,2026-06-01 08:49:00,compact sleeping bag,3,ai_semantic,8,228.0,0.8403000235557556
SU00079_0_SESS_U00079_0_0_0,U00079,SESS_U00079_0_0,2026-06-01 11:43:00,sweater felece-lined,2,ai_semantic,8,194.6,0.7063999772071838
SU00080_0_SESS_U00080_0_0_0,U00080,SESS_U00080_0_0,2026-06-01 09:20:00,gift earbuds,2,ai_semantic,8,148.2,0.6978999972343445
SU00080_0_SESS_U00080_0_0_1,U00080,SESS_U00080_0_0,2026-06-01 08:02:00,noise-cancelling speaker,2,ai_semantic,8,193.4,0.7688999772071838
SU00080_0_SESS_U00080_0_1_0,U00080,SESS_U00080_0_1,2026-06-01 07:27:00,breathable running shoes,3,ai_semantic,8,150.2,0.8873999714851379
SU00080_0_SESS_U00080_0_1_1,U00080,SESS_U00080_0_1,2026-06-01 11:28:00,ultralight headlamp for rain,4,ai_semantic,8,205.3,0.6370999813079834
SU00087_0_SESS_U00087_0_0_0,U00087,SESS_U00087_0_0,2026-06-01 21:39:00,steel air fryer,3,ai_semantic,8,213.5,0.7907999753952026
SU00091_0_SESS_U00091_0_0_0,U00091,SESS_U00091_0_0,2026-06-01 16:39:00,keychain engravde,2,legacy,6,81.9,0.5654
SU00096_0_SESS_U00096_0_0_0,U00096,SESS_U00096_0_0,2026-06-01 19:00:00,gift running sheos,3,legacy,8,102.1,0.5615
SU00097_0_SESS_U00097_0_0_0,U00097,SESS_U00097_0_0,2026-06-01 16:56:00,knife set dishwahser-safe,3,legacy,8,64.9,0.5763
SU00097_0_SESS_U00097_0_0_1,U00097,SESS_U00097_0_0,2026-06-01 18:28:00,foldalbe tent,2,legacy,7,84.0,0.5608
SU00097_0_SESS_U00097_0_0_2,U00097,SESS_U00097_0_0,2026-06-01 10:33:00,backpack under 50 dollars,4,legacy,6,67.0,0.5483
SU00098_0_SESS_U00098_0_0_0,U00098,SESS_U00098_0_0,2026-06-01 11:26:00,rain coat,2,ai_semantic,8,162.2,0.7587000131607056
SU00099_0_SESS_U00099_0_0_0,U00099,SESS_U00099_0_0,2026-06-01 10:24:00,loafers under 50 dollars,4,ai_semantic,8,166.3,0.5924999713897705
SU00106_0_SESS_U00106_0_0_0,U00106,SESS_U00106_0_0,2026-06-01 19:41:00,lightweight loafers for gym,4,ai_semantic,8,190.5,0.7597000002861023
SU00109_0_SESS_U00109_0_0_0,U00109,SESS_U00109_0_0,2026-06-01 17:20:00,best toaster for camping,4,legacy,8,101.9,0.5837
SU00112_0_SESS_U00112_0_0_0,U00112,SESS_U00112_0_0,2026-06-01 07:01:00,best winter boots for gym,5,legacy,8,80.3,0.594
SU00114_0_SESS_U00114_0_0_0,U00114,SESS_U00114_0_0,2026-06-01 18:02:00,thermal leggings coyz,3,legacy,7,100.7,0.5813
SU00115_0_SESS_U00115_0_0_0,U00115,SESS_U00115_0_0,2026-06-01 19:41:00,sleeping bag copmact,3,ai_semantic,8,176.8,0.616599977016449
SU00115_0_SESS_U00115_0_0_1,U00115,SESS_U00115_0_0,2026-06-01 21:49:00,best winter boots for my mom,6,ai_semantic,8,174.7,0.5870000123977661
SU00116_0_SESS_U00116_0_0_0,U00116,SESS_U00116_0_0,2026-06-01 18:04:00,speaker,1,legacy,5,98.2,0.415
SU00119_0_SESS_U00119_0_0_0,U00119,SESS_U00119_0_0,2026-06-01 20:40:00,gift beanie,2,legacy,8,93.1,0.5827
SU00120_0_SESS_U00120_0_0_0,U00120,SESS_U00120_0_0,2026-06-01 07:58:00,wamr beanie,2,legacy,5,93.4,0.556
SU00123_0_SESS_U00123_0_0_0,U00123,SESS_U00123_0_0,2026-06-01 20:38:00,jacket moitsure-wicking,2,ai_semantic,8,170.1,0.5304999947547913
SU00125_0_SESS_U00125_0_0_0,U00125,SESS_U00125_0_0,2026-06-01 11:45:00,engraved mug,2,legacy,8,84.2,0.5352
SU00125_0_SESS_U00125_0_0_1,U00125,SESS_U00125_0_0,2026-06-01 19:01:00,gift headphones,2,legacy,8,80.4,0.5749
SU00128_0_SESS_U00128_0_0_0,U00128,SESS_U00128_0_0,2026-06-01 17:00:00,best cleats for the ofifce,5,ai_semantic,8,170.2,0.7017999887466431
SU00129_0_SESS_U00129_0_0_0,U00129,SESS_U00129_0_0,2026-06-01 09:15:00,heavy-duty tent for camping,4,ai_semantic,8,188.6,0.8526999950408936
SU00129_0_SESS_U00129_0_0_1,U00129,SESS_U00129_0_0,2026-06-01 22:01:00,charging cable under 50 dollars,5,ai_semantic,8,195.4,0.5597000122070312
SU00129_0_SESS_U00129_0_0_2,U00129,SESS_U00129_0_0,2026-06-01 07:56:00,winter boots,2,ai_semantic,8,216.2,0.7364000082015991
SU00129_0_SESS_U00129_0_1_0,U00129,SESS_U00129_0_1,2026-06-01 21:18:00,speaker wierless,2,ai_semantic,8,178.0,0.6238999962806702
SU00133_0_SESS_U00133_0_0_0,U00133,SESS_U00133_0_0,2026-06-01 21:53:00,cheap gitf box set,4,ai_semantic,8,191.6,0.5242000222206116
SU00133_0_SESS_U00133_0_0_1,U00133,SESS_U00133_0_0,2026-06-01 19:24:00,cheap headlamp,2,ai_semantic,8,190.7,0.7418000102043152
SU00134_0_SESS_U00134_0_0_0,U00134,SESS_U00134_0_0,2026-06-01 21:43:00,tent inuslated,2,legacy,7,60.6,0.5799
SU00137_0_SESS_U00137_0_0_0,U00137,SESS_U00137_0_0,2026-06-01 13:08:00,best cooler for rain,4,legacy,8,92.2,0.5487
SU00137_0_SESS_U00137_0_1_0,U00137,SESS_U00137_0_1,2026-06-01 19:01:00,bluetooth webcam for rain,4,legacy,8,93.7,0.5426
SU00147_0_SESS_U00147_0_0_0,U00147,SESS_U00147_0_0,2026-06-01 14:20:00,photo frame under 50 dollars,5,ai_semantic,8,175.5,0.5997999906539917
SU00149_0_SESS_U00149_0_0_0,U00149,SESS_U00149_0_0,2026-06-01 14:18:00,winter boots,2,legacy,8,98.8,0.5954
SU00149_0_SESS_U00149_0_0_1,U00149,SESS_U00149_0_0,2026-06-01 20:01:00,minimalist candle for my mom,5,legacy,8,107.9,0.5848
SU00150_0_SESS_U00150_0_0_0,U00150,SESS_U00150_0_0,2026-06-01 15:58:00,gift pwoer bank,3,legacy,8,87.8,0.5981
SU00150_0_SESS_U00150_0_0_1,U00150,SESS_U00150_0_0,2026-06-01 13:48:00,sotf jacket,2,legacy,6,62.8,0.578
SU00157_0_SESS_U00157_0_0_0,U00157,SESS_U00157_0_0,2026-06-01 20:42:00,somthing for the office,4,legacy,8,92.3,0.5821
SU00158_0_SESS_U00158_0_0_0,U00158,SESS_U00158_0_0,2026-06-01 08:15:00,moisture-wicking jacket for winter,4,legacy,8,73.6,0.5715
SU00162_0_SESS_U00162_0_0_0,U00162,SESS_U00162_0_0,2026-06-01 19:47:00,gift tent,2,ai_semantic,8,221.7,0.6816999912261963
SU00166_0_SESS_U00166_0_0_0,U00166,SESS_U00166_0_0,2026-06-01 21:32:00,sandals under 50 dollars,4,legacy,4,115.9,0.4462
SU00167_0_SESS_U00167_0_0_0,U00167,SESS_U00167_0_0,2026-06-01 15:11:00,best journal for a gift,5,ai_semantic,8,189.1,0.6693000197410583
SU00170_0_SESS_U00170_0_0_0,U00170,SESS_U00170_0_0,2026-06-01 12:22:00,breathable cleats for rain,4,legacy,8,71.7,0.585
SU00174_0_SESS_U00174_0_0_0,U00174,SESS_U00174_0_0,2026-06-01 21:08:00,best loafers for the office,5,legacy,8,110.3,0.5761
SU00174_0_SESS_U00174_0_0_1,U00174,SESS_U00174_0_0,2026-06-01 11:37:00,lightweight hoodie for gym,4,legacy,8,80.4,0.5935
SU00175_0_SESS_U00175_0_0_0,U00175,SESS_U00175_0_0,2026-06-01 11:38:00,winter boots under 50 dollars,5,legacy,8,66.8,0.5907
SU00179_0_SESS_U00179_0_0_0,U00179,SESS_U00179_0_0,2026-06-01 18:31:00,fleece pullover,2,ai_semantic,8,116.7,0.8878999948501587
SU00179_0_SESS_U00179_0_0_1,U00179,SESS_U00179_0_0,2026-06-01 21:36:00,winter boots,2,ai_semantic,8,192.8,0.7364000082015991
SU00179_0_SESS_U00179_0_1_0,U00179,SESS_U00179_0_1,2026-06-01 20:31:00,personalized gift box set for gym,6,ai_semantic,8,139.1,0.760200023651123
SU00179_0_SESS_U00179_0_1_1,U00179,SESS_U00179_0_1,2026-06-01 19:53:00,bset coffee maker for travel,5,ai_semantic,8,178.1,0.41029998660087585
SU00185_0_SESS_U00185_0_0_0,U00185,SESS_U00185_0_0,2026-06-01 12:41:00,rechargeable power bank for winter,5,legacy,8,95.6,0.5228
SU00187_0_SESS_U00187_0_0_0,U00187,SESS_U00187_0_0,2026-06-01 15:15:00,sweater wamr,2,ai_semantic,8,175.3,0.5648999810218811
SU00187_0_SESS_U00187_0_0_1,U00187,SESS_U00187_0_0,2026-06-01 22:46:00,portable cooler,2,ai_semantic,8,160.7,0.8744999766349792
SU00187_0_SESS_U00187_0_1_0,U00187,SESS_U00187_0_1,2026-06-01 19:05:00,cheap steel toaster,3,ai_semantic,8,192.5,0.7070000171661377
SU00191_0_SESS_U00191_0_0_0,U00191,SESS_U00191_0_0,2026-06-01 08:53:00,best steel mixing bowl for the office,7,ai_semantic,8,238.4,0.7565000057220459
SU00192_0_SESS_U00192_0_0_0,U00192,SESS_U00192_0_0,2026-06-01 20:56:00,handmade journal for my mom,5,legacy,8,81.7,0.5747
SU00192_0_SESS_U00192_0_0_1,U00192,SESS_U00192_0_0,2026-06-01 21:51:00,cheap mug,2,legacy,6,61.6,0.5868
SU00192_0_SESS_U00192_0_0_2,U00192,SESS_U00192_0_0,2026-06-01 21:27:00,best desk ornamnet for gym,5,legacy,8,122.1,0.5904
SU00196_0_SESS_U00196_0_0_0,U00196,SESS_U00196_0_0,2026-06-01 17:38:00,thermal leggings,2,ai_semantic,8,143.7,0.8860999941825867
SU00196_0_SESS_U00196_0_0_1,U00196,SESS_U00196_0_0,2026-06-01 11:19:00,gift sneakers,2,ai_semantic,8,204.8,0.6984000205993652
SU00197_0_SESS_U00197_0_0_0,U00197,SESS_U00197_0_0,2026-06-01 09:09:00,best rain coat for the office,6,legacy,8,99.5,0.567
SU00197_0_SESS_U00197_0_1_0,U00197,SESS_U00197_0_1,2026-06-01 19:16:00,hoodie fleeec-lined,2,legacy,7,122.3,0.5913
SU00200_0_SESS_U00200_0_0_0,U00200,SESS_U00200_0_0,2026-06-01 14:35:00,best jacket for winter,4,ai_semantic,8,153.2,0.6187000274658203
SU00203_0_SESS_U00203_0_0_0,U00203,SESS_U00203_0_0,2026-06-01 10:40:00,somthing for winter,3,legacy,8,104.0,0.5192
SU00203_0_SESS_U00203_0_0_1,U00203,SESS_U00203_0_0,2026-06-01 19:34:00,cooler,1,legacy,6,104.2,0.5081
SU00203_0_SESS_U00203_0_0_2,U00203,SESS_U00203_0_0,2026-06-01 08:25:00,cheap speaker,2,legacy,5,102.8,0.5645
SU00205_0_SESS_U00205_0_0_0,U00205,SESS_U00205_0_0,2026-06-01 09:39:00,photo frame,2,legacy,6,71.8,0.5937
SU00216_0_SESS_U00216_0_0_0,U00216,SESS_U00216_0_0,2026-06-01 17:51:00,cheap sneakers,2,ai_semantic,8,173.4,0.6583999991416931
SU00216_0_SESS_U00216_0_0_1,U00216,SESS_U00216_0_0,2026-06-01 18:46:00,breathable running shoes for hiking,5,ai_semantic,8,194.7,0.8331999778747559
SU00219_0_SESS_U00219_0_0_0,U00219,SESS_U00219_0_0,2026-06-01 07:53:00,gift cookware set,3,legacy,8,86.5,0.5572
SU00223_0_SESS_U00223_0_0_0,U00223,SESS_U00223_0_0,2026-06-01 12:09:00,journal,1,ai_semantic,8,160.3,0.6930000185966492
SU00223_0_SESS_U00223_0_0_1,U00223,SESS_U00223_0_0,2026-06-01 15:34:00,cooler under 50 dollars,4,ai_semantic,8,211.3,0.5360000133514404
SU00225_0_SESS_U00225_0_0_0,U00225,SESS_U00225_0_0,2026-06-01 11:31:00,personalized keychain,2,ai_semantic,8,119.5,0.826200008392334
SU00226_0_SESS_U00226_0_0_0,U00226,SESS_U00226_0_0,2026-06-01 18:21:00,best blender for camping,4,legacy,8,68.4,0.5733
SU00228_0_SESS_U00228_0_0_0,U00228,SESS_U00228_0_0,2026-06-01 21:21:00,best smartwatch for hiking,4,legacy,8,85.7,0.5871
SU00231_0_SESS_U00231_0_0_0,U00231,SESS_U00231_0_0,2026-06-01 17:14:00,engraved mug,2,legacy,8,69.3,0.5445
SU00231_0_SESS_U00231_0_0_1,U00231,SESS_U00231_0_0,2026-06-01 15:22:00,high-top sneakers for my mom,5,legacy,8,86.0,0.5609
SU00231_0_SESS_U00231_0_1_0,U00231,SESS_U00231_0_1,2026-06-01 20:40:00,cookware set creamic,3,legacy,8,110.6,0.5516
SU00233_0_SESS_U00233_0_0_0,U00233,SESS_U00233_0_0,2026-06-01 18:32:00,cheap sneakesr,2,legacy,0,72.2,
SU00233_0_SESS_U00233_0_0_1,U00233,SESS_U00233_0_0,2026-06-01 17:03:00,gift mug,2,legacy,8,82.6,0.5992
SU00237_0_SESS_U00237_0_0_0,U00237,SESS_U00237_0_0,2026-06-01 18:09:00,gift backpack,2,legacy,8,92.1,0.5164
SU00241_0_SESS_U00241_0_0_0,U00241,SESS_U00241_0_0,2026-06-01 17:04:00,compact air fryer for my mom,6,legacy,8,52.2,0.5287
SU00246_0_SESS_U00246_0_0_0,U00246,SESS_U00246_0_0,2026-06-01 18:49:00,rustic desk ornament for my mom,6,ai_semantic,8,190.6,0.838699996471405
SU00246_0_SESS_U00246_0_1_0,U00246,SESS_U00246_0_1,2026-06-01 15:34:00,gift beanie,2,ai_semantic,8,224.4,0.7200000286102295
SU00246_0_SESS_U00246_0_1_1,U00246,SESS_U00246_0_1,2026-06-01 10:12:00,best coffee maker for a gift,6,ai_semantic,8,189.9,0.5627999901771545
SU00246_0_SESS_U00246_0_1_2,U00246,SESS_U00246_0_1,2026-06-01 11:00:00,cleats,1,ai_semantic,8,217.7,0.7260000109672546
SU00251_0_SESS_U00251_0_0_0,U00251,SESS_U00251_0_0,2026-06-01 19:39:00,gift headphones,2,ai_semantic,8,162.3,0.6919000148773193
SU00254_0_SESS_U00254_0_0_0,U00254,SESS_U00254_0_0,2026-06-01 17:49:00,dishwasher-safe toaster,2,legacy,8,108.8,0.5691
SU00254_0_SESS_U00254_0_0_1,U00254,SESS_U00254_0_0,2026-06-01 07:59:00,trail hiking boots for camping,5,legacy,8,44.8,0.5435
SU00254_0_SESS_U00254_0_0_2,U00254,SESS_U00254_0_0,2026-06-01 09:22:00,best gift box set for my mom,7,legacy,8,76.2,0.5735
SU00257_0_SESS_U00257_0_0_0,U00257,SESS_U00257_0_0,2026-06-01 22:48:00,best keychain for gym,4,ai_semantic,8,199.1,0.6373000144958496
SU00257_0_SESS_U00257_0_0_1,U00257,SESS_U00257_0_0,2026-06-01 15:08:00,winter boots breatahble,3,ai_semantic,8,193.6,0.5881999731063843
SU00259_0_SESS_U00259_0_0_0,U00259,SESS_U00259_0_0,2026-06-01 09:59:00,best backpack for my mom,5,legacy,8,131.1,0.5445
SU00261_0_SESS_U00261_0_0_0,U00261,SESS_U00261_0_0,2026-06-01 07:22:00,gfit power bank,3,ai_semantic,8,192.0,0.5910000205039978
SU00261_0_SESS_U00261_0_0_1,U00261,SESS_U00261_0_0,2026-06-01 18:57:00,somthing for the office,4,ai_semantic,8,180.4,0.2831999957561493
SU00264_0_SESS_U00264_0_0_0,U00264,SESS_U00264_0_0,2026-06-01 09:51:00,running shoes,2,legacy,8,77.6,0.5067
SU00264_0_SESS_U00264_0_1_0,U00264,SESS_U00264_0_1,2026-06-01 19:42:00,best winter boots for hiking,5,legacy,8,116.4,0.4469
SU00264_0_SESS_U00264_0_1_1,U00264,SESS_U00264_0_1,2026-06-01 14:14:00,breathable running sheos,3,legacy,8,116.3,0.5481
SU00265_0_SESS_U00265_0_0_0,U00265,SESS_U00265_0_0,2026-06-01 15:48:00,cheap blender,2,legacy,6,126.3,0.563
SU00268_0_SESS_U00268_0_0_0,U00268,SESS_U00268_0_0,2026-06-01 13:54:00,best headlamp for a gift,5,legacy,8,85.4,0.5834
SU00269_0_SESS_U00269_0_0_0,U00269,SESS_U00269_0_0,2026-06-01 16:43:00,air fryer under 50 dollars,5,legacy,6,72.6,0.5962
SU00270_0_SESS_U00270_0_0_0,U00270,SESS_U00270_0_0,2026-06-01 19:56:00,sweater under 50 dollars,4,ai_semantic,8,214.2,0.5741000175476074
SU00270_0_SESS_U00270_0_0_1,U00270,SESS_U00270_0_0,2026-06-01 17:04:00,celats under 50 dollars,4,ai_semantic,8,161.8,0.1606999933719635
SU00270_0_SESS_U00270_0_0_2,U00270,SESS_U00270_0_0,2026-06-01 07:11:00,somthing for winter,3,ai_semantic,8,139.8,0.4092999994754791
SU00270_0_SESS_U00270_0_1_0,U00270,SESS_U00270_0_1,2026-06-01 09:22:00,gift steel knife set,4,ai_semantic,8,185.8,0.6256999969482422
SU00270_0_SESS_U00270_0_1_1,U00270,SESS_U00270_0_1,2026-06-01 07:16:00,winter boots,2,ai_semantic,8,188.4,0.7364000082015991
SU00274_0_SESS_U00274_0_0_0,U00274,SESS_U00274_0_0,2026-06-01 16:35:00,gift gift box set,4,legacy,8,114.6,0.5987
SU00276_0_SESS_U00276_0_0_0,U00276,SESS_U00276_0_0,2026-06-01 07:15:00,loafers under 50 dollars,4,ai_semantic,8,94.1,0.5924999713897705
SU00284_0_SESS_U00284_0_0_0,U00284,SESS_U00284_0_0,2026-06-01 09:53:00,best mixing bowl for camping,5,legacy,8,56.9,0.5527
SU00289_0_SESS_U00289_0_0_0,U00289,SESS_U00289_0_0,2026-06-01 21:35:00,beanie lightwieght,2,ai_semantic,8,236.5,0.6496000289916992
SU00289_0_SESS_U00289_0_0_1,U00289,SESS_U00289_0_0,2026-06-01 22:32:00,slip-on loafers,2,ai_semantic,8,120.8,0.8991000056266785
SU00295_0_SESS_U00295_0_0_0,U00295,SESS_U00295_0_0,2026-06-01 14:59:00,charging cable,2,ai_semantic,8,189.9,0.7164999842643738
SU00295_0_SESS_U00295_0_1_0,U00295,SESS_U00295_0_1,2026-06-01 14:09:00,mug handmdae,2,ai_semantic,8,234.1,0.6061999797821045
SU00297_0_SESS_U00297_0_0_0,U00297,SESS_U00297_0_0,2026-06-01 21:11:00,cheap rain coat,3,ai_semantic,8,138.9,0.7279000282287598
SU00297_0_SESS_U00297_0_1_0,U00297,SESS_U00297_0_1,2026-06-01 20:07:00,cookware set under 50 dollars,5,ai_semantic,8,157.5,0.6148999929428101
SU00299_0_SESS_U00299_0_0_0,U00299,SESS_U00299_0_0,2026-06-01 21:44:00,hoodie,1,legacy,7,64.1,0.5854
SU00305_0_SESS_U00305_0_0_0,U00305,SESS_U00305_0_0,2026-06-01 18:33:00,somthing for gym,3,legacy,8,72.8,0.5898
SU00305_0_SESS_U00305_0_0_1,U00305,SESS_U00305_0_0,2026-06-01 16:45:00,breathable cleats for hiking,4,legacy,8,103.9,0.5486
SU00306_0_SESS_U00306_0_0_0,U00306,SESS_U00306_0_0,2026-06-01 09:12:00,lightweight loafers for the office,5,ai_semantic,8,209.6,0.8335000276565552
SU00306_0_SESS_U00306_0_0_1,U00306,SESS_U00306_0_0,2026-06-01 08:45:00,compact headphones,2,ai_semantic,8,171.0,0.809499979019165
SU00307_0_SESS_U00307_0_0_0,U00307,SESS_U00307_0_0,2026-06-01 11:59:00,gift sneakers,2,legacy,8,87.5,0.4942
SU00307_0_SESS_U00307_0_0_1,U00307,SESS_U00307_0_0,2026-06-01 09:05:00,blender,1,legacy,6,68.9,0.5715
SU00312_0_SESS_U00312_0_0_0,U00312,SESS_U00312_0_0,2026-06-01 21:59:00,rechargeable webcam,2,legacy,8,91.7,0.538
SU00312_0_SESS_U00312_0_1_0,U00312,SESS_U00312_0_1,2026-06-01 22:08:00,cheap fleece pullover,3,legacy,7,59.1,0.5316
SU00312_0_SESS_U00312_0_1_1,U00312,SESS_U00312_0_1,2026-06-01 08:59:00,best candle for hiking,4,legacy,8,99.2,0.574
SU00313_0_SESS_U00313_0_0_0,U00313,SESS_U00313_0_0,2026-06-01 09:36:00,journal,1,ai_semantic,8,211.4,0.6930000185966492
SU00313_0_SESS_U00313_0_0_1,U00313,SESS_U00313_0_0,2026-06-01 13:36:00,somthing for winter,3,ai_semantic,8,206.3,0.4092999994754791
SU00313_0_SESS_U00313_0_0_2,U00313,SESS_U00313_0_0,2026-06-01 20:53:00,gift jacket,2,ai_semantic,8,174.6,0.5550000071525574
SU00315_0_SESS_U00315_0_0_0,U00315,SESS_U00315_0_0,2026-06-01 15:33:00,gfit tent,2,legacy,7,119.6,0.5774
SU00316_0_SESS_U00316_0_0_0,U00316,SESS_U00316_0_0,2026-06-01 14:55:00,speaker under 50 dollars,4,legacy,5,109.6,0.5903
SU00318_0_SESS_U00318_0_0_0,U00318,SESS_U00318_0_0,2026-06-01 17:12:00,somthing for a gift,4,ai_semantic,8,179.0,0.38440001010894775
SU00318_0_SESS_U00318_0_0_1,U00318,SESS_U00318_0_0,2026-06-01 09:26:00,bluetooth webcam,2,ai_semantic,8,149.8,0.7996000051498413
SU00320_0_SESS_U00320_0_0_0,U00320,SESS_U00320_0_0,2026-06-01 13:51:00,best camp stove for travel,5,ai_semantic,8,167.6,0.7491999864578247
SU00323_0_SESS_U00323_0_0_0,U00323,SESS_U00323_0_0,2026-06-01 10:03:00,best keychain for a gift,5,ai_semantic,8,149.1,0.7365000247955322
SU00323_0_SESS_U00323_0_0_1,U00323,SESS_U00323_0_0,2026-06-01 16:51:00,cheap tent,2,ai_semantic,8,154.8,0.711899995803833
SU00323_0_SESS_U00323_0_0_2,U00323,SESS_U00323_0_0,2026-06-01 13:50:00,winter boots hgih-top,3,ai_semantic,8,182.2,0.6266999840736389
SU00326_0_SESS_U00326_0_0_0,U00326,SESS_U00326_0_0,2026-06-01 08:10:00,cheap winter boots,3,ai_semantic,8,165.9,0.6984999775886536
SU00326_0_SESS_U00326_0_1_0,U00326,SESS_U00326_0_1,2026-06-01 15:20:00,gift box set rutsic,4,ai_semantic,8,180.6,0.7199000120162964
SU00326_0_SESS_U00326_0_1_1,U00326,SESS_U00326_0_1,2026-06-01 19:02:00,cheap keychain,2,ai_semantic,8,133.5,0.7838000059127808
SU00326_0_SESS_U00326_0_1_2,U00326,SESS_U00326_0_1,2026-06-01 20:21:00,somthing for the office,4,ai_semantic,8,154.2,0.2831999957561493
SU00328_0_SESS_U00328_0_0_0,U00328,SESS_U00328_0_0,2026-06-01 09:18:00,best air fryer for winter,5,ai_semantic,8,135.2,0.6987000107765198
SU00329_0_SESS_U00329_0_0_0,U00329,SESS_U00329_0_0,2026-06-01 09:12:00,handmade mug for a gift,5,ai_semantic,8,122.5,0.7563999891281128
SU00329_0_SESS_U00329_0_0_1,U00329,SESS_U00329_0_0,2026-06-01 07:22:00,weatherproof tent,2,ai_semantic,8,243.5,0.8130000233650208
SU00330_0_SESS_U00330_0_0_0,U00330,SESS_U00330_0_0,2026-06-01 09:46:00,knife set,2,ai_semantic,8,114.7,0.7229999899864197
SU00335_0_SESS_U00335_0_0_0,U00335,SESS_U00335_0_0,2026-06-01 20:41:00,hkiing boots under 50 dollars,5,legacy,8,83.9,0.5791
SU00335_0_SESS_U00335_0_1_0,U00335,SESS_U00335_0_1,2026-06-01 09:21:00,gift jacket,2,legacy,8,104.0,0.5504
SU00335_0_SESS_U00335_0_1_1,U00335,SESS_U00335_0_1,2026-06-01 10:20:00,cheap mixing bowl,3,legacy,5,99.5,0.5662
SU00336_0_SESS_U00336_0_0_0,U00336,SESS_U00336_0_0,2026-06-01 16:25:00,bluetooth speaker for rain,4,legacy,8,57.2,0.5126
SU00344_0_SESS_U00344_0_0_0,U00344,SESS_U00344_0_0,2026-06-01 07:06:00,earbuds bleutooth,2,ai_semantic,8,169.5,0.6593999862670898
SU00346_0_SESS_U00346_0_0_0,U00346,SESS_U00346_0_0,2026-06-01 20:25:00,rain caot,2,ai_semantic,8,200.7,0.40540000796318054
SU00346_0_SESS_U00346_0_1_0,U00346,SESS_U00346_0_1,2026-06-01 08:52:00,best power bank for winter,5,ai_semantic,8,155.9,0.6535000205039978
SU00349_0_SESS_U00349_0_0_0,U00349,SESS_U00349_0_0,2026-06-01 20:50:00,rechargeable webcam,2,legacy,8,66.3,0.5512
SU00350_0_SESS_U00350_0_0_0,U00350,SESS_U00350_0_0,2026-06-01 17:45:00,best thermal leggings for my mom,6,ai_semantic,8,142.4,0.7699999809265137
SU00350_0_SESS_U00350_0_0_1,U00350,SESS_U00350_0_0,2026-06-01 17:58:00,somthing for hiking,3,ai_semantic,8,229.3,0.5105999708175659
SU00352_0_SESS_U00352_0_0_0,U00352,SESS_U00352_0_0,2026-06-01 22:08:00,cheap jacket,2,legacy,6,81.8,0.4772
SU00352_0_SESS_U00352_0_0_1,U00352,SESS_U00352_0_0,2026-06-01 16:47:00,cheap photo frame,3,legacy,6,87.6,0.4501
SU00355_0_SESS_U00355_0_0_0,U00355,SESS_U00355_0_0,2026-06-01 21:35:00,rechargeable charging cable for winter,5,legacy,8,108.8,0.5411
SU00356_0_SESS_U00356_0_0_0,U00356,SESS_U00356_0_0,2026-06-01 14:41:00,cleats under 50 dollars,4,ai_semantic,8,183.1,0.6420999765396118
SU00356_0_SESS_U00356_0_0_1,U00356,SESS_U00356_0_0,2026-06-01 07:07:00,speaker under 50 dollasr,4,ai_semantic,8,221.7,0.48969998955726624
SU00361_0_SESS_U00361_0_0_0,U00361,SESS_U00361_0_0,2026-06-01 13:05:00,somthing for travel,3,ai_semantic,8,153.3,0.3716999888420105
SU00364_0_SESS_U00364_0_0_0,U00364,SESS_U00364_0_0,2026-06-01 19:52:00,sleeping bag waetehrproof,3,legacy,7,87.7,0.5289
SU00364_0_SESS_U00364_0_0_1,U00364,SESS_U00364_0_0,2026-06-01 18:10:00,lightweight hiking boots for camping,5,legacy,8,106.3,0.5873
SU00368_0_SESS_U00368_0_0_0,U00368,SESS_U00368_0_0,2026-06-01 13:54:00,gift rain coat,3,legacy,8,63.2,0.5661
SU00374_0_SESS_U00374_0_0_0,U00374,SESS_U00374_0_0,2026-06-01 21:36:00,cheap thermal leggings,3,legacy,7,124.5,0.5471
SU00374_0_SESS_U00374_0_0_1,U00374,SESS_U00374_0_0,2026-06-01 19:08:00,gift coffee maker,3,legacy,8,109.8,0.6
SU00375_0_SESS_U00375_0_0_0,U00375,SESS_U00375_0_0,2026-06-01 15:18:00,photo frame elegatn,3,legacy,6,111.0,0.5972
SU00375_0_SESS_U00375_0_0_1,U00375,SESS_U00375_0_0,2026-06-01 07:03:00,ceramic coffee maker,3,legacy,8,97.9,0.5902
SU00375_0_SESS_U00375_0_0_2,U00375,SESS_U00375_0_0,2026-06-01 11:46:00,camp stove heavy-dtuy,3,legacy,6,68.1,0.5919
SU00376_0_SESS_U00376_0_0_0,U00376,SESS_U00376_0_0,2026-06-01 15:09:00,cheap headphones,2,legacy,6,101.3,0.5806
SU00376_0_SESS_U00376_0_0_1,U00376,SESS_U00376_0_0,2026-06-01 07:26:00,best tent for travel,4,legacy,8,88.3,0.545
SU00377_0_SESS_U00377_0_0_0,U00377,SESS_U00377_0_0,2026-06-01 15:20:00,somthing for camping,3,ai_semantic,8,160.6,0.4957999885082245
SU00383_0_SESS_U00383_0_0_0,U00383,SESS_U00383_0_0,2026-06-01 12:19:00,sneakers cushionde,2,legacy,7,83.1,0.5901
SU00383_0_SESS_U00383_0_0_1,U00383,SESS_U00383_0_0,2026-06-01 19:49:00,moisture-wicking thermal leggings for my mom,6,legacy,8,96.9,0.5967
SU00388_0_SESS_U00388_0_0_0,U00388,SESS_U00388_0_0,2026-06-01 21:25:00,cushioned cleats for travel,4,ai_semantic,8,183.2,0.7954999804496765
SU00391_0_SESS_U00391_0_0_0,U00391,SESS_U00391_0_0,2026-06-01 08:09:00,webcam under 50 dollars,4,legacy,6,105.7,0.5994
SU00393_0_SESS_U00393_0_0_0,U00393,SESS_U00393_0_0,2026-06-01 19:33:00,camp stove under 50 dollars,5,legacy,6,68.7,0.5923
SU00393_0_SESS_U00393_0_1_0,U00393,SESS_U00393_0_1,2026-06-01 18:38:00,somthing for traevl,3,legacy,8,90.3,0.5953
SU00394_0_SESS_U00394_0_0_0,U00394,SESS_U00394_0_0,2026-06-01 20:53:00,webcam rehcargeable,2,legacy,6,127.2,0.5733
SU00394_0_SESS_U00394_0_0_1,U00394,SESS_U00394_0_0,2026-06-01 10:49:00,heavy-duty cooler for winter,4,legacy,8,78.7,0.5948
SU00394_0_SESS_U00394_0_0_2,U00394,SESS_U00394_0_0,2026-06-01 20:42:00,cheap smartwatch,2,legacy,5,54.5,0.5886
SU00395_0_SESS_U00395_0_0_0,U00395,SESS_U00395_0_0,2026-06-01 14:36:00,stele air fryer,3,ai_semantic,8,238.2,0.6482999920845032
SU00402_0_SESS_U00402_0_0_0,U00402,SESS_U00402_0_0,2026-06-01 14:32:00,best charging cable for my mom,6,ai_semantic,8,156.3,0.5755000114440918
SU00402_0_SESS_U00402_0_0_1,U00402,SESS_U00402_0_0,2026-06-01 19:39:00,ceramic mixing bowl for camping,5,ai_semantic,8,127.4,0.7103999853134155
SU00416_0_SESS_U00416_0_0_0,U00416,SESS_U00416_0_0,2026-06-01 18:01:00,best tent for the office,5,legacy,8,68.4,0.596
SU00416_0_SESS_U00416_0_1_0,U00416,SESS_U00416_0_1,2026-06-01 11:28:00,ultralight backpack,2,legacy,8,84.9,0.5478
SU00418_0_SESS_U00418_0_0_0,U00418,SESS_U00418_0_0,2026-06-01 17:21:00,poewr bank rechargebale,3,legacy,6,96.6,0.5283
SU00418_0_SESS_U00418_0_0_1,U00418,SESS_U00418_0_0,2026-06-01 13:18:00,best cookware set for the office,6,legacy,8,77.5,0.5903
SU00420_0_SESS_U00420_0_0_0,U00420,SESS_U00420_0_0,2026-06-01 15:27:00,cheap loafers,2,ai_semantic,8,105.4,0.7091000080108643
SU00420_0_SESS_U00420_0_1_0,U00420,SESS_U00420_0_1,2026-06-01 08:51:00,camp stove ultralihgt,3,ai_semantic,8,189.0,0.7831000089645386
SU00421_0_SESS_U00421_0_0_0,U00421,SESS_U00421_0_0,2026-06-01 21:12:00,rain coat under 50 dollars,5,legacy,6,106.4,0.5832
SU00421_0_SESS_U00421_0_0_1,U00421,SESS_U00421_0_0,2026-06-01 13:49:00,somthing for hiking,3,legacy,8,105.3,0.5393
SU00422_0_SESS_U00422_0_0_0,U00422,SESS_U00422_0_0,2026-06-01 07:53:00,air fryer,2,ai_semantic,8,144.5,0.7893000245094299
SU00422_0_SESS_U00422_0_1_0,U00422,SESS_U00422_0_1,2026-06-01 17:22:00,gift cookware set,3,ai_semantic,8,145.0,0.644599974155426
SU00425_0_SESS_U00425_0_0_0,U00425,SESS_U00425_0_0,2026-06-01 22:31:00,snekaers,1,legacy,0,78.0,
SU00426_0_SESS_U00426_0_0_0,U00426,SESS_U00426_0_0,2026-06-01 10:33:00,somthing for gym,3,legacy,8,56.0,0.5727
SU00426_0_SESS_U00426_0_1_0,U00426,SESS_U00426_0_1,2026-06-01 13:45:00,personalized photo frame for gym,5,legacy,8,103.5,0.5771
SU00427_0_SESS_U00427_0_0_0,U00427,SESS_U00427_0_0,2026-06-01 19:01:00,best cooler for winter,4,ai_semantic,8,172.2,0.6003999710083008
SU00432_0_SESS_U00432_0_0_0,U00432,SESS_U00432_0_0,2026-06-01 21:31:00,gift candle,2,ai_semantic,8,141.6,0.6509000062942505
SU00438_0_SESS_U00438_0_0_0,U00438,SESS_U00438_0_0,2026-06-01 10:06:00,best tent for the office,5,ai_semantic,8,191.7,0.6812999844551086
SU00438_0_SESS_U00438_0_0_1,U00438,SESS_U00438_0_0,2026-06-01 21:48:00,best hiking boots for my mom,6,ai_semantic,8,128.2,0.6434000134468079
SU00442_0_SESS_U00442_0_0_0,U00442,SESS_U00442_0_0,2026-06-01 09:44:00,somthing for a gitf,4,ai_semantic,8,208.2,0.2143000066280365
SU00443_0_SESS_U00443_0_0_0,U00443,SESS_U00443_0_0,2026-06-01 08:29:00,backpack,1,legacy,6,107.5,0.5284
SU00444_0_SESS_U00444_0_0_0,U00444,SESS_U00444_0_0,2026-06-01 22:48:00,soft sweater,2,ai_semantic,8,184.3,0.8410000205039978
SU00445_0_SESS_U00445_0_0_0,U00445,SESS_U00445_0_0,2026-06-01 17:06:00,cheap photo frame,3,ai_semantic,8,163.0,0.6934999823570251
SU00451_0_SESS_U00451_0_0_0,U00451,SESS_U00451_0_0,2026-06-01 09:45:00,mug,1,legacy,6,81.5,0.5589
SU00452_0_SESS_U00452_0_0_0,U00452,SESS_U00452_0_0,2026-06-01 20:07:00,somthing for rian,3,legacy,8,78.0,0.5675
SU00453_0_SESS_U00453_0_0_0,U00453,SESS_U00453_0_0,2026-06-01 10:05:00,smartwatch,1,ai_semantic,8,207.4,0.7368999719619751
SU00453_0_SESS_U00453_0_0_1,U00453,SESS_U00453_0_0,2026-06-01 21:26:00,jackte,1,ai_semantic,8,204.8,0.23340000212192535
SU00455_0_SESS_U00455_0_0_0,U00455,SESS_U00455_0_0,2026-06-01 11:54:00,bluetotoh earbuds,2,ai_semantic,8,176.6,0.72079998254776
SU00455_0_SESS_U00455_0_0_1,U00455,SESS_U00455_0_0,2026-06-01 21:16:00,cheap camp stove,3,ai_semantic,8,149.4,0.7470999956130981
SU00455_0_SESS_U00455_0_0_2,U00455,SESS_U00455_0_0,2026-06-01 10:10:00,high-top hiking boots for travel,5,ai_semantic,8,148.7,0.8346999883651733
SU00458_0_SESS_U00458_0_0_0,U00458,SESS_U00458_0_0,2026-06-01 07:21:00,best mixing bowl for travel,5,ai_semantic,8,208.3,0.6679999828338623
SU00459_0_SESS_U00459_0_0_0,U00459,SESS_U00459_0_0,2026-06-01 17:23:00,foldable cooler,2,legacy,8,82.5,0.5533
SU00460_0_SESS_U00460_0_0_0,U00460,SESS_U00460_0_0,2026-06-01 07:45:00,sneakers,1,legacy,7,98.6,0.4971
SU00460_0_SESS_U00460_0_0_1,U00460,SESS_U00460_0_0,2026-06-01 15:01:00,engraved gift box set for my mom,7,legacy,8,126.1,0.5978
SU00460_0_SESS_U00460_0_0_2,U00460,SESS_U00460_0_0,2026-06-01 07:04:00,chargnig cable under 50 dollars,5,legacy,6,114.7,0.4635
SU00468_0_SESS_U00468_0_0_0,U00468,SESS_U00468_0_0,2026-06-01 19:26:00,cheap mug,2,legacy,6,82.2,0.5716
SU00468_0_SESS_U00468_0_0_1,U00468,SESS_U00468_0_0,2026-06-01 21:21:00,somthing for my mom,4,legacy,8,65.5,0.5691
SU00468_0_SESS_U00468_0_0_2,U00468,SESS_U00468_0_0,2026-06-01 17:17:00,headlamp,1,legacy,6,85.3,0.5992
SU00475_0_SESS_U00475_0_0_0,U00475,SESS_U00475_0_0,2026-06-01 15:11:00,cheap blender,2,legacy,6,74.6,0.5582
SU00477_0_SESS_U00477_0_0_0,U00477,SESS_U00477_0_0,2026-06-01 11:59:00,lightweight sandals,2,ai_semantic,8,153.0,0.8794000148773193
SU00477_0_SESS_U00477_0_0_1,U00477,SESS_U00477_0_0,2026-06-01 18:23:00,thermal leggings czyo,3,ai_semantic,8,289.0,0.7519000172615051
SU00479_0_SESS_U00479_0_0_0,U00479,SESS_U00479_0_0,2026-06-01 19:54:00,best fleece pullover for hiking,5,ai_semantic,8,189.7,0.8141999840736389
SU00480_0_SESS_U00480_0_0_0,U00480,SESS_U00480_0_0,2026-06-01 10:07:00,insulated camp stove,3,ai_semantic,8,168.3,0.7947999835014343
SU00481_0_SESS_U00481_0_0_0,U00481,SESS_U00481_0_0,2026-06-01 21:30:00,compact spekaer,2,legacy,8,94.8,0.5932
SU00484_0_SESS_U00484_0_0_0,U00484,SESS_U00484_0_0,2026-06-01 14:33:00,handmade journal,2,ai_semantic,8,127.4,0.8457000255584717
SU00484_0_SESS_U00484_0_0_1,U00484,SESS_U00484_0_0,2026-06-01 10:13:00,photo frame,2,ai_semantic,8,195.3,0.7457000017166138
SU00488_0_SESS_U00488_0_0_0,U00488,SESS_U00488_0_0,2026-06-01 22:42:00,high-top hiking boots,3,legacy,8,116.5,0.5921
SU00492_0_SESS_U00492_0_0_0,U00492,SESS_U00492_0_0,2026-06-01 18:42:00,gift journal,2,ai_semantic,8,168.1,0.5812000036239624
SU00494_0_SESS_U00494_0_0_0,U00494,SESS_U00494_0_0,2026-06-01 16:28:00,smothing for hiking,3,ai_semantic,8,159.4,0.4194999933242798
SU00495_0_SESS_U00495_0_0_0,U00495,SESS_U00495_0_0,2026-06-01 12:00:00,best keychain for gym,4,legacy,8,80.8,0.5499
SU00498_0_SESS_U00498_0_0_0,U00498,SESS_U00498_0_0,2026-06-01 13:19:00,best desk ornament for the office,6,ai_semantic,8,209.6,0.7612000107765198
SU00500_0_SESS_U00500_0_0_0,U00500,SESS_U00500_0_0,2026-06-01 07:36:00,compact headlapm,2,ai_semantic,8,128.8,0.5737000107765198
SU00500_0_SESS_U00500_0_0_1,U00500,SESS_U00500_0_0,2026-06-01 10:17:00,keychian minimalsit,2,ai_semantic,8,185.1,0.4496999979019165
SU00500_0_SESS_U00500_0_1_0,U00500,SESS_U00500_0_1,2026-06-01 08:10:00,cheap power bank,3,ai_semantic,8,145.2,0.7488999962806702
SU00500_0_SESS_U00500_0_1_1,U00500,SESS_U00500_0_1,2026-06-01 11:47:00,portable earbuds for camping,4,ai_semantic,8,186.0,0.7264999747276306
SU00509_0_SESS_U00509_0_0_0,U00509,SESS_U00509_0_0,2026-06-01 12:55:00,smartwatch,1,ai_semantic,8,218.1,0.7368999719619751
SU00511_0_SESS_U00511_0_0_0,U00511,SESS_U00511_0_0,2026-06-01 18:57:00,best thermal leggings for a gift,6,legacy,8,103.5,0.5762
SU00512_0_SESS_U00512_0_0_0,U00512,SESS_U00512_0_0,2026-06-01 15:41:00,noise-cancelling earbuds for winter,4,legacy,8,98.8,0.591
SU00513_0_SESS_U00513_0_0_0,U00513,SESS_U00513_0_0,2026-06-01 17:43:00,gift gift box set,4,ai_semantic,8,161.3,0.8169999718666077
SU00513_0_SESS_U00513_0_0_1,U00513,SESS_U00513_0_0,2026-06-01 14:27:00,somthing for my mom,4,ai_semantic,8,191.3,0.14970000088214874
SU00513_0_SESS_U00513_0_0_2,U00513,SESS_U00513_0_0,2026-06-01 18:24:00,best webcam for my mom,5,ai_semantic,8,145.8,0.6383000016212463
SU00513_0_SESS_U00513_0_1_0,U00513,SESS_U00513_0_1,2026-06-01 19:39:00,best hammock for the ofifce,5,ai_semantic,8,201.0,0.7545999884605408
SU00518_0_SESS_U00518_0_0_0,U00518,SESS_U00518_0_0,2026-06-01 12:25:00,cheap loafers,2,legacy,6,80.9,0.5748
SU00518_0_SESS_U00518_0_0_1,U00518,SESS_U00518_0_0,2026-06-01 13:23:00,best headlamp for the office,5,legacy,8,82.8,0.5642
SU00526_0_SESS_U00526_0_0_0,U00526,SESS_U00526_0_0,2026-06-01 08:12:00,thermal leggings,2,legacy,7,72.2,0.5616
SU00530_0_SESS_U00530_0_0_0,U00530,SESS_U00530_0_0,2026-06-01 09:44:00,heayv-duty sleeping bag for rain,5,legacy,8,102.8,0.4998
SU00530_0_SESS_U00530_0_0_1,U00530,SESS_U00530_0_0,2026-06-01 18:20:00,bcakpack,1,legacy,0,78.1,
SU00534_0_SESS_U00534_0_0_0,U00534,SESS_U00534_0_0,2026-06-01 15:10:00,gift coffee maker,3,ai_semantic,8,184.0,0.5069000124931335
SU00534_0_SESS_U00534_0_0_1,U00534,SESS_U00534_0_0,2026-06-01 17:21:00,cheap sandals,2,ai_semantic,8,177.0,0.7098000049591064
SU00537_0_SESS_U00537_0_0_0,U00537,SESS_U00537_0_0,2026-06-01 07:14:00,backpack under 50 dollars,4,legacy,6,99.7,0.5639
SU00537_0_SESS_U00537_0_0_1,U00537,SESS_U00537_0_0,2026-06-01 20:08:00,best air fryer for a gitf,6,legacy,8,109.2,0.5263
SU00538_0_SESS_U00538_0_0_0,U00538,SESS_U00538_0_0,2026-06-01 14:32:00,electric air fryer,3,legacy,8,96.8,0.5864
SU00538_0_SESS_U00538_0_0_1,U00538,SESS_U00538_0_0,2026-06-01 21:49:00,wram beanie for the office,5,legacy,8,107.9,0.5574
SU00542_0_SESS_U00542_0_0_0,U00542,SESS_U00542_0_0,2026-06-01 08:49:00,gift sneakers,2,ai_semantic,8,160.5,0.6984000205993652
SU00542_0_SESS_U00542_0_0_1,U00542,SESS_U00542_0_0,2026-06-01 14:09:00,foldable camp stove for winter,5,ai_semantic,8,199.0,0.8440999984741211
SU00543_0_SESS_U00543_0_0_0,U00543,SESS_U00543_0_0,2026-06-01 10:42:00,tent insluated,2,ai_semantic,8,175.6,0.597599983215332
SU00544_0_SESS_U00544_0_0_0,U00544,SESS_U00544_0_0,2026-06-01 17:39:00,smartwatch blueototh,2,legacy,5,87.7,0.5849
SU00547_0_SESS_U00547_0_0_0,U00547,SESS_U00547_0_0,2026-06-01 08:19:00,cheap speaker,2,ai_semantic,8,228.8,0.6797000169754028
SU00549_0_SESS_U00549_0_0_0,U00549,SESS_U00549_0_0,2026-06-01 08:02:00,thermal leggings cozy,3,ai_semantic,8,207.9,0.9168999791145325
SU00549_0_SESS_U00549_0_0_1,U00549,SESS_U00549_0_0,2026-06-01 18:07:00,cheap canlde,2,ai_semantic,8,194.8,0.26460000872612
SU00552_0_SESS_U00552_0_0_0,U00552,SESS_U00552_0_0,2026-06-01 19:30:00,electric cookware set for winter,5,legacy,8,106.1,0.5269
SU00554_0_SESS_U00554_0_0_0,U00554,SESS_U00554_0_0,2026-06-01 17:51:00,best charging cable for my mom,6,legacy,8,94.6,0.5923
SU00560_0_SESS_U00560_0_0_0,U00560,SESS_U00560_0_0,2026-06-01 17:43:00,cheap knife set,3,ai_semantic,8,81.8,0.678600013256073
SU00562_0_SESS_U00562_0_0_0,U00562,SESS_U00562_0_0,2026-06-01 17:14:00,dishwasher-safe air fryer,3,ai_semantic,8,141.0,0.8934000134468079
SU00562_0_SESS_U00562_0_0_1,U00562,SESS_U00562_0_0,2026-06-01 18:25:00,gift mug,2,ai_semantic,8,166.7,0.6347000002861023
SU00563_0_SESS_U00563_0_0_0,U00563,SESS_U00563_0_0,2026-06-01 15:32:00,cheap fleece pullover,3,ai_semantic,8,128.5,0.8676000237464905
SU00563_0_SESS_U00563_0_1_0,U00563,SESS_U00563_0_1,2026-06-01 08:22:00,best speaker for my mom,5,ai_semantic,8,212.9,0.5238999724388123
SU00565_0_SESS_U00565_0_0_0,U00565,SESS_U00565_0_0,2026-06-01 21:21:00,power bank noise-cancelling,3,ai_semantic,8,172.1,0.8147000074386597
SU00572_0_SESS_U00572_0_0_0,U00572,SESS_U00572_0_0,2026-06-01 07:14:00,sweater,1,legacy,7,100.0,0.5382
SU00581_0_SESS_U00581_0_0_0,U00581,SESS_U00581_0_0,2026-06-01 19:19:00,insulated hammock for camping,4,ai_semantic,8,183.9,0.7871999740600586
SU00592_0_SESS_U00592_0_0_0,U00592,SESS_U00592_0_0,2026-06-01 18:36:00,gift blender,2,ai_semantic,8,201.3,0.5649999976158142
SU00592_0_SESS_U00592_0_0_1,U00592,SESS_U00592_0_0,2026-06-01 07:56:00,coffee maker,2,ai_semantic,8,137.9,0.6291000247001648
SU00597_0_SESS_U00597_0_0_0,U00597,SESS_U00597_0_0,2026-06-01 10:41:00,journal hanmdade,2,ai_semantic,8,129.6,0.4713999927043915
SU00597_0_SESS_U00597_0_1_0,U00597,SESS_U00597_0_1,2026-06-01 12:33:00,cheap camp stove,3,ai_semantic,8,183.8,0.7470999956130981
SU00604_0_SESS_U00604_0_0_0,U00604,SESS_U00604_0_0,2026-06-01 17:32:00,best earbuds for camping,4,ai_semantic,8,198.2,0.6266000270843506
SU00610_0_SESS_U00610_0_0_0,U00610,SESS_U00610_0_0,2026-06-01 12:11:00,power bank under 50 dollars,5,ai_semantic,8,243.9,0.6040999889373779
SU00610_0_SESS_U00610_0_0_1,U00610,SESS_U00610_0_0,2026-06-01 07:57:00,bluetooth smartwatch,2,ai_semantic,8,185.2,0.7713000178337097
SU00610_0_SESS_U00610_0_0_2,U00610,SESS_U00610_0_0,2026-06-01 11:09:00,somthing for rain,3,ai_semantic,8,168.7,0.5149999856948853
SU00612_0_SESS_U00612_0_0_0,U00612,SESS_U00612_0_0,2026-06-01 20:13:00,insulated cleats for my mom,5,ai_semantic,8,143.1,0.7002000212669373
SU00616_0_SESS_U00616_0_0_0,U00616,SESS_U00616_0_0,2026-06-01 12:14:00,loafers hig-htop,2,ai_semantic,8,219.4,0.6855999827384949
SU00616_0_SESS_U00616_0_1_0,U00616,SESS_U00616_0_1,2026-06-01 20:59:00,somthing for winter,3,ai_semantic,8,176.6,0.4092999994754791
SU00626_0_SESS_U00626_0_0_0,U00626,SESS_U00626_0_0,2026-06-01 20:09:00,webcam,1,ai_semantic,8,194.0,0.755299985408783
SU00630_0_SESS_U00630_0_0_0,U00630,SESS_U00630_0_0,2026-06-01 18:39:00,best cooler for the office,5,ai_semantic,8,159.4,0.6636000275611877
SU00633_0_SESS_U00633_0_0_0,U00633,SESS_U00633_0_0,2026-06-01 22:30:00,cooler under 50 dollars,4,legacy,6,69.8,0.5586
SU00633_0_SESS_U00633_0_0_1,U00633,SESS_U00633_0_0,2026-06-01 11:32:00,thermal leggings moisutre-wicking,3,legacy,7,83.1,0.5769
SU00633_0_SESS_U00633_0_0_2,U00633,SESS_U00633_0_0,2026-06-01 19:41:00,gift camp stove,3,legacy,8,105.4,0.5839
SU00634_0_SESS_U00634_0_0_0,U00634,SESS_U00634_0_0,2026-06-01 16:10:00,hoodie coyz,2,legacy,7,40.0,0.5293
SU00634_0_SESS_U00634_0_1_0,U00634,SESS_U00634_0_1,2026-06-01 14:21:00,gift cookware set,3,legacy,8,79.2,0.5959
SU00636_0_SESS_U00636_0_0_0,U00636,SESS_U00636_0_0,2026-06-01 17:51:00,fleece-linde fleece pullover for my mom,6,legacy,8,68.4,0.5959
SU00636_0_SESS_U00636_0_0_1,U00636,SESS_U00636_0_0,2026-06-01 07:22:00,dishwasher-safe blender for a gift,5,legacy,8,87.9,0.5117
SU00636_0_SESS_U00636_0_0_2,U00636,SESS_U00636_0_0,2026-06-01 19:39:00,somthing for gym,3,legacy,8,107.2,0.5954
SU00636_0_SESS_U00636_0_1_0,U00636,SESS_U00636_0_1,2026-06-01 07:17:00,gift photo fraem,3,legacy,8,92.4,0.5884
SU00636_0_SESS_U00636_0_1_1,U00636,SESS_U00636_0_1,2026-06-01 19:01:00,somthing for travel,3,legacy,8,96.8,0.5946
SU00641_0_SESS_U00641_0_0_0,U00641,SESS_U00641_0_0,2026-06-01 11:27:00,thermal leggings wram,3,ai_semantic,8,201.6,0.8256999850273132
SU00642_0_SESS_U00642_0_0_0,U00642,SESS_U00642_0_0,2026-06-01 12:38:00,rain coat under 50 dollars,5,ai_semantic,8,112.5,0.5964000225067139
SU00646_0_SESS_U00646_0_0_0,U00646,SESS_U00646_0_0,2026-06-01 18:43:00,somthnig for winter,3,ai_semantic,8,231.9,0.4056999981403351
SU00649_0_SESS_U00649_0_0_0,U00649,SESS_U00649_0_0,2026-06-01 21:14:00,gift cleats,2,ai_semantic,8,116.7,0.6107000112533569
SU00649_0_SESS_U00649_0_0_1,U00649,SESS_U00649_0_0,2026-06-01 18:40:00,cheap backpack,2,ai_semantic,8,204.0,0.7013000249862671
SU00650_0_SESS_U00650_0_0_0,U00650,SESS_U00650_0_0,2026-06-01 17:42:00,headphones protalbe,2,ai_semantic,8,189.4,0.5827999711036682
SU00650_0_SESS_U00650_0_0_1,U00650,SESS_U00650_0_0,2026-06-01 19:10:00,smartwatch copmact,2,ai_semantic,8,171.2,0.574999988079071
SU00656_0_SESS_U00656_0_0_0,U00656,SESS_U00656_0_0,2026-06-01 19:46:00,gift box set under 50 dollars,6,legacy,8,110.5,0.5662
SU00663_0_SESS_U00663_0_0_0,U00663,SESS_U00663_0_0,2026-06-01 17:20:00,gfit earbuds,2,ai_semantic,8,200.0,0.6200000047683716
SU00665_0_SESS_U00665_0_0_0,U00665,SESS_U00665_0_0,2026-06-01 09:31:00,speaker noise-cacnelling,2,ai_semantic,8,154.1,0.5037000179290771
SU00669_0_SESS_U00669_0_0_0,U00669,SESS_U00669_0_0,2026-06-01 16:37:00,keychain,1,ai_semantic,8,207.9,0.8173999786376953
SU00669_0_SESS_U00669_0_0_1,U00669,SESS_U00669_0_0,2026-06-01 15:05:00,loafers under 50 dollars,4,ai_semantic,8,143.3,0.5924999713897705
SU00671_0_SESS_U00671_0_0_0,U00671,SESS_U00671_0_0,2026-06-01 15:17:00,somthing for hiking,3,ai_semantic,8,214.7,0.5105999708175659
SU00671_0_SESS_U00671_0_1_0,U00671,SESS_U00671_0_1,2026-06-01 22:07:00,somthing for travel,3,ai_semantic,8,177.0,0.3716999888420105
SU00673_0_SESS_U00673_0_0_0,U00673,SESS_U00673_0_0,2026-06-01 08:28:00,best candle for camping,4,legacy,8,96.0,0.5017
SU00674_0_SESS_U00674_0_0_0,U00674,SESS_U00674_0_0,2026-06-01 09:46:00,somthing for the office,4,ai_semantic,8,126.9,0.2831999957561493
SU00674_0_SESS_U00674_0_0_1,U00674,SESS_U00674_0_0,2026-06-01 17:10:00,cheap steel coffee maker,4,ai_semantic,8,187.4,0.6165000200271606
SU00674_0_SESS_U00674_0_1_0,U00674,SESS_U00674_0_1,2026-06-01 16:49:00,best fleece pullover for hiking,5,ai_semantic,8,171.9,0.8141999840736389
SU00676_0_SESS_U00676_0_0_0,U00676,SESS_U00676_0_0,2026-06-01 19:14:00,somthing for camping,3,ai_semantic,8,204.7,0.4957999885082245
SU00677_0_SESS_U00677_0_0_0,U00677,SESS_U00677_0_0,2026-06-01 17:25:00,cheap sleeping bag,3,legacy,7,51.8,0.5884
SU00677_0_SESS_U00677_0_0_1,U00677,SESS_U00677_0_0,2026-06-01 15:36:00,somthing for my mom,4,legacy,8,64.7,0.5857
SU00686_0_SESS_U00686_0_0_0,U00686,SESS_U00686_0_0,2026-06-01 17:24:00,somthing for my mom,4,legacy,8,113.4,0.5827
SU00690_0_SESS_U00690_0_0_0,U00690,SESS_U00690_0_0,2026-06-01 18:36:00,best winter botos for gym,5,ai_semantic,8,176.5,0.3513999879360199
SU00690_0_SESS_U00690_0_0_1,U00690,SESS_U00690_0_0,2026-06-01 12:23:00,somthing for gym,3,ai_semantic,8,167.1,0.29350000619888306
SU00690_0_SESS_U00690_0_1_0,U00690,SESS_U00690_0_1,2026-06-01 13:32:00,ultralight hammock,2,ai_semantic,8,189.6,0.8942999839782715
SU00693_0_SESS_U00693_0_0_0,U00693,SESS_U00693_0_0,2026-06-01 15:20:00,electric mxiing bowl,3,ai_semantic,8,194.5,0.6783000230789185
SU00693_0_SESS_U00693_0_0_1,U00693,SESS_U00693_0_0,2026-06-01 12:00:00,mug minimalsit,2,ai_semantic,8,197.5,0.7408000230789185
SU00693_0_SESS_U00693_0_0_2,U00693,SESS_U00693_0_0,2026-06-01 10:17:00,best tent for my mom,5,ai_semantic,8,173.5,0.6007000207901001
SU00694_0_SESS_U00694_0_0_0,U00694,SESS_U00694_0_0,2026-06-01 15:32:00,sneakers under 50 dlolars,4,legacy,7,77.0,0.586
SU00694_0_SESS_U00694_0_0_1,U00694,SESS_U00694_0_0,2026-06-01 11:22:00,charging cable recharageble,3,legacy,6,87.3,0.576
SU00697_0_SESS_U00697_0_0_0,U00697,SESS_U00697_0_0,2026-06-01 16:32:00,cehap backpack,2,ai_semantic,8,166.0,0.546500027179718
SU00698_0_SESS_U00698_0_0_0,U00698,SESS_U00698_0_0,2026-06-01 14:27:00,somthing for camping,3,legacy,8,102.1,0.5504
SU00698_0_SESS_U00698_0_0_1,U00698,SESS_U00698_0_0,2026-06-01 08:14:00,mug under 50 dollars,4,legacy,6,67.8,0.5619
SU00698_0_SESS_U00698_0_1_0,U00698,SESS_U00698_0_1,2026-06-01 12:12:00,knife set cearmic,3,legacy,8,103.1,0.5708
SU00699_0_SESS_U00699_0_0_0,U00699,SESS_U00699_0_0,2026-06-01 21:15:00,handmade photo frame for camping,5,ai_semantic,8,173.0,0.65829998254776
SU00700_0_SESS_U00700_0_0_0,U00700,SESS_U00700_0_0,2026-06-01 12:37:00,headphones,1,ai_semantic,8,209.0,0.7024000287055969
SU00703_0_SESS_U00703_0_0_0,U00703,SESS_U00703_0_0,2026-06-01 10:33:00,beanie sfot,2,legacy,5,77.6,0.5142
SU00706_0_SESS_U00706_0_0_0,U00706,SESS_U00706_0_0,2026-06-01 15:42:00,best air fryer for my mom,6,ai_semantic,8,229.1,0.6662999987602234
SU00714_0_SESS_U00714_0_0_0,U00714,SESS_U00714_0_0,2026-06-01 18:21:00,candle engravde,2,ai_semantic,8,118.3,0.6057000160217285
SU00714_0_SESS_U00714_0_1_0,U00714,SESS_U00714_0_1,2026-06-01 10:24:00,breathable winter boots,3,ai_semantic,8,201.9,0.8603000044822693
SU00714_0_SESS_U00714_0_1_1,U00714,SESS_U00714_0_1,2026-06-01 22:08:00,speaker,1,ai_semantic,8,198.2,0.6450999975204468
SU00721_0_SESS_U00721_0_0_0,U00721,SESS_U00721_0_0,2026-06-01 14:03:00,sweater,1,ai_semantic,8,167.9,0.7430999875068665
SU00722_0_SESS_U00722_0_0_0,U00722,SESS_U00722_0_0,2026-06-01 11:42:00,cheap hammock,2,legacy,7,98.5,0.5168
SU00723_0_SESS_U00723_0_0_0,U00723,SESS_U00723_0_0,2026-06-01 09:55:00,jounral,1,ai_semantic,8,188.3,0.17839999496936798
SU00725_0_SESS_U00725_0_0_0,U00725,SESS_U00725_0_0,2026-06-01 22:46:00,best fleece pullover for rain,5,legacy,8,116.7,0.5933
SU00727_0_SESS_U00727_0_0_0,U00727,SESS_U00727_0_0,2026-06-01 12:02:00,cheap sandasl,2,legacy,0,115.8,
SU00727_0_SESS_U00727_0_0_1,U00727,SESS_U00727_0_0,2026-06-01 18:33:00,non-stick coffee maker for rain,5,legacy,8,91.4,0.5328
SU00732_0_SESS_U00732_0_0_0,U00732,SESS_U00732_0_0,2026-06-01 08:52:00,fleece-lined fleece pullover for rain,5,legacy,8,72.2,0.5486
SU00732_0_SESS_U00732_0_0_1,U00732,SESS_U00732_0_0,2026-06-01 13:52:00,somthing for travel,3,legacy,8,80.7,0.5927
SU00741_0_SESS_U00741_0_0_0,U00741,SESS_U00741_0_0,2026-06-01 20:02:00,lightweight hoodie for hiking,4,legacy,8,114.9,0.5918
SU00744_0_SESS_U00744_0_0_0,U00744,SESS_U00744_0_0,2026-06-01 10:23:00,gitf jacket,2,ai_semantic,8,190.3,0.5133000016212463
SU00753_0_SESS_U00753_0_0_0,U00753,SESS_U00753_0_0,2026-06-01 12:22:00,moisture-wicking thremal leggings for a gift,6,legacy,8,48.9,0.5715
SU00762_0_SESS_U00762_0_0_0,U00762,SESS_U00762_0_0,2026-06-01 19:38:00,gift loafres,2,legacy,6,64.6,0.5181
SU00767_0_SESS_U00767_0_0_0,U00767,SESS_U00767_0_0,2026-06-01 18:07:00,cheap speaker,2,legacy,5,87.0,0.594
SU00771_0_SESS_U00771_0_0_0,U00771,SESS_U00771_0_0,2026-06-01 14:18:00,best hammock for the office,5,legacy,8,75.3,0.5947
SU00771_0_SESS_U00771_0_0_1,U00771,SESS_U00771_0_0,2026-06-01 09:32:00,cookware set dishwasher-asfe,3,legacy,8,87.4,0.4988
SU00771_0_SESS_U00771_0_0_2,U00771,SESS_U00771_0_0,2026-06-01 20:58:00,best cleats for the office,5,legacy,8,65.9,0.5782
SU00778_0_SESS_U00778_0_0_0,U00778,SESS_U00778_0_0,2026-06-01 16:17:00,stainless steel toaster,3,ai_semantic,8,187.7,0.8557999730110168
SU00782_0_SESS_U00782_0_0_0,U00782,SESS_U00782_0_0,2026-06-01 22:35:00,best cooler for a gift,5,legacy,8,69.4,0.5531
SU00786_0_SESS_U00786_0_0_0,U00786,SESS_U00786_0_0,2026-06-01 13:44:00,somthing for travel,3,ai_semantic,8,191.7,0.3716999888420105
SU00788_0_SESS_U00788_0_0_0,U00788,SESS_U00788_0_0,2026-06-01 18:18:00,gift celats,2,legacy,6,36.3,0.5786
SU00789_0_SESS_U00789_0_0_0,U00789,SESS_U00789_0_0,2026-06-01 15:18:00,gift mug,2,ai_semantic,8,141.1,0.6347000002861023
SU00789_0_SESS_U00789_0_0_1,U00789,SESS_U00789_0_0,2026-06-01 17:08:00,coffee maker,2,ai_semantic,8,139.7,0.6291000247001648
SU00003_1_SESS_U00003_1_0_0,U00003,SESS_U00003_1_0,2026-06-02 15:24:00,webcam under 50 dolalrs,4,ai_semantic,8,197.6,0.5799000263214111
SU00003_1_SESS_U00003_1_1_0,U00003,SESS_U00003_1_1,2026-06-02 09:56:00,windproof thermal leggings,3,ai_semantic,8,193.7,0.9459999799728394
SU00003_1_SESS_U00003_1_1_1,U00003,SESS_U00003_1_1,2026-06-02 09:24:00,sleeping bag,2,ai_semantic,8,235.1,0.7472000122070312
SU00008_1_SESS_U00008_1_0_0,U00008,SESS_U00008_1_0,2026-06-02 15:23:00,somthing for wintre,3,legacy,8,78.9,0.5484
SU00008_1_SESS_U00008_1_0_1,U00008,SESS_U00008_1_0,2026-06-02 19:48:00,gift backpack,2,legacy,8,79.9,0.4983
SU00008_1_SESS_U00008_1_0_2,U00008,SESS_U00008_1_0,2026-06-02 14:40:00,compact earbuds for the office,5,legacy,8,73.0,0.5732
SU00014_1_SESS_U00014_1_0_0,U00014,SESS_U00014_1_0,2026-06-02 16:31:00,gift smartwtach,2,legacy,6,119.0,0.5929
SU00014_1_SESS_U00014_1_1_0,U00014,SESS_U00014_1_1,2026-06-02 07:37:00,headlamp,1,legacy,6,63.9,0.5943
SU00014_1_SESS_U00014_1_1_1,U00014,SESS_U00014_1_1,2026-06-02 13:31:00,gift thermal leggings,3,legacy,8,86.2,0.5428
SU00015_1_SESS_U00015_1_0_0,U00015,SESS_U00015_1_0,2026-06-02 16:42:00,somthing for gym,3,legacy,8,110.7,0.5979
SU00015_1_SESS_U00015_1_0_1,U00015,SESS_U00015_1_0,2026-06-02 13:18:00,somthing for my mom,4,legacy,8,113.7,0.5932
SU00021_1_SESS_U00021_1_0_0,U00021,SESS_U00021_1_0,2026-06-02 18:58:00,tent under 50 dollars,4,legacy,7,111.5,0.5005
SU00022_1_SESS_U00022_1_0_0,U00022,SESS_U00022_1_0,2026-06-02 11:06:00,weatherproof camp stove for camping,5,ai_semantic,8,204.6,0.8385000228881836
SU00022_1_SESS_U00022_1_0_1,U00022,SESS_U00022_1_0,2026-06-02 07:14:00,headphones comapct,2,ai_semantic,8,175.2,0.5849000215530396
SU00022_1_SESS_U00022_1_1_0,U00022,SESS_U00022_1_1,2026-06-02 11:13:00,rechargeable headphones for hiking,4,ai_semantic,8,191.7,0.6662999987602234
SU00025_1_SESS_U00025_1_0_0,U00025,SESS_U00025_1_0,2026-06-02 08:21:00,foldable backpack for a gift,5,legacy,8,54.9,0.5516
SU00027_1_SESS_U00027_1_0_0,U00027,SESS_U00027_1_0,2026-06-02 10:15:00,best gift box set for my mom,7,ai_semantic,8,166.4,0.701200008392334
SU00029_1_SESS_U00029_1_0_0,U00029,SESS_U00029_1_0,2026-06-02 18:55:00,power bank wierelss,3,legacy,6,105.4,0.5612
SU00029_1_SESS_U00029_1_0_1,U00029,SESS_U00029_1_0,2026-06-02 22:12:00,best candle for hiking,4,legacy,8,69.3,0.5534
SU00033_1_SESS_U00033_1_0_0,U00033,SESS_U00033_1_0,2026-06-02 11:19:00,thermal leggings wram,3,legacy,7,83.9,0.5703
SU00036_1_SESS_U00036_1_0_0,U00036,SESS_U00036_1_0,2026-06-02 10:44:00,somthing for hiking,3,legacy,8,86.1,0.5796
SU00043_1_SESS_U00043_1_0_0,U00043,SESS_U00043_1_0,2026-06-02 18:43:00,gift steel air fryer,4,ai_semantic,8,208.0,0.7475000023841858
SU00053_1_SESS_U00053_1_0_0,U00053,SESS_U00053_1_0,2026-06-02 13:31:00,lightweight sweater for gym,4,ai_semantic,8,176.8,0.8068000078201294
SU00055_1_SESS_U00055_1_0_0,U00055,SESS_U00055_1_0,2026-06-02 08:38:00,hiking boots trali,3,ai_semantic,8,178.0,0.6773999929428101
SU00055_1_SESS_U00055_1_0_1,U00055,SESS_U00055_1_0,2026-06-02 13:47:00,noise-cancelling earbdus for camping,4,ai_semantic,8,225.9,0.6377000212669373
SU00059_1_SESS_U00059_1_0_0,U00059,SESS_U00059_1_0,2026-06-02 07:27:00,cheap beanie,2,legacy,5,125.1,0.5924
SU00061_1_SESS_U00061_1_0_0,U00061,SESS_U00061_1_0,2026-06-02 12:09:00,cheap cooler,2,legacy,6,46.2,0.5728
SU00064_1_SESS_U00064_1_0_0,U00064,SESS_U00064_1_0,2026-06-02 14:07:00,desk ornament under 50 dollars,5,legacy,5,57.1,0.5476
SU00064_1_SESS_U00064_1_0_1,U00064,SESS_U00064_1_0,2026-06-02 12:33:00,sleeping bag,2,legacy,7,100.8,0.548
SU00071_1_SESS_U00071_1_0_0,U00071,SESS_U00071_1_0,2026-06-02 16:48:00,somthing for a gift,4,legacy,8,109.1,0.5957
SU00074_1_SESS_U00074_1_0_0,U00074,SESS_U00074_1_0,2026-06-02 13:51:00,cheap air fryer,3,ai_semantic,8,188.4,0.7343999743461609
SU00076_1_SESS_U00076_1_0_0,U00076,SESS_U00076_1_0,2026-06-02 20:36:00,personalized gift box set for hiking,6,legacy,8,82.5,0.5629
SU00077_1_SESS_U00077_1_0_0,U00077,SESS_U00077_1_0,2026-06-02 09:28:00,cleats under 50 dollars,4,ai_semantic,8,200.8,0.6420999765396118
SU00079_1_SESS_U00079_1_0_0,U00079,SESS_U00079_1_0,2026-06-02 21:43:00,cheap fleece pulolver,3,ai_semantic,8,208.9,0.6029999852180481
SU00080_1_SESS_U00080_1_0_0,U00080,SESS_U00080_1_0,2026-06-02 18:07:00,somthing for a gift,4,ai_semantic,8,121.9,0.38440001010894775
SU00080_1_SESS_U00080_1_0_1,U00080,SESS_U00080_1_0,2026-06-02 13:04:00,cheap cleats,2,ai_semantic,8,158.0,0.7530999779701233
SU00081_1_SESS_U00081_1_0_0,U00081,SESS_U00081_1_0,2026-06-02 20:26:00,hammock,1,ai_semantic,8,144.8,0.7300999760627747
SU00081_1_SESS_U00081_1_0_1,U00081,SESS_U00081_1_0,2026-06-02 17:05:00,gift fleece pullover,3,ai_semantic,8,160.2,0.8116999864578247
SU00082_1_SESS_U00082_1_0_0,U00082,SESS_U00082_1_0,2026-06-02 12:40:00,insulated running shoes,3,legacy,8,92.0,0.5965
SU00082_1_SESS_U00082_1_0_1,U00082,SESS_U00082_1_0,2026-06-02 13:10:00,somthing for hiking,3,legacy,8,77.0,0.5949
SU00089_1_SESS_U00089_1_0_0,U00089,SESS_U00089_1_0,2026-06-02 15:28:00,moisture-wicking hoodie for rain,4,legacy,8,99.2,0.4878
SU00093_1_SESS_U00093_1_0_0,U00093,SESS_U00093_1_0,2026-06-02 11:56:00,best charigng cable for a gift,6,ai_semantic,8,146.7,0.5259000062942505
SU00093_1_SESS_U00093_1_1_0,U00093,SESS_U00093_1_1,2026-06-02 20:52:00,cheap blender,2,ai_semantic,8,185.3,0.5781000256538391
SU00094_1_SESS_U00094_1_0_0,U00094,SESS_U00094_1_0,2026-06-02 11:56:00,journal under 50 dollars,4,ai_semantic,8,177.3,0.5771999955177307
SU00099_1_SESS_U00099_1_0_0,U00099,SESS_U00099_1_0,2026-06-02 07:43:00,mug rutisc,2,ai_semantic,8,160.1,0.4810999929904938
SU00104_1_SESS_U00104_1_0_0,U00104,SESS_U00104_1_0,2026-06-02 17:38:00,tetn,1,ai_semantic,8,166.3,0.17910000681877136
SU00106_1_SESS_U00106_1_0_0,U00106,SESS_U00106_1_0,2026-06-02 07:10:00,breathable sneakers,2,ai_semantic,8,131.0,0.8553000092506409
SU00106_1_SESS_U00106_1_0_1,U00106,SESS_U00106_1_0,2026-06-02 17:29:00,best tent for camping,4,ai_semantic,8,209.7,0.6901999711990356
SU00109_1_SESS_U00109_1_0_0,U00109,SESS_U00109_1_0,2026-06-02 13:51:00,headphones comapct,2,legacy,6,103.6,0.562
SU00109_1_SESS_U00109_1_0_1,U00109,SESS_U00109_1_0,2026-06-02 09:14:00,cozy fleece pullover for gym,5,legacy,8,83.5,0.5764
SU00112_1_SESS_U00112_1_0_0,U00112,SESS_U00112_1_0,2026-06-02 15:15:00,cheap earbuds,2,legacy,6,124.2,0.5198
SU00113_1_SESS_U00113_1_0_0,U00113,SESS_U00113_1_0,2026-06-02 22:08:00,bacpkack,1,legacy,0,99.8,
SU00118_1_SESS_U00118_1_0_0,U00118,SESS_U00118_1_0,2026-06-02 09:01:00,cheap sandals,2,ai_semantic,8,139.9,0.7098000049591064
SU00123_1_SESS_U00123_1_0_0,U00123,SESS_U00123_1_0,2026-06-02 10:32:00,cheap candle,2,ai_semantic,8,162.9,0.699400007724762
SU00129_1_SESS_U00129_1_0_0,U00129,SESS_U00129_1_0,2026-06-02 11:28:00,headlamp weathreproof,2,ai_semantic,8,167.6,0.6862000226974487
SU00134_1_SESS_U00134_1_0_0,U00134,SESS_U00134_1_0,2026-06-02 21:55:00,camp stove ultralgiht,3,legacy,6,108.1,0.536
SU00134_1_SESS_U00134_1_0_1,U00134,SESS_U00134_1_0,2026-06-02 10:36:00,thermal leggings lightweigth,3,legacy,7,87.0,0.5377
SU00138_1_SESS_U00138_1_0_0,U00138,SESS_U00138_1_0,2026-06-02 18:22:00,gift dsek ornament,3,ai_semantic,8,210.7,0.4422999918460846
SU00138_1_SESS_U00138_1_1_0,U00138,SESS_U00138_1_1,2026-06-02 18:45:00,gift celats,2,ai_semantic,8,179.8,0.34060001373291016
SU00139_1_SESS_U00139_1_0_0,U00139,SESS_U00139_1_0,2026-06-02 15:08:00,tent compatc,2,legacy,7,90.2,0.576
SU00139_1_SESS_U00139_1_1_0,U00139,SESS_U00139_1_1,2026-06-02 12:26:00,best desk ornament for winetr,5,legacy,8,76.1,0.5953
SU00139_1_SESS_U00139_1_1_1,U00139,SESS_U00139_1_1,2026-06-02 10:43:00,mixing bowl,2,legacy,5,87.6,0.5233
SU00144_1_SESS_U00144_1_0_0,U00144,SESS_U00144_1_0,2026-06-02 19:34:00,wram fleece pullover,3,legacy,7,72.3,0.5949
SU00144_1_SESS_U00144_1_0_1,U00144,SESS_U00144_1_0,2026-06-02 19:30:00,cheap jacket,2,legacy,6,100.8,0.5457
SU00146_1_SESS_U00146_1_0_0,U00146,SESS_U00146_1_0,2026-06-02 22:59:00,wireless speaker for gym,4,legacy,8,96.2,0.4553
SU00146_1_SESS_U00146_1_0_1,U00146,SESS_U00146_1_0,2026-06-02 21:08:00,journal under 50 dollars,4,legacy,6,96.9,0.592
SU00146_1_SESS_U00146_1_0_2,U00146,SESS_U00146_1_0,2026-06-02 22:35:00,gift photo fraem,3,legacy,8,117.6,0.5726
SU00148_1_SESS_U00148_1_0_0,U00148,SESS_U00148_1_0,2026-06-02 07:41:00,headphones under 50 dollars,4,legacy,6,71.7,0.5636
SU00153_1_SESS_U00153_1_0_0,U00153,SESS_U00153_1_0,2026-06-02 14:16:00,knife set,2,ai_semantic,8,182.2,0.7229999899864197
SU00153_1_SESS_U00153_1_0_1,U00153,SESS_U00153_1_0,2026-06-02 21:37:00,somthing for winter,3,ai_semantic,8,168.6,0.4092999994754791
SU00155_1_SESS_U00155_1_0_0,U00155,SESS_U00155_1_0,2026-06-02 11:34:00,photo fraem,2,ai_semantic,8,184.6,0.39649999141693115
SU00155_1_SESS_U00155_1_0_1,U00155,SESS_U00155_1_0,2026-06-02 17:01:00,best mug for the office,5,ai_semantic,8,170.2,0.6929000020027161
SU00163_1_SESS_U00163_1_0_0,U00163,SESS_U00163_1_0,2026-06-02 16:25:00,cheap beanie,2,ai_semantic,8,193.7,0.7346000075340271
SU00163_1_SESS_U00163_1_0_1,U00163,SESS_U00163_1_0,2026-06-02 10:21:00,cheap coffee maker,3,ai_semantic,8,114.5,0.5216000080108643
SU00163_1_SESS_U00163_1_0_2,U00163,SESS_U00163_1_0,2026-06-02 11:11:00,gift thermal leggings,3,ai_semantic,8,208.9,0.7843000292778015
SU00164_1_SESS_U00164_1_0_0,U00164,SESS_U00164_1_0,2026-06-02 10:00:00,hammock comapct,2,legacy,7,108.3,0.591
SU00164_1_SESS_U00164_1_0_1,U00164,SESS_U00164_1_0,2026-06-02 18:04:00,webcam bluteooth,2,legacy,6,95.5,0.5571
SU00167_1_SESS_U00167_1_0_0,U00167,SESS_U00167_1_0,2026-06-02 16:16:00,engraved keychain,2,ai_semantic,8,179.4,0.8554999828338623
SU00168_1_SESS_U00168_1_0_0,U00168,SESS_U00168_1_0,2026-06-02 11:04:00,hiking boots lightewight,3,ai_semantic,8,200.2,0.6599000096321106
SU00171_1_SESS_U00171_1_0_0,U00171,SESS_U00171_1_0,2026-06-02 15:59:00,best candle for a gift,5,legacy,8,85.1,0.5762
SU00171_1_SESS_U00171_1_0_1,U00171,SESS_U00171_1_0,2026-06-02 13:05:00,weatherproof cooler for a gift,5,legacy,8,80.0,0.5193
SU00171_1_SESS_U00171_1_1_0,U00171,SESS_U00171_1_1,2026-06-02 16:27:00,somthing for my mom,4,legacy,8,72.1,0.5949
SU00172_1_SESS_U00172_1_0_0,U00172,SESS_U00172_1_0,2026-06-02 18:20:00,personalized candle,2,legacy,8,106.1,0.5596
SU00174_1_SESS_U00174_1_0_0,U00174,SESS_U00174_1_0,2026-06-02 21:37:00,mixing bowl,2,legacy,5,82.7,0.5902
SU00180_1_SESS_U00180_1_0_0,U00180,SESS_U00180_1_0,2026-06-02 12:20:00,cheap headlamp,2,legacy,6,76.7,0.5541
SU00180_1_SESS_U00180_1_0_1,U00180,SESS_U00180_1_0,2026-06-02 18:54:00,cookware set,2,legacy,8,111.6,0.584
SU00182_1_SESS_U00182_1_0_0,U00182,SESS_U00182_1_0,2026-06-02 10:57:00,cheap headphones,2,legacy,6,78.3,0.5805
SU00183_1_SESS_U00183_1_0_0,U00183,SESS_U00183_1_0,2026-06-02 14:15:00,gift mug,2,ai_semantic,8,206.7,0.6347000002861023
SU00187_1_SESS_U00187_1_0_0,U00187,SESS_U00187_1_0,2026-06-02 22:11:00,headphones,1,ai_semantic,8,178.7,0.7024000287055969
SU00187_1_SESS_U00187_1_0_1,U00187,SESS_U00187_1_0,2026-06-02 20:12:00,ceramci knife set,3,ai_semantic,8,158.6,0.6007999777793884
SU00187_1_SESS_U00187_1_0_2,U00187,SESS_U00187_1_0,2026-06-02 13:49:00,best mixing bowl for gym,5,ai_semantic,8,223.1,0.6836000084877014
SU00191_1_SESS_U00191_1_0_0,U00191,SESS_U00191_1_0,2026-06-02 07:39:00,waterproof winter boots,3,ai_semantic,8,164.4,0.8611000180244446
SU00196_1_SESS_U00196_1_0_0,U00196,SESS_U00196_1_0,2026-06-02 18:53:00,camp stove portbale,3,ai_semantic,8,181.9,0.6392999887466431
SU00199_1_SESS_U00199_1_0_0,U00199,SESS_U00199_1_0,2026-06-02 21:20:00,slip-on hiking boots,3,ai_semantic,8,205.4,0.9010999798774719
SU00202_1_SESS_U00202_1_0_0,U00202,SESS_U00202_1_0,2026-06-02 10:50:00,compact headlamp,2,legacy,8,100.4,0.5676
SU00205_1_SESS_U00205_1_0_0,U00205,SESS_U00205_1_0,2026-06-02 14:25:00,lightweight hoodie for winter,4,legacy,8,77.1,0.5861
SU00206_1_SESS_U00206_1_0_0,U00206,SESS_U00206_1_0,2026-06-02 12:33:00,cooler compcat,2,ai_semantic,8,165.3,0.4708000123500824
SU00206_1_SESS_U00206_1_0_1,U00206,SESS_U00206_1_0,2026-06-02 14:11:00,knife set,2,ai_semantic,8,164.2,0.7229999899864197
SU00207_1_SESS_U00207_1_0_0,U00207,SESS_U00207_1_0,2026-06-02 20:13:00,ceramic blender,2,legacy,8,98.9,0.583
SU00207_1_SESS_U00207_1_0_1,U00207,SESS_U00207_1_0,2026-06-02 19:36:00,dishwasher-safe blender for the office,5,legacy,8,131.2,0.585
SU00208_1_SESS_U00208_1_0_0,U00208,SESS_U00208_1_0,2026-06-02 14:39:00,stainless steel toaster,3,ai_semantic,8,228.8,0.8557999730110168
SU00209_1_SESS_U00209_1_0_0,U00209,SESS_U00209_1_0,2026-06-02 22:19:00,compact cooler for hiking,4,legacy,8,46.3,0.5884
SU00211_1_SESS_U00211_1_0_0,U00211,SESS_U00211_1_0,2026-06-02 09:07:00,air fryer dishwasher-saef,3,legacy,6,101.4,0.5401
SU00211_1_SESS_U00211_1_0_1,U00211,SESS_U00211_1_0,2026-06-02 07:34:00,elegant journal,2,legacy,8,113.4,0.5136
SU00211_1_SESS_U00211_1_0_2,U00211,SESS_U00211_1_0,2026-06-02 18:20:00,best webcam for travel,4,legacy,8,125.6,0.5559
SU00217_1_SESS_U00217_1_0_0,U00217,SESS_U00217_1_0,2026-06-02 13:53:00,cooler,1,legacy,6,65.1,0.4879
SU00217_1_SESS_U00217_1_0_1,U00217,SESS_U00217_1_0,2026-06-02 10:00:00,sweater,1,legacy,7,85.1,0.588
SU00218_1_SESS_U00218_1_0_0,U00218,SESS_U00218_1_0,2026-06-02 10:12:00,cooler,1,ai_semantic,8,191.4,0.5070000290870667
SU00219_1_SESS_U00219_1_0_0,U00219,SESS_U00219_1_0,2026-06-02 10:43:00,best sweater for travel,4,legacy,8,97.0,0.5687
SU00219_1_SESS_U00219_1_0_1,U00219,SESS_U00219_1_0,2026-06-02 13:31:00,cheap headphones,2,legacy,6,75.0,0.5204
SU00221_1_SESS_U00221_1_0_0,U00221,SESS_U00221_1_0,2026-06-02 09:14:00,cheap themral leggings,3,ai_semantic,8,184.8,0.6514999866485596
SU00225_1_SESS_U00225_1_0_0,U00225,SESS_U00225_1_0,2026-06-02 17:23:00,best coffee maker for gym,5,ai_semantic,8,162.6,0.5149999856948853
SU00226_1_SESS_U00226_1_0_0,U00226,SESS_U00226_1_0,2026-06-02 12:49:00,camp stove insulatde,3,legacy,6,64.1,0.5513
SU00232_1_SESS_U00232_1_0_0,U00232,SESS_U00232_1_0,2026-06-02 21:58:00,best rain coat for travel,5,ai_semantic,8,224.7,0.6837000250816345
SU00232_1_SESS_U00232_1_0_1,U00232,SESS_U00232_1_0,2026-06-02 15:46:00,somthing for winter,3,ai_semantic,8,128.5,0.4092999994754791
SU00232_1_SESS_U00232_1_1_0,U00232,SESS_U00232_1_1,2026-06-02 07:41:00,somthing for hiking,3,ai_semantic,8,194.8,0.5105999708175659
SU00232_1_SESS_U00232_1_1_1,U00232,SESS_U00232_1_1,2026-06-02 09:56:00,compact cooler for rian,4,ai_semantic,8,204.8,0.6656000018119812
SU00232_1_SESS_U00232_1_1_2,U00232,SESS_U00232_1_1,2026-06-02 09:23:00,somthing for my mom,4,ai_semantic,8,239.7,0.14970000088214874
SU00240_1_SESS_U00240_1_0_0,U00240,SESS_U00240_1_0,2026-06-02 07:09:00,photo frame under 50 dollars,5,legacy,6,82.4,0.5609
SU00248_1_SESS_U00248_1_0_0,U00248,SESS_U00248_1_0,2026-06-02 16:23:00,gfit loafers,2,ai_semantic,8,189.1,0.6026999950408936
SU00248_1_SESS_U00248_1_0_1,U00248,SESS_U00248_1_0,2026-06-02 14:14:00,best desk ornament for gym,5,ai_semantic,8,164.8,0.5753999948501587
SU00248_1_SESS_U00248_1_0_2,U00248,SESS_U00248_1_0,2026-06-02 22:50:00,somthing for my mom,4,ai_semantic,8,197.0,0.14970000088214874
SU00251_1_SESS_U00251_1_0_0,U00251,SESS_U00251_1_0,2026-06-02 14:30:00,keychain,1,ai_semantic,8,176.4,0.8173999786376953
SU00255_1_SESS_U00255_1_0_0,U00255,SESS_U00255_1_0,2026-06-02 21:00:00,somthing for the offcie,4,ai_semantic,8,170.2,0.17790000140666962
SU00260_1_SESS_U00260_1_0_0,U00260,SESS_U00260_1_0,2026-06-02 12:58:00,dishwasher-safe air fryer,3,legacy,8,77.5,0.5923
SU00264_1_SESS_U00264_1_0_0,U00264,SESS_U00264_1_0,2026-06-02 18:19:00,soft hoodie,2,legacy,8,102.7,0.599
SU00264_1_SESS_U00264_1_0_1,U00264,SESS_U00264_1_0,2026-06-02 21:09:00,loafers,1,legacy,6,75.1,0.5925
SU00268_1_SESS_U00268_1_0_0,U00268,SESS_U00268_1_0,2026-06-02 19:50:00,cooler,1,legacy,6,95.0,0.5756
SU00273_1_SESS_U00273_1_0_0,U00273,SESS_U00273_1_0,2026-06-02 17:05:00,loafers,1,legacy,6,55.3,0.5194
SU00273_1_SESS_U00273_1_0_1,U00273,SESS_U00273_1_0,2026-06-02 10:30:00,hodoie moistuer-wicking,2,legacy,0,95.8,
SU00273_1_SESS_U00273_1_0_2,U00273,SESS_U00273_1_0,2026-06-02 09:07:00,gift cleats,2,legacy,8,106.3,0.5352
SU00273_1_SESS_U00273_1_1_0,U00273,SESS_U00273_1_1,2026-06-02 10:13:00,somthing for winter,3,legacy,8,88.0,0.5892
SU00273_1_SESS_U00273_1_1_1,U00273,SESS_U00273_1_1,2026-06-02 13:55:00,cheap coffee maker,3,legacy,5,84.1,0.4089
SU00275_1_SESS_U00275_1_0_0,U00275,SESS_U00275_1_0,2026-06-02 20:49:00,runnign shoes wtaerproof,3,legacy,8,64.4,0.5645
SU00280_1_SESS_U00280_1_0_0,U00280,SESS_U00280_1_0,2026-06-02 15:46:00,chaep jacket,2,legacy,6,73.1,0.5864
SU00282_1_SESS_U00282_1_0_0,U00282,SESS_U00282_1_0,2026-06-02 18:43:00,rustic juornal,2,ai_semantic,8,219.4,0.524399995803833
SU00282_1_SESS_U00282_1_0_1,U00282,SESS_U00282_1_0,2026-06-02 22:00:00,moisture-wicking thermal leggings,3,ai_semantic,8,183.2,0.8673999905586243
SU00282_1_SESS_U00282_1_0_2,U00282,SESS_U00282_1_0,2026-06-02 22:52:00,backpack weathreproof,2,ai_semantic,8,158.1,0.5751000046730042
SU00284_1_SESS_U00284_1_0_0,U00284,SESS_U00284_1_0,2026-06-02 19:48:00,smarwtatch,1,legacy,0,97.0,
SU00287_1_SESS_U00287_1_0_0,U00287,SESS_U00287_1_0,2026-06-02 14:19:00,gift headphnoes,2,ai_semantic,8,202.0,0.43220001459121704
SU00287_1_SESS_U00287_1_1_0,U00287,SESS_U00287_1_1,2026-06-02 09:43:00,rain coat under 50 dollars,5,ai_semantic,8,216.4,0.5964000225067139
SU00291_1_SESS_U00291_1_0_0,U00291,SESS_U00291_1_0,2026-06-02 18:18:00,sneakers slipo-n,2,ai_semantic,8,124.0,0.7612000107765198
SU00297_1_SESS_U00297_1_0_0,U00297,SESS_U00297_1_0,2026-06-02 14:48:00,loafers hight-op,2,ai_semantic,8,181.5,0.7452999949455261
SU00297_1_SESS_U00297_1_0_1,U00297,SESS_U00297_1_0,2026-06-02 07:38:00,sleeping bag flodable,3,ai_semantic,8,214.5,0.6582000255584717
SU00297_1_SESS_U00297_1_0_2,U00297,SESS_U00297_1_0,2026-06-02 09:17:00,cheap steel air fryer,4,ai_semantic,8,198.4,0.7878999710083008
SU00304_1_SESS_U00304_1_0_0,U00304,SESS_U00304_1_0,2026-06-02 21:56:00,sweater,1,legacy,7,106.5,0.5445
SU00305_1_SESS_U00305_1_0_0,U00305,SESS_U00305_1_0,2026-06-02 08:57:00,gift candle,2,legacy,8,74.9,0.5883
SU00306_1_SESS_U00306_1_0_0,U00306,SESS_U00306_1_0,2026-06-02 18:31:00,sweater,1,ai_semantic,8,167.5,0.7430999875068665
SU00306_1_SESS_U00306_1_0_1,U00306,SESS_U00306_1_0,2026-06-02 11:31:00,cheap air fryer,3,ai_semantic,8,154.4,0.7343999743461609
SU00306_1_SESS_U00306_1_0_2,U00306,SESS_U00306_1_0,2026-06-02 14:10:00,minimalist gift box set for a gift,7,ai_semantic,8,182.4,0.8784999847412109
SU00309_1_SESS_U00309_1_0_0,U00309,SESS_U00309_1_0,2026-06-02 17:03:00,gift box set,3,legacy,8,130.1,0.5864
SU00312_1_SESS_U00312_1_0_0,U00312,SESS_U00312_1_0,2026-06-02 09:44:00,best gift box set for a gift,7,legacy,8,95.1,0.5877
SU00313_1_SESS_U00313_1_0_0,U00313,SESS_U00313_1_0,2026-06-02 07:43:00,cheap running shoes,3,ai_semantic,8,206.3,0.7685999870300293
SU00318_1_SESS_U00318_1_0_0,U00318,SESS_U00318_1_0,2026-06-02 10:41:00,best earbuds for a gift,5,ai_semantic,8,171.4,0.7202000021934509
SU00318_1_SESS_U00318_1_0_1,U00318,SESS_U00318_1_0,2026-06-02 18:35:00,lightweight beanie for the office,5,ai_semantic,8,199.0,0.8403000235557556
SU00318_1_SESS_U00318_1_1_0,U00318,SESS_U00318_1_1,2026-06-02 15:53:00,cheap backpack,2,ai_semantic,8,186.8,0.7013000249862671
SU00321_1_SESS_U00321_1_0_0,U00321,SESS_U00321_1_0,2026-06-02 10:29:00,insulated hammock for gym,4,ai_semantic,8,218.7,0.7450000047683716
SU00321_1_SESS_U00321_1_0_1,U00321,SESS_U00321_1_0,2026-06-02 14:04:00,elegant candle for gym,4,ai_semantic,8,185.8,0.7487000226974487
SU00321_1_SESS_U00321_1_0_2,U00321,SESS_U00321_1_0,2026-06-02 18:33:00,thermal leggings under 50 dollars,5,ai_semantic,8,219.5,0.7555000185966492
SU00327_1_SESS_U00327_1_0_0,U00327,SESS_U00327_1_0,2026-06-02 13:57:00,heavy-duty backpack,2,legacy,8,104.4,0.5863
SU00329_1_SESS_U00329_1_0_0,U00329,SESS_U00329_1_0,2026-06-02 12:08:00,best cookware set for the office,6,ai_semantic,8,196.0,0.6904000043869019
SU00329_1_SESS_U00329_1_0_1,U00329,SESS_U00329_1_0,2026-06-02 21:52:00,cheap cleats,2,ai_semantic,8,195.8,0.7530999779701233
SU00332_1_SESS_U00332_1_0_0,U00332,SESS_U00332_1_0,2026-06-02 13:18:00,headlamp,1,ai_semantic,8,146.2,0.7141000032424927
SU00334_1_SESS_U00334_1_0_0,U00334,SESS_U00334_1_0,2026-06-02 13:40:00,hiking boots under 50 dollars,5,ai_semantic,8,151.3,0.6265000104904175
SU00334_1_SESS_U00334_1_0_1,U00334,SESS_U00334_1_0,2026-06-02 22:09:00,somthing for rain,3,ai_semantic,8,184.3,0.5149999856948853
SU00336_1_SESS_U00336_1_0_0,U00336,SESS_U00336_1_0,2026-06-02 11:54:00,cheap sleeping bag,3,legacy,7,89.3,0.5794
SU00336_1_SESS_U00336_1_0_1,U00336,SESS_U00336_1_0,2026-06-02 18:12:00,high-otp loafers,2,legacy,6,73.9,0.5762
SU00337_1_SESS_U00337_1_0_0,U00337,SESS_U00337_1_0,2026-06-02 10:17:00,insulated sandals for my mom,5,legacy,8,101.9,0.5992
SU00337_1_SESS_U00337_1_0_1,U00337,SESS_U00337_1_0,2026-06-02 16:14:00,backpack under 50 dollars,4,legacy,6,92.5,0.5024
SU00337_1_SESS_U00337_1_1_0,U00337,SESS_U00337_1_1,2026-06-02 12:39:00,snekaers,1,legacy,0,59.4,
SU00338_1_SESS_U00338_1_0_0,U00338,SESS_U00338_1_0,2026-06-02 21:09:00,best loafers for the office,5,legacy,8,55.8,0.5687
SU00338_1_SESS_U00338_1_0_1,U00338,SESS_U00338_1_0,2026-06-02 20:55:00,hiking boots,2,legacy,8,80.4,0.5858
SU00339_1_SESS_U00339_1_0_0,U00339,SESS_U00339_1_0,2026-06-02 18:07:00,gift running shoes,3,legacy,8,95.1,0.5957
SU00339_1_SESS_U00339_1_0_1,U00339,SESS_U00339_1_0,2026-06-02 18:19:00,hiking boots under 50 dollars,5,legacy,8,81.2,0.5985
SU00340_1_SESS_U00340_1_0_0,U00340,SESS_U00340_1_0,2026-06-02 18:55:00,cehap thermal leggings,3,ai_semantic,8,181.7,0.7882999777793884
SU00340_1_SESS_U00340_1_0_1,U00340,SESS_U00340_1_0,2026-06-02 16:52:00,heavy-duty headlamp for a gift,5,ai_semantic,8,194.4,0.8950999975204468
SU00341_1_SESS_U00341_1_0_0,U00341,SESS_U00341_1_0,2026-06-02 12:32:00,desk ornament engravde,3,ai_semantic,8,209.8,0.6559000015258789
SU00343_1_SESS_U00343_1_0_0,U00343,SESS_U00343_1_0,2026-06-02 19:45:00,cooler,1,legacy,6,111.2,0.5494
SU00343_1_SESS_U00343_1_0_1,U00343,SESS_U00343_1_0,2026-06-02 18:02:00,journal rsutic,2,legacy,6,57.8,0.5648
SU00346_1_SESS_U00346_1_0_0,U00346,SESS_U00346_1_0,2026-06-02 19:01:00,best dsek ornament for rain,5,ai_semantic,8,194.9,0.42340001463890076
SU00347_1_SESS_U00347_1_0_0,U00347,SESS_U00347_1_0,2026-06-02 08:13:00,headlamp under 50 dollras,4,ai_semantic,8,245.3,0.6165000200271606
SU00349_1_SESS_U00349_1_0_0,U00349,SESS_U00349_1_0,2026-06-02 21:14:00,keychain under 50 dollars,4,legacy,6,96.2,0.5911
SU00349_1_SESS_U00349_1_0_1,U00349,SESS_U00349_1_0,2026-06-02 08:25:00,mug under 50 dollars,4,legacy,6,54.9,0.5298
SU00351_1_SESS_U00351_1_0_0,U00351,SESS_U00351_1_0,2026-06-02 17:33:00,compact blender,2,ai_semantic,8,151.2,0.8093000054359436
SU00356_1_SESS_U00356_1_0_0,U00356,SESS_U00356_1_0,2026-06-02 13:02:00,fleece-lined rain coat for camping,5,ai_semantic,8,188.8,0.8389000296592712
SU00357_1_SESS_U00357_1_0_0,U00357,SESS_U00357_1_0,2026-06-02 09:08:00,cheap hiking boots,3,legacy,8,77.9,0.5546
SU00361_1_SESS_U00361_1_0_0,U00361,SESS_U00361_1_0,2026-06-02 12:26:00,charging cable,2,ai_semantic,8,192.7,0.7164999842643738
SU00363_1_SESS_U00363_1_0_0,U00363,SESS_U00363_1_0,2026-06-02 12:23:00,tent insulatde,2,legacy,7,69.9,0.576
SU00365_1_SESS_U00365_1_0_0,U00365,SESS_U00365_1_0,2026-06-02 14:28:00,somthing for my mom,4,ai_semantic,8,129.0,0.14970000088214874
SU00365_1_SESS_U00365_1_1_0,U00365,SESS_U00365_1_1,2026-06-02 22:27:00,bluetooth smartwatch,2,ai_semantic,8,183.2,0.7713000178337097
SU00365_1_SESS_U00365_1_1_1,U00365,SESS_U00365_1_1,2026-06-02 18:18:00,somthing for gym,3,ai_semantic,8,129.3,0.29350000619888306
SU00367_1_SESS_U00367_1_0_0,U00367,SESS_U00367_1_0,2026-06-02 11:59:00,camp stove,2,ai_semantic,8,146.7,0.7462000250816345
SU00367_1_SESS_U00367_1_1_0,U00367,SESS_U00367_1_1,2026-06-02 21:35:00,hiking boots breathbale,3,ai_semantic,8,195.4,0.7795000076293945
SU00368_1_SESS_U00368_1_0_0,U00368,SESS_U00368_1_0,2026-06-02 12:58:00,somthing for rain,3,legacy,8,94.6,0.4974
SU00370_1_SESS_U00370_1_0_0,U00370,SESS_U00370_1_0,2026-06-02 11:04:00,winter boots,2,ai_semantic,8,199.4,0.7364000082015991
SU00373_1_SESS_U00373_1_0_0,U00373,SESS_U00373_1_0,2026-06-02 19:16:00,warm sweater for rain,4,legacy,8,94.8,0.5865
SU00374_1_SESS_U00374_1_0_0,U00374,SESS_U00374_1_0,2026-06-02 08:51:00,somthing for my mom,4,legacy,8,79.4,0.5666
SU00374_1_SESS_U00374_1_0_1,U00374,SESS_U00374_1_0,2026-06-02 08:10:00,sneakers,1,legacy,7,87.2,0.5476
SU00374_1_SESS_U00374_1_1_0,U00374,SESS_U00374_1_1,2026-06-02 09:10:00,sleeping bag,2,legacy,7,86.4,0.5954
SU00374_1_SESS_U00374_1_1_1,U00374,SESS_U00374_1_1,2026-06-02 12:10:00,best keychain for winter,4,legacy,8,93.3,0.5923
SU00381_1_SESS_U00381_1_0_0,U00381,SESS_U00381_1_0,2026-06-02 18:40:00,gift fleece pullover,3,ai_semantic,8,187.1,0.8116999864578247
SU00381_1_SESS_U00381_1_1_0,U00381,SESS_U00381_1_1,2026-06-02 07:09:00,cheap sweater,2,ai_semantic,8,164.0,0.7432000041007996
SU00386_1_SESS_U00386_1_0_0,U00386,SESS_U00386_1_0,2026-06-02 09:32:00,cozy jacket,2,legacy,8,115.3,0.5571
SU00389_1_SESS_U00389_1_0_0,U00389,SESS_U00389_1_0,2026-06-02 07:59:00,personalized mug for hiking,4,legacy,8,104.8,0.5952
SU00389_1_SESS_U00389_1_0_1,U00389,SESS_U00389_1_0,2026-06-02 16:32:00,winter boots waterprofo,3,legacy,8,64.0,0.5955
SU00394_1_SESS_U00394_1_0_0,U00394,SESS_U00394_1_0,2026-06-02 10:55:00,somthing for my mom,4,legacy,8,82.6,0.5967
SU00396_1_SESS_U00396_1_0_0,U00396,SESS_U00396_1_0,2026-06-02 13:16:00,rain coat lightwegiht,3,legacy,6,96.8,0.5783
SU00396_1_SESS_U00396_1_0_1,U00396,SESS_U00396_1_0,2026-06-02 09:32:00,gift headphones,2,legacy,8,105.2,0.579
SU00397_1_SESS_U00397_1_0_0,U00397,SESS_U00397_1_0,2026-06-02 21:03:00,rustic mug for a gift,5,ai_semantic,8,156.4,0.8057000041007996
SU00399_1_SESS_U00399_1_0_0,U00399,SESS_U00399_1_0,2026-06-02 18:43:00,backpack weatherporof,2,ai_semantic,8,205.7,0.6013000011444092
SU00399_1_SESS_U00399_1_0_1,U00399,SESS_U00399_1_0,2026-06-02 13:48:00,photo frame handmaed,3,ai_semantic,8,171.8,0.6723999977111816
SU00399_1_SESS_U00399_1_1_0,U00399,SESS_U00399_1_1,2026-06-02 17:14:00,sneakers,1,ai_semantic,8,120.1,0.7318000197410583
SU00399_1_SESS_U00399_1_1_1,U00399,SESS_U00399_1_1,2026-06-02 09:00:00,mug,1,ai_semantic,8,197.5,0.6661999821662903
SU00402_1_SESS_U00402_1_0_0,U00402,SESS_U00402_1_0,2026-06-02 17:48:00,cheap headlamp,2,ai_semantic,8,185.7,0.7418000102043152
SU00404_1_SESS_U00404_1_0_0,U00404,SESS_U00404_1_0,2026-06-02 10:18:00,gift sleeping bag,3,legacy,8,136.1,0.59
SU00408_1_SESS_U00408_1_0_0,U00408,SESS_U00408_1_0,2026-06-02 19:20:00,hammock,1,ai_semantic,8,168.3,0.7300999760627747
SU00408_1_SESS_U00408_1_0_1,U00408,SESS_U00408_1_0,2026-06-02 12:40:00,portable speaker for a gift,5,ai_semantic,8,196.0,0.7904999852180481
SU00408_1_SESS_U00408_1_0_2,U00408,SESS_U00408_1_0,2026-06-02 14:13:00,fleece-lined thermal leggings for gym,5,ai_semantic,8,177.5,0.870199978351593
SU00409_1_SESS_U00409_1_0_0,U00409,SESS_U00409_1_0,2026-06-02 11:07:00,keychain engarved,2,ai_semantic,8,188.1,0.6858999729156494
SU00409_1_SESS_U00409_1_0_1,U00409,SESS_U00409_1_0,2026-06-02 16:07:00,somthing for hiking,3,ai_semantic,8,206.7,0.5105999708175659
SU00409_1_SESS_U00409_1_0_2,U00409,SESS_U00409_1_0,2026-06-02 14:08:00,somthing for winter,3,ai_semantic,8,151.3,0.4092999994754791
SU00420_1_SESS_U00420_1_0_0,U00420,SESS_U00420_1_0,2026-06-02 16:43:00,hoodie under 50 dollars,4,ai_semantic,8,185.6,0.5626000165939331
SU00427_1_SESS_U00427_1_0_0,U00427,SESS_U00427_1_0,2026-06-02 13:37:00,cheap thermal leggings,3,ai_semantic,8,159.6,0.8338000178337097
SU00427_1_SESS_U00427_1_0_1,U00427,SESS_U00427_1_0,2026-06-02 11:13:00,high-top running shoes,3,ai_semantic,8,138.7,0.8959000110626221
SU00433_1_SESS_U00433_1_0_0,U00433,SESS_U00433_1_0,2026-06-02 20:07:00,knife set eelctric,3,ai_semantic,8,190.7,0.5800999999046326
SU00442_1_SESS_U00442_1_0_0,U00442,SESS_U00442_1_0,2026-06-02 21:15:00,best smartwatch for gym,4,ai_semantic,8,256.2,0.6345000267028809
SU00442_1_SESS_U00442_1_0_1,U00442,SESS_U00442_1_0,2026-06-02 12:49:00,charging cable rechargealbe,3,ai_semantic,8,191.7,0.6431999802589417
SU00442_1_SESS_U00442_1_0_2,U00442,SESS_U00442_1_0,2026-06-02 17:44:00,journal eelgant,2,ai_semantic,8,137.6,0.5764999985694885
SU00443_1_SESS_U00443_1_0_0,U00443,SESS_U00443_1_0,2026-06-02 17:58:00,gitf tent,2,legacy,7,101.1,0.5201
SU00445_1_SESS_U00445_1_0_0,U00445,SESS_U00445_1_0,2026-06-02 13:48:00,gift hkiing boots,3,ai_semantic,8,199.5,0.44600000977516174
SU00445_1_SESS_U00445_1_0_1,U00445,SESS_U00445_1_0,2026-06-02 11:00:00,rechargeable power bank for travel,5,ai_semantic,8,169.1,0.8003000020980835
SU00447_1_SESS_U00447_1_0_0,U00447,SESS_U00447_1_0,2026-06-02 11:39:00,gift box set,3,legacy,8,68.7,0.5909
SU00447_1_SESS_U00447_1_0_1,U00447,SESS_U00447_1_0,2026-06-02 12:11:00,best smartwatch for winter,4,legacy,8,100.9,0.5904
SU00448_1_SESS_U00448_1_0_0,U00448,SESS_U00448_1_0,2026-06-02 11:05:00,kinfe set,2,legacy,8,85.8,0.589
SU00450_1_SESS_U00450_1_0_0,U00450,SESS_U00450_1_0,2026-06-02 13:24:00,trali loafers,2,ai_semantic,8,178.6,0.558899998664856
SU00455_1_SESS_U00455_1_0_0,U00455,SESS_U00455_1_0,2026-06-02 07:12:00,compact tent for a gift,5,ai_semantic,8,174.6,0.7592999935150146
SU00455_1_SESS_U00455_1_1_0,U00455,SESS_U00455_1_1,2026-06-02 21:49:00,cheap fleece pullover,3,ai_semantic,8,160.6,0.8676000237464905
SU00457_1_SESS_U00457_1_0_0,U00457,SESS_U00457_1_0,2026-06-02 19:01:00,somthing for rain,3,ai_semantic,8,173.1,0.5149999856948853
SU00457_1_SESS_U00457_1_0_1,U00457,SESS_U00457_1_0,2026-06-02 13:47:00,best knife set for a gift,6,ai_semantic,8,161.8,0.6524999737739563
SU00460_1_SESS_U00460_1_0_0,U00460,SESS_U00460_1_0,2026-06-02 16:42:00,cheap tent,2,legacy,7,85.1,0.5594
SU00460_1_SESS_U00460_1_0_1,U00460,SESS_U00460_1_0,2026-06-02 11:12:00,cheap winter boots,3,legacy,8,103.3,0.5839
SU00463_1_SESS_U00463_1_0_0,U00463,SESS_U00463_1_0,2026-06-02 09:19:00,handmade gift box set for a gift,7,ai_semantic,8,244.6,0.8992999792098999
SU00463_1_SESS_U00463_1_0_1,U00463,SESS_U00463_1_0,2026-06-02 16:26:00,gift running shoes,3,ai_semantic,8,181.7,0.6808000206947327
SU00465_1_SESS_U00465_1_0_0,U00465,SESS_U00465_1_0,2026-06-02 17:33:00,beanie,1,legacy,5,106.8,0.5546
SU00466_1_SESS_U00466_1_0_0,U00466,SESS_U00466_1_0,2026-06-02 07:05:00,cheap coffee maker,3,ai_semantic,8,181.6,0.5216000080108643
SU00466_1_SESS_U00466_1_0_1,U00466,SESS_U00466_1_0,2026-06-02 17:33:00,coffee maker,2,ai_semantic,8,193.2,0.6291000247001648
SU00466_1_SESS_U00466_1_1_0,U00466,SESS_U00466_1_1,2026-06-02 09:04:00,gift candle,2,ai_semantic,8,161.1,0.6509000062942505
SU00466_1_SESS_U00466_1_1_1,U00466,SESS_U00466_1_1,2026-06-02 15:45:00,cozy rain cota,3,ai_semantic,8,199.4,0.5760999917984009
SU00467_1_SESS_U00467_1_0_0,U00467,SESS_U00467_1_0,2026-06-02 19:52:00,mug under 50 dollars,4,legacy,6,98.4,0.5423
SU00468_1_SESS_U00468_1_0_0,U00468,SESS_U00468_1_0,2026-06-02 13:15:00,cleats under 50 dollars,4,legacy,7,64.4,0.5812
SU00472_1_SESS_U00472_1_0_0,U00472,SESS_U00472_1_0,2026-06-02 10:01:00,bluetooth charging cable for my mom,6,legacy,8,78.4,0.5517
SU00473_1_SESS_U00473_1_0_0,U00473,SESS_U00473_1_0,2026-06-02 07:02:00,gift box set,3,legacy,8,50.9,0.5244
SU00478_1_SESS_U00478_1_0_0,U00478,SESS_U00478_1_0,2026-06-02 20:11:00,headphones blueototh,2,legacy,6,57.5,0.5901
SU00480_1_SESS_U00480_1_0_0,U00480,SESS_U00480_1_0,2026-06-02 21:26:00,cheap speaker,2,ai_semantic,8,201.2,0.6797000169754028
SU00480_1_SESS_U00480_1_0_1,U00480,SESS_U00480_1_0,2026-06-02 12:59:00,best charging cable for winter,5,ai_semantic,8,178.2,0.5745000243186951
SU00480_1_SESS_U00480_1_0_2,U00480,SESS_U00480_1_0,2026-06-02 21:31:00,candle personalzied,2,ai_semantic,8,161.4,0.7026000022888184
SU00486_1_SESS_U00486_1_0_0,U00486,SESS_U00486_1_0,2026-06-02 11:33:00,gift hoodie,2,legacy,8,105.1,0.5874
SU00488_1_SESS_U00488_1_0_0,U00488,SESS_U00488_1_0,2026-06-02 08:35:00,coffee maker under 50 dollars,5,legacy,5,82.9,0.5656
SU00490_1_SESS_U00490_1_0_0,U00490,SESS_U00490_1_0,2026-06-02 15:14:00,gift running shoes,3,legacy,8,61.9,0.5542
SU00502_1_SESS_U00502_1_0_0,U00502,SESS_U00502_1_0,2026-06-02 20:21:00,cooler hevay-duty,2,ai_semantic,8,142.1,0.4449000060558319
SU00514_1_SESS_U00514_1_0_0,U00514,SESS_U00514_1_0,2026-06-02 18:31:00,best sweater for my mom,5,legacy,8,90.2,0.5449
SU00514_1_SESS_U00514_1_0_1,U00514,SESS_U00514_1_0,2026-06-02 22:07:00,winter boots under 50 dollars,5,legacy,8,101.7,0.5815
SU00517_1_SESS_U00517_1_0_0,U00517,SESS_U00517_1_0,2026-06-02 15:30:00,cheap running shoes,3,legacy,8,112.7,0.5607
SU00517_1_SESS_U00517_1_0_1,U00517,SESS_U00517_1_0,2026-06-02 07:15:00,gift candle,2,legacy,8,77.8,0.5912
SU00520_1_SESS_U00520_1_0_0,U00520,SESS_U00520_1_0,2026-06-02 11:06:00,best charigng cable for camping,5,ai_semantic,8,186.0,0.4596000015735626
SU00520_1_SESS_U00520_1_0_1,U00520,SESS_U00520_1_0,2026-06-02 21:38:00,wireless headphones for the office,5,ai_semantic,8,239.4,0.7638000249862671
SU00520_1_SESS_U00520_1_1_0,U00520,SESS_U00520_1_1,2026-06-02 07:03:00,portable webcam,2,ai_semantic,8,161.0,0.8352000117301941
SU00520_1_SESS_U00520_1_1_1,U00520,SESS_U00520_1_1,2026-06-02 20:01:00,cheap power bank,3,ai_semantic,8,200.6,0.7488999962806702
SU00521_1_SESS_U00521_1_0_0,U00521,SESS_U00521_1_0,2026-06-02 08:42:00,gift sepaker,2,ai_semantic,8,138.2,0.43630000948905945
SU00521_1_SESS_U00521_1_1_0,U00521,SESS_U00521_1_1,2026-06-02 21:30:00,gift mug,2,ai_semantic,8,137.5,0.6347000002861023
SU00529_1_SESS_U00529_1_0_0,U00529,SESS_U00529_1_0,2026-06-02 17:49:00,somthing for travel,3,ai_semantic,8,213.5,0.3716999888420105
SU00531_1_SESS_U00531_1_0_0,U00531,SESS_U00531_1_0,2026-06-02 09:46:00,cheap smartwatch,2,ai_semantic,8,165.0,0.6635000109672546
SU00532_1_SESS_U00532_1_0_0,U00532,SESS_U00532_1_0,2026-06-02 19:42:00,cheap desk ornament,3,ai_semantic,8,172.9,0.7311999797821045
SU00532_1_SESS_U00532_1_0_1,U00532,SESS_U00532_1_0,2026-06-02 14:35:00,photo farme under 50 dollars,5,ai_semantic,8,225.5,0.4277999997138977
SU00534_1_SESS_U00534_1_0_0,U00534,SESS_U00534_1_0,2026-06-02 14:53:00,running shoes under 50 dollars,5,ai_semantic,8,130.0,0.6256999969482422
SU00542_1_SESS_U00542_1_0_0,U00542,SESS_U00542_1_0,2026-06-02 17:17:00,journal,1,ai_semantic,8,100.8,0.6930000185966492
SU00542_1_SESS_U00542_1_0_1,U00542,SESS_U00542_1_0,2026-06-02 08:20:00,slip-on hiking boots,3,ai_semantic,8,147.1,0.9010999798774719
SU00551_1_SESS_U00551_1_0_0,U00551,SESS_U00551_1_0,2026-06-02 22:24:00,waterproof hiking boots for camping,5,ai_semantic,8,169.4,0.8190000057220459
SU00553_1_SESS_U00553_1_0_0,U00553,SESS_U00553_1_0,2026-06-02 10:46:00,fleece pulloevr under 50 dollars,5,legacy,7,88.1,0.5409
SU00554_1_SESS_U00554_1_0_0,U00554,SESS_U00554_1_0,2026-06-02 17:41:00,compact charging cable,3,legacy,8,98.3,0.5465
SU00554_1_SESS_U00554_1_1_0,U00554,SESS_U00554_1_1,2026-06-02 16:59:00,beanie under 50 dollars,4,legacy,5,79.4,0.5982
SU00555_1_SESS_U00555_1_0_0,U00555,SESS_U00555_1_0,2026-06-02 13:40:00,gift sleeping bag,3,ai_semantic,8,146.6,0.7264999747276306
SU00555_1_SESS_U00555_1_0_1,U00555,SESS_U00555_1_0,2026-06-02 12:25:00,somhting for travel,3,ai_semantic,8,165.8,0.31520000100135803
SU00555_1_SESS_U00555_1_1_0,U00555,SESS_U00555_1_1,2026-06-02 22:08:00,insulated tent,2,ai_semantic,8,210.6,0.8073999881744385
SU00563_1_SESS_U00563_1_0_0,U00563,SESS_U00563_1_0,2026-06-02 07:56:00,cheap camp stove,3,ai_semantic,8,189.5,0.7470999956130981
SU00565_1_SESS_U00565_1_0_0,U00565,SESS_U00565_1_0,2026-06-02 17:20:00,ultralight cooler,2,ai_semantic,8,139.1,0.8514999747276306
SU00567_1_SESS_U00567_1_0_0,U00567,SESS_U00567_1_0,2026-06-02 13:45:00,sweater under 50 dollars,4,ai_semantic,8,140.9,0.5741000175476074
SU00567_1_SESS_U00567_1_0_1,U00567,SESS_U00567_1_0,2026-06-02 19:16:00,somthing for my mom,4,ai_semantic,8,193.8,0.14970000088214874
SU00567_1_SESS_U00567_1_0_2,U00567,SESS_U00567_1_0,2026-06-02 19:11:00,gift winter boots,3,ai_semantic,8,185.8,0.6432999968528748
SU00572_1_SESS_U00572_1_0_0,U00572,SESS_U00572_1_0,2026-06-02 07:43:00,somthing for travel,3,legacy,8,89.8,0.5883
SU00576_1_SESS_U00576_1_0_0,U00576,SESS_U00576_1_0,2026-06-02 20:31:00,somthing for my mom,4,legacy,8,92.7,0.5571
SU00581_1_SESS_U00581_1_0_0,U00581,SESS_U00581_1_0,2026-06-02 18:54:00,webcma under 50 dollars,4,ai_semantic,8,184.1,0.32350000739097595
SU00584_1_SESS_U00584_1_0_0,U00584,SESS_U00584_1_0,2026-06-02 18:46:00,dishwasher-safe coffee maker for rian,5,ai_semantic,8,158.4,0.70660001039505
SU00588_1_SESS_U00588_1_0_0,U00588,SESS_U00588_1_0,2026-06-02 22:51:00,somthing for a gift,4,legacy,8,104.3,0.5517
SU00588_1_SESS_U00588_1_1_0,U00588,SESS_U00588_1_1,2026-06-02 17:19:00,best earbuds for my mom,5,legacy,8,96.8,0.5551
SU00591_1_SESS_U00591_1_0_0,U00591,SESS_U00591_1_0,2026-06-02 09:41:00,slip-no cleats for winter,4,ai_semantic,8,188.9,0.7156000137329102
SU00591_1_SESS_U00591_1_0_1,U00591,SESS_U00591_1_0,2026-06-02 17:09:00,desk ornament under 50 dollars,5,ai_semantic,8,174.0,0.6687999963760376
SU00591_1_SESS_U00591_1_1_0,U00591,SESS_U00591_1_1,2026-06-02 15:07:00,mug under 50 dollars,4,ai_semantic,8,230.7,0.4936999976634979
SU00601_1_SESS_U00601_1_0_0,U00601,SESS_U00601_1_0,2026-06-02 15:11:00,trail cleats,2,ai_semantic,8,128.6,0.8707000017166138
SU00612_1_SESS_U00612_1_0_0,U00612,SESS_U00612_1_0,2026-06-02 09:35:00,best desk ornament for camping,5,ai_semantic,8,180.0,0.6419000029563904
SU00615_1_SESS_U00615_1_0_0,U00615,SESS_U00615_1_0,2026-06-02 20:22:00,thermal leggings sotf,3,ai_semantic,8,178.8,0.8190000057220459
SU00617_1_SESS_U00617_1_0_0,U00617,SESS_U00617_1_0,2026-06-02 11:30:00,cheap smartwatch,2,legacy,5,82.4,0.507
SU00620_1_SESS_U00620_1_0_0,U00620,SESS_U00620_1_0,2026-06-02 17:33:00,breathable winter boots,3,ai_semantic,8,184.8,0.8603000044822693
SU00622_1_SESS_U00622_1_0_0,U00622,SESS_U00622_1_0,2026-06-02 11:18:00,webacm,1,legacy,0,94.1,
SU00622_1_SESS_U00622_1_0_1,U00622,SESS_U00622_1_0,2026-06-02 10:08:00,power bank under 50 dollars,5,legacy,6,92.5,0.5781
SU00631_1_SESS_U00631_1_0_0,U00631,SESS_U00631_1_0,2026-06-02 12:25:00,non-stick toaster for winter,4,ai_semantic,8,153.8,0.8021000027656555
SU00631_1_SESS_U00631_1_0_1,U00631,SESS_U00631_1_0,2026-06-02 22:25:00,somthing for hiking,3,ai_semantic,8,147.8,0.5105999708175659
SU00636_1_SESS_U00636_1_0_0,U00636,SESS_U00636_1_0,2026-06-02 19:57:00,gift keychain,2,legacy,8,89.0,0.5622
SU00636_1_SESS_U00636_1_1_0,U00636,SESS_U00636_1_1,2026-06-02 13:15:00,power bank,2,legacy,6,143.7,0.5819
SU00636_1_SESS_U00636_1_1_1,U00636,SESS_U00636_1_1,2026-06-02 17:57:00,somthing for the office,4,legacy,8,117.9,0.5996
SU00636_1_SESS_U00636_1_1_2,U00636,SESS_U00636_1_1,2026-06-02 21:40:00,smartwatch under 50 dollars,4,legacy,5,81.0,0.5671
SU00640_1_SESS_U00640_1_0_0,U00640,SESS_U00640_1_0,2026-06-02 08:12:00,best headphones for rain,4,legacy,8,68.4,0.5881
SU00640_1_SESS_U00640_1_0_1,U00640,SESS_U00640_1_0,2026-06-02 22:47:00,sandals under 50 dollars,4,legacy,4,92.4,0.4731
SU00641_1_SESS_U00641_1_0_0,U00641,SESS_U00641_1_0,2026-06-02 09:35:00,best tent for hiking,4,ai_semantic,8,215.6,0.633400022983551
SU00644_1_SESS_U00644_1_0_0,U00644,SESS_U00644_1_0,2026-06-02 10:55:00,somthing for a gift,4,legacy,8,89.1,0.5909
SU00644_1_SESS_U00644_1_0_1,U00644,SESS_U00644_1_0,2026-06-02 10:52:00,keychain rsutic,2,legacy,6,76.4,0.5845
SU00649_1_SESS_U00649_1_0_0,U00649,SESS_U00649_1_0,2026-06-02 21:52:00,engraved gift box set,4,ai_semantic,8,211.2,0.8682000041007996
SU00651_1_SESS_U00651_1_0_0,U00651,SESS_U00651_1_0,2026-06-02 19:14:00,keychain,1,ai_semantic,8,232.8,0.8173999786376953
SU00652_1_SESS_U00652_1_0_0,U00652,SESS_U00652_1_0,2026-06-02 07:55:00,gift sleeping bag,3,legacy,8,116.1,0.5694
SU00652_1_SESS_U00652_1_1_0,U00652,SESS_U00652_1_1,2026-06-02 12:29:00,lightweight winter boots,3,legacy,8,58.8,0.5605
SU00652_1_SESS_U00652_1_1_1,U00652,SESS_U00652_1_1,2026-06-02 09:08:00,charging cable poratble,3,legacy,6,84.4,0.5398
SU00656_1_SESS_U00656_1_0_0,U00656,SESS_U00656_1_0,2026-06-02 20:02:00,hammock wetaherproof,2,legacy,7,105.8,0.4941
SU00659_1_SESS_U00659_1_0_0,U00659,SESS_U00659_1_0,2026-06-02 11:59:00,ceramic air fryer for hiking,5,ai_semantic,8,235.8,0.7465000152587891
SU00659_1_SESS_U00659_1_0_1,U00659,SESS_U00659_1_0,2026-06-02 16:48:00,running shoes unedr 50 dollars,5,ai_semantic,8,179.6,0.6087999939918518
SU00659_1_SESS_U00659_1_0_2,U00659,SESS_U00659_1_0,2026-06-02 16:04:00,rain coat lightewight,3,ai_semantic,8,157.7,0.6000000238418579
SU00659_1_SESS_U00659_1_1_0,U00659,SESS_U00659_1_1,2026-06-02 16:06:00,gift journla,2,ai_semantic,8,154.7,0.3928999900817871
SU00662_1_SESS_U00662_1_0_0,U00662,SESS_U00662_1_0,2026-06-02 13:51:00,lightweight rain coat,3,ai_semantic,8,170.2,0.8695999979972839
SU00665_1_SESS_U00665_1_0_0,U00665,SESS_U00665_1_0,2026-06-02 20:01:00,best steel blender for camping,5,ai_semantic,8,155.7,0.5842000246047974
SU00666_1_SESS_U00666_1_0_0,U00666,SESS_U00666_1_0,2026-06-02 08:41:00,cushioned winter boots,3,legacy,8,89.7,0.5139
SU00669_1_SESS_U00669_1_0_0,U00669,SESS_U00669_1_0,2026-06-02 10:20:00,cheap hiking boots,3,ai_semantic,8,142.4,0.7289999723434448
SU00683_1_SESS_U00683_1_0_0,U00683,SESS_U00683_1_0,2026-06-02 16:51:00,tent foldbale,2,ai_semantic,8,168.8,0.6468999981880188
SU00683_1_SESS_U00683_1_0_1,U00683,SESS_U00683_1_0,2026-06-02 08:59:00,ultralight camp stove for a gift,6,ai_semantic,8,156.6,0.8937000036239624
SU00684_1_SESS_U00684_1_0_0,U00684,SESS_U00684_1_0,2026-06-02 09:36:00,sleeping bag insulated,3,legacy,8,101.5,0.5961
SU00686_1_SESS_U00686_1_0_0,U00686,SESS_U00686_1_0,2026-06-02 12:08:00,best loafers for gym,4,legacy,8,81.5,0.5087
SU00686_1_SESS_U00686_1_0_1,U00686,SESS_U00686_1_0,2026-06-02 09:32:00,somthing for travel,3,legacy,8,109.6,0.5211
SU00689_1_SESS_U00689_1_0_0,U00689,SESS_U00689_1_0,2026-06-02 10:09:00,soft rain coat,3,legacy,8,78.3,0.5088
SU00689_1_SESS_U00689_1_0_1,U00689,SESS_U00689_1_0,2026-06-02 19:39:00,best hiking boots for the office,6,legacy,8,96.6,0.59
SU00692_1_SESS_U00692_1_0_0,U00692,SESS_U00692_1_0,2026-06-02 08:37:00,gift hiking boots,3,ai_semantic,8,175.6,0.7329000234603882
SU00696_1_SESS_U00696_1_0_0,U00696,SESS_U00696_1_0,2026-06-02 20:05:00,smartwatch under 50 dollars,4,legacy,5,82.7,0.455
SU00696_1_SESS_U00696_1_0_1,U00696,SESS_U00696_1_0,2026-06-02 11:04:00,gift hiking boots,3,legacy,8,85.9,0.5659
SU00696_1_SESS_U00696_1_1_0,U00696,SESS_U00696_1_1,2026-06-02 08:39:00,somthing for my mom,4,legacy,8,46.6,0.5992
SU00696_1_SESS_U00696_1_1_1,U00696,SESS_U00696_1_1,2026-06-02 17:44:00,lightweight sanadls,2,legacy,8,99.1,0.5308
SU00697_1_SESS_U00697_1_0_0,U00697,SESS_U00697_1_0,2026-06-02 10:55:00,somthing for gym,3,ai_semantic,8,208.4,0.29350000619888306
SU00701_1_SESS_U00701_1_0_0,U00701,SESS_U00701_1_0,2026-06-02 12:47:00,cheap power bank,3,legacy,6,93.4,0.5831
SU00702_1_SESS_U00702_1_0_0,U00702,SESS_U00702_1_0,2026-06-02 21:21:00,gift loaefrs,2,legacy,6,71.9,0.446
SU00702_1_SESS_U00702_1_1_0,U00702,SESS_U00702_1_1,2026-06-02 11:10:00,cheap blender,2,legacy,6,88.9,0.5905
SU00705_1_SESS_U00705_1_0_0,U00705,SESS_U00705_1_0,2026-06-02 18:08:00,gift beanie,2,ai_semantic,8,255.2,0.7200000286102295
SU00705_1_SESS_U00705_1_0_1,U00705,SESS_U00705_1_0,2026-06-02 22:48:00,best thermal leggings for winter,5,ai_semantic,8,229.6,0.8334000110626221
SU00705_1_SESS_U00705_1_1_0,U00705,SESS_U00705_1_1,2026-06-02 21:28:00,steel air fryer under 50 dollars,6,ai_semantic,8,205.6,0.6973999738693237
SU00706_1_SESS_U00706_1_0_0,U00706,SESS_U00706_1_0,2026-06-02 14:27:00,power bank,2,ai_semantic,8,199.7,0.7757999897003174
SU00706_1_SESS_U00706_1_0_1,U00706,SESS_U00706_1_0,2026-06-02 12:18:00,earbuds under 50 dollars,4,ai_semantic,8,138.1,0.632099986076355
SU00706_1_SESS_U00706_1_1_0,U00706,SESS_U00706_1_1,2026-06-02 08:14:00,lightweight hiknig boots for camping,5,ai_semantic,8,138.2,0.6955999732017517
SU00706_1_SESS_U00706_1_1_1,U00706,SESS_U00706_1_1,2026-06-02 12:45:00,speaker wrieless,2,ai_semantic,8,135.5,0.5752999782562256
SU00708_1_SESS_U00708_1_0_0,U00708,SESS_U00708_1_0,2026-06-02 08:20:00,toatser electirc,2,legacy,0,84.6,
SU00708_1_SESS_U00708_1_0_1,U00708,SESS_U00708_1_0,2026-06-02 18:24:00,speaker,1,legacy,5,80.0,0.5899
SU00710_1_SESS_U00710_1_0_0,U00710,SESS_U00710_1_0,2026-06-02 17:30:00,somthing for rain,3,legacy,8,62.5,0.5498
SU00710_1_SESS_U00710_1_0_1,U00710,SESS_U00710_1_0,2026-06-02 19:45:00,somthing for travel,3,legacy,8,82.0,0.5993
SU00711_1_SESS_U00711_1_0_0,U00711,SESS_U00711_1_0,2026-06-02 21:31:00,cheap fleece pullover,3,legacy,7,81.1,0.5426
SU00716_1_SESS_U00716_1_0_0,U00716,SESS_U00716_1_0,2026-06-02 08:02:00,camp stove under 50 dollars,5,legacy,6,95.1,0.5609
SU00718_1_SESS_U00718_1_0_0,U00718,SESS_U00718_1_0,2026-06-02 21:10:00,mixing bowl under 50 dollars,5,ai_semantic,8,155.6,0.6464999914169312
SU00724_1_SESS_U00724_1_0_0,U00724,SESS_U00724_1_0,2026-06-02 09:39:00,somthing for gym,3,ai_semantic,8,183.4,0.29350000619888306
SU00724_1_SESS_U00724_1_0_1,U00724,SESS_U00724_1_0,2026-06-02 10:30:00,gift earbuds,2,ai_semantic,8,172.1,0.6978999972343445
SU00726_1_SESS_U00726_1_0_0,U00726,SESS_U00726_1_0,2026-06-02 20:42:00,enrgaved candle,2,ai_semantic,8,160.4,0.5489000082015991
SU00727_1_SESS_U00727_1_0_0,U00727,SESS_U00727_1_0,2026-06-02 18:15:00,fleece pullover sotf,3,legacy,7,137.3,0.4682
SU00729_1_SESS_U00729_1_0_0,U00729,SESS_U00729_1_0,2026-06-02 18:43:00,cheap fleece pullover,3,ai_semantic,8,169.4,0.8676000237464905
SU00729_1_SESS_U00729_1_0_1,U00729,SESS_U00729_1_0,2026-06-02 18:32:00,winter boots under 50 dollars,5,ai_semantic,8,178.6,0.5630000233650208
SU00731_1_SESS_U00731_1_0_0,U00731,SESS_U00731_1_0,2026-06-02 14:52:00,desk ornament miinmalist,3,ai_semantic,8,242.5,0.6543999910354614
SU00731_1_SESS_U00731_1_0_1,U00731,SESS_U00731_1_0,2026-06-02 10:53:00,gift mug,2,ai_semantic,8,145.1,0.6347000002861023
SU00741_1_SESS_U00741_1_0_0,U00741,SESS_U00741_1_0,2026-06-02 16:02:00,journal under 50 dollars,4,legacy,6,124.1,0.5921
SU00742_1_SESS_U00742_1_0_0,U00742,SESS_U00742_1_0,2026-06-02 20:38:00,somthing for hiking,3,ai_semantic,8,233.7,0.5105999708175659
SU00742_1_SESS_U00742_1_0_1,U00742,SESS_U00742_1_0,2026-06-02 21:53:00,mug udner 50 dollars,4,ai_semantic,8,163.9,0.4542999863624573
SU00742_1_SESS_U00742_1_0_2,U00742,SESS_U00742_1_0,2026-06-02 07:30:00,soft fleece pullover for a gift,6,ai_semantic,8,183.5,0.8679999709129333
SU00743_1_SESS_U00743_1_0_0,U00743,SESS_U00743_1_0,2026-06-02 16:40:00,heavy-duty backpack,2,legacy,8,96.0,0.5804
SU00746_1_SESS_U00746_1_0_0,U00746,SESS_U00746_1_0,2026-06-02 15:47:00,dishwasher-safe toaster,2,legacy,8,93.3,0.5778
SU00746_1_SESS_U00746_1_0_1,U00746,SESS_U00746_1_0,2026-06-02 21:40:00,portable headphones,2,legacy,8,92.5,0.5828
SU00754_1_SESS_U00754_1_0_0,U00754,SESS_U00754_1_0,2026-06-02 22:49:00,gift box set egnraved,4,ai_semantic,8,110.3,0.7401000261306763
SU00761_1_SESS_U00761_1_0_0,U00761,SESS_U00761_1_0,2026-06-02 21:43:00,somthing for camping,3,legacy,8,92.3,0.5631
SU00761_1_SESS_U00761_1_0_1,U00761,SESS_U00761_1_0,2026-06-02 08:33:00,gfit backpack,2,legacy,6,94.6,0.4843
SU00761_1_SESS_U00761_1_1_0,U00761,SESS_U00761_1_1,2026-06-02 14:26:00,thermal leggings under 50 dollars,5,legacy,7,81.6,0.535
SU00769_1_SESS_U00769_1_0_0,U00769,SESS_U00769_1_0,2026-06-02 18:21:00,blender,1,ai_semantic,8,179.6,0.5227000117301941
SU00775_1_SESS_U00775_1_0_0,U00775,SESS_U00775_1_0,2026-06-02 09:08:00,sotmhing for winter,3,ai_semantic,8,192.6,0.4147999882698059
SU00780_1_SESS_U00780_1_0_0,U00780,SESS_U00780_1_0,2026-06-02 21:45:00,best earbuds for rain,4,legacy,8,77.4,0.5401
SU00784_1_SESS_U00784_1_0_0,U00784,SESS_U00784_1_0,2026-06-02 20:33:00,gift charging calbe,3,legacy,8,97.4,0.4938
SU00784_1_SESS_U00784_1_0_1,U00784,SESS_U00784_1_0,2026-06-02 13:13:00,minimalist keychain for travel,4,legacy,8,82.5,0.5784
SU00787_1_SESS_U00787_1_0_0,U00787,SESS_U00787_1_0,2026-06-02 14:43:00,gitf webcam,2,legacy,6,77.0,0.5912
SU00789_1_SESS_U00789_1_0_0,U00789,SESS_U00789_1_0,2026-06-02 17:59:00,power bank under 50 dollars,5,ai_semantic,8,138.9,0.6040999889373779
SU00789_1_SESS_U00789_1_0_1,U00789,SESS_U00789_1_0,2026-06-02 21:48:00,personalized keychain for campign,4,ai_semantic,8,239.3,0.7028999924659729
SU00789_1_SESS_U00789_1_1_0,U00789,SESS_U00789_1_1,2026-06-02 17:08:00,high-top cleats for winter,4,ai_semantic,8,227.8,0.7174999713897705
SU00797_1_SESS_U00797_1_0_0,U00797,SESS_U00797_1_0,2026-06-02 21:20:00,best fleece pullover for camping,5,ai_semantic,8,187.6,0.8047999739646912
SU00797_1_SESS_U00797_1_0_1,U00797,SESS_U00797_1_0,2026-06-02 13:45:00,somthing for a gift,4,ai_semantic,8,168.9,0.38440001010894775
SU00798_1_SESS_U00798_1_0_0,U00798,SESS_U00798_1_0,2026-06-02 20:26:00,sweater under 50 dollars,4,ai_semantic,8,146.7,0.5741000175476074
SU00798_1_SESS_U00798_1_0_1,U00798,SESS_U00798_1_0,2026-06-02 22:37:00,loafers lightwieght,2,ai_semantic,8,180.1,0.6845999956130981
SU00006_2_SESS_U00006_2_0_0,U00006,SESS_U00006_2_0,2026-06-03 16:56:00,somthing for winter,3,legacy,8,84.0,0.5547
SU00009_2_SESS_U00009_2_0_0,U00009,SESS_U00009_2_0,2026-06-03 15:45:00,mixing bowl under 50 dollars,5,legacy,5,111.6,0.5508
SU00009_2_SESS_U00009_2_1_0,U00009,SESS_U00009_2_1,2026-06-03 09:58:00,somthing for the office,4,legacy,8,68.6,0.5502
SU00012_2_SESS_U00012_2_0_0,U00012,SESS_U00012_2_0,2026-06-03 17:50:00,headphones,1,ai_semantic,8,158.2,0.7024000287055969
SU00012_2_SESS_U00012_2_0_1,U00012,SESS_U00012_2_0,2026-06-03 08:03:00,cheap blender,2,ai_semantic,8,171.6,0.5781000256538391
SU00012_2_SESS_U00012_2_0_2,U00012,SESS_U00012_2_0,2026-06-03 10:39:00,steel blender,2,ai_semantic,8,115.6,0.6780999898910522
SU00012_2_SESS_U00012_2_1_0,U00012,SESS_U00012_2_1,2026-06-03 14:42:00,coolre,1,ai_semantic,8,185.4,0.28279998898506165
SU00013_2_SESS_U00013_2_0_0,U00013,SESS_U00013_2_0,2026-06-03 17:04:00,best charging cable for a gift,6,ai_semantic,8,194.9,0.6301000118255615
SU00017_2_SESS_U00017_2_0_0,U00017,SESS_U00017_2_0,2026-06-03 20:15:00,best sleeping bag for the office,6,ai_semantic,8,132.5,0.7077000141143799
SU00020_2_SESS_U00020_2_0_0,U00020,SESS_U00020_2_0,2026-06-03 14:06:00,gift blender,2,legacy,8,64.7,0.5725
SU00020_2_SESS_U00020_2_0_1,U00020,SESS_U00020_2_0,2026-06-03 07:07:00,somthing for travel,3,legacy,8,94.5,0.5239
SU00023_2_SESS_U00023_2_0_0,U00023,SESS_U00023_2_0,2026-06-03 07:23:00,somthing for my mom,4,legacy,8,69.1,0.584
SU00023_2_SESS_U00023_2_0_1,U00023,SESS_U00023_2_0,2026-06-03 22:34:00,candle elgeant,2,legacy,6,105.6,0.5449
SU00024_2_SESS_U00024_2_0_0,U00024,SESS_U00024_2_0,2026-06-03 15:53:00,somthing for gym,3,legacy,8,94.1,0.5859
SU00027_2_SESS_U00027_2_0_0,U00027,SESS_U00027_2_0,2026-06-03 12:44:00,best coffee maker for camping,5,ai_semantic,8,225.8,0.49410000443458557
SU00027_2_SESS_U00027_2_1_0,U00027,SESS_U00027_2_1,2026-06-03 22:04:00,cheap backpakc,2,ai_semantic,8,181.7,0.3010999858379364
SU00029_2_SESS_U00029_2_0_0,U00029,SESS_U00029_2_0,2026-06-03 12:22:00,blender nno-stick,2,legacy,6,65.2,0.5458
SU00029_2_SESS_U00029_2_0_1,U00029,SESS_U00029_2_0,2026-06-03 13:05:00,jacket,1,legacy,6,72.7,0.5517
SU00029_2_SESS_U00029_2_1_0,U00029,SESS_U00029_2_1,2026-06-03 16:33:00,headlamp,1,legacy,6,77.9,0.532
SU00032_2_SESS_U00032_2_0_0,U00032,SESS_U00032_2_0,2026-06-03 09:45:00,juornal,1,legacy,0,103.8,
SU00032_2_SESS_U00032_2_0_1,U00032,SESS_U00032_2_0,2026-06-03 17:05:00,somthing for my mom,4,legacy,8,104.4,0.5995
SU00033_2_SESS_U00033_2_0_0,U00033,SESS_U00033_2_0,2026-06-03 11:12:00,mug,1,legacy,6,89.1,0.584
SU00035_2_SESS_U00035_2_0_0,U00035,SESS_U00035_2_0,2026-06-03 19:49:00,compact cooelr,2,ai_semantic,8,211.8,0.37929999828338623
SU00038_2_SESS_U00038_2_0_0,U00038,SESS_U00038_2_0,2026-06-03 08:47:00,waterproof hiking boots,3,legacy,8,91.5,0.5949
SU00039_2_SESS_U00039_2_0_0,U00039,SESS_U00039_2_0,2026-06-03 18:48:00,fleece pullover coyz,3,legacy,7,68.7,0.5879
SU00041_2_SESS_U00041_2_0_0,U00041,SESS_U00041_2_0,2026-06-03 07:35:00,charging cable under 50 dollars,5,ai_semantic,8,184.7,0.5597000122070312
SU00048_2_SESS_U00048_2_0_0,U00048,SESS_U00048_2_0,2026-06-03 11:36:00,waterproof sneakers,2,legacy,8,102.7,0.5962
SU00048_2_SESS_U00048_2_0_1,U00048,SESS_U00048_2_0,2026-06-03 21:12:00,cheap mug,2,legacy,6,78.3,0.4835
SU00048_2_SESS_U00048_2_0_2,U00048,SESS_U00048_2_0,2026-06-03 17:59:00,somthing for travel,3,legacy,8,92.9,0.535
SU00048_2_SESS_U00048_2_1_0,U00048,SESS_U00048_2_1,2026-06-03 13:48:00,tent,1,legacy,7,110.5,0.57
SU00049_2_SESS_U00049_2_0_0,U00049,SESS_U00049_2_0,2026-06-03 19:12:00,gitf webcam,2,legacy,6,42.6,0.5908
SU00049_2_SESS_U00049_2_0_1,U00049,SESS_U00049_2_0,2026-06-03 15:14:00,cheap speaker,2,legacy,5,90.1,0.5912
SU00053_2_SESS_U00053_2_0_0,U00053,SESS_U00053_2_0,2026-06-03 15:58:00,keychain rsutic,2,ai_semantic,8,210.3,0.5722000002861023
SU00055_2_SESS_U00055_2_0_0,U00055,SESS_U00055_2_0,2026-06-03 07:22:00,best hammock for camping,4,ai_semantic,8,187.2,0.7027999758720398
SU00056_2_SESS_U00056_2_0_0,U00056,SESS_U00056_2_0,2026-06-03 12:41:00,stainless steel air fryer for my mom,7,legacy,8,109.8,0.5844
SU00059_2_SESS_U00059_2_0_0,U00059,SESS_U00059_2_0,2026-06-03 08:20:00,winter boots,2,legacy,8,64.3,0.5617
SU00064_2_SESS_U00064_2_0_0,U00064,SESS_U00064_2_0,2026-06-03 20:13:00,cushioned winter boots for gym,5,legacy,8,112.5,0.5338
SU00065_2_SESS_U00065_2_0_0,U00065,SESS_U00065_2_0,2026-06-03 08:01:00,running shoes inuslated,3,legacy,8,104.3,0.56
SU00065_2_SESS_U00065_2_0_1,U00065,SESS_U00065_2_0,2026-06-03 09:08:00,somthing for camping,3,legacy,8,85.3,0.5592
SU00065_2_SESS_U00065_2_0_2,U00065,SESS_U00065_2_0,2026-06-03 18:30:00,hedalamp compcat,2,legacy,0,91.5,
SU00071_2_SESS_U00071_2_0_0,U00071,SESS_U00071_2_0,2026-06-03 11:18:00,gift earbuds,2,legacy,8,69.0,0.5127
SU00071_2_SESS_U00071_2_0_1,U00071,SESS_U00071_2_0,2026-06-03 09:14:00,chepa photo frame,3,legacy,6,72.0,0.5652
SU00071_2_SESS_U00071_2_0_2,U00071,SESS_U00071_2_0,2026-06-03 15:43:00,gift desk ornament,3,legacy,8,61.9,0.5924
SU00072_2_SESS_U00072_2_0_0,U00072,SESS_U00072_2_0,2026-06-03 19:51:00,handmade gift box set,4,legacy,8,130.8,0.5472
SU00072_2_SESS_U00072_2_0_1,U00072,SESS_U00072_2_0,2026-06-03 12:20:00,insulated headlamp for winter,4,legacy,8,99.8,0.5793
SU00072_2_SESS_U00072_2_0_2,U00072,SESS_U00072_2_0,2026-06-03 15:12:00,winter boots under 50 dollars,5,legacy,8,90.9,0.5906
SU00072_2_SESS_U00072_2_1_0,U00072,SESS_U00072_2_1,2026-06-03 07:31:00,lightweight rain coat for winter,5,legacy,8,105.9,0.5987
SU00075_2_SESS_U00075_2_0_0,U00075,SESS_U00075_2_0,2026-06-03 16:07:00,bset running shoes for winter,5,legacy,8,57.1,0.5738
SU00075_2_SESS_U00075_2_0_1,U00075,SESS_U00075_2_0,2026-06-03 17:17:00,rustic keychain,2,legacy,8,97.3,0.5751
SU00078_2_SESS_U00078_2_0_0,U00078,SESS_U00078_2_0,2026-06-03 18:02:00,backpack foldalbe,2,ai_semantic,8,200.6,0.6625999808311462
SU00078_2_SESS_U00078_2_0_1,U00078,SESS_U00078_2_0,2026-06-03 21:33:00,compact tent for rain,4,ai_semantic,8,167.7,0.6732000112533569
SU00079_2_SESS_U00079_2_0_0,U00079,SESS_U00079_2_0,2026-06-03 10:44:00,gfit photo frame,3,ai_semantic,8,146.1,0.5467000007629395
SU00083_2_SESS_U00083_2_0_0,U00083,SESS_U00083_2_0,2026-06-03 10:26:00,smartwatch recahrgeable,2,ai_semantic,8,179.8,0.7548999786376953
SU00083_2_SESS_U00083_2_0_1,U00083,SESS_U00083_2_0,2026-06-03 16:59:00,best loafers for camping,4,ai_semantic,8,247.8,0.6733999848365784
SU00083_2_SESS_U00083_2_0_2,U00083,SESS_U00083_2_0,2026-06-03 07:53:00,heavy-duty sleeping bag,3,ai_semantic,8,205.5,0.9046000242233276
SU00084_2_SESS_U00084_2_0_0,U00084,SESS_U00084_2_0,2026-06-03 19:54:00,insulated sleeping bag,3,ai_semantic,8,148.5,0.8173999786376953
SU00087_2_SESS_U00087_2_0_0,U00087,SESS_U00087_2_0,2026-06-03 10:25:00,personalized mug for hiking,4,ai_semantic,8,156.3,0.651199996471405
SU00089_2_SESS_U00089_2_0_0,U00089,SESS_U00089_2_0,2026-06-03 15:18:00,windproof hoodie for travel,4,legacy,8,87.1,0.5832
SU00089_2_SESS_U00089_2_0_1,U00089,SESS_U00089_2_0,2026-06-03 21:58:00,best camp stove for travle,5,legacy,8,108.9,0.5706
SU00089_2_SESS_U00089_2_1_0,U00089,SESS_U00089_2_1,2026-06-03 20:16:00,earbuds,1,legacy,6,92.6,0.5488
SU00091_2_SESS_U00091_2_0_0,U00091,SESS_U00091_2_0,2026-06-03 09:55:00,somthing for the offiec,4,legacy,8,76.1,0.5482
SU00091_2_SESS_U00091_2_0_1,U00091,SESS_U00091_2_0,2026-06-03 15:08:00,thermal leggings under 50 dollars,5,legacy,7,109.2,0.5984
SU00091_2_SESS_U00091_2_1_0,U00091,SESS_U00091_2_1,2026-06-03 16:30:00,best hoodie for camping,4,legacy,8,83.0,0.5902
SU00091_2_SESS_U00091_2_1_1,U00091,SESS_U00091_2_1,2026-06-03 13:09:00,loafers under 50 dollars,4,legacy,6,83.8,0.5455
SU00094_2_SESS_U00094_2_0_0,U00094,SESS_U00094_2_0,2026-06-03 21:41:00,fleece pullovre wnidproof,3,ai_semantic,8,141.8,0.6496999859809875
SU00094_2_SESS_U00094_2_0_1,U00094,SESS_U00094_2_0,2026-06-03 18:53:00,somthign for a gift,4,ai_semantic,8,150.6,0.4724000096321106
SU00098_2_SESS_U00098_2_0_0,U00098,SESS_U00098_2_0,2026-06-03 12:36:00,ultralight tent for rain,4,ai_semantic,8,195.2,0.7534999847412109
SU00098_2_SESS_U00098_2_0_1,U00098,SESS_U00098_2_0,2026-06-03 17:54:00,jacket lihgtweight,2,ai_semantic,8,177.2,0.6104999780654907
SU00098_2_SESS_U00098_2_1_0,U00098,SESS_U00098_2_1,2026-06-03 10:28:00,coffee maker cmopact,3,ai_semantic,8,199.9,0.4677000045776367
SU00098_2_SESS_U00098_2_1_1,U00098,SESS_U00098_2_1,2026-06-03 07:21:00,power bank poratble,3,ai_semantic,8,178.7,0.7245000004768372
SU00099_2_SESS_U00099_2_0_0,U00099,SESS_U00099_2_0,2026-06-03 16:13:00,cheap cookware set,3,ai_semantic,8,216.5,0.7125999927520752
SU00099_2_SESS_U00099_2_0_1,U00099,SESS_U00099_2_0,2026-06-03 13:15:00,best air fryer for rain,5,ai_semantic,8,205.6,0.6230000257492065
SU00102_2_SESS_U00102_2_0_0,U00102,SESS_U00102_2_0,2026-06-03 22:00:00,gift hoodie,2,ai_semantic,8,231.4,0.6448000073432922
SU00102_2_SESS_U00102_2_0_1,U00102,SESS_U00102_2_0,2026-06-03 18:10:00,cooler under 50 dollars,4,ai_semantic,8,120.5,0.5360000133514404
SU00105_2_SESS_U00105_2_0_0,U00105,SESS_U00105_2_0,2026-06-03 15:28:00,somthing for rain,3,ai_semantic,8,146.2,0.5149999856948853
SU00108_2_SESS_U00108_2_0_0,U00108,SESS_U00108_2_0,2026-06-03 14:54:00,smartwathc,1,legacy,0,108.4,
SU00108_2_SESS_U00108_2_0_1,U00108,SESS_U00108_2_0,2026-06-03 08:38:00,sotmhing for hiking,3,legacy,8,111.5,0.5969
SU00111_2_SESS_U00111_2_0_0,U00111,SESS_U00111_2_0,2026-06-03 15:14:00,cleats,1,legacy,7,110.5,0.5631
SU00112_2_SESS_U00112_2_0_0,U00112,SESS_U00112_2_0,2026-06-03 14:43:00,camp stove foldalbe,3,legacy,6,90.3,0.5759
SU00118_2_SESS_U00118_2_0_0,U00118,SESS_U00118_2_0,2026-06-03 21:52:00,best speaker for travel,4,ai_semantic,8,161.3,0.6126999855041504
SU00118_2_SESS_U00118_2_0_1,U00118,SESS_U00118_2_0,2026-06-03 13:46:00,cheap thermal leggings,3,ai_semantic,8,207.7,0.8338000178337097
SU00120_2_SESS_U00120_2_0_0,U00120,SESS_U00120_2_0,2026-06-03 19:16:00,somthing for a gift,4,legacy,8,113.4,0.5956
SU00121_2_SESS_U00121_2_0_0,U00121,SESS_U00121_2_0,2026-06-03 15:45:00,jacket under 50 dollars,4,ai_semantic,8,220.6,0.5066999793052673
SU00122_2_SESS_U00122_2_0_0,U00122,SESS_U00122_2_0,2026-06-03 20:28:00,gift wbecam,2,ai_semantic,8,176.2,0.4052000045776367
SU00126_2_SESS_U00126_2_0_0,U00126,SESS_U00126_2_0,2026-06-03 07:55:00,earbuds rechrageable,2,ai_semantic,8,119.2,0.7060999870300293
SU00126_2_SESS_U00126_2_0_1,U00126,SESS_U00126_2_0,2026-06-03 15:02:00,cheap backpack,2,ai_semantic,8,170.3,0.7013000249862671
SU00128_2_SESS_U00128_2_0_0,U00128,SESS_U00128_2_0,2026-06-03 10:48:00,air fryer under 50 dollars,5,ai_semantic,8,199.6,0.641700029373169
SU00132_2_SESS_U00132_2_0_0,U00132,SESS_U00132_2_0,2026-06-03 15:18:00,ceramic blender,2,ai_semantic,8,167.2,0.8518000245094299
SU00135_2_SESS_U00135_2_0_0,U00135,SESS_U00135_2_0,2026-06-03 12:50:00,mug elegatn,2,legacy,6,87.7,0.5685
SU00136_2_SESS_U00136_2_0_0,U00136,SESS_U00136_2_0,2026-06-03 13:19:00,best mug for winter,4,legacy,8,99.6,0.5105
SU00136_2_SESS_U00136_2_0_1,U00136,SESS_U00136_2_0,2026-06-03 16:04:00,best cooler for gym,4,legacy,8,96.2,0.5535
SU00136_2_SESS_U00136_2_1_0,U00136,SESS_U00136_2_1,2026-06-03 08:05:00,gift speaker,2,legacy,8,103.2,0.5555
SU00136_2_SESS_U00136_2_1_1,U00136,SESS_U00136_2_1,2026-06-03 11:11:00,somthing for winter,3,legacy,8,79.0,0.5981
SU00136_2_SESS_U00136_2_1_2,U00136,SESS_U00136_2_1,2026-06-03 13:05:00,steel miixng bowl stainless,4,legacy,8,84.9,0.4881
SU00143_2_SESS_U00143_2_0_0,U00143,SESS_U00143_2_0,2026-06-03 22:10:00,mug perosnalized,2,legacy,6,66.9,0.5944
SU00143_2_SESS_U00143_2_0_1,U00143,SESS_U00143_2_0,2026-06-03 16:54:00,cheap webcma,2,legacy,0,128.9,
SU00143_2_SESS_U00143_2_1_0,U00143,SESS_U00143_2_1,2026-06-03 12:43:00,sweater,1,legacy,7,119.1,0.5663
SU00149_2_SESS_U00149_2_0_0,U00149,SESS_U00149_2_0,2026-06-03 18:45:00,steel blender,2,legacy,8,78.5,0.5898
SU00154_2_SESS_U00154_2_0_0,U00154,SESS_U00154_2_0,2026-06-03 12:06:00,knife set under 50 dollars,5,ai_semantic,8,198.5,0.5576000213623047
SU00154_2_SESS_U00154_2_0_1,U00154,SESS_U00154_2_0,2026-06-03 12:32:00,gift jorunal,2,ai_semantic,8,183.3,0.3424000144004822
SU00156_2_SESS_U00156_2_0_0,U00156,SESS_U00156_2_0,2026-06-03 10:07:00,cookware set,2,ai_semantic,8,163.4,0.8016999959945679
SU00164_2_SESS_U00164_2_0_0,U00164,SESS_U00164_2_0,2026-06-03 15:15:00,noise-cancelling charging cable for my mom,6,legacy,8,82.8,0.5403
SU00164_2_SESS_U00164_2_1_0,U00164,SESS_U00164_2_1,2026-06-03 19:24:00,backpack under 50 dollars,4,legacy,6,94.8,0.5645
SU00164_2_SESS_U00164_2_1_1,U00164,SESS_U00164_2_1,2026-06-03 08:27:00,sweater under 50 dollars,4,legacy,7,117.4,0.5961
SU00164_2_SESS_U00164_2_1_2,U00164,SESS_U00164_2_1,2026-06-03 11:31:00,weatherproof cooler for camping,4,legacy,8,70.0,0.5798
SU00168_2_SESS_U00168_2_0_0,U00168,SESS_U00168_2_0,2026-06-03 16:02:00,elegant phtoo frame,3,ai_semantic,8,173.7,0.5928000211715698
SU00168_2_SESS_U00168_2_0_1,U00168,SESS_U00168_2_0,2026-06-03 09:00:00,cheap phoot frame,3,ai_semantic,8,244.7,0.4991999864578247
SU00168_2_SESS_U00168_2_0_2,U00168,SESS_U00168_2_0,2026-06-03 14:39:00,smartwatch under 50 dollars,4,ai_semantic,8,159.7,0.5958999991416931
SU00168_2_SESS_U00168_2_1_0,U00168,SESS_U00168_2_1,2026-06-03 12:56:00,best winter boots for hiking,5,ai_semantic,8,193.6,0.6912000179290771
SU00172_2_SESS_U00172_2_0_0,U00172,SESS_U00172_2_0,2026-06-03 16:33:00,somthing for travle,3,legacy,8,63.5,0.5989
SU00172_2_SESS_U00172_2_1_0,U00172,SESS_U00172_2_1,2026-06-03 14:20:00,somthing for the office,4,legacy,8,119.2,0.578
SU00172_2_SESS_U00172_2_1_1,U00172,SESS_U00172_2_1,2026-06-03 22:57:00,best thermal leggings for a gift,6,legacy,8,116.8,0.5961
SU00176_2_SESS_U00176_2_0_0,U00176,SESS_U00176_2_0,2026-06-03 10:15:00,gift earbdus,2,ai_semantic,8,211.8,0.511900007724762
SU00191_2_SESS_U00191_2_0_0,U00191,SESS_U00191_2_0,2026-06-03 11:34:00,somtihng for gym,3,ai_semantic,8,204.8,0.27549999952316284
SU00191_2_SESS_U00191_2_0_1,U00191,SESS_U00191_2_0,2026-06-03 17:20:00,earbuds unedr 50 dollars,4,ai_semantic,8,188.3,0.5950999855995178
SU00199_2_SESS_U00199_2_0_0,U00199,SESS_U00199_2_0,2026-06-03 17:16:00,headphones,1,ai_semantic,8,164.2,0.7024000287055969
SU00199_2_SESS_U00199_2_0_1,U00199,SESS_U00199_2_0,2026-06-03 16:13:00,somthing for camping,3,ai_semantic,8,167.9,0.4957999885082245
SU00199_2_SESS_U00199_2_1_0,U00199,SESS_U00199_2_1,2026-06-03 13:37:00,warm fleece pullover for gym,5,ai_semantic,8,168.7,0.767799973487854
SU00202_2_SESS_U00202_2_0_0,U00202,SESS_U00202_2_0,2026-06-03 17:35:00,best charging cable for the ofifce,6,legacy,8,84.0,0.537
SU00217_2_SESS_U00217_2_0_0,U00217,SESS_U00217_2_0,2026-06-03 07:29:00,weatherproof sleeping bag for winter,5,legacy,8,106.9,0.5988
SU00217_2_SESS_U00217_2_1_0,U00217,SESS_U00217_2_1,2026-06-03 15:57:00,best mixing bowl for my mom,6,legacy,8,65.3,0.5326
SU00220_2_SESS_U00220_2_0_0,U00220,SESS_U00220_2_0,2026-06-03 11:20:00,gfit box set under 50 dollars,6,ai_semantic,8,167.4,0.4189999997615814
SU00220_2_SESS_U00220_2_0_1,U00220,SESS_U00220_2_0,2026-06-03 08:33:00,best beanie for the office,5,ai_semantic,8,193.3,0.7146999835968018
SU00222_2_SESS_U00222_2_0_0,U00222,SESS_U00222_2_0,2026-06-03 09:41:00,gift steel knife set,4,legacy,8,64.9,0.5889
SU00222_2_SESS_U00222_2_0_1,U00222,SESS_U00222_2_0,2026-06-03 14:33:00,speaker under 50 dollars,4,legacy,5,81.9,0.491
SU00222_2_SESS_U00222_2_0_2,U00222,SESS_U00222_2_0,2026-06-03 08:51:00,slip-on sneakers for a gift,5,legacy,8,122.7,0.4738
SU00225_2_SESS_U00225_2_0_0,U00225,SESS_U00225_2_0,2026-06-03 20:28:00,mug hanmdade,2,ai_semantic,8,188.8,0.4909999966621399
SU00225_2_SESS_U00225_2_1_0,U00225,SESS_U00225_2_1,2026-06-03 20:59:00,gift running shoes,3,ai_semantic,8,185.5,0.6808000206947327
SU00225_2_SESS_U00225_2_1_1,U00225,SESS_U00225_2_1,2026-06-03 14:58:00,gift thermal leggings,3,ai_semantic,8,131.9,0.7843000292778015
SU00227_2_SESS_U00227_2_0_0,U00227,SESS_U00227_2_0,2026-06-03 14:28:00,hiking boots,2,legacy,8,96.6,0.5768
SU00227_2_SESS_U00227_2_0_1,U00227,SESS_U00227_2_0,2026-06-03 18:20:00,elegant desk ornament for gym,5,legacy,8,104.4,0.5669
SU00227_2_SESS_U00227_2_1_0,U00227,SESS_U00227_2_1,2026-06-03 07:34:00,thermal legigngs,2,legacy,7,113.5,0.547
SU00229_2_SESS_U00229_2_0_0,U00229,SESS_U00229_2_0,2026-06-03 19:56:00,winter boots under 50 dollars,5,legacy,8,108.9,0.5694
SU00234_2_SESS_U00234_2_0_0,U00234,SESS_U00234_2_0,2026-06-03 14:12:00,cheap thermal leggigns,3,ai_semantic,8,190.9,0.666700005531311
SU00238_2_SESS_U00238_2_0_0,U00238,SESS_U00238_2_0,2026-06-03 13:18:00,best hiking boots for hiking,5,legacy,8,47.5,0.5598
SU00238_2_SESS_U00238_2_0_1,U00238,SESS_U00238_2_0,2026-06-03 08:00:00,speaker,1,legacy,5,137.3,0.5247
SU00244_2_SESS_U00244_2_0_0,U00244,SESS_U00244_2_0,2026-06-03 08:58:00,bluetooth smratwatch,2,legacy,7,105.9,0.5898
SU00244_2_SESS_U00244_2_1_0,U00244,SESS_U00244_2_1,2026-06-03 14:35:00,rustic candle for my mom,5,legacy,8,120.8,0.5904
SU00246_2_SESS_U00246_2_0_0,U00246,SESS_U00246_2_0,2026-06-03 07:48:00,bset hoodie for hiking,4,ai_semantic,8,171.5,0.5307000279426575
SU00246_2_SESS_U00246_2_0_1,U00246,SESS_U00246_2_0,2026-06-03 19:35:00,headphones,1,ai_semantic,8,233.2,0.7024000287055969
SU00246_2_SESS_U00246_2_1_0,U00246,SESS_U00246_2_1,2026-06-03 09:30:00,best cooler for rani,4,ai_semantic,8,140.8,0.4880000054836273
SU00246_2_SESS_U00246_2_1_1,U00246,SESS_U00246_2_1,2026-06-03 07:30:00,speaker portalbe,2,ai_semantic,8,189.8,0.5060999989509583
SU00247_2_SESS_U00247_2_0_0,U00247,SESS_U00247_2_0,2026-06-03 21:17:00,best cleats for gym,4,legacy,8,96.2,0.524
SU00247_2_SESS_U00247_2_0_1,U00247,SESS_U00247_2_0,2026-06-03 08:21:00,best steel coffee maker for winter,6,legacy,8,73.6,0.5928
SU00256_2_SESS_U00256_2_0_0,U00256,SESS_U00256_2_0,2026-06-03 20:47:00,somthing for the office,4,ai_semantic,8,212.7,0.2831999957561493
SU00259_2_SESS_U00259_2_0_0,U00259,SESS_U00259_2_0,2026-06-03 19:56:00,hoodie moisture-wicknig,2,legacy,7,92.0,0.5437
SU00260_2_SESS_U00260_2_0_0,U00260,SESS_U00260_2_0,2026-06-03 18:40:00,best hoodie for travel,4,legacy,8,76.1,0.5986
SU00260_2_SESS_U00260_2_1_0,U00260,SESS_U00260_2_1,2026-06-03 14:41:00,fleece pullover fleece-lined,3,legacy,8,73.8,0.5963
SU00262_2_SESS_U00262_2_0_0,U00262,SESS_U00262_2_0,2026-06-03 10:48:00,portable headphones for rani,4,legacy,8,83.2,0.5709
SU00268_2_SESS_U00268_2_0_0,U00268,SESS_U00268_2_0,2026-06-03 12:47:00,lightweight rain coat for gym,5,legacy,8,112.9,0.5759
SU00268_2_SESS_U00268_2_0_1,U00268,SESS_U00268_2_0,2026-06-03 16:06:00,fleece pullover,2,legacy,7,99.3,0.5719
SU00269_2_SESS_U00269_2_0_0,U00269,SESS_U00269_2_0,2026-06-03 14:15:00,heavy-duty headlamp,2,legacy,8,95.5,0.5645
SU00274_2_SESS_U00274_2_0_0,U00274,SESS_U00274_2_0,2026-06-03 10:01:00,gift sneakers,2,legacy,8,82.4,0.5969
SU00274_2_SESS_U00274_2_1_0,U00274,SESS_U00274_2_1,2026-06-03 16:40:00,somthing for the office,4,legacy,8,76.3,0.5765
SU00276_2_SESS_U00276_2_0_0,U00276,SESS_U00276_2_0,2026-06-03 10:55:00,speaker nosie-cancellnig,2,ai_semantic,8,180.5,0.5597000122070312
SU00279_2_SESS_U00279_2_0_0,U00279,SESS_U00279_2_0,2026-06-03 21:40:00,headphones under 50 dollars,4,ai_semantic,8,156.7,0.580299973487854
SU00290_2_SESS_U00290_2_0_0,U00290,SESS_U00290_2_0,2026-06-03 10:02:00,best jacket for winter,4,legacy,8,115.5,0.521
SU00292_2_SESS_U00292_2_0_0,U00292,SESS_U00292_2_0,2026-06-03 07:29:00,gift beanie,2,legacy,8,101.3,0.5405
SU00292_2_SESS_U00292_2_0_1,U00292,SESS_U00292_2_0,2026-06-03 10:15:00,beanie,1,legacy,5,130.2,0.5057
SU00294_2_SESS_U00294_2_0_0,U00294,SESS_U00294_2_0,2026-06-03 17:07:00,gift sandals,2,legacy,8,72.9,0.5677
SU00294_2_SESS_U00294_2_0_1,U00294,SESS_U00294_2_0,2026-06-03 16:09:00,cheap thermal leggings,3,legacy,7,133.2,0.5939
SU00294_2_SESS_U00294_2_0_2,U00294,SESS_U00294_2_0,2026-06-03 17:34:00,webcam rechargealbe,2,legacy,6,86.8,0.5994
SU00298_2_SESS_U00298_2_0_0,U00298,SESS_U00298_2_0,2026-06-03 22:40:00,coffee maker,2,legacy,5,102.3,0.5839
SU00299_2_SESS_U00299_2_0_0,U00299,SESS_U00299_2_0,2026-06-03 10:21:00,headphones niose-cancelling,2,legacy,6,68.4,0.5954
SU00299_2_SESS_U00299_2_1_0,U00299,SESS_U00299_2_1,2026-06-03 08:03:00,fleece-lined hoodie for a gift,5,legacy,8,83.8,0.5843
SU00302_2_SESS_U00302_2_0_0,U00302,SESS_U00302_2_0,2026-06-03 08:21:00,cheap headalmp,2,legacy,0,81.7,
SU00302_2_SESS_U00302_2_0_1,U00302,SESS_U00302_2_0,2026-06-03 22:56:00,backapck,1,legacy,0,59.7,
SU00302_2_SESS_U00302_2_0_2,U00302,SESS_U00302_2_0,2026-06-03 20:04:00,charging cable under 50 dollars,5,legacy,6,123.1,0.5305
SU00303_2_SESS_U00303_2_0_0,U00303,SESS_U00303_2_0,2026-06-03 18:04:00,best headphoens for the office,5,ai_semantic,8,162.4,0.39719998836517334
SU00303_2_SESS_U00303_2_0_1,U00303,SESS_U00303_2_0,2026-06-03 12:09:00,gift headphones,2,ai_semantic,8,168.6,0.6919000148773193
SU00305_2_SESS_U00305_2_0_0,U00305,SESS_U00305_2_0,2026-06-03 18:00:00,best winter boots for camping,5,legacy,8,59.8,0.5541
SU00309_2_SESS_U00309_2_0_0,U00309,SESS_U00309_2_0,2026-06-03 07:11:00,cheap loafers,2,legacy,6,86.2,0.5768
SU00309_2_SESS_U00309_2_0_1,U00309,SESS_U00309_2_0,2026-06-03 14:40:00,knife set,2,legacy,8,68.7,0.5461
SU00316_2_SESS_U00316_2_0_0,U00316,SESS_U00316_2_0,2026-06-03 21:09:00,rechargaeble webcam,2,legacy,6,67.1,0.569
SU00318_2_SESS_U00318_2_0_0,U00318,SESS_U00318_2_0,2026-06-03 19:46:00,minimalist candle for a gift,5,ai_semantic,8,204.5,0.800599992275238
SU00318_2_SESS_U00318_2_0_1,U00318,SESS_U00318_2_0,2026-06-03 17:56:00,gift camp stove,3,ai_semantic,8,169.3,0.758400022983551
SU00321_2_SESS_U00321_2_0_0,U00321,SESS_U00321_2_0,2026-06-03 18:44:00,tent,1,ai_semantic,8,171.6,0.6639999747276306
SU00321_2_SESS_U00321_2_0_1,U00321,SESS_U00321_2_0,2026-06-03 18:20:00,hammock foldabel,2,ai_semantic,8,217.4,0.7268999814987183
SU00321_2_SESS_U00321_2_0_2,U00321,SESS_U00321_2_0,2026-06-03 07:27:00,best cookware set for winter,5,ai_semantic,8,196.7,0.6266000270843506
SU00328_2_SESS_U00328_2_0_0,U00328,SESS_U00328_2_0,2026-06-03 13:20:00,somthing for travel,3,ai_semantic,8,182.3,0.3716999888420105
SU00328_2_SESS_U00328_2_0_1,U00328,SESS_U00328_2_0,2026-06-03 20:34:00,somthnig for rain,3,ai_semantic,8,181.1,0.4521999955177307
SU00329_2_SESS_U00329_2_0_0,U00329,SESS_U00329_2_0,2026-06-03 20:41:00,best air fryer for hiking,5,ai_semantic,8,177.1,0.616599977016449
SU00333_2_SESS_U00333_2_0_0,U00333,SESS_U00333_2_0,2026-06-03 18:27:00,cheap sweater,2,ai_semantic,8,221.4,0.7432000041007996
SU00334_2_SESS_U00334_2_0_0,U00334,SESS_U00334_2_0,2026-06-03 15:29:00,headlamp insluatde,2,ai_semantic,8,190.3,0.6973999738693237
SU00334_2_SESS_U00334_2_0_1,U00334,SESS_U00334_2_0,2026-06-03 22:25:00,insulated tent for a gift,5,ai_semantic,8,122.5,0.7085999846458435
SU00336_2_SESS_U00336_2_0_0,U00336,SESS_U00336_2_0,2026-06-03 21:47:00,journal egnarved,2,legacy,6,65.5,0.5415
SU00337_2_SESS_U00337_2_0_0,U00337,SESS_U00337_2_0,2026-06-03 09:52:00,best steel blender for rain,5,legacy,8,64.6,0.5816
SU00337_2_SESS_U00337_2_0_1,U00337,SESS_U00337_2_0,2026-06-03 09:12:00,dishwasher-safe cookware set,3,legacy,8,58.1,0.4811
SU00343_2_SESS_U00343_2_0_0,U00343,SESS_U00343_2_0,2026-06-03 16:29:00,running shoes,2,legacy,8,75.3,0.5891
SU00348_2_SESS_U00348_2_0_0,U00348,SESS_U00348_2_0,2026-06-03 10:49:00,cookware set,2,ai_semantic,8,249.0,0.8016999959945679
SU00348_2_SESS_U00348_2_0_1,U00348,SESS_U00348_2_0,2026-06-03 14:11:00,fleece-lined sweater for my mom,5,ai_semantic,8,192.7,0.7613000273704529
SU00348_2_SESS_U00348_2_1_0,U00348,SESS_U00348_2_1,2026-06-03 10:09:00,mug,1,ai_semantic,8,149.7,0.6661999821662903
SU00350_2_SESS_U00350_2_0_0,U00350,SESS_U00350_2_0,2026-06-03 20:03:00,bluetooht charging cable,3,ai_semantic,8,151.3,0.6927000284194946
SU00350_2_SESS_U00350_2_1_0,U00350,SESS_U00350_2_1,2026-06-03 20:37:00,braethable loafers for rain,4,ai_semantic,8,148.3,0.6226000189781189
SU00350_2_SESS_U00350_2_1_1,U00350,SESS_U00350_2_1,2026-06-03 17:58:00,gift box set,3,ai_semantic,8,180.6,0.8151000142097473
SU00351_2_SESS_U00351_2_0_0,U00351,SESS_U00351_2_0,2026-06-03 21:30:00,somthing for campnig,3,ai_semantic,8,220.9,0.310699999332428
SU00352_2_SESS_U00352_2_0_0,U00352,SESS_U00352_2_0,2026-06-03 10:43:00,portable tent for winter,4,legacy,8,120.4,0.596
SU00354_2_SESS_U00354_2_0_0,U00354,SESS_U00354_2_0,2026-06-03 19:37:00,cehap candle,2,legacy,6,125.4,0.5434
SU00354_2_SESS_U00354_2_0_1,U00354,SESS_U00354_2_0,2026-06-03 21:23:00,best mug for rani,4,legacy,8,97.6,0.5886
SU00354_2_SESS_U00354_2_1_0,U00354,SESS_U00354_2_1,2026-06-03 19:28:00,best power bank for hiking,5,legacy,8,84.0,0.5583
SU00356_2_SESS_U00356_2_0_0,U00356,SESS_U00356_2_0,2026-06-03 13:41:00,running shoes waetrproof,3,ai_semantic,8,168.5,0.5867999792098999
SU00358_2_SESS_U00358_2_0_0,U00358,SESS_U00358_2_0,2026-06-03 08:19:00,cheap photo frame,3,ai_semantic,8,153.0,0.6934999823570251
SU00359_2_SESS_U00359_2_0_0,U00359,SESS_U00359_2_0,2026-06-03 17:24:00,cheap hammock,2,legacy,7,75.9,0.566
SU00359_2_SESS_U00359_2_0_1,U00359,SESS_U00359_2_0,2026-06-03 20:45:00,somthing for gym,3,legacy,8,91.0,0.5425
SU00359_2_SESS_U00359_2_0_2,U00359,SESS_U00359_2_0,2026-06-03 18:33:00,best webcam for my mom,5,legacy,8,117.1,0.5905
SU00359_2_SESS_U00359_2_1_0,U00359,SESS_U00359_2_1,2026-06-03 15:29:00,webcam under 50 dollras,4,legacy,6,84.7,0.5736
SU00359_2_SESS_U00359_2_1_1,U00359,SESS_U00359_2_1,2026-06-03 18:46:00,best smartwatch for campign,4,legacy,8,97.0,0.5229
SU00365_2_SESS_U00365_2_0_0,U00365,SESS_U00365_2_0,2026-06-03 08:17:00,hiking boots lighwtegiht,3,ai_semantic,8,182.0,0.6689000129699707
SU00378_2_SESS_U00378_2_0_0,U00378,SESS_U00378_2_0,2026-06-03 16:38:00,somthing for travel,3,legacy,8,80.5,0.58
SU00381_2_SESS_U00381_2_0_0,U00381,SESS_U00381_2_0,2026-06-03 08:43:00,trail running shoes for camping,5,ai_semantic,8,194.2,0.7102000117301941
SU00381_2_SESS_U00381_2_0_1,U00381,SESS_U00381_2_0,2026-06-03 07:39:00,non-stick blender for travel,4,ai_semantic,8,187.7,0.6966000199317932
SU00381_2_SESS_U00381_2_1_0,U00381,SESS_U00381_2_1,2026-06-03 07:29:00,cooler compatc,2,ai_semantic,8,164.4,0.5339999794960022
SU00385_2_SESS_U00385_2_0_0,U00385,SESS_U00385_2_0,2026-06-03 13:59:00,somthing for hiikng,3,ai_semantic,8,230.8,0.2816999852657318
SU00386_2_SESS_U00386_2_0_0,U00386,SESS_U00386_2_0,2026-06-03 14:07:00,dishwasher-asfe coffee maker,3,legacy,5,127.9,0.5566
SU00387_2_SESS_U00387_2_0_0,U00387,SESS_U00387_2_0,2026-06-03 16:57:00,bset air fryer for hiking,5,ai_semantic,8,179.4,0.5056999921798706
SU00387_2_SESS_U00387_2_0_1,U00387,SESS_U00387_2_0,2026-06-03 08:43:00,best power bank for a gift,6,ai_semantic,8,186.2,0.710099995136261
SU00387_2_SESS_U00387_2_0_2,U00387,SESS_U00387_2_0,2026-06-03 07:17:00,fleece pullover under 50 dollars,5,ai_semantic,8,186.5,0.7441999912261963
SU00392_2_SESS_U00392_2_0_0,U00392,SESS_U00392_2_0,2026-06-03 15:30:00,bluetooth speaker,2,legacy,8,119.8,0.5905
SU00392_2_SESS_U00392_2_0_1,U00392,SESS_U00392_2_0,2026-06-03 13:48:00,cheap headphones,2,legacy,6,98.4,0.5662
SU00399_2_SESS_U00399_2_0_0,U00399,SESS_U00399_2_0,2026-06-03 10:12:00,gift keychian,2,ai_semantic,8,211.7,0.5418999791145325
SU00399_2_SESS_U00399_2_0_1,U00399,SESS_U00399_2_0,2026-06-03 12:18:00,somthing for hiking,3,ai_semantic,8,165.0,0.5105999708175659
SU00399_2_SESS_U00399_2_0_2,U00399,SESS_U00399_2_0,2026-06-03 13:34:00,somthing for a gift,4,ai_semantic,8,170.9,0.38440001010894775
SU00400_2_SESS_U00400_2_0_0,U00400,SESS_U00400_2_0,2026-06-03 19:23:00,best candle for my mom,5,ai_semantic,8,144.4,0.6169000267982483
SU00400_2_SESS_U00400_2_0_1,U00400,SESS_U00400_2_0,2026-06-03 14:14:00,best jacket for my mom,5,ai_semantic,8,185.8,0.5145999789237976
SU00405_2_SESS_U00405_2_0_0,U00405,SESS_U00405_2_0,2026-06-03 07:40:00,gift sandals,2,ai_semantic,8,211.3,0.661300003528595
SU00405_2_SESS_U00405_2_0_1,U00405,SESS_U00405_2_0,2026-06-03 13:27:00,foldable tent for my mom,5,ai_semantic,8,192.8,0.6414999961853027
SU00406_2_SESS_U00406_2_0_0,U00406,SESS_U00406_2_0,2026-06-03 08:07:00,thermal leggings under 50 dollars,5,legacy,7,122.9,0.564
SU00407_2_SESS_U00407_2_0_0,U00407,SESS_U00407_2_0,2026-06-03 07:38:00,sleeping bag cmopact,3,legacy,7,79.0,0.5923
SU00410_2_SESS_U00410_2_0_0,U00410,SESS_U00410_2_0,2026-06-03 21:40:00,cheap hiking boost,3,legacy,7,54.6,0.5954
SU00410_2_SESS_U00410_2_0_1,U00410,SESS_U00410_2_0,2026-06-03 12:51:00,fleece-lined beanie,2,legacy,8,105.5,0.584
SU00416_2_SESS_U00416_2_0_0,U00416,SESS_U00416_2_0,2026-06-03 12:03:00,winter boots,2,legacy,8,91.9,0.5593
SU00416_2_SESS_U00416_2_0_1,U00416,SESS_U00416_2_0,2026-06-03 14:37:00,wireless power bank,3,legacy,8,70.6,0.5831
SU00421_2_SESS_U00421_2_0_0,U00421,SESS_U00421_2_0,2026-06-03 13:12:00,earubds,1,legacy,0,65.5,
SU00423_2_SESS_U00423_2_0_0,U00423,SESS_U00423_2_0,2026-06-03 12:19:00,somthing for a gift,4,legacy,8,102.0,0.5195
SU00426_2_SESS_U00426_2_0_0,U00426,SESS_U00426_2_0,2026-06-03 19:43:00,mug,1,legacy,6,98.3,0.5066
SU00427_2_SESS_U00427_2_0_0,U00427,SESS_U00427_2_0,2026-06-03 22:02:00,hoodie sfot,2,ai_semantic,8,160.7,0.5842999815940857
SU00430_2_SESS_U00430_2_0_0,U00430,SESS_U00430_2_0,2026-06-03 09:25:00,gift candle,2,ai_semantic,8,139.2,0.6509000062942505
SU00430_2_SESS_U00430_2_0_1,U00430,SESS_U00430_2_0,2026-06-03 16:35:00,somthing for witner,3,ai_semantic,8,158.8,0.2085999995470047
SU00435_2_SESS_U00435_2_0_0,U00435,SESS_U00435_2_0,2026-06-03 16:18:00,gift sleeipng bag,3,legacy,8,115.2,0.5305
SU00436_2_SESS_U00436_2_0_0,U00436,SESS_U00436_2_0,2026-06-03 17:00:00,gitf fleece pullover,3,ai_semantic,8,215.4,0.7556999921798706
SU00437_2_SESS_U00437_2_0_0,U00437,SESS_U00437_2_0,2026-06-03 08:40:00,windproof thermal leggings for my mom,6,legacy,8,80.6,0.5868
SU00439_2_SESS_U00439_2_0_0,U00439,SESS_U00439_2_0,2026-06-03 07:05:00,somthing for a gift,4,legacy,8,89.5,0.5372
SU00439_2_SESS_U00439_2_0_1,U00439,SESS_U00439_2_0,2026-06-03 13:58:00,charging cable,2,legacy,6,77.6,0.5552
SU00440_2_SESS_U00440_2_0_0,U00440,SESS_U00440_2_0,2026-06-03 11:09:00,cheap steel mixing bowl,4,legacy,8,79.0,0.5829
SU00440_2_SESS_U00440_2_0_1,U00440,SESS_U00440_2_0,2026-06-03 09:52:00,cooler,1,legacy,6,52.6,0.5731
SU00442_2_SESS_U00442_2_0_0,U00442,SESS_U00442_2_0,2026-06-03 15:52:00,tent under 50 dollars,4,ai_semantic,8,200.5,0.6215999722480774
SU00454_2_SESS_U00454_2_0_0,U00454,SESS_U00454_2_0,2026-06-03 18:07:00,cheap felece pullover,3,legacy,7,83.6,0.5794
SU00456_2_SESS_U00456_2_0_0,U00456,SESS_U00456_2_0,2026-06-03 21:01:00,gift steel mixing bowl,4,legacy,8,97.3,0.5544
SU00456_2_SESS_U00456_2_0_1,U00456,SESS_U00456_2_0,2026-06-03 16:23:00,gift thermal leggings,3,legacy,8,65.8,0.5985
SU00456_2_SESS_U00456_2_0_2,U00456,SESS_U00456_2_0,2026-06-03 09:00:00,weatherproof backpack,2,legacy,8,79.4,0.5813
SU00457_2_SESS_U00457_2_0_0,U00457,SESS_U00457_2_0,2026-06-03 15:58:00,insulated sandals for travel,4,ai_semantic,8,130.7,0.8792999982833862
SU00458_2_SESS_U00458_2_0_0,U00458,SESS_U00458_2_0,2026-06-03 13:02:00,gift hammokc,2,ai_semantic,8,170.6,0.6333000063896179
SU00459_2_SESS_U00459_2_0_0,U00459,SESS_U00459_2_0,2026-06-03 13:13:00,gift power bank,3,legacy,8,76.4,0.5884
SU00460_2_SESS_U00460_2_0_0,U00460,SESS_U00460_2_0,2026-06-03 11:43:00,gift cooler,2,legacy,8,85.3,0.5866
SU00460_2_SESS_U00460_2_0_1,U00460,SESS_U00460_2_0,2026-06-03 07:07:00,best journal for rain,4,legacy,8,77.6,0.5529
SU00460_2_SESS_U00460_2_0_2,U00460,SESS_U00460_2_0,2026-06-03 11:39:00,somthing for winter,3,legacy,8,78.2,0.5776
SU00463_2_SESS_U00463_2_0_0,U00463,SESS_U00463_2_0,2026-06-03 20:06:00,insulated sandals,2,ai_semantic,8,132.8,0.9074000120162964
SU00463_2_SESS_U00463_2_1_0,U00463,SESS_U00463_2_1,2026-06-03 14:11:00,cheap gift box set,4,ai_semantic,8,143.1,0.7789000272750854
SU00468_2_SESS_U00468_2_0_0,U00468,SESS_U00468_2_0,2026-06-03 13:22:00,gitf jacket,2,legacy,6,87.8,0.5815
SU00469_2_SESS_U00469_2_0_0,U00469,SESS_U00469_2_0,2026-06-03 12:53:00,somthing for travel,3,ai_semantic,8,243.5,0.3716999888420105
SU00469_2_SESS_U00469_2_0_1,U00469,SESS_U00469_2_0,2026-06-03 16:36:00,rustic mug for gym,4,ai_semantic,8,177.7,0.7210000157356262
SU00471_2_SESS_U00471_2_0_0,U00471,SESS_U00471_2_0,2026-06-03 16:11:00,cheap smartwatch,2,legacy,5,46.6,0.5618
SU00472_2_SESS_U00472_2_0_0,U00472,SESS_U00472_2_0,2026-06-03 19:05:00,desk ornament under 50 dollars,5,legacy,5,93.3,0.4499
SU00472_2_SESS_U00472_2_1_0,U00472,SESS_U00472_2_1,2026-06-03 22:25:00,rustic journal,2,legacy,8,90.5,0.5898
SU00479_2_SESS_U00479_2_0_0,U00479,SESS_U00479_2_0,2026-06-03 16:46:00,earbuds under 50 dollars,4,ai_semantic,8,161.2,0.632099986076355
SU00480_2_SESS_U00480_2_0_0,U00480,SESS_U00480_2_0,2026-06-03 08:52:00,cheap running shoes,3,ai_semantic,8,171.2,0.7685999870300293
SU00484_2_SESS_U00484_2_0_0,U00484,SESS_U00484_2_0,2026-06-03 08:20:00,smartwatch under 50 dollars,4,ai_semantic,8,178.8,0.5958999991416931
SU00484_2_SESS_U00484_2_0_1,U00484,SESS_U00484_2_0,2026-06-03 20:37:00,wireless power bank for rain,5,ai_semantic,8,220.7,0.6460000276565552
SU00487_2_SESS_U00487_2_0_0,U00487,SESS_U00487_2_0,2026-06-03 08:25:00,jacket,1,ai_semantic,8,156.1,0.6549000144004822
SU00487_2_SESS_U00487_2_0_1,U00487,SESS_U00487_2_0,2026-06-03 20:21:00,sandals under 50 dollars,4,ai_semantic,8,169.8,0.5776000022888184
SU00487_2_SESS_U00487_2_1_0,U00487,SESS_U00487_2_1,2026-06-03 18:02:00,cleats under 50 dollars,4,ai_semantic,8,141.7,0.6420999765396118
SU00487_2_SESS_U00487_2_1_1,U00487,SESS_U00487_2_1,2026-06-03 19:26:00,best knife set for the office,6,ai_semantic,8,183.7,0.6205000281333923
SU00490_2_SESS_U00490_2_0_0,U00490,SESS_U00490_2_0,2026-06-03 17:11:00,best headlamp for winter,4,legacy,8,67.5,0.5979
SU00491_2_SESS_U00491_2_0_0,U00491,SESS_U00491_2_0,2026-06-03 15:16:00,blender under 50 dollars,4,ai_semantic,8,166.2,0.4408000111579895
SU00494_2_SESS_U00494_2_0_0,U00494,SESS_U00494_2_0,2026-06-03 13:04:00,cheap sandals,2,ai_semantic,8,257.9,0.7098000049591064
SU00494_2_SESS_U00494_2_1_0,U00494,SESS_U00494_2_1,2026-06-03 21:20:00,somthing for rain,3,ai_semantic,8,188.1,0.5149999856948853
SU00494_2_SESS_U00494_2_1_1,U00494,SESS_U00494_2_1,2026-06-03 08:22:00,cooelr under 50 dollars,4,ai_semantic,8,196.7,0.21699999272823334
SU00494_2_SESS_U00494_2_1_2,U00494,SESS_U00494_2_1,2026-06-03 19:34:00,cheap sneakers,2,ai_semantic,8,100.4,0.6583999991416931
SU00497_2_SESS_U00497_2_0_0,U00497,SESS_U00497_2_0,2026-06-03 13:00:00,cozy rain coat for gym,5,legacy,8,44.9,0.5096
SU00497_2_SESS_U00497_2_1_0,U00497,SESS_U00497_2_1,2026-06-03 17:13:00,engraved mug for rain,4,legacy,8,118.4,0.5771
SU00507_2_SESS_U00507_2_0_0,U00507,SESS_U00507_2_0,2026-06-03 08:20:00,best hammock for travel,4,legacy,8,95.2,0.5282
SU00508_2_SESS_U00508_2_0_0,U00508,SESS_U00508_2_0,2026-06-03 10:13:00,cheap sleeping bag,3,ai_semantic,8,177.6,0.7495999932289124
SU00513_2_SESS_U00513_2_0_0,U00513,SESS_U00513_2_0,2026-06-03 12:09:00,lightweight jacket,2,ai_semantic,8,160.1,0.8489999771118164
SU00515_2_SESS_U00515_2_0_0,U00515,SESS_U00515_2_0,2026-06-03 14:34:00,somthing for camping,3,ai_semantic,8,152.4,0.4957999885082245
SU00517_2_SESS_U00517_2_0_0,U00517,SESS_U00517_2_0,2026-06-03 11:56:00,best sleeping bag for my mom,6,legacy,8,69.1,0.5557
SU00520_2_SESS_U00520_2_0_0,U00520,SESS_U00520_2_0,2026-06-03 18:25:00,backpack,1,ai_semantic,8,222.5,0.6915000081062317
SU00527_2_SESS_U00527_2_0_0,U00527,SESS_U00527_2_0,2026-06-03 22:02:00,running shoes cuhsioned,3,ai_semantic,8,161.4,0.6823999881744385
SU00530_2_SESS_U00530_2_0_0,U00530,SESS_U00530_2_0,2026-06-03 11:46:00,cheap sneakers,2,legacy,7,104.0,0.5619
SU00533_2_SESS_U00533_2_0_0,U00533,SESS_U00533_2_0,2026-06-03 10:12:00,foldable tent,2,legacy,8,105.4,0.5564
SU00534_2_SESS_U00534_2_0_0,U00534,SESS_U00534_2_0,2026-06-03 20:02:00,knife set under 50 dollars,5,ai_semantic,8,246.8,0.5576000213623047
SU00534_2_SESS_U00534_2_0_1,U00534,SESS_U00534_2_0,2026-06-03 07:23:00,fleece pullover under 50 dollars,5,ai_semantic,8,173.2,0.7441999912261963
SU00534_2_SESS_U00534_2_1_0,U00534,SESS_U00534_2_1,2026-06-03 14:20:00,best air fryer for winter,5,ai_semantic,8,185.2,0.6987000107765198
SU00536_2_SESS_U00536_2_0_0,U00536,SESS_U00536_2_0,2026-06-03 14:48:00,sneakers slipo-n,2,ai_semantic,8,195.6,0.7612000107765198
SU00538_2_SESS_U00538_2_0_0,U00538,SESS_U00538_2_0,2026-06-03 16:25:00,elegant journal for camping,4,legacy,8,95.1,0.5747
SU00538_2_SESS_U00538_2_0_1,U00538,SESS_U00538_2_0,2026-06-03 13:29:00,gift sneakers,2,legacy,8,91.0,0.5517
SU00539_2_SESS_U00539_2_0_0,U00539,SESS_U00539_2_0,2026-06-03 08:36:00,somthing for my mom,4,legacy,8,102.1,0.578
SU00547_2_SESS_U00547_2_0_0,U00547,SESS_U00547_2_0,2026-06-03 17:44:00,gift tent,2,ai_semantic,8,139.3,0.6816999912261963
SU00547_2_SESS_U00547_2_1_0,U00547,SESS_U00547_2_1,2026-06-03 09:26:00,high-top running shoes for travel,5,ai_semantic,8,208.8,0.8008000254631042
SU00548_2_SESS_U00548_2_0_0,U00548,SESS_U00548_2_0,2026-06-03 14:44:00,jacket moisture-wciking,2,legacy,6,121.6,0.5592
SU00550_2_SESS_U00550_2_0_0,U00550,SESS_U00550_2_0,2026-06-03 19:13:00,gift charging cable,3,ai_semantic,8,160.4,0.6168000102043152
SU00551_2_SESS_U00551_2_0_0,U00551,SESS_U00551_2_0,2026-06-03 08:01:00,webcam undre 50 dollars,4,ai_semantic,8,216.0,0.6010000109672546
SU00555_2_SESS_U00555_2_0_0,U00555,SESS_U00555_2_0,2026-06-03 09:40:00,best mixing bowl for travel,5,ai_semantic,8,203.7,0.6679999828338623
SU00555_2_SESS_U00555_2_0_1,U00555,SESS_U00555_2_0,2026-06-03 18:38:00,gift loafers,2,ai_semantic,8,178.6,0.6323000192642212
SU00555_2_SESS_U00555_2_1_0,U00555,SESS_U00555_2_1,2026-06-03 09:19:00,gift headphones,2,ai_semantic,8,145.3,0.6919000148773193
SU00555_2_SESS_U00555_2_1_1,U00555,SESS_U00555_2_1,2026-06-03 12:36:00,cheap jcaket,2,ai_semantic,8,93.0,0.26739999651908875
SU00555_2_SESS_U00555_2_1_2,U00555,SESS_U00555_2_1,2026-06-03 11:20:00,somthing for the office,4,ai_semantic,8,183.4,0.2831999957561493
SU00558_2_SESS_U00558_2_0_0,U00558,SESS_U00558_2_0,2026-06-03 11:44:00,somthing for a gift,4,ai_semantic,8,134.1,0.38440001010894775
SU00560_2_SESS_U00560_2_0_0,U00560,SESS_U00560_2_0,2026-06-03 20:20:00,gift jacket,2,ai_semantic,8,213.0,0.5550000071525574
SU00560_2_SESS_U00560_2_0_1,U00560,SESS_U00560_2_0,2026-06-03 10:21:00,rain coat fleece-lined,3,ai_semantic,8,183.0,0.9203000068664551
SU00560_2_SESS_U00560_2_0_2,U00560,SESS_U00560_2_0,2026-06-03 21:40:00,sleeping bag,2,ai_semantic,8,223.6,0.7472000122070312
SU00569_2_SESS_U00569_2_0_0,U00569,SESS_U00569_2_0,2026-06-03 13:17:00,hiking boots lighwteight,3,ai_semantic,8,136.9,0.6866000294685364
SU00578_2_SESS_U00578_2_0_0,U00578,SESS_U00578_2_0,2026-06-03 14:59:00,wireless webcam for winter,4,ai_semantic,8,229.3,0.6765999794006348
SU00579_2_SESS_U00579_2_0_0,U00579,SESS_U00579_2_0,2026-06-03 16:59:00,best earbuds for winter,4,legacy,8,104.1,0.5642
SU00579_2_SESS_U00579_2_0_1,U00579,SESS_U00579_2_0,2026-06-03 12:26:00,hiking boots,2,legacy,8,88.1,0.5449
SU00580_2_SESS_U00580_2_0_0,U00580,SESS_U00580_2_0,2026-06-03 07:04:00,sandals under 50 dollars,4,ai_semantic,8,168.3,0.5776000022888184
SU00580_2_SESS_U00580_2_0_1,U00580,SESS_U00580_2_0,2026-06-03 08:46:00,rustic keychain for travel,4,ai_semantic,8,158.9,0.842199981212616
SU00586_2_SESS_U00586_2_0_0,U00586,SESS_U00586_2_0,2026-06-03 21:31:00,gift mug,2,legacy,8,61.4,0.5895
SU00589_2_SESS_U00589_2_0_0,U00589,SESS_U00589_2_0,2026-06-03 21:39:00,gift headlamp,2,legacy,8,97.7,0.5836
SU00590_2_SESS_U00590_2_0_0,U00590,SESS_U00590_2_0,2026-06-03 20:19:00,somthing for camping,3,ai_semantic,8,174.5,0.4957999885082245
SU00595_2_SESS_U00595_2_0_0,U00595,SESS_U00595_2_0,2026-06-03 14:21:00,somthing for winter,3,ai_semantic,8,160.5,0.4092999994754791
SU00596_2_SESS_U00596_2_0_0,U00596,SESS_U00596_2_0,2026-06-03 08:10:00,gift box set,3,legacy,8,59.0,0.5695
SU00597_2_SESS_U00597_2_0_0,U00597,SESS_U00597_2_0,2026-06-03 11:37:00,best keychain for rani,4,ai_semantic,8,155.4,0.6492999792098999
SU00597_2_SESS_U00597_2_0_1,U00597,SESS_U00597_2_0,2026-06-03 11:57:00,compact air fryer for camping,5,ai_semantic,8,165.9,0.7465999722480774
SU00602_2_SESS_U00602_2_0_0,U00602,SESS_U00602_2_0,2026-06-03 15:24:00,hoodie,1,ai_semantic,8,170.5,0.6793000102043152
SU00603_2_SESS_U00603_2_0_0,U00603,SESS_U00603_2_0,2026-06-03 08:58:00,keychain,1,legacy,6,112.5,0.5828
SU00603_2_SESS_U00603_2_0_1,U00603,SESS_U00603_2_0,2026-06-03 15:17:00,cheap thermal leggings,3,legacy,7,102.3,0.5515
SU00606_2_SESS_U00606_2_0_0,U00606,SESS_U00606_2_0,2026-06-03 19:51:00,loafers highto-p,2,legacy,6,91.5,0.5813
SU00606_2_SESS_U00606_2_0_1,U00606,SESS_U00606_2_0,2026-06-03 10:34:00,earbuds under 50 dollars,4,legacy,6,77.3,0.5859
SU00607_2_SESS_U00607_2_0_0,U00607,SESS_U00607_2_0,2026-06-03 22:23:00,cheap earbuds,2,legacy,6,97.8,0.5363
SU00607_2_SESS_U00607_2_1_0,U00607,SESS_U00607_2_1,2026-06-03 18:52:00,keychain under 50 dollars,4,legacy,6,107.5,0.5737
SU00607_2_SESS_U00607_2_1_1,U00607,SESS_U00607_2_1,2026-06-03 22:29:00,electric toaster,2,legacy,8,88.0,0.5445
SU00611_2_SESS_U00611_2_0_0,U00611,SESS_U00611_2_0,2026-06-03 08:10:00,cushioned sandals for a gift,5,ai_semantic,8,170.9,0.9034000039100647
SU00611_2_SESS_U00611_2_0_1,U00611,SESS_U00611_2_0,2026-06-03 16:57:00,coffee maker comapct,3,ai_semantic,8,229.6,0.521399974822998
SU00611_2_SESS_U00611_2_0_2,U00611,SESS_U00611_2_0,2026-06-03 08:08:00,blender eelctric,2,ai_semantic,8,210.3,0.45509999990463257
SU00612_2_SESS_U00612_2_0_0,U00612,SESS_U00612_2_0,2026-06-03 09:22:00,cheap candle,2,ai_semantic,8,210.5,0.699400007724762
SU00617_2_SESS_U00617_2_0_0,U00617,SESS_U00617_2_0,2026-06-03 12:31:00,deks ornament engravde,3,legacy,5,79.0,0.589
SU00617_2_SESS_U00617_2_0_1,U00617,SESS_U00617_2_0,2026-06-03 22:25:00,soft jacket,2,legacy,8,80.2,0.5633
SU00618_2_SESS_U00618_2_0_0,U00618,SESS_U00618_2_0,2026-06-03 22:32:00,gift toaster,2,ai_semantic,8,137.8,0.7207000255584717
SU00618_2_SESS_U00618_2_0_1,U00618,SESS_U00618_2_0,2026-06-03 13:05:00,cheap thermal leggings,3,ai_semantic,8,177.0,0.8338000178337097
SU00618_2_SESS_U00618_2_0_2,U00618,SESS_U00618_2_0,2026-06-03 12:41:00,jacket under 50 dollars,4,ai_semantic,8,193.0,0.5066999793052673
SU00619_2_SESS_U00619_2_0_0,U00619,SESS_U00619_2_0,2026-06-03 13:10:00,best photo frame for camping,5,ai_semantic,8,207.0,0.5559999942779541
SU00619_2_SESS_U00619_2_0_1,U00619,SESS_U00619_2_0,2026-06-03 19:12:00,sandals under 50 dollars,4,ai_semantic,8,214.8,0.5776000022888184
SU00620_2_SESS_U00620_2_0_0,U00620,SESS_U00620_2_0,2026-06-03 18:34:00,heavy-duty sleeping bag,3,ai_semantic,8,177.2,0.9046000242233276
SU00622_2_SESS_U00622_2_0_0,U00622,SESS_U00622_2_0,2026-06-03 09:10:00,somthing for winter,3,legacy,8,111.9,0.5217
SU00622_2_SESS_U00622_2_0_1,U00622,SESS_U00622_2_0,2026-06-03 11:24:00,somthing for the office,4,legacy,8,88.8,0.5849
SU00635_2_SESS_U00635_2_0_0,U00635,SESS_U00635_2_0,2026-06-03 16:25:00,portable camp stove,3,legacy,8,63.3,0.5901
SU00635_2_SESS_U00635_2_0_1,U00635,SESS_U00635_2_0,2026-06-03 19:11:00,cooler under 50 dollars,4,legacy,6,95.2,0.5029
SU00636_2_SESS_U00636_2_0_0,U00636,SESS_U00636_2_0,2026-06-03 07:02:00,somthing for my mom,4,legacy,8,74.6,0.5878
SU00637_2_SESS_U00637_2_0_0,U00637,SESS_U00637_2_0,2026-06-03 17:08:00,gift running shoes,3,ai_semantic,8,157.1,0.6808000206947327
SU00640_2_SESS_U00640_2_0_0,U00640,SESS_U00640_2_0,2026-06-03 07:22:00,cleats cushinoed,2,legacy,7,105.1,0.503
SU00647_2_SESS_U00647_2_0_0,U00647,SESS_U00647_2_0,2026-06-03 15:36:00,gift keychain,2,ai_semantic,8,200.9,0.6830999851226807
SU00647_2_SESS_U00647_2_0_1,U00647,SESS_U00647_2_0,2026-06-03 18:05:00,cheap charging cable,3,ai_semantic,8,158.7,0.650600016117096
SU00650_2_SESS_U00650_2_0_0,U00650,SESS_U00650_2_0,2026-06-03 21:15:00,gfit sneakers,2,ai_semantic,8,189.9,0.6111000180244446
SU00653_2_SESS_U00653_2_0_0,U00653,SESS_U00653_2_0,2026-06-03 08:37:00,sleeping bag,2,ai_semantic,8,196.3,0.7472000122070312
SU00653_2_SESS_U00653_2_0_1,U00653,SESS_U00653_2_0,2026-06-03 18:17:00,best sandals for travel,4,ai_semantic,8,171.6,0.6625000238418579
SU00656_2_SESS_U00656_2_0_0,U00656,SESS_U00656_2_0,2026-06-03 20:48:00,thermal leggings coyz,3,legacy,7,93.4,0.5338
SU00656_2_SESS_U00656_2_0_1,U00656,SESS_U00656_2_0,2026-06-03 19:47:00,knife set,2,legacy,8,72.6,0.57
SU00656_2_SESS_U00656_2_0_2,U00656,SESS_U00656_2_0,2026-06-03 11:31:00,loafers,1,legacy,6,103.0,0.4973
SU00657_2_SESS_U00657_2_0_0,U00657,SESS_U00657_2_0,2026-06-03 15:20:00,best headlamp for gym,4,legacy,8,107.6,0.542
SU00657_2_SESS_U00657_2_0_1,U00657,SESS_U00657_2_0,2026-06-03 14:24:00,hoodie,1,legacy,7,90.7,0.5315
SU00677_2_SESS_U00677_2_0_0,U00677,SESS_U00677_2_0,2026-06-03 20:19:00,sweatre wram,2,legacy,0,104.5,
SU00680_2_SESS_U00680_2_0_0,U00680,SESS_U00680_2_0,2026-06-03 22:02:00,somthnig for the office,4,legacy,8,99.9,0.5807
SU00680_2_SESS_U00680_2_0_1,U00680,SESS_U00680_2_0,2026-06-03 21:14:00,somthing for my mom,4,legacy,8,104.2,0.4867
SU00680_2_SESS_U00680_2_0_2,U00680,SESS_U00680_2_0,2026-06-03 08:42:00,compact tent for hiking,4,legacy,8,113.5,0.5939
SU00688_2_SESS_U00688_2_0_0,U00688,SESS_U00688_2_0,2026-06-03 15:11:00,dishwasher-safe cookware set,3,legacy,8,137.0,0.5638
SU00688_2_SESS_U00688_2_0_1,U00688,SESS_U00688_2_0,2026-06-03 14:21:00,electric mixing bowl for a gift,6,legacy,8,115.0,0.5321
SU00694_2_SESS_U00694_2_0_0,U00694,SESS_U00694_2_0,2026-06-03 10:07:00,best hoodie for gym,4,legacy,8,83.3,0.5815
SU00694_2_SESS_U00694_2_0_1,U00694,SESS_U00694_2_0,2026-06-03 14:52:00,somthing for my mom,4,legacy,8,80.3,0.5919
SU00695_2_SESS_U00695_2_0_0,U00695,SESS_U00695_2_0,2026-06-03 18:57:00,best sleeping bag for gym,5,legacy,8,96.0,0.5362
SU00697_2_SESS_U00697_2_0_0,U00697,SESS_U00697_2_0,2026-06-03 22:43:00,smothing for gym,3,ai_semantic,8,149.2,0.28049999475479126
SU00700_2_SESS_U00700_2_0_0,U00700,SESS_U00700_2_0,2026-06-03 12:04:00,cheap photo frame,3,ai_semantic,8,124.0,0.6934999823570251
SU00703_2_SESS_U00703_2_0_0,U00703,SESS_U00703_2_0,2026-06-03 22:50:00,journal personlaized,2,legacy,6,76.3,0.5256
SU00709_2_SESS_U00709_2_0_0,U00709,SESS_U00709_2_0,2026-06-03 07:14:00,best steel air fryer for my mom,7,ai_semantic,8,203.0,0.7132999897003174
SU00709_2_SESS_U00709_2_0_1,U00709,SESS_U00709_2_0,2026-06-03 19:21:00,somthing for winter,3,ai_semantic,8,183.5,0.4092999994754791
SU00713_2_SESS_U00713_2_0_0,U00713,SESS_U00713_2_0,2026-06-03 08:12:00,somthing for a gift,4,ai_semantic,8,190.7,0.38440001010894775
SU00715_2_SESS_U00715_2_0_0,U00715,SESS_U00715_2_0,2026-06-03 07:27:00,best cooler for my mom,5,legacy,8,98.9,0.5825
SU00717_2_SESS_U00717_2_0_0,U00717,SESS_U00717_2_0,2026-06-03 09:03:00,gift desk ornament,3,legacy,8,98.3,0.5784
SU00721_2_SESS_U00721_2_0_0,U00721,SESS_U00721_2_0,2026-06-03 09:20:00,gift thermal leggings,3,ai_semantic,8,130.1,0.7843000292778015
SU00722_2_SESS_U00722_2_0_0,U00722,SESS_U00722_2_0,2026-06-03 12:14:00,gift box set,3,legacy,8,80.7,0.5008
SU00722_2_SESS_U00722_2_0_1,U00722,SESS_U00722_2_0,2026-06-03 07:53:00,sleeping bag,2,legacy,7,68.9,0.5979
SU00723_2_SESS_U00723_2_0_0,U00723,SESS_U00723_2_0,2026-06-03 14:12:00,non-stick coffee maker,3,ai_semantic,8,199.0,0.8525999784469604
SU00723_2_SESS_U00723_2_1_0,U00723,SESS_U00723_2_1,2026-06-03 20:21:00,somthing for gym,3,ai_semantic,8,166.4,0.29350000619888306
SU00730_2_SESS_U00730_2_0_0,U00730,SESS_U00730_2_0,2026-06-03 08:48:00,cheap loafres,2,ai_semantic,8,192.2,0.6639000177383423
SU00730_2_SESS_U00730_2_0_1,U00730,SESS_U00730_2_0,2026-06-03 13:53:00,webcam,1,ai_semantic,8,131.7,0.755299985408783
SU00732_2_SESS_U00732_2_0_0,U00732,SESS_U00732_2_0,2026-06-03 08:57:00,best journal for travel,4,legacy,8,115.5,0.5976
SU00740_2_SESS_U00740_2_0_0,U00740,SESS_U00740_2_0,2026-06-03 18:09:00,best sneakers for hiking,4,legacy,8,77.9,0.5608
SU00742_2_SESS_U00742_2_0_0,U00742,SESS_U00742_2_0,2026-06-03 14:46:00,gift power bank,3,ai_semantic,8,243.7,0.6348000168800354
SU00742_2_SESS_U00742_2_1_0,U00742,SESS_U00742_2_1,2026-06-03 15:13:00,headphonse,1,ai_semantic,8,216.4,0.32690000534057617
SU00744_2_SESS_U00744_2_0_0,U00744,SESS_U00744_2_0,2026-06-03 08:59:00,cookware set creamic,3,ai_semantic,8,185.3,0.567799985408783
SU00747_2_SESS_U00747_2_0_0,U00747,SESS_U00747_2_0,2026-06-03 09:32:00,gift backpakc,2,ai_semantic,8,154.0,0.39899998903274536
SU00747_2_SESS_U00747_2_0_1,U00747,SESS_U00747_2_0,2026-06-03 20:31:00,handmade desk ornament for the office,6,ai_semantic,8,195.2,0.8614000082015991
SU00747_2_SESS_U00747_2_0_2,U00747,SESS_U00747_2_0,2026-06-03 20:21:00,loafers trali,2,ai_semantic,8,130.6,0.5805000066757202
SU00748_2_SESS_U00748_2_0_0,U00748,SESS_U00748_2_0,2026-06-03 11:32:00,chaep sandals,2,legacy,4,70.1,0.5
SU00753_2_SESS_U00753_2_0_0,U00753,SESS_U00753_2_0,2026-06-03 16:51:00,gift speaker,2,legacy,8,69.0,0.5964
SU00753_2_SESS_U00753_2_0_1,U00753,SESS_U00753_2_0,2026-06-03 14:55:00,non-stick knief set,3,legacy,8,110.8,0.5782
SU00754_2_SESS_U00754_2_0_0,U00754,SESS_U00754_2_0,2026-06-03 07:49:00,somthing for winter,3,ai_semantic,8,153.6,0.4092999994754791
SU00760_2_SESS_U00760_2_0_0,U00760,SESS_U00760_2_0,2026-06-03 13:01:00,gift charging cbale,3,legacy,8,79.3,0.5921
SU00760_2_SESS_U00760_2_1_0,U00760,SESS_U00760_2_1,2026-06-03 12:43:00,knife set,2,legacy,8,70.7,0.5925
SU00765_2_SESS_U00765_2_0_0,U00765,SESS_U00765_2_0,2026-06-03 19:25:00,gift backpack,2,ai_semantic,8,205.6,0.6812999844551086
SU00767_2_SESS_U00767_2_0_0,U00767,SESS_U00767_2_0,2026-06-03 08:23:00,cheap loafers,2,legacy,6,96.2,0.5264
SU00767_2_SESS_U00767_2_0_1,U00767,SESS_U00767_2_0,2026-06-03 12:26:00,best photo frame for gym,5,legacy,8,111.8,0.5535
SU00768_2_SESS_U00768_2_0_0,U00768,SESS_U00768_2_0,2026-06-03 14:38:00,gift headlamp,2,legacy,8,80.7,0.4779
SU00768_2_SESS_U00768_2_0_1,U00768,SESS_U00768_2_0,2026-06-03 09:43:00,webcam rechagreable,2,legacy,6,56.7,0.5816
SU00768_2_SESS_U00768_2_1_0,U00768,SESS_U00768_2_1,2026-06-03 20:19:00,somthing for my mom,4,legacy,8,97.7,0.5856
SU00781_2_SESS_U00781_2_0_0,U00781,SESS_U00781_2_0,2026-06-03 22:36:00,insulated running shoes for travel,5,legacy,8,68.1,0.5927
SU00782_2_SESS_U00782_2_0_0,U00782,SESS_U00782_2_0,2026-06-03 15:50:00,cheap hooide,2,legacy,0,53.1,
SU00783_2_SESS_U00783_2_0_0,U00783,SESS_U00783_2_0,2026-06-03 12:42:00,gift winter boots,3,ai_semantic,8,152.3,0.6432999968528748
SU00783_2_SESS_U00783_2_0_1,U00783,SESS_U00783_2_0,2026-06-03 14:23:00,headlamp heavy-dtuy,2,ai_semantic,8,204.7,0.7164000272750854
SU00786_2_SESS_U00786_2_0_0,U00786,SESS_U00786_2_0,2026-06-03 22:35:00,loafers slip-no,2,ai_semantic,8,165.9,0.7979999780654907
SU00787_2_SESS_U00787_2_0_0,U00787,SESS_U00787_2_0,2026-06-03 14:36:00,sweater,1,legacy,7,87.4,0.541
SU00787_2_SESS_U00787_2_1_0,U00787,SESS_U00787_2_1,2026-06-03 17:30:00,gift webcam,2,legacy,8,71.6,0.5651
SU00787_2_SESS_U00787_2_1_1,U00787,SESS_U00787_2_1,2026-06-03 15:06:00,gift candle,2,legacy,8,94.2,0.5347
SU00790_2_SESS_U00790_2_0_0,U00790,SESS_U00790_2_0,2026-06-03 10:20:00,coffee maker ceramci,3,ai_semantic,8,129.2,0.5062000155448914
SU00790_2_SESS_U00790_2_0_1,U00790,SESS_U00790_2_0,2026-06-03 18:45:00,dishwasher-safe toaster for my mom,5,ai_semantic,8,209.8,0.7717000246047974
SU00797_2_SESS_U00797_2_0_0,U00797,SESS_U00797_2_0,2026-06-03 18:09:00,slip-on running shoes for rain,5,ai_semantic,8,196.5,0.7027000188827515
SU00799_2_SESS_U00799_2_0_0,U00799,SESS_U00799_2_0,2026-06-03 18:09:00,best hiking boots for travel,5,legacy,8,53.5,0.5857
SU00004_3_SESS_U00004_3_0_0,U00004,SESS_U00004_3_0,2026-06-04 19:52:00,lightweight thermal leggings,3,legacy,8,50.1,0.5806
SU00004_3_SESS_U00004_3_0_1,U00004,SESS_U00004_3_0,2026-06-04 18:50:00,foldable headlamp for my mom,5,legacy,8,100.1,0.5052
SU00012_3_SESS_U00012_3_0_0,U00012,SESS_U00012_3_0,2026-06-04 17:41:00,gift photo frmae,3,ai_semantic,8,177.9,0.453900009393692
SU00016_3_SESS_U00016_3_0_0,U00016,SESS_U00016_3_0,2026-06-04 16:28:00,high-top winter boots,3,legacy,8,76.5,0.5887
SU00016_3_SESS_U00016_3_0_1,U00016,SESS_U00016_3_0,2026-06-04 11:58:00,thermal leggings under 50 dollars,5,legacy,7,96.4,0.5772
SU00017_3_SESS_U00017_3_0_0,U00017,SESS_U00017_3_0,2026-06-04 19:15:00,gift blender,2,ai_semantic,8,228.5,0.5649999976158142
SU00018_3_SESS_U00018_3_0_0,U00018,SESS_U00018_3_0,2026-06-04 14:26:00,thermal leggings miosture-wicking,3,legacy,7,95.8,0.5924
SU00018_3_SESS_U00018_3_0_1,U00018,SESS_U00018_3_0,2026-06-04 18:41:00,hiking boots high-tpo,3,legacy,8,89.5,0.567
SU00021_3_SESS_U00021_3_0_0,U00021,SESS_U00021_3_0,2026-06-04 17:38:00,foldable backpack for camping,4,legacy,8,80.4,0.5957
SU00027_3_SESS_U00027_3_0_0,U00027,SESS_U00027_3_0,2026-06-04 13:06:00,portable power bank,3,ai_semantic,8,187.1,0.9035000205039978
SU00027_3_SESS_U00027_3_1_0,U00027,SESS_U00027_3_1,2026-06-04 10:28:00,insulated running shoes,3,ai_semantic,8,172.5,0.9171000123023987
SU00027_3_SESS_U00027_3_1_1,U00027,SESS_U00027_3_1,2026-06-04 08:12:00,cheap journal,2,ai_semantic,8,191.8,0.682200014591217
SU00029_3_SESS_U00029_3_0_0,U00029,SESS_U00029_3_0,2026-06-04 08:56:00,waterproof running shoes for gym,5,legacy,8,102.2,0.4644
SU00029_3_SESS_U00029_3_1_0,U00029,SESS_U00029_3_1,2026-06-04 12:48:00,camp stove utlrlaight,3,legacy,6,86.5,0.4618
SU00036_3_SESS_U00036_3_0_0,U00036,SESS_U00036_3_0,2026-06-04 17:27:00,somthing for my mom,4,legacy,8,96.5,0.5667
SU00036_3_SESS_U00036_3_0_1,U00036,SESS_U00036_3_0,2026-06-04 20:51:00,knife set under 50 dollars,5,legacy,8,112.3,0.5841
SU00038_3_SESS_U00038_3_0_0,U00038,SESS_U00038_3_0,2026-06-04 12:25:00,best camp stove for hiking,5,legacy,8,83.9,0.5949
SU00038_3_SESS_U00038_3_1_0,U00038,SESS_U00038_3_1,2026-06-04 13:24:00,best cookware set for hiking,5,legacy,8,74.5,0.5616
SU00046_3_SESS_U00046_3_0_0,U00046,SESS_U00046_3_0,2026-06-04 18:21:00,gift hiking boots,3,ai_semantic,8,186.1,0.7329000234603882
SU00051_3_SESS_U00051_3_0_0,U00051,SESS_U00051_3_0,2026-06-04 18:34:00,compact sleeping bag,3,ai_semantic,8,133.3,0.8403000235557556
SU00053_3_SESS_U00053_3_0_0,U00053,SESS_U00053_3_0,2026-06-04 22:32:00,candle,1,ai_semantic,8,120.8,0.6956999897956848
SU00053_3_SESS_U00053_3_0_1,U00053,SESS_U00053_3_0,2026-06-04 12:08:00,cheap air fryer,3,ai_semantic,8,197.2,0.7343999743461609
SU00055_3_SESS_U00055_3_0_0,U00055,SESS_U00055_3_0,2026-06-04 18:59:00,dishwasher-safe toastre,2,ai_semantic,8,200.1,0.8339999914169312
SU00055_3_SESS_U00055_3_0_1,U00055,SESS_U00055_3_0,2026-06-04 08:33:00,gift eabruds,2,ai_semantic,8,182.4,0.529699981212616
SU00055_3_SESS_U00055_3_1_0,U00055,SESS_U00055_3_1,2026-06-04 12:19:00,cheap earbuds,2,ai_semantic,8,131.9,0.7153000235557556
SU00055_3_SESS_U00055_3_1_1,U00055,SESS_U00055_3_1,2026-06-04 07:29:00,somthing for a gift,4,ai_semantic,8,113.4,0.38440001010894775
SU00062_3_SESS_U00062_3_0_0,U00062,SESS_U00062_3_0,2026-06-04 17:27:00,trail hiking boots for travel,5,ai_semantic,8,157.9,0.7773000001907349
SU00062_3_SESS_U00062_3_0_1,U00062,SESS_U00062_3_0,2026-06-04 14:05:00,toaster diswhasher-safe,2,ai_semantic,8,197.5,0.6254000067710876
SU00063_3_SESS_U00063_3_0_0,U00063,SESS_U00063_3_0,2026-06-04 17:11:00,warm hoodie for hiking,4,ai_semantic,8,209.4,0.7131999731063843
SU00064_3_SESS_U00064_3_0_0,U00064,SESS_U00064_3_0,2026-06-04 22:00:00,best thermal leggings for travel,5,legacy,8,55.7,0.5812
SU00065_3_SESS_U00065_3_0_0,U00065,SESS_U00065_3_0,2026-06-04 21:30:00,hiking boots under 50 dollars,5,legacy,8,89.3,0.5915
SU00074_3_SESS_U00074_3_0_0,U00074,SESS_U00074_3_0,2026-06-04 07:33:00,soft fleeec pullover,3,ai_semantic,8,216.4,0.8565000295639038
SU00074_3_SESS_U00074_3_0_1,U00074,SESS_U00074_3_0,2026-06-04 16:20:00,somthing for a gift,4,ai_semantic,8,157.1,0.38440001010894775
SU00078_3_SESS_U00078_3_0_0,U00078,SESS_U00078_3_0,2026-06-04 11:01:00,compact knife set,3,ai_semantic,8,135.4,0.8263999819755554
SU00083_3_SESS_U00083_3_0_0,U00083,SESS_U00083_3_0,2026-06-04 22:33:00,gift box set,3,ai_semantic,8,194.6,0.8151000142097473
SU00085_3_SESS_U00085_3_0_0,U00085,SESS_U00085_3_0,2026-06-04 07:54:00,weatherproof hammokc,2,legacy,7,82.0,0.5791
SU00089_3_SESS_U00089_3_0_0,U00089,SESS_U00089_3_0,2026-06-04 15:04:00,warm thermal leggings for the office,6,legacy,8,89.0,0.5526
SU00092_3_SESS_U00092_3_0_0,U00092,SESS_U00092_3_0,2026-06-04 19:50:00,sweater under 50 dollars,4,legacy,7,98.7,0.5918
SU00092_3_SESS_U00092_3_0_1,U00092,SESS_U00092_3_0,2026-06-04 11:47:00,steel blender under 50 dollars,5,legacy,8,70.3,0.5024
SU00096_3_SESS_U00096_3_0_0,U00096,SESS_U00096_3_0,2026-06-04 12:01:00,best desk ornament for rain,5,legacy,8,83.7,0.5342
SU00096_3_SESS_U00096_3_0_1,U00096,SESS_U00096_3_0,2026-06-04 19:25:00,cooler copmact,2,legacy,6,91.1,0.5241
SU00096_3_SESS_U00096_3_0_2,U00096,SESS_U00096_3_0,2026-06-04 09:55:00,somthing for winter,3,legacy,8,104.0,0.57
SU00098_3_SESS_U00098_3_0_0,U00098,SESS_U00098_3_0,2026-06-04 07:19:00,charging cable,2,ai_semantic,8,128.6,0.7164999842643738
SU00099_3_SESS_U00099_3_0_0,U00099,SESS_U00099_3_0,2026-06-04 17:12:00,wireless charging cable for hiking,5,ai_semantic,8,163.6,0.6606000065803528
SU00100_3_SESS_U00100_3_0_0,U00100,SESS_U00100_3_0,2026-06-04 20:53:00,cheap jacekt,2,ai_semantic,8,155.9,0.29760000109672546
SU00101_3_SESS_U00101_3_0_0,U00101,SESS_U00101_3_0,2026-06-04 12:15:00,tent ultrailght,2,legacy,7,101.9,0.5304
SU00104_3_SESS_U00104_3_0_0,U00104,SESS_U00104_3_0,2026-06-04 15:47:00,gift knfie set,3,ai_semantic,8,174.5,0.5751000046730042
SU00104_3_SESS_U00104_3_0_1,U00104,SESS_U00104_3_0,2026-06-04 16:41:00,fleece pullover,2,ai_semantic,8,175.5,0.8878999948501587
SU00104_3_SESS_U00104_3_0_2,U00104,SESS_U00104_3_0,2026-06-04 12:53:00,hammock foldable,2,ai_semantic,8,168.9,0.8618999719619751
SU00104_3_SESS_U00104_3_1_0,U00104,SESS_U00104_3_1,2026-06-04 16:43:00,somthing for rain,3,ai_semantic,8,180.4,0.5149999856948853
SU00108_3_SESS_U00108_3_0_0,U00108,SESS_U00108_3_0,2026-06-04 17:09:00,headlamp under 50 dollars,4,legacy,6,83.4,0.5877
SU00108_3_SESS_U00108_3_1_0,U00108,SESS_U00108_3_1,2026-06-04 12:03:00,gift gift box set,4,legacy,8,63.0,0.5818
SU00116_3_SESS_U00116_3_0_0,U00116,SESS_U00116_3_0,2026-06-04 11:30:00,somthing for camping,3,legacy,8,88.0,0.5755
SU00118_3_SESS_U00118_3_0_0,U00118,SESS_U00118_3_0,2026-06-04 21:31:00,gift sweater,2,ai_semantic,8,201.7,0.7267000079154968
SU00118_3_SESS_U00118_3_0_1,U00118,SESS_U00118_3_0,2026-06-04 08:38:00,cheap mug,2,ai_semantic,8,174.4,0.6538000106811523
SU00119_3_SESS_U00119_3_0_0,U00119,SESS_U00119_3_0,2026-06-04 22:48:00,somthing for the office,4,legacy,8,82.9,0.5906
SU00120_3_SESS_U00120_3_0_0,U00120,SESS_U00120_3_0,2026-06-04 17:13:00,sneakers under 50 dollars,4,legacy,7,62.7,0.5868
SU00125_3_SESS_U00125_3_0_0,U00125,SESS_U00125_3_0,2026-06-04 09:37:00,cheap air fryer,3,legacy,6,81.7,0.5891
SU00125_3_SESS_U00125_3_1_0,U00125,SESS_U00125_3_1,2026-06-04 09:12:00,breathable cleats,2,legacy,8,78.7,0.5742
SU00129_3_SESS_U00129_3_0_0,U00129,SESS_U00129_3_0,2026-06-04 11:14:00,gift fleece pullover,3,ai_semantic,8,203.7,0.8116999864578247
SU00129_3_SESS_U00129_3_0_1,U00129,SESS_U00129_3_0,2026-06-04 08:46:00,portable earbuds,2,ai_semantic,8,160.6,0.8671000003814697
SU00129_3_SESS_U00129_3_0_2,U00129,SESS_U00129_3_0,2026-06-04 17:04:00,personalized keychain,2,ai_semantic,8,160.6,0.826200008392334
SU00133_3_SESS_U00133_3_0_0,U00133,SESS_U00133_3_0,2026-06-04 19:08:00,foldable backpack for camping,4,ai_semantic,8,173.5,0.7124000191688538
SU00133_3_SESS_U00133_3_0_1,U00133,SESS_U00133_3_0,2026-06-04 21:29:00,cheap speaker,2,ai_semantic,8,138.1,0.6797000169754028
SU00136_3_SESS_U00136_3_0_0,U00136,SESS_U00136_3_0,2026-06-04 17:28:00,gift box set,3,legacy,8,71.6,0.5471
SU00136_3_SESS_U00136_3_0_1,U00136,SESS_U00136_3_0,2026-06-04 19:12:00,thermal leggings under 50 dollars,5,legacy,7,77.3,0.5468
SU00136_3_SESS_U00136_3_0_2,U00136,SESS_U00136_3_0,2026-06-04 12:31:00,journal,1,legacy,6,46.3,0.5343
SU00138_3_SESS_U00138_3_0_0,U00138,SESS_U00138_3_0,2026-06-04 12:30:00,thermal leggings wamr,3,ai_semantic,8,225.5,0.7275999784469604
SU00139_3_SESS_U00139_3_0_0,U00139,SESS_U00139_3_0,2026-06-04 12:34:00,moisture-wicking sweater for travel,4,legacy,8,72.4,0.5669
SU00139_3_SESS_U00139_3_0_1,U00139,SESS_U00139_3_0,2026-06-04 18:48:00,hiking boots under 50 dollars,5,legacy,8,78.2,0.5305
SU00143_3_SESS_U00143_3_0_0,U00143,SESS_U00143_3_0,2026-06-04 19:08:00,bluetooth charging cable,3,legacy,8,101.0,0.5883
SU00143_3_SESS_U00143_3_1_0,U00143,SESS_U00143_3_1,2026-06-04 15:56:00,heavy-duty headlamp,2,legacy,8,97.8,0.5741
SU00144_3_SESS_U00144_3_0_0,U00144,SESS_U00144_3_0,2026-06-04 07:15:00,best fleece pullover for camping,5,legacy,8,90.9,0.5647
SU00144_3_SESS_U00144_3_0_1,U00144,SESS_U00144_3_0,2026-06-04 07:15:00,compact webcma,2,legacy,8,88.6,0.5966
SU00144_3_SESS_U00144_3_0_2,U00144,SESS_U00144_3_0,2026-06-04 19:57:00,gift hoodie,2,legacy,8,89.7,0.5993
SU00145_3_SESS_U00145_3_0_0,U00145,SESS_U00145_3_0,2026-06-04 22:59:00,best webcam for a gift,5,legacy,8,63.9,0.5057
SU00145_3_SESS_U00145_3_0_1,U00145,SESS_U00145_3_0,2026-06-04 13:51:00,photo frame under 50 dollars,5,legacy,6,104.0,0.5861
SU00147_3_SESS_U00147_3_0_0,U00147,SESS_U00147_3_0,2026-06-04 07:44:00,somthing for hiking,3,ai_semantic,8,174.1,0.5105999708175659
SU00149_3_SESS_U00149_3_0_0,U00149,SESS_U00149_3_0,2026-06-04 09:03:00,compact cofefe maker for hiking,5,legacy,8,94.0,0.5032
SU00149_3_SESS_U00149_3_0_1,U00149,SESS_U00149_3_0,2026-06-04 22:05:00,chepa backpack,2,legacy,6,80.1,0.5796
SU00149_3_SESS_U00149_3_0_2,U00149,SESS_U00149_3_0,2026-06-04 22:57:00,dishwasher-safe bledner,2,legacy,6,63.3,0.5875
SU00150_3_SESS_U00150_3_0_0,U00150,SESS_U00150_3_0,2026-06-04 07:35:00,non-stick cookawre set,3,legacy,8,90.4,0.5551
SU00150_3_SESS_U00150_3_0_1,U00150,SESS_U00150_3_0,2026-06-04 20:29:00,rain coat ligthweight,3,legacy,6,105.9,0.5843
SU00153_3_SESS_U00153_3_0_0,U00153,SESS_U00153_3_0,2026-06-04 13:13:00,cehap hiking boots,3,ai_semantic,8,237.2,0.6510999798774719
SU00153_3_SESS_U00153_3_0_1,U00153,SESS_U00153_3_0,2026-06-04 19:10:00,best fleece pullover for the office,6,ai_semantic,8,176.5,0.8076000213623047
SU00155_3_SESS_U00155_3_0_0,U00155,SESS_U00155_3_0,2026-06-04 16:12:00,best hammock for camping,4,ai_semantic,8,174.6,0.7027999758720398
SU00157_3_SESS_U00157_3_0_0,U00157,SESS_U00157_3_0,2026-06-04 14:15:00,speaker nois-ecancelling,2,legacy,5,99.1,0.5811
SU00157_3_SESS_U00157_3_0_1,U00157,SESS_U00157_3_0,2026-06-04 12:56:00,hammock under 50 dollars,4,legacy,7,95.2,0.5556
SU00161_3_SESS_U00161_3_0_0,U00161,SESS_U00161_3_0,2026-06-04 09:16:00,gift power bank,3,ai_semantic,8,187.9,0.6348000168800354
SU00163_3_SESS_U00163_3_0_0,U00163,SESS_U00163_3_0,2026-06-04 11:15:00,non-stick mixing bowl for the office,6,ai_semantic,8,212.2,0.7702000141143799
SU00163_3_SESS_U00163_3_0_1,U00163,SESS_U00163_3_0,2026-06-04 10:07:00,best headlamp for travel,4,ai_semantic,8,205.2,0.6934000253677368
SU00163_3_SESS_U00163_3_0_2,U00163,SESS_U00163_3_0,2026-06-04 17:48:00,somtihng for rain,3,ai_semantic,8,169.4,0.46219998598098755
SU00163_3_SESS_U00163_3_1_0,U00163,SESS_U00163_3_1,2026-06-04 18:11:00,breathable loafers,2,ai_semantic,8,185.4,0.897599995136261
SU00164_3_SESS_U00164_3_0_0,U00164,SESS_U00164_3_0,2026-06-04 16:56:00,somthing for travel,3,legacy,8,75.4,0.5965
SU00166_3_SESS_U00166_3_0_0,U00166,SESS_U00166_3_0,2026-06-04 19:29:00,best knife set for hiking,5,legacy,8,104.2,0.5956
SU00166_3_SESS_U00166_3_0_1,U00166,SESS_U00166_3_0,2026-06-04 20:26:00,fleece pullover,2,legacy,7,63.9,0.5537
SU00166_3_SESS_U00166_3_1_0,U00166,SESS_U00166_3_1,2026-06-04 22:11:00,cheap fleece pullover,3,legacy,7,81.2,0.4789
SU00166_3_SESS_U00166_3_1_1,U00166,SESS_U00166_3_1,2026-06-04 20:03:00,sandals insultaed,2,legacy,4,60.5,0.5986
SU00168_3_SESS_U00168_3_0_0,U00168,SESS_U00168_3_0,2026-06-04 13:49:00,foldable cooler,2,ai_semantic,8,200.6,0.8100000023841858
SU00169_3_SESS_U00169_3_0_0,U00169,SESS_U00169_3_0,2026-06-04 12:34:00,jackte,1,ai_semantic,8,147.8,0.23340000212192535
SU00169_3_SESS_U00169_3_0_1,U00169,SESS_U00169_3_0,2026-06-04 18:55:00,cheap fleece pullover,3,ai_semantic,8,168.3,0.8676000237464905
SU00170_3_SESS_U00170_3_0_0,U00170,SESS_U00170_3_0,2026-06-04 07:13:00,cheap journal,2,legacy,6,67.8,0.5295
SU00173_3_SESS_U00173_3_0_0,U00173,SESS_U00173_3_0,2026-06-04 20:38:00,gift winter boots,3,ai_semantic,8,190.3,0.6432999968528748
SU00173_3_SESS_U00173_3_1_0,U00173,SESS_U00173_3_1,2026-06-04 10:43:00,electric toatser for my mom,5,ai_semantic,8,128.5,0.4932999908924103
SU00173_3_SESS_U00173_3_1_1,U00173,SESS_U00173_3_1,2026-06-04 16:41:00,hammock waetherproof,2,ai_semantic,8,153.8,0.6945000290870667
SU00180_3_SESS_U00180_3_0_0,U00180,SESS_U00180_3_0,2026-06-04 14:42:00,gift backpack,2,legacy,8,96.8,0.5695
SU00181_3_SESS_U00181_3_0_0,U00181,SESS_U00181_3_0,2026-06-04 20:02:00,speaker,1,ai_semantic,8,196.9,0.6450999975204468
SU00184_3_SESS_U00184_3_0_0,U00184,SESS_U00184_3_0,2026-06-04 09:43:00,steel knife set,3,legacy,8,72.9,0.51
SU00190_3_SESS_U00190_3_0_0,U00190,SESS_U00190_3_0,2026-06-04 17:25:00,hoodie wamr,2,ai_semantic,8,133.7,0.5710999965667725
SU00192_3_SESS_U00192_3_0_0,U00192,SESS_U00192_3_0,2026-06-04 12:00:00,air fryer electirc,3,legacy,6,74.8,0.5782
SU00199_3_SESS_U00199_3_0_0,U00199,SESS_U00199_3_0,2026-06-04 21:08:00,cheap tent,2,ai_semantic,8,198.6,0.711899995803833
SU00203_3_SESS_U00203_3_0_0,U00203,SESS_U00203_3_0,2026-06-04 15:37:00,best steel blender for my mom,6,legacy,8,102.0,0.5671
SU00207_3_SESS_U00207_3_0_0,U00207,SESS_U00207_3_0,2026-06-04 18:31:00,knife set electrci,3,legacy,8,74.1,0.5489
SU00209_3_SESS_U00209_3_0_0,U00209,SESS_U00209_3_0,2026-06-04 21:28:00,keychain under 50 dollars,4,legacy,6,99.4,0.5916
SU00220_3_SESS_U00220_3_0_0,U00220,SESS_U00220_3_0,2026-06-04 18:13:00,gift speaker,2,ai_semantic,8,183.1,0.6934999823570251
SU00222_3_SESS_U00222_3_0_0,U00222,SESS_U00222_3_0,2026-06-04 10:24:00,journal under 50 dollars,4,legacy,6,58.2,0.4818
SU00226_3_SESS_U00226_3_0_0,U00226,SESS_U00226_3_0,2026-06-04 10:56:00,cheap charging cable,3,legacy,6,73.5,0.5913
SU00226_3_SESS_U00226_3_0_1,U00226,SESS_U00226_3_0,2026-06-04 13:48:00,blender dsihwasher-safe,2,legacy,6,69.1,0.5838
SU00230_3_SESS_U00230_3_0_0,U00230,SESS_U00230_3_0,2026-06-04 12:22:00,speaker,1,legacy,5,51.1,0.4781
SU00230_3_SESS_U00230_3_0_1,U00230,SESS_U00230_3_0,2026-06-04 18:23:00,gift candle,2,legacy,8,69.7,0.5911
SU00230_3_SESS_U00230_3_1_0,U00230,SESS_U00230_3_1,2026-06-04 15:20:00,sleeping bag under 50 dollars,5,legacy,7,56.3,0.5943
SU00230_3_SESS_U00230_3_1_1,U00230,SESS_U00230_3_1,2026-06-04 19:28:00,somthing for rain,3,legacy,8,77.2,0.5954
SU00230_3_SESS_U00230_3_1_2,U00230,SESS_U00230_3_1,2026-06-04 17:16:00,webcam,1,legacy,6,71.7,0.5717
SU00234_3_SESS_U00234_3_0_0,U00234,SESS_U00234_3_0,2026-06-04 12:27:00,gift box set,3,ai_semantic,8,190.0,0.8151000142097473
SU00234_3_SESS_U00234_3_1_0,U00234,SESS_U00234_3_1,2026-06-04 17:25:00,best gift box set for travel,6,ai_semantic,8,115.0,0.76419997215271
SU00237_3_SESS_U00237_3_0_0,U00237,SESS_U00237_3_0,2026-06-04 21:49:00,tent under 50 dolalrs,4,legacy,7,116.6,0.5641
SU00239_3_SESS_U00239_3_0_0,U00239,SESS_U00239_3_0,2026-06-04 21:26:00,insulated cleats for my mom,5,legacy,8,91.4,0.5744
SU00239_3_SESS_U00239_3_0_1,U00239,SESS_U00239_3_0,2026-06-04 10:36:00,fleece-lined hoodie for winter,4,legacy,8,104.9,0.5211
SU00239_3_SESS_U00239_3_0_2,U00239,SESS_U00239_3_0,2026-06-04 12:51:00,gift sweater,2,legacy,8,143.5,0.5784
SU00239_3_SESS_U00239_3_1_0,U00239,SESS_U00239_3_1,2026-06-04 20:48:00,cheap smartwatch,2,legacy,5,82.6,0.5911
SU00239_3_SESS_U00239_3_1_1,U00239,SESS_U00239_3_1,2026-06-04 07:37:00,slip-on hiking boots for travel,5,legacy,8,89.9,0.5936
SU00241_3_SESS_U00241_3_0_0,U00241,SESS_U00241_3_0,2026-06-04 22:21:00,best camp stove for hiking,5,legacy,8,78.8,0.5973
SU00241_3_SESS_U00241_3_0_1,U00241,SESS_U00241_3_0,2026-06-04 12:05:00,mixing bowl,2,legacy,5,93.8,0.5676
SU00241_3_SESS_U00241_3_0_2,U00241,SESS_U00241_3_0,2026-06-04 16:16:00,insulated sandals for the office,5,legacy,8,100.6,0.561
SU00245_3_SESS_U00245_3_0_0,U00245,SESS_U00245_3_0,2026-06-04 08:17:00,dishwasher-safe air fryer for a gift,6,legacy,8,48.0,0.5476
SU00252_3_SESS_U00252_3_0_0,U00252,SESS_U00252_3_0,2026-06-04 19:26:00,toaster,1,ai_semantic,8,206.4,0.7815999984741211
SU00259_3_SESS_U00259_3_0_0,U00259,SESS_U00259_3_0,2026-06-04 20:42:00,best mixing bowl for the office,6,legacy,8,82.5,0.5709
SU00262_3_SESS_U00262_3_0_0,U00262,SESS_U00262_3_0,2026-06-04 14:47:00,hiking boots under 50 dollars,5,legacy,8,36.4,0.5518
SU00264_3_SESS_U00264_3_0_0,U00264,SESS_U00264_3_0,2026-06-04 08:44:00,cheap camp stove,3,legacy,6,59.4,0.5827
SU00264_3_SESS_U00264_3_0_1,U00264,SESS_U00264_3_0,2026-06-04 21:16:00,moisture-wicking thermal leggings for gym,5,legacy,8,106.9,0.5929
SU00268_3_SESS_U00268_3_0_0,U00268,SESS_U00268_3_0,2026-06-04 08:55:00,somthing for the office,4,legacy,8,111.5,0.4826
SU00268_3_SESS_U00268_3_0_1,U00268,SESS_U00268_3_0,2026-06-04 21:40:00,best tent for travel,4,legacy,8,108.3,0.5915
SU00268_3_SESS_U00268_3_1_0,U00268,SESS_U00268_3_1,2026-06-04 16:04:00,gitf keychain,2,legacy,6,107.2,0.5671
SU00268_3_SESS_U00268_3_1_1,U00268,SESS_U00268_3_1,2026-06-04 07:10:00,hoodie under 50 dollars,4,legacy,7,82.6,0.5632
SU00268_3_SESS_U00268_3_1_2,U00268,SESS_U00268_3_1,2026-06-04 10:12:00,running shoes,2,legacy,8,72.8,0.5878
SU00269_3_SESS_U00269_3_0_0,U00269,SESS_U00269_3_0,2026-06-04 17:27:00,trali cleats,2,legacy,7,112.0,0.5697
SU00269_3_SESS_U00269_3_1_0,U00269,SESS_U00269_3_1,2026-06-04 11:12:00,thermal leggings fleeec-lined,3,legacy,7,107.3,0.5915
SU00270_3_SESS_U00270_3_0_0,U00270,SESS_U00270_3_0,2026-06-04 07:33:00,compact coffee maker,3,ai_semantic,8,176.7,0.8220999836921692
SU00277_3_SESS_U00277_3_0_0,U00277,SESS_U00277_3_0,2026-06-04 13:19:00,somthing for gym,3,legacy,8,80.7,0.5654
SU00279_3_SESS_U00279_3_0_0,U00279,SESS_U00279_3_0,2026-06-04 21:41:00,cheap tnet,2,ai_semantic,8,178.9,0.27810001373291016
SU00282_3_SESS_U00282_3_0_0,U00282,SESS_U00282_3_0,2026-06-04 13:06:00,best hoodie for camping,4,ai_semantic,8,172.2,0.652999997138977
SU00282_3_SESS_U00282_3_0_1,U00282,SESS_U00282_3_0,2026-06-04 16:19:00,gift rain coat,3,ai_semantic,8,197.4,0.6583999991416931
SU00282_3_SESS_U00282_3_0_2,U00282,SESS_U00282_3_0,2026-06-04 07:11:00,best sandals for travel,4,ai_semantic,8,172.4,0.6625000238418579
SU00288_3_SESS_U00288_3_0_0,U00288,SESS_U00288_3_0,2026-06-04 09:53:00,photo frame under 50 dollars,5,legacy,6,94.2,0.5444
SU00291_3_SESS_U00291_3_0_0,U00291,SESS_U00291_3_0,2026-06-04 17:44:00,portable power bank for rain,5,ai_semantic,8,177.9,0.701200008392334
SU00291_3_SESS_U00291_3_1_0,U00291,SESS_U00291_3_1,2026-06-04 19:01:00,cehap toaster,2,ai_semantic,8,166.2,0.6371999979019165
SU00292_3_SESS_U00292_3_0_0,U00292,SESS_U00292_3_0,2026-06-04 08:19:00,best hammock for my mom,5,legacy,8,60.8,0.5832
SU00292_3_SESS_U00292_3_0_1,U00292,SESS_U00292_3_0,2026-06-04 19:44:00,earbuds,1,legacy,6,84.4,0.5711
SU00292_3_SESS_U00292_3_0_2,U00292,SESS_U00292_3_0,2026-06-04 22:23:00,somthing for rain,3,legacy,8,61.6,0.5851
SU00297_3_SESS_U00297_3_0_0,U00297,SESS_U00297_3_0,2026-06-04 21:58:00,cushioned winter boots,3,ai_semantic,8,120.2,0.9099000096321106
SU00297_3_SESS_U00297_3_0_1,U00297,SESS_U00297_3_0,2026-06-04 18:06:00,journal hadnmade,2,ai_semantic,8,205.7,0.5996999740600586
SU00305_3_SESS_U00305_3_0_0,U00305,SESS_U00305_3_0,2026-06-04 15:42:00,best tent for winter,4,legacy,8,88.3,0.5837
SU00305_3_SESS_U00305_3_0_1,U00305,SESS_U00305_3_0,2026-06-04 12:54:00,heavy-duty headlamp,2,legacy,8,108.9,0.5363
SU00306_3_SESS_U00306_3_0_0,U00306,SESS_U00306_3_0,2026-06-04 11:19:00,power bank under 50 dollars,5,ai_semantic,8,146.2,0.6040999889373779
SU00306_3_SESS_U00306_3_1_0,U00306,SESS_U00306_3_1,2026-06-04 19:14:00,minimalist keychain,2,ai_semantic,8,191.7,0.8758999705314636
SU00307_3_SESS_U00307_3_0_0,U00307,SESS_U00307_3_0,2026-06-04 15:01:00,rsutic journal,2,legacy,6,91.0,0.5249
SU00310_3_SESS_U00310_3_0_0,U00310,SESS_U00310_3_0,2026-06-04 22:43:00,insulated tent for hiking,4,ai_semantic,8,171.1,0.7330999970436096
SU00310_3_SESS_U00310_3_0_1,U00310,SESS_U00310_3_0,2026-06-04 14:13:00,headlamp,1,ai_semantic,8,191.7,0.7141000032424927
SU00319_3_SESS_U00319_3_0_0,U00319,SESS_U00319_3_0,2026-06-04 19:59:00,sleeping bag,2,ai_semantic,8,188.9,0.7472000122070312
SU00322_3_SESS_U00322_3_0_0,U00322,SESS_U00322_3_0,2026-06-04 09:34:00,photo frame under 50 dollars,5,legacy,6,98.3,0.5745
SU00322_3_SESS_U00322_3_0_1,U00322,SESS_U00322_3_0,2026-06-04 10:11:00,lightweight running shoes,3,legacy,8,90.4,0.5955
SU00325_3_SESS_U00325_3_0_0,U00325,SESS_U00325_3_0,2026-06-04 07:35:00,foldable tent for hiking,4,legacy,8,90.6,0.5829
SU00326_3_SESS_U00326_3_0_0,U00326,SESS_U00326_3_0,2026-06-04 15:25:00,ceramic blender for the office,5,ai_semantic,8,198.5,0.8152999877929688
SU00326_3_SESS_U00326_3_0_1,U00326,SESS_U00326_3_0,2026-06-04 10:14:00,best mug for rain,4,ai_semantic,8,184.5,0.5910999774932861
SU00326_3_SESS_U00326_3_1_0,U00326,SESS_U00326_3_1,2026-06-04 22:15:00,gfit sweater,2,ai_semantic,8,164.9,0.6000000238418579
SU00326_3_SESS_U00326_3_1_1,U00326,SESS_U00326_3_1,2026-06-04 22:34:00,headpohnes under 50 dollars,4,ai_semantic,8,151.9,0.41040000319480896
SU00327_3_SESS_U00327_3_0_0,U00327,SESS_U00327_3_0,2026-06-04 11:18:00,fleece-lined fleece pullover for rain,5,legacy,8,83.6,0.5738
SU00329_3_SESS_U00329_3_0_0,U00329,SESS_U00329_3_0,2026-06-04 09:52:00,headlamp foldable,2,ai_semantic,8,196.2,0.849399983882904
SU00329_3_SESS_U00329_3_1_0,U00329,SESS_U00329_3_1,2026-06-04 21:29:00,backpack fodlable,2,ai_semantic,8,223.2,0.6474999785423279
SU00329_3_SESS_U00329_3_1_1,U00329,SESS_U00329_3_1,2026-06-04 09:55:00,cheap hammock,2,ai_semantic,8,138.8,0.7753999829292297
SU00330_3_SESS_U00330_3_0_0,U00330,SESS_U00330_3_0,2026-06-04 09:08:00,headphones protable,2,ai_semantic,8,174.7,0.5709999799728394
SU00330_3_SESS_U00330_3_0_1,U00330,SESS_U00330_3_0,2026-06-04 07:28:00,blender compatc,2,ai_semantic,8,225.9,0.329800009727478
SU00332_3_SESS_U00332_3_0_0,U00332,SESS_U00332_3_0,2026-06-04 14:48:00,swetaer wram,2,ai_semantic,8,173.8,0.2754000127315521
SU00335_3_SESS_U00335_3_0_0,U00335,SESS_U00335_3_0,2026-06-04 18:40:00,gift toaster,2,legacy,8,57.5,0.5444
SU00343_3_SESS_U00343_3_0_0,U00343,SESS_U00343_3_0,2026-06-04 17:19:00,hoodie under 50 dollars,4,legacy,7,85.6,0.5697
SU00346_3_SESS_U00346_3_0_0,U00346,SESS_U00346_3_0,2026-06-04 22:49:00,air fryer cearimc,3,ai_semantic,8,152.6,0.6554999947547913
SU00346_3_SESS_U00346_3_0_1,U00346,SESS_U00346_3_0,2026-06-04 13:58:00,soft fleece pullover,3,ai_semantic,8,174.7,0.9144999980926514
SU00347_3_SESS_U00347_3_0_0,U00347,SESS_U00347_3_0,2026-06-04 10:45:00,insulated loafers,2,ai_semantic,8,185.9,0.9222999811172485
SU00347_3_SESS_U00347_3_1_0,U00347,SESS_U00347_3_1,2026-06-04 19:35:00,somthing for gym,3,ai_semantic,8,162.6,0.29350000619888306
SU00349_3_SESS_U00349_3_0_0,U00349,SESS_U00349_3_0,2026-06-04 18:44:00,webcam under 50 dollars,4,legacy,6,71.9,0.5748
SU00349_3_SESS_U00349_3_1_0,U00349,SESS_U00349_3_1,2026-06-04 12:34:00,best keychain for winter,4,legacy,8,95.2,0.5911
SU00351_3_SESS_U00351_3_0_0,U00351,SESS_U00351_3_0,2026-06-04 16:44:00,tnet,1,ai_semantic,8,195.0,0.2653999924659729
SU00351_3_SESS_U00351_3_0_1,U00351,SESS_U00351_3_0,2026-06-04 09:19:00,running shoes waterproof,3,ai_semantic,8,189.1,0.843999981880188
SU00354_3_SESS_U00354_3_0_0,U00354,SESS_U00354_3_0,2026-06-04 17:07:00,best thermal leggings for rain,5,legacy,8,102.2,0.5727
SU00354_3_SESS_U00354_3_0_1,U00354,SESS_U00354_3_0,2026-06-04 11:40:00,backpack under 50 dollars,4,legacy,6,58.4,0.5793
SU00356_3_SESS_U00356_3_0_0,U00356,SESS_U00356_3_0,2026-06-04 15:49:00,webcam under 50 dollars,4,ai_semantic,8,163.4,0.6146000027656555
SU00359_3_SESS_U00359_3_0_0,U00359,SESS_U00359_3_0,2026-06-04 19:01:00,gift cleats,2,legacy,8,69.0,0.53
SU00361_3_SESS_U00361_3_0_0,U00361,SESS_U00361_3_0,2026-06-04 20:32:00,chaep photo frame,3,ai_semantic,8,176.6,0.6180999875068665
SU00381_3_SESS_U00381_3_0_0,U00381,SESS_U00381_3_0,2026-06-04 14:32:00,cheap backpack,2,ai_semantic,8,168.1,0.7013000249862671
SU00382_3_SESS_U00382_3_0_0,U00382,SESS_U00382_3_0,2026-06-04 09:07:00,elegant keychain,2,ai_semantic,8,185.3,0.8679999709129333
SU00382_3_SESS_U00382_3_1_0,U00382,SESS_U00382_3_1,2026-06-04 22:53:00,gift headlamp,2,ai_semantic,8,149.7,0.703000009059906
SU00385_3_SESS_U00385_3_0_0,U00385,SESS_U00385_3_0,2026-06-04 12:09:00,juornal under 50 dollars,4,ai_semantic,8,190.6,0.2321999967098236
SU00386_3_SESS_U00386_3_0_0,U00386,SESS_U00386_3_0,2026-06-04 18:23:00,gift earbuds,2,legacy,8,78.9,0.5936
SU00386_3_SESS_U00386_3_0_1,U00386,SESS_U00386_3_0,2026-06-04 20:37:00,electric knife set for my mom,6,legacy,8,103.9,0.5589
SU00388_3_SESS_U00388_3_0_0,U00388,SESS_U00388_3_0,2026-06-04 09:47:00,mixing bowl,2,ai_semantic,8,179.7,0.7674999833106995
SU00389_3_SESS_U00389_3_0_0,U00389,SESS_U00389_3_0,2026-06-04 14:57:00,gift power bank,3,legacy,8,112.9,0.5474
SU00391_3_SESS_U00391_3_0_0,U00391,SESS_U00391_3_0,2026-06-04 14:02:00,noise-cancelling power bank for winter,5,legacy,8,98.2,0.5689
SU00393_3_SESS_U00393_3_0_0,U00393,SESS_U00393_3_0,2026-06-04 19:29:00,somthing for travel,3,legacy,8,89.1,0.5811
SU00398_3_SESS_U00398_3_0_0,U00398,SESS_U00398_3_0,2026-06-04 22:20:00,haedlamp,1,legacy,0,79.5,
SU00398_3_SESS_U00398_3_1_0,U00398,SESS_U00398_3_1,2026-06-04 13:39:00,best journal for a gift,5,legacy,8,56.7,0.5503
SU00401_3_SESS_U00401_3_0_0,U00401,SESS_U00401_3_0,2026-06-04 09:47:00,breathable loafers for hiking,4,ai_semantic,8,169.5,0.7960000038146973
SU00401_3_SESS_U00401_3_0_1,U00401,SESS_U00401_3_0,2026-06-04 13:11:00,somthing for the offiec,4,ai_semantic,8,187.8,0.1665000021457672
SU00408_3_SESS_U00408_3_0_0,U00408,SESS_U00408_3_0,2026-06-04 21:16:00,chepa tent,2,ai_semantic,8,177.5,0.4555000066757202
SU00413_3_SESS_U00413_3_0_0,U00413,SESS_U00413_3_0,2026-06-04 11:59:00,desk ornament,2,legacy,5,98.8,0.547
SU00413_3_SESS_U00413_3_0_1,U00413,SESS_U00413_3_0,2026-06-04 15:51:00,cooler under 50 dollars,4,legacy,6,82.7,0.5719
SU00415_3_SESS_U00415_3_0_0,U00415,SESS_U00415_3_0,2026-06-04 07:38:00,ceramic blender for my mom,5,ai_semantic,8,196.3,0.7534999847412109
SU00415_3_SESS_U00415_3_0_1,U00415,SESS_U00415_3_0,2026-06-04 22:39:00,sweater under 50 dollars,4,ai_semantic,8,275.5,0.5741000175476074
SU00421_3_SESS_U00421_3_0_0,U00421,SESS_U00421_3_0,2026-06-04 09:35:00,mixing bowl,2,legacy,5,114.9,0.5823
SU00423_3_SESS_U00423_3_0_0,U00423,SESS_U00423_3_0,2026-06-04 20:11:00,cheap mixing bowl,3,legacy,5,88.8,0.5982
SU00436_3_SESS_U00436_3_0_0,U00436,SESS_U00436_3_0,2026-06-04 19:19:00,insulated tent,2,ai_semantic,8,235.3,0.8073999881744385
SU00436_3_SESS_U00436_3_0_1,U00436,SESS_U00436_3_0,2026-06-04 12:50:00,cushioned winter boots for camping,5,ai_semantic,8,177.5,0.828499972820282
SU00438_3_SESS_U00438_3_0_0,U00438,SESS_U00438_3_0,2026-06-04 21:26:00,cheap air fryer,3,ai_semantic,8,231.6,0.7343999743461609
SU00438_3_SESS_U00438_3_0_1,U00438,SESS_U00438_3_0,2026-06-04 18:03:00,best mixing bowl for gym,5,ai_semantic,8,176.9,0.6836000084877014
SU00438_3_SESS_U00438_3_0_2,U00438,SESS_U00438_3_0,2026-06-04 22:24:00,elegant desk ornament for gym,5,ai_semantic,8,185.7,0.7078999876976013
SU00442_3_SESS_U00442_3_0_0,U00442,SESS_U00442_3_0,2026-06-04 21:50:00,stainless steel mixing bowl for the office,7,ai_semantic,8,175.0,0.8251000046730042
SU00442_3_SESS_U00442_3_1_0,U00442,SESS_U00442_3_1,2026-06-04 16:08:00,foldable hammock,2,ai_semantic,8,227.4,0.8697999715805054
SU00442_3_SESS_U00442_3_1_1,U00442,SESS_U00442_3_1,2026-06-04 12:36:00,best loafers for winter,4,ai_semantic,8,163.1,0.6906999945640564
SU00442_3_SESS_U00442_3_1_2,U00442,SESS_U00442_3_1,2026-06-04 16:13:00,fleece pullover,2,ai_semantic,8,238.2,0.8878999948501587
SU00443_3_SESS_U00443_3_0_0,U00443,SESS_U00443_3_0,2026-06-04 12:54:00,elegant journal for a gift,5,legacy,8,78.8,0.5802
SU00446_3_SESS_U00446_3_0_0,U00446,SESS_U00446_3_0,2026-06-04 08:03:00,somthing for my mom,4,legacy,8,93.7,0.5911
SU00454_3_SESS_U00454_3_0_0,U00454,SESS_U00454_3_0,2026-06-04 15:09:00,best photo frame for rain,5,legacy,8,87.6,0.5229
SU00454_3_SESS_U00454_3_0_1,U00454,SESS_U00454_3_0,2026-06-04 11:50:00,somhting for a gift,4,legacy,8,109.0,0.4461
SU00458_3_SESS_U00458_3_0_0,U00458,SESS_U00458_3_0,2026-06-04 17:08:00,cheap knife set,3,ai_semantic,8,151.6,0.678600013256073
SU00459_3_SESS_U00459_3_0_0,U00459,SESS_U00459_3_0,2026-06-04 18:07:00,somthing for camping,3,legacy,8,107.7,0.5355
SU00459_3_SESS_U00459_3_0_1,U00459,SESS_U00459_3_0,2026-06-04 14:47:00,gift hiking boots,3,legacy,8,87.7,0.5538
SU00466_3_SESS_U00466_3_0_0,U00466,SESS_U00466_3_0,2026-06-04 13:34:00,hoodie,1,ai_semantic,8,171.0,0.6793000102043152
SU00471_3_SESS_U00471_3_0_0,U00471,SESS_U00471_3_0,2026-06-04 13:38:00,ultralight camp stove,3,legacy,8,93.6,0.5925
SU00473_3_SESS_U00473_3_0_0,U00473,SESS_U00473_3_0,2026-06-04 08:55:00,headlamp,1,legacy,6,80.2,0.5255
SU00475_3_SESS_U00475_3_0_0,U00475,SESS_U00475_3_0,2026-06-04 10:48:00,best headlamp for my mom,5,legacy,8,99.1,0.5497
SU00475_3_SESS_U00475_3_0_1,U00475,SESS_U00475_3_0,2026-06-04 09:56:00,beanie,1,legacy,5,88.1,0.5289
SU00477_3_SESS_U00477_3_0_0,U00477,SESS_U00477_3_0,2026-06-04 22:29:00,gift sneakers,2,ai_semantic,8,234.7,0.6984000205993652
SU00483_3_SESS_U00483_3_0_0,U00483,SESS_U00483_3_0,2026-06-04 22:19:00,somthing for hiking,3,legacy,8,103.1,0.5853
SU00484_3_SESS_U00484_3_0_0,U00484,SESS_U00484_3_0,2026-06-04 10:15:00,gift photo frame,3,ai_semantic,8,197.7,0.6269000172615051
SU00484_3_SESS_U00484_3_0_1,U00484,SESS_U00484_3_0,2026-06-04 11:21:00,compact earbuds,2,ai_semantic,8,206.9,0.8862000107765198
SU00488_3_SESS_U00488_3_0_0,U00488,SESS_U00488_3_0,2026-06-04 20:33:00,hoodie sotf,2,legacy,7,104.0,0.5911
SU00489_3_SESS_U00489_3_0_0,U00489,SESS_U00489_3_0,2026-06-04 11:45:00,moisture-wicking hooide,2,legacy,7,50.4,0.5765
SU00490_3_SESS_U00490_3_0_0,U00490,SESS_U00490_3_0,2026-06-04 14:29:00,somthing for my mom,4,legacy,8,61.4,0.594
SU00490_3_SESS_U00490_3_0_1,U00490,SESS_U00490_3_0,2026-06-04 10:45:00,gift gift box set,4,legacy,8,140.1,0.5918
SU00490_3_SESS_U00490_3_0_2,U00490,SESS_U00490_3_0,2026-06-04 12:20:00,fleece pullover,2,legacy,7,76.8,0.5727
SU00494_3_SESS_U00494_3_0_0,U00494,SESS_U00494_3_0,2026-06-04 20:04:00,best sleeping bag for gym,5,ai_semantic,8,130.7,0.6064000129699707
SU00498_3_SESS_U00498_3_0_0,U00498,SESS_U00498_3_0,2026-06-04 11:38:00,somthing for camping,3,ai_semantic,8,186.4,0.4957999885082245
SU00500_3_SESS_U00500_3_0_0,U00500,SESS_U00500_3_0,2026-06-04 09:30:00,portable charging cable for gym,5,ai_semantic,8,172.8,0.6534000039100647
SU00502_3_SESS_U00502_3_0_0,U00502,SESS_U00502_3_0,2026-06-04 07:41:00,photo frame enrgaved,3,ai_semantic,8,176.2,0.6617000102996826
SU00506_3_SESS_U00506_3_0_0,U00506,SESS_U00506_3_0,2026-06-04 08:05:00,engraved keychain,2,legacy,8,51.7,0.5843
SU00506_3_SESS_U00506_3_0_1,U00506,SESS_U00506_3_0,2026-06-04 07:57:00,best photo frame for my mom,6,legacy,8,67.3,0.5502
SU00507_3_SESS_U00507_3_0_0,U00507,SESS_U00507_3_0,2026-06-04 07:54:00,earubds,1,legacy,0,82.0,
SU00508_3_SESS_U00508_3_0_0,U00508,SESS_U00508_3_0,2026-06-04 13:27:00,keychain,1,ai_semantic,8,154.8,0.8173999786376953
SU00513_3_SESS_U00513_3_0_0,U00513,SESS_U00513_3_0,2026-06-04 12:06:00,insulated cleats for my mom,5,ai_semantic,8,214.8,0.7002000212669373
SU00513_3_SESS_U00513_3_0_1,U00513,SESS_U00513_3_0,2026-06-04 10:27:00,knife set electirc,3,ai_semantic,8,176.1,0.636900007724762
SU00514_3_SESS_U00514_3_0_0,U00514,SESS_U00514_3_0,2026-06-04 15:09:00,jacket,1,legacy,6,104.7,0.5443
SU00517_3_SESS_U00517_3_0_0,U00517,SESS_U00517_3_0,2026-06-04 11:02:00,best blender for rain,4,legacy,8,59.6,0.5284
SU00522_3_SESS_U00522_3_0_0,U00522,SESS_U00522_3_0,2026-06-04 21:52:00,winter boots lgihtweight,3,ai_semantic,8,175.4,0.6180999875068665
SU00531_3_SESS_U00531_3_0_0,U00531,SESS_U00531_3_0,2026-06-04 09:51:00,gift cookware set,3,ai_semantic,8,148.6,0.644599974155426
SU00533_3_SESS_U00533_3_0_0,U00533,SESS_U00533_3_0,2026-06-04 14:55:00,portable headphones,2,legacy,8,81.2,0.566
SU00535_3_SESS_U00535_3_0_0,U00535,SESS_U00535_3_0,2026-06-04 08:47:00,smartwatch undre 50 dollars,4,ai_semantic,8,160.6,0.5734000205993652
SU00537_3_SESS_U00537_3_0_0,U00537,SESS_U00537_3_0,2026-06-04 11:00:00,cheap knife set,3,legacy,8,96.1,0.4899
SU00537_3_SESS_U00537_3_0_1,U00537,SESS_U00537_3_0,2026-06-04 14:04:00,loafers,1,legacy,6,110.9,0.5783
SU00543_3_SESS_U00543_3_0_0,U00543,SESS_U00543_3_0,2026-06-04 08:38:00,wireless speaker for gym,4,ai_semantic,8,216.4,0.666100025177002
SU00544_3_SESS_U00544_3_0_0,U00544,SESS_U00544_3_0,2026-06-04 21:21:00,elegant gift box set,4,legacy,8,132.4,0.5783
SU00548_3_SESS_U00548_3_0_0,U00548,SESS_U00548_3_0,2026-06-04 19:18:00,best cookware set for my mom,6,legacy,8,101.8,0.5752
SU00548_3_SESS_U00548_3_0_1,U00548,SESS_U00548_3_0,2026-06-04 11:53:00,photo frame rsutic,3,legacy,6,67.2,0.5883
SU00548_3_SESS_U00548_3_1_0,U00548,SESS_U00548_3_1,2026-06-04 21:31:00,somthnig for camping,3,legacy,8,79.0,0.5778
SU00551_3_SESS_U00551_3_0_0,U00551,SESS_U00551_3_0,2026-06-04 10:25:00,somthing for my mom,4,ai_semantic,8,139.6,0.14970000088214874
SU00551_3_SESS_U00551_3_0_1,U00551,SESS_U00551_3_0,2026-06-04 09:30:00,sweater miostrue-wicking,2,ai_semantic,8,127.2,0.5996999740600586
SU00551_3_SESS_U00551_3_1_0,U00551,SESS_U00551_3_1,2026-06-04 08:05:00,somthing for travel,3,ai_semantic,8,163.1,0.3716999888420105
SU00555_3_SESS_U00555_3_0_0,U00555,SESS_U00555_3_0,2026-06-04 15:04:00,gift steel blender,3,ai_semantic,8,171.7,0.5473999977111816
SU00557_3_SESS_U00557_3_0_0,U00557,SESS_U00557_3_0,2026-06-04 22:58:00,portable earbuds for winter,4,ai_semantic,8,128.9,0.7366999983787537
SU00557_3_SESS_U00557_3_0_1,U00557,SESS_U00557_3_0,2026-06-04 11:38:00,somthing for gym,3,ai_semantic,8,166.9,0.29350000619888306
SU00561_3_SESS_U00561_3_0_0,U00561,SESS_U00561_3_0,2026-06-04 10:35:00,moisture-wicking rain coat,3,ai_semantic,8,171.6,0.8515999913215637
SU00565_3_SESS_U00565_3_0_0,U00565,SESS_U00565_3_0,2026-06-04 16:42:00,air fryer under 50 dollars,5,ai_semantic,8,160.5,0.641700029373169
SU00571_3_SESS_U00571_3_0_0,U00571,SESS_U00571_3_0,2026-06-04 07:11:00,keychain,1,legacy,6,60.9,0.5343
SU00571_3_SESS_U00571_3_0_1,U00571,SESS_U00571_3_0,2026-06-04 11:19:00,hammock,1,legacy,7,93.4,0.5946
SU00572_3_SESS_U00572_3_0_0,U00572,SESS_U00572_3_0,2026-06-04 14:31:00,sleeping bag portalbe,3,legacy,7,106.1,0.5665
SU00576_3_SESS_U00576_3_0_0,U00576,SESS_U00576_3_0,2026-06-04 08:18:00,cleats trila,2,legacy,7,103.0,0.5773
SU00577_3_SESS_U00577_3_0_0,U00577,SESS_U00577_3_0,2026-06-04 17:50:00,cheap rain coat,3,ai_semantic,8,199.7,0.7279000282287598
SU00579_3_SESS_U00579_3_0_0,U00579,SESS_U00579_3_0,2026-06-04 16:57:00,elegant keychain for hiking,4,legacy,8,69.4,0.5753
SU00579_3_SESS_U00579_3_0_1,U00579,SESS_U00579_3_0,2026-06-04 11:34:00,somthing for gym,3,legacy,8,85.4,0.5913
SU00581_3_SESS_U00581_3_0_0,U00581,SESS_U00581_3_0,2026-06-04 17:55:00,minimalist candle,2,ai_semantic,8,252.2,0.8601999878883362
SU00587_3_SESS_U00587_3_0_0,U00587,SESS_U00587_3_0,2026-06-04 08:38:00,best candle for gym,4,ai_semantic,8,154.6,0.6639999747276306
SU00593_3_SESS_U00593_3_0_0,U00593,SESS_U00593_3_0,2026-06-04 16:30:00,best sneakesr for a gift,5,legacy,8,129.2,0.5912
SU00593_3_SESS_U00593_3_0_1,U00593,SESS_U00593_3_0,2026-06-04 07:04:00,somthing for the office,4,legacy,8,74.7,0.5776
SU00606_3_SESS_U00606_3_0_0,U00606,SESS_U00606_3_0,2026-06-04 08:25:00,hiking boots under 50 dollars,5,legacy,8,100.9,0.5655
SU00606_3_SESS_U00606_3_0_1,U00606,SESS_U00606_3_0,2026-06-04 19:40:00,thermal leggings fleece-linde,3,legacy,7,109.9,0.5809
SU00606_3_SESS_U00606_3_0_2,U00606,SESS_U00606_3_0,2026-06-04 09:54:00,somthing for hiking,3,legacy,8,91.6,0.5965
SU00606_3_SESS_U00606_3_1_0,U00606,SESS_U00606_3_1,2026-06-04 09:35:00,somthing for camping,3,legacy,8,37.5,0.5861
SU00608_3_SESS_U00608_3_0_0,U00608,SESS_U00608_3_0,2026-06-04 12:07:00,best loafers for a gift,5,legacy,8,82.1,0.5908
SU00610_3_SESS_U00610_3_0_0,U00610,SESS_U00610_3_0,2026-06-04 07:40:00,cheap charging cable,3,ai_semantic,8,198.7,0.650600016117096
SU00610_3_SESS_U00610_3_0_1,U00610,SESS_U00610_3_0,2026-06-04 10:18:00,somthing for camping,3,ai_semantic,8,195.1,0.4957999885082245
SU00611_3_SESS_U00611_3_0_0,U00611,SESS_U00611_3_0,2026-06-04 22:51:00,warm hoodie,2,ai_semantic,8,193.9,0.832099974155426
SU00614_3_SESS_U00614_3_0_0,U00614,SESS_U00614_3_0,2026-06-04 21:08:00,somthing for hiking,3,ai_semantic,8,234.9,0.5105999708175659
SU00614_3_SESS_U00614_3_0_1,U00614,SESS_U00614_3_0,2026-06-04 19:40:00,backpack,1,ai_semantic,8,139.7,0.6915000081062317
SU00620_3_SESS_U00620_3_0_0,U00620,SESS_U00620_3_0,2026-06-04 17:08:00,best sleeping bag for camping,5,ai_semantic,8,172.9,0.6815000176429749
SU00620_3_SESS_U00620_3_0_1,U00620,SESS_U00620_3_0,2026-06-04 16:12:00,somthing for a gift,4,ai_semantic,8,197.4,0.38440001010894775
SU00621_3_SESS_U00621_3_0_0,U00621,SESS_U00621_3_0,2026-06-04 07:52:00,somthing for my mom,4,legacy,8,57.4,0.5898
SU00621_3_SESS_U00621_3_1_0,U00621,SESS_U00621_3_1,2026-06-04 14:08:00,beanie moisture-wikcing,2,legacy,5,61.5,0.5894
SU00627_3_SESS_U00627_3_0_0,U00627,SESS_U00627_3_0,2026-06-04 20:31:00,waterproof sneakers for rain,4,legacy,8,81.6,0.5903
SU00628_3_SESS_U00628_3_0_0,U00628,SESS_U00628_3_0,2026-06-04 09:05:00,cheap backpack,2,ai_semantic,8,166.5,0.7013000249862671
SU00639_3_SESS_U00639_3_0_0,U00639,SESS_U00639_3_0,2026-06-04 13:04:00,mug under 50 dollars,4,ai_semantic,8,146.0,0.4936999976634979
SU00639_3_SESS_U00639_3_0_1,U00639,SESS_U00639_3_0,2026-06-04 18:44:00,hiking boots high-opt,3,ai_semantic,8,182.4,0.8263000249862671
SU00639_3_SESS_U00639_3_1_0,U00639,SESS_U00639_3_1,2026-06-04 19:19:00,gift sandals,2,ai_semantic,8,170.2,0.661300003528595
SU00639_3_SESS_U00639_3_1_1,U00639,SESS_U00639_3_1,2026-06-04 18:11:00,gift journal,2,ai_semantic,8,157.9,0.5812000036239624
SU00645_3_SESS_U00645_3_0_0,U00645,SESS_U00645_3_0,2026-06-04 17:45:00,gift jorunal,2,ai_semantic,8,158.7,0.3424000144004822
SU00647_3_SESS_U00647_3_0_0,U00647,SESS_U00647_3_0,2026-06-04 12:37:00,air fyrer,2,ai_semantic,8,172.5,0.47099998593330383
SU00649_3_SESS_U00649_3_0_0,U00649,SESS_U00649_3_0,2026-06-04 14:40:00,cheap jacket,2,ai_semantic,8,174.6,0.6244000196456909
SU00651_3_SESS_U00651_3_0_0,U00651,SESS_U00651_3_0,2026-06-04 09:17:00,thermal leggings,2,ai_semantic,8,193.9,0.8860999941825867
SU00660_3_SESS_U00660_3_0_0,U00660,SESS_U00660_3_0,2026-06-04 11:11:00,gift running shoes,3,legacy,8,86.9,0.5993
SU00665_3_SESS_U00665_3_0_0,U00665,SESS_U00665_3_0,2026-06-04 19:48:00,somthing for rain,3,ai_semantic,8,174.9,0.5149999856948853
SU00666_3_SESS_U00666_3_0_0,U00666,SESS_U00666_3_0,2026-06-04 10:51:00,fleece pullover,2,legacy,7,59.8,0.5814
SU00668_3_SESS_U00668_3_0_0,U00668,SESS_U00668_3_0,2026-06-04 13:07:00,slip-on sneakers for rain,4,legacy,8,77.6,0.56
SU00668_3_SESS_U00668_3_0_1,U00668,SESS_U00668_3_0,2026-06-04 16:19:00,noise-cancelling charging cabel for travel,5,legacy,8,62.5,0.5401
SU00668_3_SESS_U00668_3_0_2,U00668,SESS_U00668_3_0,2026-06-04 18:07:00,best earbuds for a gfit,5,legacy,8,124.9,0.5934
SU00670_3_SESS_U00670_3_0_0,U00670,SESS_U00670_3_0,2026-06-04 16:34:00,non-stick air fryer,3,ai_semantic,8,184.3,0.8761000037193298
SU00671_3_SESS_U00671_3_0_0,U00671,SESS_U00671_3_0,2026-06-04 11:01:00,ultralight cooler for rain,4,ai_semantic,8,117.6,0.7049000263214111
SU00674_3_SESS_U00674_3_0_0,U00674,SESS_U00674_3_0,2026-06-04 20:00:00,noise-cancelling charging cable,3,ai_semantic,8,222.4,0.8792999982833862
SU00674_3_SESS_U00674_3_0_1,U00674,SESS_U00674_3_0,2026-06-04 08:00:00,mixing bowl,2,ai_semantic,8,218.9,0.7674999833106995
SU00677_3_SESS_U00677_3_0_0,U00677,SESS_U00677_3_0,2026-06-04 12:35:00,toaster non-stikc,2,legacy,4,105.7,0.5798
SU00679_3_SESS_U00679_3_0_0,U00679,SESS_U00679_3_0,2026-06-04 14:33:00,hammock ultralihgt,2,legacy,7,104.0,0.5652
SU00679_3_SESS_U00679_3_1_0,U00679,SESS_U00679_3_1,2026-06-04 20:00:00,somthing for hiking,3,legacy,8,81.4,0.5912
SU00679_3_SESS_U00679_3_1_1,U00679,SESS_U00679_3_1,2026-06-04 21:40:00,rnuning shoes,2,legacy,8,112.3,0.5599
SU00692_3_SESS_U00692_3_0_0,U00692,SESS_U00692_3_0,2026-06-04 18:34:00,engraved gift box set for travel,6,ai_semantic,8,198.9,0.8077999949455261
SU00692_3_SESS_U00692_3_0_1,U00692,SESS_U00692_3_0,2026-06-04 21:07:00,best candle for hiking,4,ai_semantic,8,230.4,0.5978000164031982
SU00693_3_SESS_U00693_3_0_0,U00693,SESS_U00693_3_0,2026-06-04 18:04:00,somthing for camping,3,ai_semantic,8,126.5,0.4957999885082245
SU00693_3_SESS_U00693_3_0_1,U00693,SESS_U00693_3_0,2026-06-04 21:10:00,windproof sweater for travel,4,ai_semantic,8,179.4,0.7524999976158142
SU00698_3_SESS_U00698_3_0_0,U00698,SESS_U00698_3_0,2026-06-04 14:36:00,cheap tent,2,legacy,7,109.1,0.5876
SU00698_3_SESS_U00698_3_0_1,U00698,SESS_U00698_3_0,2026-06-04 14:57:00,hammock ultraligth,2,legacy,7,103.5,0.5729
SU00703_3_SESS_U00703_3_0_0,U00703,SESS_U00703_3_0,2026-06-04 12:54:00,headphones wirleess,2,legacy,6,128.4,0.5533
SU00704_3_SESS_U00704_3_0_0,U00704,SESS_U00704_3_0,2026-06-04 17:14:00,heavy-duty headlamp,2,ai_semantic,8,206.5,0.9074000120162964
SU00704_3_SESS_U00704_3_0_1,U00704,SESS_U00704_3_0,2026-06-04 12:34:00,candle handmaed,2,ai_semantic,8,165.3,0.6049000024795532
SU00707_3_SESS_U00707_3_0_0,U00707,SESS_U00707_3_0,2026-06-04 22:11:00,bluetooth headphones,2,ai_semantic,8,209.5,0.7412999868392944
SU00709_3_SESS_U00709_3_0_0,U00709,SESS_U00709_3_0,2026-06-04 12:34:00,air fryer under 50 dollars,5,ai_semantic,8,167.3,0.641700029373169
SU00709_3_SESS_U00709_3_0_1,U00709,SESS_U00709_3_0,2026-06-04 16:00:00,gift sweater,2,ai_semantic,8,149.2,0.7267000079154968
SU00709_3_SESS_U00709_3_0_2,U00709,SESS_U00709_3_0,2026-06-04 16:27:00,headlamp under 50 dollars,4,ai_semantic,8,174.4,0.6639999747276306
SU00709_3_SESS_U00709_3_1_0,U00709,SESS_U00709_3_1,2026-06-04 18:42:00,somthing for gym,3,ai_semantic,8,171.2,0.29350000619888306
SU00709_3_SESS_U00709_3_1_1,U00709,SESS_U00709_3_1,2026-06-04 10:32:00,hammock under 50 dolalrs,4,ai_semantic,8,166.9,0.5863000154495239
SU00712_3_SESS_U00712_3_0_0,U00712,SESS_U00712_3_0,2026-06-04 07:43:00,personalized journal for hiking,4,legacy,8,74.7,0.5831
SU00712_3_SESS_U00712_3_0_1,U00712,SESS_U00712_3_0,2026-06-04 08:04:00,cheap headphones,2,legacy,6,75.3,0.5248
SU00712_3_SESS_U00712_3_0_2,U00712,SESS_U00712_3_0,2026-06-04 07:40:00,tent weatheprroof,2,legacy,7,51.8,0.5711
SU00715_3_SESS_U00715_3_0_0,U00715,SESS_U00715_3_0,2026-06-04 20:30:00,best hiking boots for the office,6,legacy,8,62.4,0.5999
SU00718_3_SESS_U00718_3_0_0,U00718,SESS_U00718_3_0,2026-06-04 12:36:00,candle,1,ai_semantic,8,202.2,0.6956999897956848
SU00718_3_SESS_U00718_3_0_1,U00718,SESS_U00718_3_0,2026-06-04 13:09:00,candle engraevd,2,ai_semantic,8,142.1,0.5853000283241272
SU00718_3_SESS_U00718_3_0_2,U00718,SESS_U00718_3_0,2026-06-04 22:17:00,earbuds blueototh,2,ai_semantic,8,186.7,0.7020000219345093
SU00725_3_SESS_U00725_3_0_0,U00725,SESS_U00725_3_0,2026-06-04 20:53:00,rustic gift box set,4,legacy,8,89.3,0.5952
SU00727_3_SESS_U00727_3_0_0,U00727,SESS_U00727_3_0,2026-06-04 17:10:00,somthing for camping,3,legacy,8,99.2,0.5972
SU00731_3_SESS_U00731_3_0_0,U00731,SESS_U00731_3_0,2026-06-04 08:09:00,somthing for a gift,4,ai_semantic,8,202.7,0.38440001010894775
SU00731_3_SESS_U00731_3_0_1,U00731,SESS_U00731_3_0,2026-06-04 19:03:00,headlamp,1,ai_semantic,8,160.4,0.7141000032424927
SU00733_3_SESS_U00733_3_0_0,U00733,SESS_U00733_3_0,2026-06-04 20:36:00,ultralight camp stove,3,legacy,8,122.9,0.5637
SU00737_3_SESS_U00737_3_0_0,U00737,SESS_U00737_3_0,2026-06-04 22:55:00,cletas,1,ai_semantic,8,213.7,0.4361000061035156
SU00737_3_SESS_U00737_3_0_1,U00737,SESS_U00737_3_0,2026-06-04 18:52:00,cozy sweater,2,ai_semantic,8,151.1,0.838699996471405
SU00740_3_SESS_U00740_3_0_0,U00740,SESS_U00740_3_0,2026-06-04 07:29:00,somthing for a gift,4,legacy,8,115.5,0.5921
SU00745_3_SESS_U00745_3_0_0,U00745,SESS_U00745_3_0,2026-06-04 16:12:00,photo farme,2,ai_semantic,8,190.5,0.4587000012397766
SU00750_3_SESS_U00750_3_0_0,U00750,SESS_U00750_3_0,2026-06-04 11:04:00,somthing for travel,3,ai_semantic,8,147.1,0.3716999888420105
SU00750_3_SESS_U00750_3_1_0,U00750,SESS_U00750_3_1,2026-06-04 07:11:00,weatherproof tent,2,ai_semantic,8,181.5,0.8130000233650208
SU00750_3_SESS_U00750_3_1_1,U00750,SESS_U00750_3_1,2026-06-04 17:49:00,sleeping bag,2,ai_semantic,8,217.6,0.7472000122070312
SU00752_3_SESS_U00752_3_0_0,U00752,SESS_U00752_3_0,2026-06-04 14:52:00,gitf headphones,2,legacy,6,96.0,0.5608
SU00756_3_SESS_U00756_3_0_0,U00756,SESS_U00756_3_0,2026-06-04 22:57:00,somthing for gym,3,legacy,8,68.3,0.5211
SU00758_3_SESS_U00758_3_0_0,U00758,SESS_U00758_3_0,2026-06-04 17:57:00,best desk ornament for rain,5,legacy,8,59.1,0.563
SU00758_3_SESS_U00758_3_0_1,U00758,SESS_U00758_3_0,2026-06-04 13:04:00,non-stick toaster,2,legacy,8,87.4,0.5979
SU00758_3_SESS_U00758_3_1_0,U00758,SESS_U00758_3_1,2026-06-04 07:29:00,insulated sleeping bag for camping,5,legacy,8,123.8,0.5791
SU00760_3_SESS_U00760_3_0_0,U00760,SESS_U00760_3_0,2026-06-04 21:15:00,copmact power bank,3,legacy,6,98.5,0.5785
SU00760_3_SESS_U00760_3_0_1,U00760,SESS_U00760_3_0,2026-06-04 22:50:00,best headlamp for the office,5,legacy,8,75.2,0.5638
SU00761_3_SESS_U00761_3_0_0,U00761,SESS_U00761_3_0,2026-06-04 13:50:00,gift rain coat,3,legacy,8,80.7,0.5842
SU00761_3_SESS_U00761_3_0_1,U00761,SESS_U00761_3_0,2026-06-04 09:36:00,portable power bank for hiking,5,legacy,8,95.5,0.5852
SU00762_3_SESS_U00762_3_0_0,U00762,SESS_U00762_3_0,2026-06-04 21:46:00,personalized keychain for hiking,4,legacy,8,92.6,0.5898
SU00765_3_SESS_U00765_3_0_0,U00765,SESS_U00765_3_0,2026-06-04 08:10:00,gift power bank,3,ai_semantic,8,187.9,0.6348000168800354
SU00765_3_SESS_U00765_3_0_1,U00765,SESS_U00765_3_0,2026-06-04 11:20:00,somhting for the office,4,ai_semantic,8,202.7,0.34200000762939453
SU00772_3_SESS_U00772_3_0_0,U00772,SESS_U00772_3_0,2026-06-04 10:34:00,rustic candle for gym,4,ai_semantic,8,185.6,0.7156000137329102
SU00772_3_SESS_U00772_3_0_1,U00772,SESS_U00772_3_0,2026-06-04 21:36:00,fleece pullover sfot,3,ai_semantic,8,186.8,0.7651000022888184
SU00775_3_SESS_U00775_3_0_0,U00775,SESS_U00775_3_0,2026-06-04 13:30:00,somthing for winter,3,ai_semantic,8,233.7,0.4092999994754791
SU00775_3_SESS_U00775_3_0_1,U00775,SESS_U00775_3_0,2026-06-04 21:07:00,steel toaster under 50 dollars,5,ai_semantic,8,166.5,0.6304000020027161
SU00776_3_SESS_U00776_3_0_0,U00776,SESS_U00776_3_0,2026-06-04 12:48:00,cushioned running shoes,3,ai_semantic,8,222.2,0.9065999984741211
SU00778_3_SESS_U00778_3_0_0,U00778,SESS_U00778_3_0,2026-06-04 18:02:00,electric blender for my mom,5,ai_semantic,8,199.7,0.7264999747276306
SU00779_3_SESS_U00779_3_0_0,U00779,SESS_U00779_3_0,2026-06-04 14:35:00,compact chraging cable,3,legacy,8,78.8,0.5638
SU00779_3_SESS_U00779_3_0_1,U00779,SESS_U00779_3_0,2026-06-04 18:30:00,rustic gift box set,4,legacy,8,85.8,0.5357
SU00782_3_SESS_U00782_3_0_0,U00782,SESS_U00782_3_0,2026-06-04 21:08:00,waterproof winter boots for the office,6,legacy,8,70.8,0.4805
SU00782_3_SESS_U00782_3_0_1,U00782,SESS_U00782_3_0,2026-06-04 22:42:00,cheap sleeping bag,3,legacy,7,107.4,0.5943
SU00783_3_SESS_U00783_3_0_0,U00783,SESS_U00783_3_0,2026-06-04 16:38:00,webcam,1,ai_semantic,8,171.3,0.755299985408783
SU00784_3_SESS_U00784_3_0_0,U00784,SESS_U00784_3_0,2026-06-04 08:46:00,cheap beanie,2,legacy,5,88.1,0.5921
SU00784_3_SESS_U00784_3_0_1,U00784,SESS_U00784_3_0,2026-06-04 10:03:00,cheap mixing bowl,3,legacy,5,106.0,0.5986
SU00787_3_SESS_U00787_3_0_0,U00787,SESS_U00787_3_0,2026-06-04 08:51:00,personalized mug,2,legacy,8,105.4,0.5899
SU00793_3_SESS_U00793_3_0_0,U00793,SESS_U00793_3_0,2026-06-04 18:21:00,sneakers under 50 dollars,4,legacy,7,56.0,0.5899
SU00793_3_SESS_U00793_3_0_1,U00793,SESS_U00793_3_0,2026-06-04 17:29:00,slip-on hiking boots for camping,5,legacy,8,86.5,0.563
SU00793_3_SESS_U00793_3_0_2,U00793,SESS_U00793_3_0,2026-06-04 09:28:00,best loafers for travel,4,legacy,8,106.1,0.5703
SU00796_3_SESS_U00796_3_0_0,U00796,SESS_U00796_3_0,2026-06-04 09:25:00,wbecam,1,legacy,0,68.8,
SU00797_3_SESS_U00797_3_0_0,U00797,SESS_U00797_3_0,2026-06-04 08:00:00,insulated tnet,2,ai_semantic,8,164.1,0.46070000529289246
SU00003_4_SESS_U00003_4_0_0,U00003,SESS_U00003_4_0,2026-06-05 18:56:00,windproof hoodie for a gfit,5,ai_semantic,8,206.1,0.6970999836921692
SU00003_4_SESS_U00003_4_0_1,U00003,SESS_U00003_4_0,2026-06-05 19:24:00,camp stove flodable,3,ai_semantic,8,171.0,0.6560999751091003
SU00003_4_SESS_U00003_4_0_2,U00003,SESS_U00003_4_0,2026-06-05 22:42:00,gift cleats,2,ai_semantic,8,190.6,0.6107000112533569
SU00004_4_SESS_U00004_4_0_0,U00004,SESS_U00004_4_0,2026-06-05 13:53:00,somthing for travel,3,legacy,8,91.0,0.5947
SU00005_4_SESS_U00005_4_0_0,U00005,SESS_U00005_4_0,2026-06-05 07:16:00,gift candle,2,legacy,8,71.9,0.5596
SU00009_4_SESS_U00009_4_0_0,U00009,SESS_U00009_4_0,2026-06-05 19:38:00,candle,1,legacy,6,90.8,0.5746
SU00009_4_SESS_U00009_4_0_1,U00009,SESS_U00009_4_0,2026-06-05 12:19:00,compact mixing bowl,3,legacy,8,79.9,0.5998
SU00009_4_SESS_U00009_4_0_2,U00009,SESS_U00009_4_0,2026-06-05 11:42:00,keychain eleagnt,2,legacy,6,109.1,0.5519
SU00010_4_SESS_U00010_4_0_0,U00010,SESS_U00010_4_0,2026-06-05 22:39:00,running shoes,2,legacy,8,107.6,0.5462
SU00017_4_SESS_U00017_4_0_0,U00017,SESS_U00017_4_0,2026-06-05 18:06:00,gift sneakesr,2,ai_semantic,8,109.1,0.5407999753952026
SU00017_4_SESS_U00017_4_0_1,U00017,SESS_U00017_4_0,2026-06-05 09:33:00,somthing for gym,3,ai_semantic,8,163.8,0.29350000619888306
SU00025_4_SESS_U00025_4_0_0,U00025,SESS_U00025_4_0,2026-06-05 11:19:00,backpack heav-ydtuy,2,legacy,6,120.5,0.5972
SU00031_4_SESS_U00031_4_0_0,U00031,SESS_U00031_4_0,2026-06-05 10:05:00,gift winter boots,3,ai_semantic,8,114.8,0.6432999968528748
SU00032_4_SESS_U00032_4_0_0,U00032,SESS_U00032_4_0,2026-06-05 13:18:00,trail rnuning shoes,3,legacy,8,86.7,0.5132
SU00043_4_SESS_U00043_4_0_0,U00043,SESS_U00043_4_0,2026-06-05 19:44:00,gift beanie,2,ai_semantic,8,234.0,0.7200000286102295
SU00044_4_SESS_U00044_4_0_0,U00044,SESS_U00044_4_0,2026-06-05 14:03:00,cheap photo frame,3,ai_semantic,8,175.7,0.6934999823570251
SU00045_4_SESS_U00045_4_0_0,U00045,SESS_U00045_4_0,2026-06-05 21:45:00,somthing for a gift,4,ai_semantic,8,153.7,0.38440001010894775
SU00045_4_SESS_U00045_4_0_1,U00045,SESS_U00045_4_0,2026-06-05 14:56:00,somthing for my mom,4,ai_semantic,8,177.8,0.14970000088214874
SU00045_4_SESS_U00045_4_1_0,U00045,SESS_U00045_4_1,2026-06-05 10:56:00,gift power bank,3,ai_semantic,8,158.4,0.6348000168800354
SU00050_4_SESS_U00050_4_0_0,U00050,SESS_U00050_4_0,2026-06-05 13:50:00,somhting for travel,3,legacy,8,92.4,0.5843
SU00051_4_SESS_U00051_4_0_0,U00051,SESS_U00051_4_0,2026-06-05 21:12:00,charging cable bluetooth,3,ai_semantic,8,170.8,0.7649000287055969
SU00051_4_SESS_U00051_4_0_1,U00051,SESS_U00051_4_0,2026-06-05 19:07:00,cheap hoodie,2,ai_semantic,8,145.3,0.6844000220298767
SU00052_4_SESS_U00052_4_0_0,U00052,SESS_U00052_4_0,2026-06-05 08:57:00,engraved gift box set,4,ai_semantic,8,225.5,0.8682000041007996
SU00052_4_SESS_U00052_4_0_1,U00052,SESS_U00052_4_0,2026-06-05 20:36:00,keyhcain personalzied,2,ai_semantic,8,269.0,0.489300012588501
SU00058_4_SESS_U00058_4_0_0,U00058,SESS_U00058_4_0,2026-06-05 12:17:00,foldable headlamp,2,ai_semantic,8,166.3,0.866100013256073
SU00058_4_SESS_U00058_4_0_1,U00058,SESS_U00058_4_0,2026-06-05 13:53:00,mixing bowl,2,ai_semantic,8,179.7,0.7674999833106995
SU00059_4_SESS_U00059_4_0_0,U00059,SESS_U00059_4_0,2026-06-05 16:09:00,slip-on cleats for the office,5,legacy,8,68.8,0.5832
SU00060_4_SESS_U00060_4_0_0,U00060,SESS_U00060_4_0,2026-06-05 17:25:00,gift box set under 50 dolalrs,6,ai_semantic,8,184.6,0.6425999999046326
SU00069_4_SESS_U00069_4_0_0,U00069,SESS_U00069_4_0,2026-06-05 13:27:00,camp stove under 50 dollars,5,ai_semantic,8,158.4,0.6337000131607056
SU00069_4_SESS_U00069_4_0_1,U00069,SESS_U00069_4_0,2026-06-05 13:41:00,tent under 50 dollars,4,ai_semantic,8,132.8,0.6215999722480774
SU00069_4_SESS_U00069_4_1_0,U00069,SESS_U00069_4_1,2026-06-05 22:37:00,cheap desk ornament,3,ai_semantic,8,192.1,0.7311999797821045
SU00069_4_SESS_U00069_4_1_1,U00069,SESS_U00069_4_1,2026-06-05 21:10:00,windproof sweater,2,ai_semantic,8,202.7,0.8483999967575073
SU00076_4_SESS_U00076_4_0_0,U00076,SESS_U00076_4_0,2026-06-05 16:42:00,cooler,1,legacy,6,111.6,0.4869
SU00076_4_SESS_U00076_4_0_1,U00076,SESS_U00076_4_0,2026-06-05 13:48:00,gift tetn,2,legacy,6,104.0,0.5918
SU00081_4_SESS_U00081_4_0_0,U00081,SESS_U00081_4_0,2026-06-05 15:00:00,beanie wram,2,ai_semantic,8,136.9,0.6176999807357788
SU00081_4_SESS_U00081_4_0_1,U00081,SESS_U00081_4_0,2026-06-05 22:36:00,mug under 50 dollars,4,ai_semantic,8,211.7,0.4936999976634979
SU00082_4_SESS_U00082_4_0_0,U00082,SESS_U00082_4_0,2026-06-05 12:08:00,gift witner boots,3,legacy,8,89.4,0.5391
SU00082_4_SESS_U00082_4_0_1,U00082,SESS_U00082_4_0,2026-06-05 20:47:00,soft jacket,2,legacy,8,82.4,0.5887
SU00087_4_SESS_U00087_4_0_0,U00087,SESS_U00087_4_0,2026-06-05 21:42:00,somthing for winter,3,ai_semantic,8,177.5,0.4092999994754791
SU00088_4_SESS_U00088_4_0_0,U00088,SESS_U00088_4_0,2026-06-05 15:09:00,speaker wirelses,2,legacy,5,105.8,0.5962
SU00089_4_SESS_U00089_4_0_0,U00089,SESS_U00089_4_0,2026-06-05 19:21:00,cheap headlamp,2,legacy,6,93.2,0.5243
SU00089_4_SESS_U00089_4_1_0,U00089,SESS_U00089_4_1,2026-06-05 11:12:00,rain coat under 50 dollars,5,legacy,6,118.5,0.564
SU00089_4_SESS_U00089_4_1_1,U00089,SESS_U00089_4_1,2026-06-05 08:47:00,beaine,1,legacy,0,120.8,
SU00089_4_SESS_U00089_4_1_2,U00089,SESS_U00089_4_1,2026-06-05 17:58:00,gift winter boots,3,legacy,8,91.4,0.591
SU00100_4_SESS_U00100_4_0_0,U00100,SESS_U00100_4_0,2026-06-05 09:35:00,best charging cable for the office,6,ai_semantic,8,118.6,0.5968000292778015
SU00100_4_SESS_U00100_4_1_0,U00100,SESS_U00100_4_1,2026-06-05 19:23:00,cheap sneakers,2,ai_semantic,8,203.8,0.6583999991416931
SU00102_4_SESS_U00102_4_0_0,U00102,SESS_U00102_4_0,2026-06-05 09:23:00,somthing for rain,3,ai_semantic,8,196.9,0.5149999856948853
SU00104_4_SESS_U00104_4_0_0,U00104,SESS_U00104_4_0,2026-06-05 20:18:00,gift power bank,3,ai_semantic,8,203.9,0.6348000168800354
SU00107_4_SESS_U00107_4_0_0,U00107,SESS_U00107_4_0,2026-06-05 19:43:00,gift mug,2,legacy,8,105.2,0.5591
SU00107_4_SESS_U00107_4_1_0,U00107,SESS_U00107_4_1,2026-06-05 17:55:00,lightweight thermal leggings,3,legacy,8,79.5,0.5717
SU00108_4_SESS_U00108_4_0_0,U00108,SESS_U00108_4_0,2026-06-05 15:55:00,somthing for hiking,3,legacy,8,125.5,0.5408
SU00109_4_SESS_U00109_4_0_0,U00109,SESS_U00109_4_0,2026-06-05 09:22:00,thermal leggings coyz,3,legacy,7,109.4,0.576
SU00112_4_SESS_U00112_4_0_0,U00112,SESS_U00112_4_0,2026-06-05 12:03:00,waetrproof running shoes,3,legacy,8,79.0,0.5904
SU00113_4_SESS_U00113_4_0_0,U00113,SESS_U00113_4_0,2026-06-05 07:39:00,gift camp stove,3,legacy,8,55.7,0.5788
SU00113_4_SESS_U00113_4_0_1,U00113,SESS_U00113_4_0,2026-06-05 19:13:00,somthing for hiking,3,legacy,8,77.1,0.5836
SU00125_4_SESS_U00125_4_0_0,U00125,SESS_U00125_4_0,2026-06-05 22:29:00,webcam,1,legacy,6,68.8,0.4852
SU00127_4_SESS_U00127_4_0_0,U00127,SESS_U00127_4_0,2026-06-05 19:02:00,somthing for travel,3,ai_semantic,8,221.1,0.3716999888420105
SU00128_4_SESS_U00128_4_0_0,U00128,SESS_U00128_4_0,2026-06-05 15:05:00,somthing for travel,3,ai_semantic,8,170.5,0.3716999888420105
SU00131_4_SESS_U00131_4_0_0,U00131,SESS_U00131_4_0,2026-06-05 16:58:00,cheap headphones,2,legacy,6,120.7,0.5883
SU00132_4_SESS_U00132_4_0_0,U00132,SESS_U00132_4_0,2026-06-05 08:10:00,best cleats for hiking,4,ai_semantic,8,203.6,0.7196000218391418
SU00134_4_SESS_U00134_4_0_0,U00134,SESS_U00134_4_0,2026-06-05 07:48:00,keychain engarved,2,legacy,6,67.3,0.5959
SU00135_4_SESS_U00135_4_0_0,U00135,SESS_U00135_4_0,2026-06-05 20:08:00,rechargeable earbuds for travel,4,legacy,8,81.6,0.5946
SU00135_4_SESS_U00135_4_0_1,U00135,SESS_U00135_4_0,2026-06-05 16:30:00,cookware set no-nstick,3,legacy,8,93.5,0.5586
SU00135_4_SESS_U00135_4_1_0,U00135,SESS_U00135_4_1,2026-06-05 21:44:00,somthing for camping,3,legacy,8,87.9,0.5934
SU00144_4_SESS_U00144_4_0_0,U00144,SESS_U00144_4_0,2026-06-05 09:09:00,sneakers,1,legacy,7,80.5,0.5384
SU00144_4_SESS_U00144_4_1_0,U00144,SESS_U00144_4_1,2026-06-05 08:57:00,moisture-wicking beanie for winter,4,legacy,8,106.2,0.5826
SU00144_4_SESS_U00144_4_1_1,U00144,SESS_U00144_4_1,2026-06-05 07:12:00,best backpack for camping,4,legacy,8,86.6,0.5733
SU00146_4_SESS_U00146_4_0_0,U00146,SESS_U00146_4_0,2026-06-05 15:58:00,cleats,1,legacy,7,79.2,0.5842
SU00152_4_SESS_U00152_4_0_0,U00152,SESS_U00152_4_0,2026-06-05 21:38:00,camp stove ultarlight,3,legacy,6,112.7,0.5684
SU00161_4_SESS_U00161_4_0_0,U00161,SESS_U00161_4_0,2026-06-05 22:28:00,best hiking boots for gym,5,ai_semantic,8,208.4,0.6983000040054321
SU00166_4_SESS_U00166_4_0_0,U00166,SESS_U00166_4_0,2026-06-05 13:07:00,windproof sweater,2,legacy,8,105.6,0.5929
SU00166_4_SESS_U00166_4_0_1,U00166,SESS_U00166_4_0,2026-06-05 19:02:00,gift loafers,2,legacy,8,78.9,0.5338
SU00170_4_SESS_U00170_4_0_0,U00170,SESS_U00170_4_0,2026-06-05 19:42:00,cheap snaekers,2,legacy,0,115.3,
SU00171_4_SESS_U00171_4_0_0,U00171,SESS_U00171_4_0,2026-06-05 15:27:00,hiking boots,2,legacy,8,74.7,0.5927
SU00171_4_SESS_U00171_4_0_1,U00171,SESS_U00171_4_0,2026-06-05 15:21:00,somthing for a gift,4,legacy,8,64.0,0.5717
SU00174_4_SESS_U00174_4_0_0,U00174,SESS_U00174_4_0,2026-06-05 09:27:00,lightweight sandals for camping,4,legacy,8,77.9,0.5653
SU00174_4_SESS_U00174_4_0_1,U00174,SESS_U00174_4_0,2026-06-05 19:53:00,running shoes under 50 dollars,5,legacy,8,88.4,0.5809
SU00177_4_SESS_U00177_4_0_0,U00177,SESS_U00177_4_0,2026-06-05 16:07:00,rian coat,2,legacy,6,82.5,0.5947
SU00177_4_SESS_U00177_4_0_1,U00177,SESS_U00177_4_0,2026-06-05 22:33:00,cheap thermal leggings,3,legacy,7,97.6,0.5938
SU00184_4_SESS_U00184_4_0_0,U00184,SESS_U00184_4_0,2026-06-05 19:17:00,best smartwatch for my mom,5,legacy,8,86.6,0.5968
SU00191_4_SESS_U00191_4_0_0,U00191,SESS_U00191_4_0,2026-06-05 17:00:00,portable camp stove for hiking,5,ai_semantic,8,182.4,0.7369999885559082
SU00192_4_SESS_U00192_4_0_0,U00192,SESS_U00192_4_0,2026-06-05 13:31:00,running shoes cusihoned,3,legacy,8,73.6,0.5884
SU00195_4_SESS_U00195_4_0_0,U00195,SESS_U00195_4_0,2026-06-05 15:47:00,headphones,1,ai_semantic,8,214.0,0.7024000287055969
SU00195_4_SESS_U00195_4_0_1,U00195,SESS_U00195_4_0,2026-06-05 15:18:00,cheap deks ornament,3,ai_semantic,8,178.1,0.3718999922275543
SU00198_4_SESS_U00198_4_0_0,U00198,SESS_U00198_4_0,2026-06-05 14:29:00,jacket under 50 dollars,4,ai_semantic,8,180.1,0.5066999793052673
SU00199_4_SESS_U00199_4_0_0,U00199,SESS_U00199_4_0,2026-06-05 16:35:00,journla,1,ai_semantic,8,188.1,0.22840000689029694
SU00199_4_SESS_U00199_4_0_1,U00199,SESS_U00199_4_0,2026-06-05 12:04:00,gift jouranl,2,ai_semantic,8,218.3,0.41440001130104065
SU00201_4_SESS_U00201_4_0_0,U00201,SESS_U00201_4_0,2026-06-05 07:56:00,cheap hammock,2,ai_semantic,8,191.0,0.7753999829292297
SU00205_4_SESS_U00205_4_0_0,U00205,SESS_U00205_4_0,2026-06-05 07:20:00,steel knife set under 50 dollars,6,legacy,8,65.9,0.5315
SU00211_4_SESS_U00211_4_0_0,U00211,SESS_U00211_4_0,2026-06-05 21:21:00,bluetooth power bank,3,legacy,8,101.0,0.5349
SU00214_4_SESS_U00214_4_0_0,U00214,SESS_U00214_4_0,2026-06-05 21:21:00,candle under 50 dollars,4,legacy,6,82.9,0.5729
SU00214_4_SESS_U00214_4_0_1,U00214,SESS_U00214_4_0,2026-06-05 16:30:00,somthing for tarvel,3,legacy,8,96.5,0.5103
SU00214_4_SESS_U00214_4_0_2,U00214,SESS_U00214_4_0,2026-06-05 09:14:00,gift smartawtch,2,legacy,6,81.1,0.5902
SU00215_4_SESS_U00215_4_0_0,U00215,SESS_U00215_4_0,2026-06-05 22:30:00,somthing for rain,3,legacy,8,99.4,0.5951
SU00216_4_SESS_U00216_4_0_0,U00216,SESS_U00216_4_0,2026-06-05 16:22:00,best sweater for winter,4,ai_semantic,8,241.9,0.7148000001907349
SU00218_4_SESS_U00218_4_0_0,U00218,SESS_U00218_4_0,2026-06-05 21:36:00,cheap fleece pullover,3,ai_semantic,8,159.5,0.8676000237464905
SU00218_4_SESS_U00218_4_0_1,U00218,SESS_U00218_4_0,2026-06-05 11:36:00,wireless earbuds for the office,5,ai_semantic,8,251.7,0.8149999976158142
SU00218_4_SESS_U00218_4_0_2,U00218,SESS_U00218_4_0,2026-06-05 15:54:00,ultralight sleeping bag,3,ai_semantic,8,161.3,0.8676999807357788
SU00223_4_SESS_U00223_4_0_0,U00223,SESS_U00223_4_0,2026-06-05 12:49:00,best hammock for winter,4,ai_semantic,8,185.0,0.7056999802589417
SU00223_4_SESS_U00223_4_0_1,U00223,SESS_U00223_4_0,2026-06-05 22:26:00,chepa cooler,2,ai_semantic,8,178.6,0.39959999918937683
SU00226_4_SESS_U00226_4_0_0,U00226,SESS_U00226_4_0,2026-06-05 20:12:00,photo frame personaliezd,3,legacy,6,68.2,0.5802
SU00227_4_SESS_U00227_4_0_0,U00227,SESS_U00227_4_0,2026-06-05 18:33:00,somthing for hiking,3,legacy,8,101.2,0.5967
SU00228_4_SESS_U00228_4_0_0,U00228,SESS_U00228_4_0,2026-06-05 10:00:00,best cookware set for a gift,6,legacy,8,81.9,0.5578
SU00232_4_SESS_U00232_4_0_0,U00232,SESS_U00232_4_0,2026-06-05 15:02:00,gitf headlamp,2,ai_semantic,8,235.6,0.5613999962806702
SU00233_4_SESS_U00233_4_0_0,U00233,SESS_U00233_4_0,2026-06-05 19:27:00,dishwasher-safe coffee maker,3,legacy,8,63.3,0.5917
SU00233_4_SESS_U00233_4_0_1,U00233,SESS_U00233_4_0,2026-06-05 20:31:00,bset jacket for travel,4,legacy,8,71.7,0.591
SU00239_4_SESS_U00239_4_0_0,U00239,SESS_U00239_4_0,2026-06-05 07:40:00,backpack,1,legacy,6,68.4,0.5797
SU00239_4_SESS_U00239_4_0_1,U00239,SESS_U00239_4_0,2026-06-05 10:38:00,somthing for hiking,3,legacy,8,106.9,0.5884
SU00247_4_SESS_U00247_4_0_0,U00247,SESS_U00247_4_0,2026-06-05 20:23:00,running shoes,2,legacy,8,129.4,0.5571
SU00249_4_SESS_U00249_4_0_0,U00249,SESS_U00249_4_0,2026-06-05 14:00:00,somtihng for camping,3,legacy,8,76.3,0.5698
SU00249_4_SESS_U00249_4_1_0,U00249,SESS_U00249_4_1,2026-06-05 15:10:00,best rain coat for the office,6,legacy,8,97.2,0.5856
SU00251_4_SESS_U00251_4_0_0,U00251,SESS_U00251_4_0,2026-06-05 18:51:00,trail cleats for the office,5,ai_semantic,8,139.8,0.7685999870300293
SU00257_4_SESS_U00257_4_0_0,U00257,SESS_U00257_4_0,2026-06-05 11:32:00,best smartwatch for travel,4,ai_semantic,8,159.9,0.6252999901771545
SU00257_4_SESS_U00257_4_0_1,U00257,SESS_U00257_4_0,2026-06-05 22:40:00,gift winter boots,3,ai_semantic,8,188.2,0.6432999968528748
SU00258_4_SESS_U00258_4_0_0,U00258,SESS_U00258_4_0,2026-06-05 18:57:00,gift webcam,2,legacy,8,100.4,0.5537
SU00258_4_SESS_U00258_4_0_1,U00258,SESS_U00258_4_0,2026-06-05 18:07:00,best sneakers for winter,4,legacy,8,112.3,0.5962
SU00263_4_SESS_U00263_4_0_0,U00263,SESS_U00263_4_0,2026-06-05 22:20:00,gift journal,2,legacy,8,102.0,0.5747
SU00264_4_SESS_U00264_4_0_0,U00264,SESS_U00264_4_0,2026-06-05 11:12:00,gift journal,2,legacy,8,118.6,0.5578
SU00266_4_SESS_U00266_4_0_0,U00266,SESS_U00266_4_0,2026-06-05 08:11:00,hiking boots under 50 dollars,5,legacy,8,78.7,0.5873
SU00268_4_SESS_U00268_4_0_0,U00268,SESS_U00268_4_0,2026-06-05 11:01:00,soft rain coat for rain,5,legacy,8,85.1,0.559
SU00269_4_SESS_U00269_4_0_0,U00269,SESS_U00269_4_0,2026-06-05 13:49:00,trail running shose,3,legacy,8,106.0,0.5632
SU00269_4_SESS_U00269_4_0_1,U00269,SESS_U00269_4_0,2026-06-05 16:29:00,cheap toaster,2,legacy,4,95.6,0.5417
SU00269_4_SESS_U00269_4_0_2,U00269,SESS_U00269_4_0,2026-06-05 11:21:00,somthing for campnig,3,legacy,8,126.2,0.572
SU00271_4_SESS_U00271_4_0_0,U00271,SESS_U00271_4_0,2026-06-05 21:44:00,headlamp ulrtalight,2,ai_semantic,8,190.9,0.6837999820709229
SU00273_4_SESS_U00273_4_0_0,U00273,SESS_U00273_4_0,2026-06-05 12:21:00,somthing for my mom,4,legacy,8,74.6,0.5343
SU00274_4_SESS_U00274_4_0_0,U00274,SESS_U00274_4_0,2026-06-05 19:13:00,waterproof running shoes for rain,5,legacy,8,83.3,0.5456
SU00277_4_SESS_U00277_4_0_0,U00277,SESS_U00277_4_0,2026-06-05 14:35:00,somthing for the office,4,legacy,8,91.5,0.5774
SU00281_4_SESS_U00281_4_0_0,U00281,SESS_U00281_4_0,2026-06-05 17:08:00,gift air fryer,3,legacy,8,93.4,0.5976
SU00281_4_SESS_U00281_4_0_1,U00281,SESS_U00281_4_0,2026-06-05 12:11:00,hoodie sotf,2,legacy,7,111.3,0.5304
SU00285_4_SESS_U00285_4_0_0,U00285,SESS_U00285_4_0,2026-06-05 17:47:00,candle,1,ai_semantic,8,194.6,0.6956999897956848
SU00285_4_SESS_U00285_4_0_1,U00285,SESS_U00285_4_0,2026-06-05 19:11:00,somthing for my mom,4,ai_semantic,8,186.1,0.14970000088214874
SU00285_4_SESS_U00285_4_0_2,U00285,SESS_U00285_4_0,2026-06-05 15:08:00,ultralight headlmap,2,ai_semantic,8,132.4,0.7032999992370605
SU00286_4_SESS_U00286_4_0_0,U00286,SESS_U00286_4_0,2026-06-05 13:24:00,copmact speaker,2,ai_semantic,8,221.8,0.490200012922287
SU00296_4_SESS_U00296_4_0_0,U00296,SESS_U00296_4_0,2026-06-05 13:53:00,ceramic air fryer,3,ai_semantic,8,146.9,0.8831999897956848
SU00296_4_SESS_U00296_4_0_1,U00296,SESS_U00296_4_0,2026-06-05 14:19:00,somthing for travel,3,ai_semantic,8,215.5,0.3716999888420105
SU00296_4_SESS_U00296_4_0_2,U00296,SESS_U00296_4_0,2026-06-05 10:44:00,personalized mug for the office,5,ai_semantic,8,211.6,0.7756999731063843
SU00303_4_SESS_U00303_4_0_0,U00303,SESS_U00303_4_0,2026-06-05 22:41:00,cheap steel blender,3,ai_semantic,8,239.6,0.6377999782562256
SU00303_4_SESS_U00303_4_0_1,U00303,SESS_U00303_4_0,2026-06-05 18:21:00,best mixing bowl for my mom,6,ai_semantic,8,186.0,0.6524999737739563
SU00307_4_SESS_U00307_4_0_0,U00307,SESS_U00307_4_0,2026-06-05 11:36:00,cheap headlamp,2,legacy,6,85.1,0.4593
SU00308_4_SESS_U00308_4_0_0,U00308,SESS_U00308_4_0,2026-06-05 14:53:00,beanie under 50 dollars,4,ai_semantic,8,152.9,0.6413000226020813
SU00308_4_SESS_U00308_4_0_1,U00308,SESS_U00308_4_0,2026-06-05 12:20:00,winter boots under 50 dollars,5,ai_semantic,8,149.7,0.5630000233650208
SU00308_4_SESS_U00308_4_1_0,U00308,SESS_U00308_4_1,2026-06-05 14:58:00,insulated cleats,2,ai_semantic,8,191.4,0.8313999772071838
SU00308_4_SESS_U00308_4_1_1,U00308,SESS_U00308_4_1,2026-06-05 10:29:00,somthing for hiking,3,ai_semantic,8,166.7,0.5105999708175659
SU00313_4_SESS_U00313_4_0_0,U00313,SESS_U00313_4_0,2026-06-05 15:32:00,somthing for a gift,4,ai_semantic,8,191.8,0.38440001010894775
SU00313_4_SESS_U00313_4_1_0,U00313,SESS_U00313_4_1,2026-06-05 15:42:00,rain coat under 50 dollars,5,ai_semantic,8,196.8,0.5964000225067139
SU00313_4_SESS_U00313_4_1_1,U00313,SESS_U00313_4_1,2026-06-05 15:15:00,breathable running shoes,3,ai_semantic,8,196.7,0.8873999714851379
SU00314_4_SESS_U00314_4_0_0,U00314,SESS_U00314_4_0,2026-06-05 15:59:00,cheap headphnoes,2,ai_semantic,8,107.4,0.4733999967575073
SU00314_4_SESS_U00314_4_0_1,U00314,SESS_U00314_4_0,2026-06-05 20:33:00,knife set,2,ai_semantic,8,179.5,0.7229999899864197
SU00314_4_SESS_U00314_4_0_2,U00314,SESS_U00314_4_0,2026-06-05 19:03:00,non-stick air fryer for travel,5,ai_semantic,8,162.7,0.7578999996185303
SU00318_4_SESS_U00318_4_0_0,U00318,SESS_U00318_4_0,2026-06-05 18:06:00,cheap chargnig cable,3,ai_semantic,8,227.7,0.47440001368522644
SU00321_4_SESS_U00321_4_0_0,U00321,SESS_U00321_4_0,2026-06-05 11:19:00,camp stove under 50 dollars,5,ai_semantic,8,168.4,0.6337000131607056
SU00321_4_SESS_U00321_4_0_1,U00321,SESS_U00321_4_0,2026-06-05 14:40:00,best gift box set for gym,6,ai_semantic,8,212.0,0.6891999840736389
SU00322_4_SESS_U00322_4_0_0,U00322,SESS_U00322_4_0,2026-06-05 19:04:00,cheap jacket,2,legacy,6,97.7,0.5682
SU00322_4_SESS_U00322_4_1_0,U00322,SESS_U00322_4_1,2026-06-05 19:27:00,high-top sneakers for hiking,4,legacy,8,104.3,0.5528
SU00322_4_SESS_U00322_4_1_1,U00322,SESS_U00322_4_1,2026-06-05 16:00:00,compact speaker,2,legacy,8,82.4,0.5516
SU00326_4_SESS_U00326_4_0_0,U00326,SESS_U00326_4_0,2026-06-05 07:12:00,candle engraevd,2,ai_semantic,8,214.0,0.5853000283241272
SU00326_4_SESS_U00326_4_1_0,U00326,SESS_U00326_4_1,2026-06-05 17:46:00,gift desk ornament,3,ai_semantic,8,167.3,0.7340999841690063
SU00330_4_SESS_U00330_4_0_0,U00330,SESS_U00330_4_0,2026-06-05 17:31:00,cheap sneakers,2,ai_semantic,8,181.2,0.6583999991416931
SU00330_4_SESS_U00330_4_0_1,U00330,SESS_U00330_4_0,2026-06-05 16:54:00,somthing for my mom,4,ai_semantic,8,173.8,0.14970000088214874
SU00330_4_SESS_U00330_4_1_0,U00330,SESS_U00330_4_1,2026-06-05 15:44:00,hiking botos,2,ai_semantic,8,172.9,0.4025999903678894
SU00333_4_SESS_U00333_4_0_0,U00333,SESS_U00333_4_0,2026-06-05 17:10:00,somthing for hiking,3,ai_semantic,8,202.6,0.5105999708175659
SU00335_4_SESS_U00335_4_0_0,U00335,SESS_U00335_4_0,2026-06-05 20:03:00,sweater under 50 dollars,4,legacy,7,121.0,0.5525
SU00336_4_SESS_U00336_4_0_0,U00336,SESS_U00336_4_0,2026-06-05 11:35:00,rechargeable webcam for the office,5,legacy,8,68.5,0.5814
SU00336_4_SESS_U00336_4_0_1,U00336,SESS_U00336_4_0,2026-06-05 20:17:00,jacket under 50 dollars,4,legacy,6,84.1,0.521
SU00337_4_SESS_U00337_4_0_0,U00337,SESS_U00337_4_0,2026-06-05 14:26:00,cheap cleats,2,legacy,7,110.3,0.55
SU00343_4_SESS_U00343_4_0_0,U00343,SESS_U00343_4_0,2026-06-05 21:59:00,jackte,1,legacy,0,121.3,
SU00347_4_SESS_U00347_4_0_0,U00347,SESS_U00347_4_0,2026-06-05 16:31:00,webcam under 50 dollars,4,ai_semantic,8,169.0,0.6146000027656555
SU00348_4_SESS_U00348_4_0_0,U00348,SESS_U00348_4_0,2026-06-05 08:04:00,best cookware set for hiking,5,ai_semantic,8,162.2,0.5325999855995178
SU00349_4_SESS_U00349_4_0_0,U00349,SESS_U00349_4_0,2026-06-05 20:51:00,air fryer,2,legacy,6,101.5,0.529
SU00358_4_SESS_U00358_4_0_0,U00358,SESS_U00358_4_0,2026-06-05 17:31:00,camp stove ultrlaight,3,ai_semantic,8,181.0,0.6536999940872192
SU00358_4_SESS_U00358_4_0_1,U00358,SESS_U00358_4_0,2026-06-05 15:32:00,lightweight lofaers,2,ai_semantic,8,212.7,0.53329998254776
SU00358_4_SESS_U00358_4_0_2,U00358,SESS_U00358_4_0,2026-06-05 22:10:00,fleece-lined sweater for the office,5,ai_semantic,8,175.1,0.7799000144004822
SU00362_4_SESS_U00362_4_0_0,U00362,SESS_U00362_4_0,2026-06-05 10:24:00,gift speaker,2,legacy,8,77.9,0.5433
SU00362_4_SESS_U00362_4_0_1,U00362,SESS_U00362_4_0,2026-06-05 18:38:00,hoodie,1,legacy,7,82.0,0.5889
SU00362_4_SESS_U00362_4_1_0,U00362,SESS_U00362_4_1,2026-06-05 08:23:00,handmade mug for travel,4,legacy,8,99.6,0.5731
SU00364_4_SESS_U00364_4_0_0,U00364,SESS_U00364_4_0,2026-06-05 16:36:00,mug,1,legacy,6,112.0,0.471
SU00364_4_SESS_U00364_4_0_1,U00364,SESS_U00364_4_0,2026-06-05 18:35:00,gift headlamp,2,legacy,8,127.0,0.5818
SU00364_4_SESS_U00364_4_1_0,U00364,SESS_U00364_4_1,2026-06-05 16:33:00,gift cadnle,2,legacy,6,76.8,0.5917
SU00366_4_SESS_U00366_4_0_0,U00366,SESS_U00366_4_0,2026-06-05 22:35:00,gitf earbuds,2,legacy,6,106.7,0.5448
SU00366_4_SESS_U00366_4_1_0,U00366,SESS_U00366_4_1,2026-06-05 19:10:00,elegant candle for gym,4,legacy,8,97.9,0.5737
SU00367_4_SESS_U00367_4_0_0,U00367,SESS_U00367_4_0,2026-06-05 08:23:00,gift camp stove,3,ai_semantic,8,146.2,0.758400022983551
SU00367_4_SESS_U00367_4_0_1,U00367,SESS_U00367_4_0,2026-06-05 07:35:00,gitf tent,2,ai_semantic,8,215.5,0.5231000185012817
SU00370_4_SESS_U00370_4_0_0,U00370,SESS_U00370_4_0,2026-06-05 11:59:00,cheap headphones,2,ai_semantic,8,179.2,0.6647999882698059
SU00370_4_SESS_U00370_4_0_1,U00370,SESS_U00370_4_0,2026-06-05 20:21:00,cheap camp stove,3,ai_semantic,8,178.9,0.7470999956130981
SU00371_4_SESS_U00371_4_0_0,U00371,SESS_U00371_4_0,2026-06-05 09:52:00,thermal leggings under 50 dollars,5,ai_semantic,8,188.1,0.7555000185966492
SU00372_4_SESS_U00372_4_0_0,U00372,SESS_U00372_4_0,2026-06-05 13:00:00,charging cable blueototh,3,legacy,6,107.3,0.5122
SU00374_4_SESS_U00374_4_0_0,U00374,SESS_U00374_4_0,2026-06-05 13:24:00,desk ornament handmaed,3,legacy,5,108.3,0.4976
SU00374_4_SESS_U00374_4_1_0,U00374,SESS_U00374_4_1,2026-06-05 16:06:00,winter boots under 50 dollars,5,legacy,8,127.1,0.598
SU00375_4_SESS_U00375_4_0_0,U00375,SESS_U00375_4_0,2026-06-05 14:40:00,earbuds rechargaeble,2,legacy,6,115.2,0.5924
SU00377_4_SESS_U00377_4_0_0,U00377,SESS_U00377_4_0,2026-06-05 14:29:00,keychain,1,ai_semantic,8,175.8,0.8173999786376953
SU00377_4_SESS_U00377_4_1_0,U00377,SESS_U00377_4_1,2026-06-05 19:03:00,chaep air fryer,3,ai_semantic,8,188.8,0.6359000205993652
SU00381_4_SESS_U00381_4_0_0,U00381,SESS_U00381_4_0,2026-06-05 09:16:00,bluetooth charigng cable for rain,5,ai_semantic,8,168.3,0.5026000142097473
SU00382_4_SESS_U00382_4_0_0,U00382,SESS_U00382_4_0,2026-06-05 19:31:00,best hoodie for the office,5,ai_semantic,8,203.7,0.6349999904632568
SU00382_4_SESS_U00382_4_0_1,U00382,SESS_U00382_4_0,2026-06-05 17:45:00,air fryer eletcric,3,ai_semantic,8,165.8,0.7527999877929688
SU00384_4_SESS_U00384_4_0_0,U00384,SESS_U00384_4_0,2026-06-05 16:23:00,noise-cancelling charging cable for my mom,6,ai_semantic,8,219.0,0.7839999794960022
SU00388_4_SESS_U00388_4_0_0,U00388,SESS_U00388_4_0,2026-06-05 10:34:00,hammock weatherproof,2,ai_semantic,8,137.6,0.8823999762535095
SU00391_4_SESS_U00391_4_0_0,U00391,SESS_U00391_4_0,2026-06-05 20:38:00,slip-on witner boots for gym,5,legacy,8,79.0,0.5584
SU00391_4_SESS_U00391_4_0_1,U00391,SESS_U00391_4_0,2026-06-05 12:37:00,sneakers taril,2,legacy,7,115.6,0.5787
SU00392_4_SESS_U00392_4_0_0,U00392,SESS_U00392_4_0,2026-06-05 13:26:00,laofers hig-htop,2,legacy,0,53.4,
SU00396_4_SESS_U00396_4_0_0,U00396,SESS_U00396_4_0,2026-06-05 16:54:00,best candle for hikign,4,legacy,8,62.8,0.585
SU00401_4_SESS_U00401_4_0_0,U00401,SESS_U00401_4_0,2026-06-05 20:00:00,speaker,1,ai_semantic,8,181.1,0.6450999975204468
SU00403_4_SESS_U00403_4_0_0,U00403,SESS_U00403_4_0,2026-06-05 11:37:00,sweater,1,legacy,7,66.5,0.574
SU00406_4_SESS_U00406_4_0_0,U00406,SESS_U00406_4_0,2026-06-05 21:38:00,dishwasher-safe knife set for winter,5,legacy,8,94.4,0.5331
SU00406_4_SESS_U00406_4_0_1,U00406,SESS_U00406_4_0,2026-06-05 12:47:00,sotmhing for gym,3,legacy,8,75.9,0.5851
SU00406_4_SESS_U00406_4_0_2,U00406,SESS_U00406_4_0,2026-06-05 18:26:00,waterproof running shoes,3,legacy,8,92.5,0.5756
SU00410_4_SESS_U00410_4_0_0,U00410,SESS_U00410_4_0,2026-06-05 22:13:00,best headlamp for gym,4,legacy,8,128.1,0.5081
SU00418_4_SESS_U00418_4_0_0,U00418,SESS_U00418_4_0,2026-06-05 07:50:00,charging cable under 50 dollars,5,legacy,6,105.7,0.5915
SU00418_4_SESS_U00418_4_0_1,U00418,SESS_U00418_4_0,2026-06-05 20:44:00,weatherproof backpack,2,legacy,8,95.2,0.5233
SU00421_4_SESS_U00421_4_0_0,U00421,SESS_U00421_4_0,2026-06-05 20:21:00,knife set under 50 dollars,5,legacy,8,104.0,0.5581
SU00423_4_SESS_U00423_4_0_0,U00423,SESS_U00423_4_0,2026-06-05 12:11:00,cheap rian coat,3,legacy,6,75.9,0.5911
SU00424_4_SESS_U00424_4_0_0,U00424,SESS_U00424_4_0,2026-06-05 18:48:00,earbuds under 50 dollars,4,ai_semantic,8,154.7,0.632099986076355
SU00426_4_SESS_U00426_4_0_0,U00426,SESS_U00426_4_0,2026-06-05 11:51:00,minimalist journal for the office,5,legacy,8,96.6,0.5887
SU00426_4_SESS_U00426_4_1_0,U00426,SESS_U00426_4_1,2026-06-05 08:14:00,best running shoes for my mom,6,legacy,8,81.0,0.5707
SU00432_4_SESS_U00432_4_0_0,U00432,SESS_U00432_4_0,2026-06-05 22:46:00,minimalist keychain,2,ai_semantic,8,180.5,0.8758999705314636
SU00432_4_SESS_U00432_4_0_1,U00432,SESS_U00432_4_0,2026-06-05 21:20:00,somthing for gym,3,ai_semantic,8,154.3,0.29350000619888306
SU00433_4_SESS_U00433_4_0_0,U00433,SESS_U00433_4_0,2026-06-05 08:10:00,cheap sleeping bag,3,ai_semantic,8,200.3,0.7495999932289124
SU00437_4_SESS_U00437_4_0_0,U00437,SESS_U00437_4_0,2026-06-05 10:45:00,cheap winter boots,3,legacy,8,79.0,0.5491
SU00444_4_SESS_U00444_4_0_0,U00444,SESS_U00444_4_0,2026-06-05 07:24:00,non-stick blender for travel,4,ai_semantic,8,139.6,0.6966000199317932
SU00444_4_SESS_U00444_4_0_1,U00444,SESS_U00444_4_0,2026-06-05 09:08:00,sleeping bag hevay-duty,3,ai_semantic,8,206.3,0.6970000267028809
SU00444_4_SESS_U00444_4_1_0,U00444,SESS_U00444_4_1,2026-06-05 15:52:00,moisture-wicking thermal leggings,3,ai_semantic,8,241.8,0.8673999905586243
SU00446_4_SESS_U00446_4_0_0,U00446,SESS_U00446_4_0,2026-06-05 21:03:00,trail witner boots,3,legacy,8,97.1,0.5848
SU00446_4_SESS_U00446_4_0_1,U00446,SESS_U00446_4_0,2026-06-05 22:29:00,somthing for the office,4,legacy,8,88.3,0.4827
SU00447_4_SESS_U00447_4_0_0,U00447,SESS_U00447_4_0,2026-06-05 15:21:00,compact speaker,2,legacy,8,47.6,0.5794
SU00451_4_SESS_U00451_4_0_0,U00451,SESS_U00451_4_0,2026-06-05 18:49:00,cheap hiking boots,3,legacy,8,72.7,0.5752
SU00457_4_SESS_U00457_4_0_0,U00457,SESS_U00457_4_0,2026-06-05 09:41:00,toaster under 50 dollars,4,ai_semantic,8,154.0,0.6606000065803528
SU00458_4_SESS_U00458_4_0_0,U00458,SESS_U00458_4_0,2026-06-05 19:21:00,somthing for hiking,3,ai_semantic,8,121.5,0.5105999708175659
SU00458_4_SESS_U00458_4_0_1,U00458,SESS_U00458_4_0,2026-06-05 12:45:00,gift thermal leggings,3,ai_semantic,8,142.0,0.7843000292778015
SU00458_4_SESS_U00458_4_0_2,U00458,SESS_U00458_4_0,2026-06-05 17:20:00,insulated sneakers for camping,4,ai_semantic,8,203.5,0.8310999870300293
SU00460_4_SESS_U00460_4_0_0,U00460,SESS_U00460_4_0,2026-06-05 17:51:00,cheap hoodie,2,legacy,7,59.5,0.5765
SU00463_4_SESS_U00463_4_0_0,U00463,SESS_U00463_4_0,2026-06-05 08:20:00,thermal leggings under 50 dollars,5,ai_semantic,8,121.4,0.7555000185966492
SU00464_4_SESS_U00464_4_0_0,U00464,SESS_U00464_4_0,2026-06-05 15:26:00,cheap cleats,2,ai_semantic,8,156.7,0.7530999779701233
SU00468_4_SESS_U00468_4_0_0,U00468,SESS_U00468_4_0,2026-06-05 13:30:00,hammock under 50 dollars,4,legacy,7,71.2,0.5596
SU00472_4_SESS_U00472_4_0_0,U00472,SESS_U00472_4_0,2026-06-05 10:34:00,jcaket moistrue-wicking,2,legacy,0,49.6,
SU00474_4_SESS_U00474_4_0_0,U00474,SESS_U00474_4_0,2026-06-05 19:43:00,rutsic gift box set,4,legacy,8,39.5,0.5715
SU00475_4_SESS_U00475_4_0_0,U00475,SESS_U00475_4_0,2026-06-05 22:13:00,best tent for gym,4,legacy,8,108.8,0.5825
SU00476_4_SESS_U00476_4_0_0,U00476,SESS_U00476_4_0,2026-06-05 14:36:00,best webcam for travel,4,legacy,8,74.3,0.5603
SU00476_4_SESS_U00476_4_0_1,U00476,SESS_U00476_4_0,2026-06-05 17:12:00,portable power bank for hiking,5,legacy,8,90.3,0.5627
SU00477_4_SESS_U00477_4_0_0,U00477,SESS_U00477_4_0,2026-06-05 14:24:00,cheap mug,2,ai_semantic,8,220.1,0.6538000106811523
SU00477_4_SESS_U00477_4_0_1,U00477,SESS_U00477_4_0,2026-06-05 10:26:00,noise-cancellign webcam for gym,4,ai_semantic,8,143.4,0.6977999806404114
SU00478_4_SESS_U00478_4_0_0,U00478,SESS_U00478_4_0,2026-06-05 11:01:00,somthing for the office,4,legacy,8,116.3,0.5977
SU00478_4_SESS_U00478_4_1_0,U00478,SESS_U00478_4_1,2026-06-05 07:20:00,webcam,1,legacy,6,48.4,0.5604
SU00478_4_SESS_U00478_4_1_1,U00478,SESS_U00478_4_1,2026-06-05 08:06:00,fleece pullover,2,legacy,7,116.2,0.5959
SU00478_4_SESS_U00478_4_1_2,U00478,SESS_U00478_4_1,2026-06-05 08:58:00,cehap earbuds,2,legacy,6,60.3,0.5215
SU00487_4_SESS_U00487_4_0_0,U00487,SESS_U00487_4_0,2026-06-05 16:27:00,somthing for my mom,4,ai_semantic,8,133.0,0.14970000088214874
SU00487_4_SESS_U00487_4_0_1,U00487,SESS_U00487_4_0,2026-06-05 11:28:00,engraved desk ornament,3,ai_semantic,8,190.6,0.8747000098228455
SU00487_4_SESS_U00487_4_1_0,U00487,SESS_U00487_4_1,2026-06-05 20:50:00,somthing for a gift,4,ai_semantic,8,173.7,0.38440001010894775
SU00487_4_SESS_U00487_4_1_1,U00487,SESS_U00487_4_1,2026-06-05 20:22:00,candle under 50 dollars,4,ai_semantic,8,148.2,0.5745999813079834
SU00490_4_SESS_U00490_4_0_0,U00490,SESS_U00490_4_0,2026-06-05 18:37:00,gift speaker,2,legacy,8,84.4,0.581
SU00490_4_SESS_U00490_4_0_1,U00490,SESS_U00490_4_0,2026-06-05 14:21:00,knife set no-nstick,3,legacy,8,74.9,0.5692
SU00490_4_SESS_U00490_4_0_2,U00490,SESS_U00490_4_0,2026-06-05 14:48:00,sleeping bag weatherprfoo,3,legacy,7,56.2,0.5839
SU00490_4_SESS_U00490_4_1_0,U00490,SESS_U00490_4_1,2026-06-05 16:15:00,chepa headlamp,2,legacy,6,133.7,0.5714
SU00502_4_SESS_U00502_4_0_0,U00502,SESS_U00502_4_0,2026-06-05 09:47:00,jacket,1,ai_semantic,8,174.5,0.6549000144004822
SU00503_4_SESS_U00503_4_0_0,U00503,SESS_U00503_4_0,2026-06-05 22:35:00,lightweight jacket for hiking,4,ai_semantic,8,205.3,0.7342000007629395
SU00503_4_SESS_U00503_4_0_1,U00503,SESS_U00503_4_0,2026-06-05 16:41:00,cookware set,2,ai_semantic,8,204.1,0.8016999959945679
SU00504_4_SESS_U00504_4_0_0,U00504,SESS_U00504_4_0,2026-06-05 20:00:00,camp stove heayv-duty,3,legacy,6,102.9,0.5327
SU00507_4_SESS_U00507_4_0_0,U00507,SESS_U00507_4_0,2026-06-05 19:56:00,best camp stove for my mom,6,legacy,8,91.1,0.5963
SU00509_4_SESS_U00509_4_0_0,U00509,SESS_U00509_4_0,2026-06-05 18:36:00,hammock under 50 dollars,4,ai_semantic,8,169.8,0.7077000141143799
SU00511_4_SESS_U00511_4_0_0,U00511,SESS_U00511_4_0,2026-06-05 15:49:00,somthing for rain,3,legacy,8,68.2,0.574
SU00513_4_SESS_U00513_4_0_0,U00513,SESS_U00513_4_0,2026-06-05 12:19:00,power bank,2,ai_semantic,8,203.1,0.7757999897003174
SU00513_4_SESS_U00513_4_0_1,U00513,SESS_U00513_4_0,2026-06-05 18:57:00,best cleats for camping,4,ai_semantic,8,184.0,0.6715999841690063
SU00523_4_SESS_U00523_4_0_0,U00523,SESS_U00523_4_0,2026-06-05 09:20:00,smartwatch,1,ai_semantic,8,184.2,0.7368999719619751
SU00533_4_SESS_U00533_4_0_0,U00533,SESS_U00533_4_0,2026-06-05 15:09:00,backpack under 50 dollars,4,legacy,6,79.0,0.5577
SU00535_4_SESS_U00535_4_0_0,U00535,SESS_U00535_4_0,2026-06-05 12:36:00,slip-on sneakers,2,ai_semantic,8,163.9,0.9063000082969666
SU00536_4_SESS_U00536_4_0_0,U00536,SESS_U00536_4_0,2026-06-05 19:47:00,rain coat under 50 dollars,5,ai_semantic,8,136.0,0.5964000225067139
SU00536_4_SESS_U00536_4_0_1,U00536,SESS_U00536_4_0,2026-06-05 21:48:00,high-top hiking boots for rani,5,ai_semantic,8,175.5,0.7063999772071838
SU00536_4_SESS_U00536_4_0_2,U00536,SESS_U00536_4_0,2026-06-05 16:10:00,compact knfie set,3,ai_semantic,8,166.8,0.483599990606308
SU00539_4_SESS_U00539_4_0_0,U00539,SESS_U00539_4_0,2026-06-05 11:07:00,soft beanie,2,legacy,8,111.3,0.596
SU00541_4_SESS_U00541_4_0_0,U00541,SESS_U00541_4_0,2026-06-05 18:00:00,cheap air fryer,3,legacy,6,80.3,0.5605
SU00547_4_SESS_U00547_4_0_0,U00547,SESS_U00547_4_0,2026-06-05 21:12:00,smartwatch rehcargeable,2,ai_semantic,8,165.7,0.6430000066757202
SU00547_4_SESS_U00547_4_1_0,U00547,SESS_U00547_4_1,2026-06-05 17:16:00,heavy-duty hammock,2,ai_semantic,8,135.2,0.9067999720573425
SU00548_4_SESS_U00548_4_0_0,U00548,SESS_U00548_4_0,2026-06-05 16:17:00,cheap mug,2,legacy,6,102.9,0.516
SU00548_4_SESS_U00548_4_1_0,U00548,SESS_U00548_4_1,2026-06-05 08:50:00,headphones,1,legacy,6,98.5,0.5744
SU00550_4_SESS_U00550_4_0_0,U00550,SESS_U00550_4_0,2026-06-05 12:23:00,gift mug,2,ai_semantic,8,165.3,0.6347000002861023
SU00550_4_SESS_U00550_4_0_1,U00550,SESS_U00550_4_0,2026-06-05 19:01:00,gift camp stove,3,ai_semantic,8,132.8,0.758400022983551
SU00551_4_SESS_U00551_4_0_0,U00551,SESS_U00551_4_0,2026-06-05 08:46:00,minimalist desk ornament,3,ai_semantic,8,172.2,0.9115999937057495
SU00557_4_SESS_U00557_4_0_0,U00557,SESS_U00557_4_0,2026-06-05 11:57:00,waterproof hiknig boots for winter,5,ai_semantic,8,168.3,0.7810999751091003
SU00557_4_SESS_U00557_4_0_1,U00557,SESS_U00557_4_0,2026-06-05 13:23:00,fleece pullover wamr,3,ai_semantic,8,136.4,0.7124000191688538
SU00559_4_SESS_U00559_4_0_0,U00559,SESS_U00559_4_0,2026-06-05 22:23:00,keychain under 50 dollars,4,legacy,6,57.9,0.5266
SU00559_4_SESS_U00559_4_0_1,U00559,SESS_U00559_4_0,2026-06-05 17:36:00,webcam portalbe,2,legacy,6,92.3,0.5839
SU00559_4_SESS_U00559_4_0_2,U00559,SESS_U00559_4_0,2026-06-05 11:35:00,dishwasher-safe knife set,3,legacy,8,63.1,0.4915
SU00559_4_SESS_U00559_4_1_0,U00559,SESS_U00559_4_1,2026-06-05 09:28:00,compatc webcam,2,legacy,6,87.8,0.5203
SU00559_4_SESS_U00559_4_1_1,U00559,SESS_U00559_4_1,2026-06-05 20:44:00,backpack,1,legacy,6,77.1,0.5276
SU00562_4_SESS_U00562_4_0_0,U00562,SESS_U00562_4_0,2026-06-05 16:38:00,best jacket for the office,5,ai_semantic,8,120.4,0.5419999957084656
SU00562_4_SESS_U00562_4_1_0,U00562,SESS_U00562_4_1,2026-06-05 08:47:00,somthing for my mom,4,ai_semantic,8,196.1,0.14970000088214874
SU00563_4_SESS_U00563_4_0_0,U00563,SESS_U00563_4_0,2026-06-05 08:17:00,sneakers trali,2,ai_semantic,8,221.9,0.6626999974250793
SU00563_4_SESS_U00563_4_1_0,U00563,SESS_U00563_4_1,2026-06-05 22:42:00,bluetooth webcam for a gift,5,ai_semantic,8,199.5,0.7409999966621399
SU00564_4_SESS_U00564_4_0_0,U00564,SESS_U00564_4_0,2026-06-05 18:51:00,air fryer eelctric,3,legacy,6,77.6,0.5852
SU00565_4_SESS_U00565_4_0_0,U00565,SESS_U00565_4_0,2026-06-05 21:27:00,cooler haevy-duyt,2,ai_semantic,8,147.1,0.38359999656677246
SU00565_4_SESS_U00565_4_0_1,U00565,SESS_U00565_4_0,2026-06-05 11:28:00,somthing for my mom,4,ai_semantic,8,136.8,0.14970000088214874
SU00565_4_SESS_U00565_4_0_2,U00565,SESS_U00565_4_0,2026-06-05 20:09:00,somthing for gym,3,ai_semantic,8,169.3,0.29350000619888306
SU00572_4_SESS_U00572_4_0_0,U00572,SESS_U00572_4_0,2026-06-05 19:17:00,somthing for gym,3,legacy,8,122.7,0.5935
SU00572_4_SESS_U00572_4_0_1,U00572,SESS_U00572_4_0,2026-06-05 10:20:00,desk ornament rusitc,3,legacy,5,77.8,0.5995
SU00572_4_SESS_U00572_4_1_0,U00572,SESS_U00572_4_1,2026-06-05 11:10:00,gift sandals,2,legacy,8,105.7,0.5925
SU00573_4_SESS_U00573_4_0_0,U00573,SESS_U00573_4_0,2026-06-05 20:15:00,sneakers,1,ai_semantic,8,177.0,0.7318000197410583
SU00578_4_SESS_U00578_4_0_0,U00578,SESS_U00578_4_0,2026-06-05 17:32:00,hammock under 50 dollars,4,ai_semantic,8,211.4,0.7077000141143799
SU00578_4_SESS_U00578_4_0_1,U00578,SESS_U00578_4_0,2026-06-05 13:38:00,steel toaster under 50 dollars,5,ai_semantic,8,168.0,0.6304000020027161
SU00578_4_SESS_U00578_4_0_2,U00578,SESS_U00578_4_0,2026-06-05 16:51:00,thermal leggings windproof,3,ai_semantic,8,174.1,0.9395999908447266
SU00582_4_SESS_U00582_4_0_0,U00582,SESS_U00582_4_0,2026-06-05 21:01:00,deks ornament rustci,3,ai_semantic,8,199.0,0.36899998784065247
SU00582_4_SESS_U00582_4_0_1,U00582,SESS_U00582_4_0,2026-06-05 21:16:00,waterproof sneakers for hiking,4,ai_semantic,8,167.4,0.85589998960495
SU00593_4_SESS_U00593_4_0_0,U00593,SESS_U00593_4_0,2026-06-05 16:15:00,cozy rain coat,3,legacy,8,88.4,0.5791
SU00595_4_SESS_U00595_4_0_0,U00595,SESS_U00595_4_0,2026-06-05 22:17:00,cheap webcam,2,ai_semantic,8,204.6,0.6915000081062317
SU00595_4_SESS_U00595_4_1_0,U00595,SESS_U00595_4_1,2026-06-05 07:46:00,best knife set for winter,5,ai_semantic,8,180.2,0.5672000050544739
SU00597_4_SESS_U00597_4_0_0,U00597,SESS_U00597_4_0,2026-06-05 18:45:00,best journal for my mom,5,ai_semantic,8,107.5,0.5936999917030334
SU00599_4_SESS_U00599_4_0_0,U00599,SESS_U00599_4_0,2026-06-05 21:35:00,somthing for gym,3,legacy,8,78.5,0.5294
SU00599_4_SESS_U00599_4_0_1,U00599,SESS_U00599_4_0,2026-06-05 21:32:00,stainless steel air fryer,4,legacy,8,96.0,0.5653
SU00599_4_SESS_U00599_4_0_2,U00599,SESS_U00599_4_0,2026-06-05 21:23:00,handmade desk ornament for the office,6,legacy,8,112.6,0.552
SU00601_4_SESS_U00601_4_0_0,U00601,SESS_U00601_4_0,2026-06-05 15:54:00,cheap journal,2,ai_semantic,8,164.1,0.682200014591217
SU00608_4_SESS_U00608_4_0_0,U00608,SESS_U00608_4_0,2026-06-05 20:29:00,somthing for a gift,4,legacy,8,99.5,0.5963
SU00611_4_SESS_U00611_4_0_0,U00611,SESS_U00611_4_0,2026-06-05 07:12:00,somhting for a gift,4,ai_semantic,8,234.5,0.41600000858306885
SU00611_4_SESS_U00611_4_1_0,U00611,SESS_U00611_4_1,2026-06-05 22:08:00,best sleeping bag for hiking,5,ai_semantic,8,124.8,0.6327000260353088
SU00611_4_SESS_U00611_4_1_1,U00611,SESS_U00611_4_1,2026-06-05 21:33:00,cushioned winter boots for rain,5,ai_semantic,8,148.7,0.7771000266075134
SU00612_4_SESS_U00612_4_0_0,U00612,SESS_U00612_4_0,2026-06-05 20:32:00,lightweight fleece pullover for travel,5,ai_semantic,8,159.9,0.8932999968528748
SU00612_4_SESS_U00612_4_0_1,U00612,SESS_U00612_4_0,2026-06-05 21:49:00,insulated backpack,2,ai_semantic,8,186.1,0.8367999792098999
SU00613_4_SESS_U00613_4_0_0,U00613,SESS_U00613_4_0,2026-06-05 15:26:00,warm fleece pullover for travel,5,ai_semantic,8,202.0,0.8302000164985657
SU00622_4_SESS_U00622_4_0_0,U00622,SESS_U00622_4_0,2026-06-05 20:36:00,somthing for camipng,3,legacy,8,59.1,0.527
SU00623_4_SESS_U00623_4_0_0,U00623,SESS_U00623_4_0,2026-06-05 13:21:00,cheap sweaetr,2,legacy,0,93.7,
SU00627_4_SESS_U00627_4_0_0,U00627,SESS_U00627_4_0,2026-06-05 08:36:00,best photo frmae for rain,5,legacy,8,116.1,0.5797
SU00627_4_SESS_U00627_4_0_1,U00627,SESS_U00627_4_0,2026-06-05 18:17:00,wireless earbuds,2,legacy,8,94.3,0.5756
SU00630_4_SESS_U00630_4_0_0,U00630,SESS_U00630_4_0,2026-06-05 17:37:00,insulated camp stove,3,ai_semantic,8,148.9,0.7947999835014343
SU00630_4_SESS_U00630_4_0_1,U00630,SESS_U00630_4_0,2026-06-05 08:44:00,somthing for camping,3,ai_semantic,8,217.9,0.4957999885082245
SU00631_4_SESS_U00631_4_0_0,U00631,SESS_U00631_4_0,2026-06-05 13:23:00,headphones,1,ai_semantic,8,190.4,0.7024000287055969
SU00632_4_SESS_U00632_4_0_0,U00632,SESS_U00632_4_0,2026-06-05 22:01:00,best hoodie for the office,5,legacy,8,83.2,0.57
SU00633_4_SESS_U00633_4_0_0,U00633,SESS_U00633_4_0,2026-06-05 07:57:00,compact mixing bowl for gym,5,legacy,8,87.5,0.5737
SU00633_4_SESS_U00633_4_0_1,U00633,SESS_U00633_4_0,2026-06-05 07:50:00,somthing for my mom,4,legacy,8,44.0,0.5756
SU00641_4_SESS_U00641_4_0_0,U00641,SESS_U00641_4_0,2026-06-05 10:07:00,somthing for camping,3,ai_semantic,8,155.7,0.4957999885082245
SU00643_4_SESS_U00643_4_0_0,U00643,SESS_U00643_4_0,2026-06-05 18:41:00,gfit hiking boots,3,legacy,8,85.0,0.5888
SU00643_4_SESS_U00643_4_0_1,U00643,SESS_U00643_4_0,2026-06-05 10:16:00,somthing for rain,3,legacy,8,78.7,0.5882
SU00655_4_SESS_U00655_4_0_0,U00655,SESS_U00655_4_0,2026-06-05 11:47:00,cheap desk ornament,3,ai_semantic,8,190.7,0.7311999797821045
SU00655_4_SESS_U00655_4_1_0,U00655,SESS_U00655_4_1,2026-06-05 14:04:00,hiking boots breahtabel,3,ai_semantic,8,226.5,0.6169000267982483
SU00655_4_SESS_U00655_4_1_1,U00655,SESS_U00655_4_1,2026-06-05 18:51:00,warm hoodie for travel,4,ai_semantic,8,174.1,0.7271000146865845
SU00660_4_SESS_U00660_4_0_0,U00660,SESS_U00660_4_0,2026-06-05 07:47:00,smothing for the office,4,legacy,8,103.1,0.5656
SU00660_4_SESS_U00660_4_0_1,U00660,SESS_U00660_4_0,2026-06-05 17:02:00,waterproof sneakers,2,legacy,8,70.4,0.5545
SU00660_4_SESS_U00660_4_0_2,U00660,SESS_U00660_4_0,2026-06-05 11:23:00,gift jacket,2,legacy,8,116.4,0.571
SU00673_4_SESS_U00673_4_0_0,U00673,SESS_U00673_4_0,2026-06-05 20:54:00,minimalist photo frame,3,legacy,8,81.2,0.5898
SU00675_4_SESS_U00675_4_0_0,U00675,SESS_U00675_4_0,2026-06-05 19:01:00,gift cleats,2,ai_semantic,8,109.3,0.6107000112533569
SU00677_4_SESS_U00677_4_0_0,U00677,SESS_U00677_4_0,2026-06-05 20:44:00,sweater,1,legacy,7,68.9,0.4896
SU00680_4_SESS_U00680_4_0_0,U00680,SESS_U00680_4_0,2026-06-05 20:42:00,somthing for gym,3,legacy,8,102.1,0.597
SU00684_4_SESS_U00684_4_0_0,U00684,SESS_U00684_4_0,2026-06-05 17:57:00,keychain minimlaist,2,legacy,6,94.0,0.5359
SU00684_4_SESS_U00684_4_0_1,U00684,SESS_U00684_4_0,2026-06-05 17:17:00,somthing for my mom,4,legacy,8,49.3,0.5661
SU00687_4_SESS_U00687_4_0_0,U00687,SESS_U00687_4_0,2026-06-05 21:46:00,running shoes waterrpoof,3,legacy,8,52.4,0.5846
SU00692_4_SESS_U00692_4_0_0,U00692,SESS_U00692_4_0,2026-06-05 14:40:00,cheap hoodie,2,ai_semantic,8,182.1,0.6844000220298767
SU00692_4_SESS_U00692_4_0_1,U00692,SESS_U00692_4_0,2026-06-05 10:26:00,headphones,1,ai_semantic,8,226.2,0.7024000287055969
SU00692_4_SESS_U00692_4_0_2,U00692,SESS_U00692_4_0,2026-06-05 10:18:00,portable sleeping bag for travel,5,ai_semantic,8,161.6,0.7825999855995178
SU00695_4_SESS_U00695_4_0_0,U00695,SESS_U00695_4_0,2026-06-05 15:45:00,stainless steel toaster,3,legacy,8,94.4,0.5643
SU00695_4_SESS_U00695_4_0_1,U00695,SESS_U00695_4_0,2026-06-05 22:59:00,somthing for winter,3,legacy,8,96.2,0.5853
SU00696_4_SESS_U00696_4_0_0,U00696,SESS_U00696_4_0,2026-06-05 20:43:00,hiking boots,2,legacy,8,101.1,0.5934
SU00703_4_SESS_U00703_4_0_0,U00703,SESS_U00703_4_0,2026-06-05 22:56:00,journla under 50 dollars,4,legacy,0,96.9,
SU00704_4_SESS_U00704_4_0_0,U00704,SESS_U00704_4_0,2026-06-05 11:23:00,non-stick blender for the office,5,ai_semantic,8,154.6,0.7935000061988831
SU00705_4_SESS_U00705_4_0_0,U00705,SESS_U00705_4_0,2026-06-05 07:22:00,power bakn rehcargeable,3,ai_semantic,8,182.1,0.40950000286102295
SU00705_4_SESS_U00705_4_0_1,U00705,SESS_U00705_4_0,2026-06-05 11:35:00,cozy hoodie,2,ai_semantic,8,175.9,0.8567000031471252
SU00711_4_SESS_U00711_4_0_0,U00711,SESS_U00711_4_0,2026-06-05 20:07:00,desk ornament,2,legacy,5,112.9,0.5709
SU00711_4_SESS_U00711_4_0_1,U00711,SESS_U00711_4_0,2026-06-05 18:51:00,desk ornament rutsic,3,legacy,5,91.7,0.5473
SU00712_4_SESS_U00712_4_0_0,U00712,SESS_U00712_4_0,2026-06-05 22:34:00,gift rain coat,3,legacy,8,81.8,0.5759
SU00713_4_SESS_U00713_4_0_0,U00713,SESS_U00713_4_0,2026-06-05 15:09:00,blender elecrtic,2,ai_semantic,8,206.0,0.4672999978065491
SU00713_4_SESS_U00713_4_0_1,U00713,SESS_U00713_4_0,2026-06-05 07:40:00,gift cleats,2,ai_semantic,8,181.9,0.6107000112533569
SU00715_4_SESS_U00715_4_0_0,U00715,SESS_U00715_4_0,2026-06-05 07:48:00,weatherproof backpack,2,legacy,8,113.2,0.581
SU00716_4_SESS_U00716_4_0_0,U00716,SESS_U00716_4_0,2026-06-05 13:24:00,best sneakers for rain,4,legacy,8,76.9,0.5818
SU00716_4_SESS_U00716_4_0_1,U00716,SESS_U00716_4_0,2026-06-05 13:57:00,gift kecyhain,2,legacy,6,87.8,0.5913
SU00716_4_SESS_U00716_4_0_2,U00716,SESS_U00716_4_0,2026-06-05 09:11:00,gift backpack,2,legacy,8,99.7,0.5787
SU00720_4_SESS_U00720_4_0_0,U00720,SESS_U00720_4_0,2026-06-05 07:01:00,gift cookware set,3,legacy,8,107.6,0.5627
SU00721_4_SESS_U00721_4_0_0,U00721,SESS_U00721_4_0,2026-06-05 20:03:00,headphones wierless,2,ai_semantic,8,200.7,0.6367999911308289
SU00726_4_SESS_U00726_4_0_0,U00726,SESS_U00726_4_0,2026-06-05 13:33:00,gift sandals,2,ai_semantic,8,85.6,0.661300003528595
SU00726_4_SESS_U00726_4_0_1,U00726,SESS_U00726_4_0,2026-06-05 16:21:00,slip-on winter boots,3,ai_semantic,8,184.3,0.9047999978065491
SU00729_4_SESS_U00729_4_0_0,U00729,SESS_U00729_4_0,2026-06-05 14:06:00,charging cable poratble,3,ai_semantic,8,196.5,0.5382999777793884
SU00729_4_SESS_U00729_4_0_1,U00729,SESS_U00729_4_0,2026-06-05 14:37:00,cheap charging calbe,3,ai_semantic,8,150.4,0.3395000100135803
SU00729_4_SESS_U00729_4_1_0,U00729,SESS_U00729_4_1,2026-06-05 16:47:00,coffee maker creamic,3,ai_semantic,8,186.8,0.5267000198364258
SU00734_4_SESS_U00734_4_0_0,U00734,SESS_U00734_4_0,2026-06-05 14:28:00,gift earbuds,2,ai_semantic,8,141.7,0.6978999972343445
SU00735_4_SESS_U00735_4_0_0,U00735,SESS_U00735_4_0,2026-06-05 22:11:00,handmade mug,2,legacy,8,98.8,0.5412
SU00735_4_SESS_U00735_4_0_1,U00735,SESS_U00735_4_0,2026-06-05 15:25:00,camp stove ultralihgt,3,legacy,6,134.4,0.4984
SU00735_4_SESS_U00735_4_1_0,U00735,SESS_U00735_4_1,2026-06-05 13:31:00,thermal leggings sotf,3,legacy,7,94.4,0.5724
SU00736_4_SESS_U00736_4_0_0,U00736,SESS_U00736_4_0,2026-06-05 22:04:00,elegant mug for gym,4,legacy,8,92.1,0.5861
SU00736_4_SESS_U00736_4_0_1,U00736,SESS_U00736_4_0,2026-06-05 08:42:00,cheap air fryer,3,legacy,6,112.4,0.5968
SU00736_4_SESS_U00736_4_0_2,U00736,SESS_U00736_4_0,2026-06-05 10:43:00,gift hiking boots,3,legacy,8,71.4,0.5865
SU00738_4_SESS_U00738_4_0_0,U00738,SESS_U00738_4_0,2026-06-05 11:13:00,photo frame engrvaed,3,legacy,6,148.1,0.595
SU00738_4_SESS_U00738_4_0_1,U00738,SESS_U00738_4_0,2026-06-05 20:04:00,seleping bag,2,legacy,7,83.9,0.5737
SU00738_4_SESS_U00738_4_0_2,U00738,SESS_U00738_4_0,2026-06-05 20:44:00,smartwatch noise-cacnelling,2,legacy,5,115.7,0.4946
SU00740_4_SESS_U00740_4_0_0,U00740,SESS_U00740_4_0,2026-06-05 22:12:00,gift tent,2,legacy,8,71.5,0.5912
SU00740_4_SESS_U00740_4_0_1,U00740,SESS_U00740_4_0,2026-06-05 22:33:00,hoodie under 50 dollars,4,legacy,7,88.3,0.5817
SU00741_4_SESS_U00741_4_0_0,U00741,SESS_U00741_4_0,2026-06-05 20:23:00,cleats cushionde,2,legacy,7,81.7,0.5512
SU00750_4_SESS_U00750_4_0_0,U00750,SESS_U00750_4_0,2026-06-05 13:58:00,cheap cookware set,3,ai_semantic,8,156.0,0.7125999927520752
SU00752_4_SESS_U00752_4_0_0,U00752,SESS_U00752_4_0,2026-06-05 09:57:00,smartwatch copmact,2,legacy,5,122.6,0.5531
SU00753_4_SESS_U00753_4_0_0,U00753,SESS_U00753_4_0,2026-06-05 16:43:00,cooler fodlable,2,legacy,6,98.0,0.5942
SU00754_4_SESS_U00754_4_0_0,U00754,SESS_U00754_4_0,2026-06-05 12:13:00,best webcam for my mom,5,ai_semantic,8,188.9,0.6383000016212463
SU00755_4_SESS_U00755_4_0_0,U00755,SESS_U00755_4_0,2026-06-05 20:31:00,coffee maker under 50 dollars,5,legacy,5,89.7,0.5555
SU00755_4_SESS_U00755_4_0_1,U00755,SESS_U00755_4_0,2026-06-05 08:44:00,tent,1,legacy,7,48.3,0.5442
SU00757_4_SESS_U00757_4_0_0,U00757,SESS_U00757_4_0,2026-06-05 18:48:00,journal under 50 dollars,4,legacy,6,80.2,0.5583
SU00758_4_SESS_U00758_4_0_0,U00758,SESS_U00758_4_0,2026-06-05 15:50:00,somthing for winter,3,legacy,8,121.8,0.5848
SU00758_4_SESS_U00758_4_0_1,U00758,SESS_U00758_4_0,2026-06-05 15:40:00,gift earbuds,2,legacy,8,89.9,0.5983
SU00759_4_SESS_U00759_4_0_0,U00759,SESS_U00759_4_0,2026-06-05 11:16:00,gift air fryer,3,ai_semantic,8,169.5,0.6712999939918518
SU00760_4_SESS_U00760_4_0_0,U00760,SESS_U00760_4_0,2026-06-05 11:21:00,noise-cancelling headphones,2,legacy,8,98.2,0.5555
SU00761_4_SESS_U00761_4_0_0,U00761,SESS_U00761_4_0,2026-06-05 20:37:00,photo frame hadnamde,3,legacy,6,107.4,0.5758
SU00762_4_SESS_U00762_4_0_0,U00762,SESS_U00762_4_0,2026-06-05 10:44:00,jackte,1,legacy,0,78.0,
SU00763_4_SESS_U00763_4_0_0,U00763,SESS_U00763_4_0,2026-06-05 14:35:00,photo frame,2,ai_semantic,8,174.0,0.7457000017166138
SU00765_4_SESS_U00765_4_0_0,U00765,SESS_U00765_4_0,2026-06-05 11:02:00,trail hiking boots,3,ai_semantic,8,176.3,0.8169000148773193
SU00765_4_SESS_U00765_4_0_1,U00765,SESS_U00765_4_0,2026-06-05 10:38:00,somthing for camping,3,ai_semantic,8,190.9,0.4957999885082245
SU00767_4_SESS_U00767_4_0_0,U00767,SESS_U00767_4_0,2026-06-05 20:13:00,chaep sweater,2,legacy,7,121.7,0.5945
SU00769_4_SESS_U00769_4_0_0,U00769,SESS_U00769_4_0,2026-06-05 13:37:00,somthnig for rain,3,ai_semantic,8,215.7,0.4521999955177307
SU00770_4_SESS_U00770_4_0_0,U00770,SESS_U00770_4_0,2026-06-05 19:32:00,somthing for my mom,4,legacy,8,76.4,0.5272
SU00772_4_SESS_U00772_4_0_0,U00772,SESS_U00772_4_0,2026-06-05 15:13:00,compact coffee maekr for winter,5,ai_semantic,8,188.4,0.5694000124931335
SU00772_4_SESS_U00772_4_0_1,U00772,SESS_U00772_4_0,2026-06-05 22:29:00,chepa cookware set,3,ai_semantic,8,163.1,0.6287999749183655
SU00773_4_SESS_U00773_4_0_0,U00773,SESS_U00773_4_0,2026-06-05 07:29:00,personalized mug for hiking,4,legacy,8,91.6,0.5747
SU00778_4_SESS_U00778_4_0_0,U00778,SESS_U00778_4_0,2026-06-05 07:34:00,moisture-wicking hoodie for hiking,4,ai_semantic,8,223.0,0.8019000291824341
SU00778_4_SESS_U00778_4_0_1,U00778,SESS_U00778_4_0,2026-06-05 15:34:00,warm thermal leggings for camping,5,ai_semantic,8,170.9,0.843500018119812
SU00783_4_SESS_U00783_4_0_0,U00783,SESS_U00783_4_0,2026-06-05 11:07:00,camp stove under 50 dollars,5,ai_semantic,8,163.2,0.6337000131607056
SU00783_4_SESS_U00783_4_1_0,U00783,SESS_U00783_4_1,2026-06-05 22:49:00,cheap sneakers,2,ai_semantic,8,192.5,0.6583999991416931
SU00793_4_SESS_U00793_4_0_0,U00793,SESS_U00793_4_0,2026-06-05 07:54:00,headlamp,1,legacy,6,92.6,0.5946
SU00793_4_SESS_U00793_4_0_1,U00793,SESS_U00793_4_0,2026-06-05 15:31:00,personalized photo frame for gym,5,legacy,8,79.5,0.5801
SU00795_4_SESS_U00795_4_0_0,U00795,SESS_U00795_4_0,2026-06-05 14:23:00,tent isnulated,2,ai_semantic,8,161.3,0.6273999810218811
SU00795_4_SESS_U00795_4_1_0,U00795,SESS_U00795_4_1,2026-06-05 14:38:00,somthing for my mom,4,ai_semantic,8,152.4,0.14970000088214874
SU00795_4_SESS_U00795_4_1_1,U00795,SESS_U00795_4_1,2026-06-05 07:28:00,rustic mug for winter,4,ai_semantic,8,160.4,0.7935000061988831
SU00795_4_SESS_U00795_4_1_2,U00795,SESS_U00795_4_1,2026-06-05 16:15:00,hoodie under 50 dollars,4,ai_semantic,8,190.2,0.5626000165939331
SU00002_5_SESS_U00002_5_0_0,U00002,SESS_U00002_5_0,2026-06-06 21:18:00,cheap cleats,2,legacy,7,98.2,0.54
SU00005_5_SESS_U00005_5_0_0,U00005,SESS_U00005_5_0,2026-06-06 12:45:00,thermal leggings czoy,3,legacy,7,130.7,0.5899
SU00008_5_SESS_U00008_5_0_0,U00008,SESS_U00008_5_0,2026-06-06 16:11:00,cheap candle,2,legacy,6,109.9,0.4835
SU00008_5_SESS_U00008_5_1_0,U00008,SESS_U00008_5_1,2026-06-06 13:33:00,cheap cleats,2,legacy,7,56.3,0.5331
SU00008_5_SESS_U00008_5_1_1,U00008,SESS_U00008_5_1,2026-06-06 20:20:00,gift hammock,2,legacy,8,59.0,0.5572
SU00008_5_SESS_U00008_5_1_2,U00008,SESS_U00008_5_1,2026-06-06 10:54:00,backpack hevay-duty,2,legacy,6,85.7,0.4836
SU00010_5_SESS_U00010_5_0_0,U00010,SESS_U00010_5_0,2026-06-06 13:03:00,noise-cancelling headphnoes for hiking,4,legacy,8,104.3,0.5816
SU00013_5_SESS_U00013_5_0_0,U00013,SESS_U00013_5_0,2026-06-06 20:31:00,foldable hammokc for camping,4,ai_semantic,8,133.1,0.7574999928474426
SU00013_5_SESS_U00013_5_1_0,U00013,SESS_U00013_5_1,2026-06-06 12:00:00,best hoodie for rani,4,ai_semantic,8,155.9,0.5497999787330627
SU00013_5_SESS_U00013_5_1_1,U00013,SESS_U00013_5_1,2026-06-06 13:07:00,cheap camp stove,3,ai_semantic,8,182.2,0.7470999956130981
SU00013_5_SESS_U00013_5_1_2,U00013,SESS_U00013_5_1,2026-06-06 18:08:00,somthing for camping,3,ai_semantic,8,185.8,0.4957999885082245
SU00018_5_SESS_U00018_5_0_0,U00018,SESS_U00018_5_0,2026-06-06 11:09:00,electric tosater,2,legacy,6,90.1,0.5344
SU00019_5_SESS_U00019_5_0_0,U00019,SESS_U00019_5_0,2026-06-06 13:41:00,noise-cancelling smartwatch for travel,4,legacy,8,66.0,0.5875
SU00019_5_SESS_U00019_5_0_1,U00019,SESS_U00019_5_0,2026-06-06 11:32:00,somthing for camping,3,legacy,8,105.2,0.5951
SU00023_5_SESS_U00023_5_0_0,U00023,SESS_U00023_5_0,2026-06-06 07:34:00,best charging cable for winter,5,legacy,8,115.6,0.5586
SU00023_5_SESS_U00023_5_1_0,U00023,SESS_U00023_5_1,2026-06-06 14:44:00,cheap cookware set,3,legacy,8,73.9,0.5679
SU00027_5_SESS_U00027_5_0_0,U00027,SESS_U00027_5_0,2026-06-06 14:49:00,coffee maker ceraimc,3,ai_semantic,8,210.9,0.516700029373169
SU00027_5_SESS_U00027_5_0_1,U00027,SESS_U00027_5_0,2026-06-06 07:58:00,cheap earbuds,2,ai_semantic,8,251.2,0.7153000235557556
SU00027_5_SESS_U00027_5_0_2,U00027,SESS_U00027_5_0,2026-06-06 13:51:00,mug minimalist,2,ai_semantic,8,178.5,0.8410999774932861
SU00027_5_SESS_U00027_5_1_0,U00027,SESS_U00027_5_1,2026-06-06 16:11:00,earbuds bluteooth,2,ai_semantic,8,195.5,0.6699000000953674
SU00027_5_SESS_U00027_5_1_1,U00027,SESS_U00027_5_1,2026-06-06 17:16:00,rain coat,2,ai_semantic,8,156.1,0.7587000131607056
SU00029_5_SESS_U00029_5_0_0,U00029,SESS_U00029_5_0,2026-06-06 13:37:00,gift sweater,2,legacy,8,71.5,0.5968
SU00031_5_SESS_U00031_5_0_0,U00031,SESS_U00031_5_0,2026-06-06 12:06:00,best camp stove for a gift,6,ai_semantic,8,159.3,0.7638999819755554
SU00034_5_SESS_U00034_5_0_0,U00034,SESS_U00034_5_0,2026-06-06 08:27:00,hiking boots hihg-top,3,legacy,8,78.8,0.5563
SU00039_5_SESS_U00039_5_0_0,U00039,SESS_U00039_5_0,2026-06-06 20:22:00,somthing for a gift,4,legacy,8,53.0,0.5418
SU00039_5_SESS_U00039_5_0_1,U00039,SESS_U00039_5_0,2026-06-06 20:22:00,senakers under 50 dollars,4,legacy,0,84.4,
SU00039_5_SESS_U00039_5_0_2,U00039,SESS_U00039_5_0,2026-06-06 11:15:00,hiking boots under 50 dollars,5,legacy,8,95.8,0.5741
SU00040_5_SESS_U00040_5_0_0,U00040,SESS_U00040_5_0,2026-06-06 14:47:00,mug presonalized,2,ai_semantic,8,172.6,0.6169000267982483
SU00040_5_SESS_U00040_5_0_1,U00040,SESS_U00040_5_0,2026-06-06 16:14:00,somthing for a gift,4,ai_semantic,8,200.9,0.38440001010894775
SU00043_5_SESS_U00043_5_0_0,U00043,SESS_U00043_5_0,2026-06-06 15:54:00,running shoes waterporof,3,ai_semantic,8,188.1,0.7239999771118164
SU00045_5_SESS_U00045_5_0_0,U00045,SESS_U00045_5_0,2026-06-06 17:05:00,sweater,1,ai_semantic,8,177.7,0.7430999875068665
SU00046_5_SESS_U00046_5_0_0,U00046,SESS_U00046_5_0,2026-06-06 17:02:00,cheap charging cable,3,ai_semantic,8,240.9,0.650600016117096
SU00048_5_SESS_U00048_5_0_0,U00048,SESS_U00048_5_0,2026-06-06 18:38:00,best backpack for camping,4,legacy,8,121.4,0.5438
SU00048_5_SESS_U00048_5_0_1,U00048,SESS_U00048_5_0,2026-06-06 12:54:00,gift phoot frame,3,legacy,8,64.8,0.5839
SU00049_5_SESS_U00049_5_0_0,U00049,SESS_U00049_5_0,2026-06-06 17:19:00,camp stove under 50 dollars,5,legacy,6,91.4,0.573
SU00049_5_SESS_U00049_5_0_1,U00049,SESS_U00049_5_0,2026-06-06 15:54:00,running shoes under 50 dollars,5,legacy,8,63.0,0.5776
SU00050_5_SESS_U00050_5_0_0,U00050,SESS_U00050_5_0,2026-06-06 17:15:00,candle eleagnt,2,legacy,6,91.3,0.5656
SU00055_5_SESS_U00055_5_0_0,U00055,SESS_U00055_5_0,2026-06-06 18:54:00,chepa journal,2,ai_semantic,8,152.6,0.4823000133037567
SU00057_5_SESS_U00057_5_0_0,U00057,SESS_U00057_5_0,2026-06-06 10:33:00,engraved journal,2,legacy,8,79.8,0.5647
SU00057_5_SESS_U00057_5_0_1,U00057,SESS_U00057_5_0,2026-06-06 14:23:00,gitf headlamp,2,legacy,6,67.2,0.5727
SU00057_5_SESS_U00057_5_0_2,U00057,SESS_U00057_5_0,2026-06-06 14:08:00,tent compcat,2,legacy,7,117.9,0.5787
SU00057_5_SESS_U00057_5_1_0,U00057,SESS_U00057_5_1,2026-06-06 16:26:00,stainless steel mixing bowl for rain,6,legacy,8,101.8,0.5364
SU00057_5_SESS_U00057_5_1_1,U00057,SESS_U00057_5_1,2026-06-06 09:45:00,weatherproof hammock for hiking,4,legacy,8,41.9,0.531
SU00057_5_SESS_U00057_5_1_2,U00057,SESS_U00057_5_1,2026-06-06 07:47:00,charging cable rehcargeable,3,legacy,6,78.0,0.5731
SU00059_5_SESS_U00059_5_0_0,U00059,SESS_U00059_5_0,2026-06-06 18:07:00,mug,1,legacy,6,74.7,0.5489
SU00061_5_SESS_U00061_5_0_0,U00061,SESS_U00061_5_0,2026-06-06 14:03:00,cheap rain coat,3,legacy,6,55.7,0.5555
SU00068_5_SESS_U00068_5_0_0,U00068,SESS_U00068_5_0,2026-06-06 20:34:00,photo frame elegatn,3,ai_semantic,8,187.3,0.652999997138977
SU00068_5_SESS_U00068_5_0_1,U00068,SESS_U00068_5_0,2026-06-06 15:27:00,foldable headlamp for my mom,5,ai_semantic,8,175.9,0.7419999837875366
SU00070_5_SESS_U00070_5_0_0,U00070,SESS_U00070_5_0,2026-06-06 15:49:00,cheap beanie,2,ai_semantic,8,168.3,0.7346000075340271
SU00070_5_SESS_U00070_5_0_1,U00070,SESS_U00070_5_0,2026-06-06 10:37:00,cheap blender,2,ai_semantic,8,216.1,0.5781000256538391
SU00070_5_SESS_U00070_5_0_2,U00070,SESS_U00070_5_0,2026-06-06 11:10:00,insulated hiking boots for winter,5,ai_semantic,8,169.5,0.7993000149726868
SU00070_5_SESS_U00070_5_1_0,U00070,SESS_U00070_5_1,2026-06-06 15:49:00,somthnig for winter,3,ai_semantic,8,163.6,0.4056999981403351
SU00074_5_SESS_U00074_5_0_0,U00074,SESS_U00074_5_0,2026-06-06 14:18:00,best beanie for the offiec,5,ai_semantic,8,153.1,0.667900025844574
SU00089_5_SESS_U00089_5_0_0,U00089,SESS_U00089_5_0,2026-06-06 18:18:00,jounral under 50 dollars,4,legacy,0,148.3,
SU00091_5_SESS_U00091_5_0_0,U00091,SESS_U00091_5_0,2026-06-06 22:47:00,somthing for travel,3,legacy,8,75.9,0.5778
SU00091_5_SESS_U00091_5_0_1,U00091,SESS_U00091_5_0,2026-06-06 09:16:00,sweater,1,legacy,7,99.0,0.5883
SU00104_5_SESS_U00104_5_0_0,U00104,SESS_U00104_5_0,2026-06-06 14:34:00,somtihng for my mom,4,ai_semantic,8,166.6,0.16290000081062317
SU00107_5_SESS_U00107_5_0_0,U00107,SESS_U00107_5_0,2026-06-06 17:32:00,moisture-wicking sweater for a gift,5,legacy,8,110.4,0.555
SU00112_5_SESS_U00112_5_0_0,U00112,SESS_U00112_5_0,2026-06-06 17:18:00,somthing for a gift,4,legacy,8,77.3,0.5236
SU00112_5_SESS_U00112_5_1_0,U00112,SESS_U00112_5_1,2026-06-06 19:01:00,cheap headphones,2,legacy,6,123.2,0.5921
SU00114_5_SESS_U00114_5_0_0,U00114,SESS_U00114_5_0,2026-06-06 07:14:00,fleece pullover,2,legacy,7,95.4,0.4856
SU00114_5_SESS_U00114_5_0_1,U00114,SESS_U00114_5_0,2026-06-06 08:11:00,cmap stove under 50 dollars,5,legacy,6,74.7,0.5592
SU00114_5_SESS_U00114_5_0_2,U00114,SESS_U00114_5_0,2026-06-06 18:35:00,gift gift box set,4,legacy,8,105.6,0.5798
SU00116_5_SESS_U00116_5_0_0,U00116,SESS_U00116_5_0,2026-06-06 11:01:00,ultralight sleeping bag,3,legacy,8,85.6,0.5746
SU00116_5_SESS_U00116_5_0_1,U00116,SESS_U00116_5_0,2026-06-06 14:23:00,steel coffee maker stianless,4,legacy,8,80.5,0.5943
SU00117_5_SESS_U00117_5_0_0,U00117,SESS_U00117_5_0,2026-06-06 07:44:00,compact power bank for camping,5,ai_semantic,8,168.6,0.7651000022888184
SU00117_5_SESS_U00117_5_1_0,U00117,SESS_U00117_5_1,2026-06-06 17:04:00,lightweight fleece pullover for my mom,6,ai_semantic,8,171.0,0.8360999822616577
SU00117_5_SESS_U00117_5_1_1,U00117,SESS_U00117_5_1,2026-06-06 18:33:00,sleeping bag under 50 dollars,5,ai_semantic,8,164.2,0.6424999833106995
SU00121_5_SESS_U00121_5_0_0,U00121,SESS_U00121_5_0,2026-06-06 21:42:00,minimalist candle for rain,4,ai_semantic,8,198.3,0.6535999774932861
SU00121_5_SESS_U00121_5_1_0,U00121,SESS_U00121_5_1,2026-06-06 14:53:00,best jakcet for rain,4,ai_semantic,8,183.1,0.43950000405311584
SU00122_5_SESS_U00122_5_0_0,U00122,SESS_U00122_5_0,2026-06-06 14:11:00,best headlamp for hiking,4,ai_semantic,8,139.3,0.590399980545044
SU00130_5_SESS_U00130_5_0_0,U00130,SESS_U00130_5_0,2026-06-06 22:01:00,gift toaster,2,ai_semantic,8,157.3,0.7207000255584717
SU00138_5_SESS_U00138_5_0_0,U00138,SESS_U00138_5_0,2026-06-06 12:18:00,bluetooth charging cable for the office,6,ai_semantic,8,208.4,0.6765000224113464
SU00142_5_SESS_U00142_5_0_0,U00142,SESS_U00142_5_0,2026-06-06 10:03:00,headphones,1,legacy,6,77.5,0.5777
SU00142_5_SESS_U00142_5_0_1,U00142,SESS_U00142_5_0,2026-06-06 16:06:00,cheap rain coat,3,legacy,6,92.1,0.568
SU00144_5_SESS_U00144_5_0_0,U00144,SESS_U00144_5_0,2026-06-06 12:32:00,foldable camp stove for travel,5,legacy,8,81.0,0.5752
SU00148_5_SESS_U00148_5_0_0,U00148,SESS_U00148_5_0,2026-06-06 20:50:00,insulated winter boots,3,legacy,8,62.0,0.5229
SU00148_5_SESS_U00148_5_0_1,U00148,SESS_U00148_5_0,2026-06-06 07:45:00,cheap steel knife set,4,legacy,8,85.0,0.5106
SU00148_5_SESS_U00148_5_0_2,U00148,SESS_U00148_5_0,2026-06-06 16:48:00,fleece pullover fleece-linde,3,legacy,7,77.2,0.5381
SU00149_5_SESS_U00149_5_0_0,U00149,SESS_U00149_5_0,2026-06-06 16:44:00,jacket coyz,2,legacy,6,43.8,0.5983
SU00149_5_SESS_U00149_5_0_1,U00149,SESS_U00149_5_0,2026-06-06 15:39:00,cheap candle,2,legacy,6,51.5,0.5691
SU00149_5_SESS_U00149_5_1_0,U00149,SESS_U00149_5_1,2026-06-06 17:29:00,sandals isnultaed,2,legacy,4,73.9,0.3952
SU00151_5_SESS_U00151_5_0_0,U00151,SESS_U00151_5_0,2026-06-06 10:34:00,cheap mixing bowl,3,ai_semantic,8,159.5,0.727400004863739
SU00151_5_SESS_U00151_5_0_1,U00151,SESS_U00151_5_0,2026-06-06 20:27:00,gift spaeker,2,ai_semantic,8,214.5,0.4004000127315521
SU00157_5_SESS_U00157_5_0_0,U00157,SESS_U00157_5_0,2026-06-06 12:41:00,smartwatch under 50 dollars,4,legacy,5,80.7,0.5753
SU00158_5_SESS_U00158_5_0_0,U00158,SESS_U00158_5_0,2026-06-06 16:45:00,desk ornament under 50 dollars,5,legacy,5,86.8,0.5284
SU00168_5_SESS_U00168_5_0_0,U00168,SESS_U00168_5_0,2026-06-06 08:13:00,gift webcam,2,ai_semantic,8,151.6,0.6531999707221985
SU00172_5_SESS_U00172_5_0_0,U00172,SESS_U00172_5_0,2026-06-06 14:53:00,rustic mug,2,legacy,8,108.0,0.5798
SU00172_5_SESS_U00172_5_0_1,U00172,SESS_U00172_5_0,2026-06-06 18:55:00,slip-on running shoes,3,legacy,8,102.1,0.5985
SU00172_5_SESS_U00172_5_0_2,U00172,SESS_U00172_5_0,2026-06-06 16:30:00,gift sweater,2,legacy,8,104.5,0.5329
SU00175_5_SESS_U00175_5_0_0,U00175,SESS_U00175_5_0,2026-06-06 19:26:00,jacket sotf,2,legacy,6,112.6,0.5758
SU00181_5_SESS_U00181_5_0_0,U00181,SESS_U00181_5_0,2026-06-06 09:50:00,blender,1,ai_semantic,8,153.9,0.5227000117301941
SU00181_5_SESS_U00181_5_0_1,U00181,SESS_U00181_5_0,2026-06-06 22:12:00,gfit toaster,2,ai_semantic,8,199.5,0.538100004196167
SU00181_5_SESS_U00181_5_0_2,U00181,SESS_U00181_5_0,2026-06-06 19:52:00,somthing for rain,3,ai_semantic,8,181.3,0.5149999856948853
SU00184_5_SESS_U00184_5_0_0,U00184,SESS_U00184_5_0,2026-06-06 14:13:00,rustic photo frame,3,legacy,8,100.2,0.5299
SU00184_5_SESS_U00184_5_0_1,U00184,SESS_U00184_5_0,2026-06-06 09:08:00,best winter boots for travel,5,legacy,8,86.6,0.5598
SU00185_5_SESS_U00185_5_0_0,U00185,SESS_U00185_5_0,2026-06-06 21:24:00,bset knife set for hiking,5,legacy,8,107.2,0.5653
SU00185_5_SESS_U00185_5_0_1,U00185,SESS_U00185_5_0,2026-06-06 16:16:00,tent heav-yduty,2,legacy,7,96.4,0.5975
SU00185_5_SESS_U00185_5_0_2,U00185,SESS_U00185_5_0,2026-06-06 09:50:00,gift gift box set,4,legacy,8,79.1,0.5826
SU00186_5_SESS_U00186_5_0_0,U00186,SESS_U00186_5_0,2026-06-06 08:08:00,somthing for travel,3,legacy,8,65.0,0.5913
SU00186_5_SESS_U00186_5_0_1,U00186,SESS_U00186_5_0,2026-06-06 21:50:00,cheap headphones,2,legacy,6,124.4,0.5678
SU00187_5_SESS_U00187_5_0_0,U00187,SESS_U00187_5_0,2026-06-06 10:56:00,handmade mug,2,ai_semantic,8,166.2,0.8209999799728394
SU00188_5_SESS_U00188_5_0_0,U00188,SESS_U00188_5_0,2026-06-06 09:28:00,best tent for winter,4,legacy,8,113.7,0.5917
SU00189_5_SESS_U00189_5_0_0,U00189,SESS_U00189_5_0,2026-06-06 09:14:00,foldable hammock,2,legacy,8,67.1,0.5982
SU00189_5_SESS_U00189_5_0_1,U00189,SESS_U00189_5_0,2026-06-06 07:30:00,backpack flodable,2,legacy,6,109.5,0.5773
SU00191_5_SESS_U00191_5_0_0,U00191,SESS_U00191_5_0,2026-06-06 16:17:00,cheap sweater,2,ai_semantic,8,185.3,0.7432000041007996
SU00194_5_SESS_U00194_5_0_0,U00194,SESS_U00194_5_0,2026-06-06 17:46:00,somthing for camping,3,ai_semantic,8,148.7,0.4957999885082245
SU00195_5_SESS_U00195_5_0_0,U00195,SESS_U00195_5_0,2026-06-06 14:22:00,best coffee maker for hiking,5,ai_semantic,8,162.0,0.5156999826431274
SU00196_5_SESS_U00196_5_0_0,U00196,SESS_U00196_5_0,2026-06-06 21:57:00,somthing for the office,4,ai_semantic,8,201.2,0.2831999957561493
SU00197_5_SESS_U00197_5_0_0,U00197,SESS_U00197_5_0,2026-06-06 18:30:00,best sweater for hiking,4,legacy,8,92.9,0.5323
SU00197_5_SESS_U00197_5_0_1,U00197,SESS_U00197_5_0,2026-06-06 19:18:00,air fryer ceraimc,3,legacy,6,90.0,0.5613
SU00198_5_SESS_U00198_5_0_0,U00198,SESS_U00198_5_0,2026-06-06 17:55:00,somthing for the office,4,ai_semantic,8,224.3,0.2831999957561493
SU00198_5_SESS_U00198_5_0_1,U00198,SESS_U00198_5_0,2026-06-06 21:00:00,running shoes lgihtweight,3,ai_semantic,8,168.4,0.6704000234603882
SU00201_5_SESS_U00201_5_0_0,U00201,SESS_U00201_5_0,2026-06-06 17:13:00,recharegable headphones,2,ai_semantic,8,138.7,0.7807000279426575
SU00201_5_SESS_U00201_5_0_1,U00201,SESS_U00201_5_0,2026-06-06 22:40:00,cheap mug,2,ai_semantic,8,124.4,0.6538000106811523
SU00201_5_SESS_U00201_5_0_2,U00201,SESS_U00201_5_0,2026-06-06 19:33:00,foldable camp stove,3,ai_semantic,8,133.7,0.892799973487854
SU00202_5_SESS_U00202_5_0_0,U00202,SESS_U00202_5_0,2026-06-06 18:49:00,warm hoodie for my mom,5,legacy,8,80.1,0.4859
SU00202_5_SESS_U00202_5_0_1,U00202,SESS_U00202_5_0,2026-06-06 18:57:00,somthing for a gift,4,legacy,8,88.7,0.5943
SU00204_5_SESS_U00204_5_0_0,U00204,SESS_U00204_5_0,2026-06-06 22:23:00,electric air fryer for hiking,5,legacy,8,69.3,0.5561
SU00207_5_SESS_U00207_5_0_0,U00207,SESS_U00207_5_0,2026-06-06 14:44:00,hiking botos,2,legacy,7,86.4,0.5825
SU00207_5_SESS_U00207_5_0_1,U00207,SESS_U00207_5_0,2026-06-06 07:28:00,toaster diswhasher-safe,2,legacy,4,121.3,0.47
SU00207_5_SESS_U00207_5_1_0,U00207,SESS_U00207_5_1,2026-06-06 22:03:00,bets sneakers for hiking,4,legacy,8,84.5,0.5851
SU00210_5_SESS_U00210_5_0_0,U00210,SESS_U00210_5_0,2026-06-06 18:03:00,gift charging cable,3,ai_semantic,8,147.6,0.6168000102043152
SU00211_5_SESS_U00211_5_0_0,U00211,SESS_U00211_5_0,2026-06-06 09:22:00,smatrwatch compcat,2,legacy,0,86.2,
SU00211_5_SESS_U00211_5_0_1,U00211,SESS_U00211_5_0,2026-06-06 16:47:00,somthing for a gift,4,legacy,8,78.9,0.5921
SU00213_5_SESS_U00213_5_0_0,U00213,SESS_U00213_5_0,2026-06-06 13:33:00,dishawsher-safe knife set,3,ai_semantic,8,164.3,0.680899977684021
SU00213_5_SESS_U00213_5_0_1,U00213,SESS_U00213_5_0,2026-06-06 12:25:00,smartwatch,1,ai_semantic,8,230.0,0.7368999719619751
SU00213_5_SESS_U00213_5_0_2,U00213,SESS_U00213_5_0,2026-06-06 08:27:00,somthing for the office,4,ai_semantic,8,164.5,0.2831999957561493
SU00216_5_SESS_U00216_5_0_0,U00216,SESS_U00216_5_0,2026-06-06 21:35:00,best thermal leggings for gym,5,ai_semantic,8,214.8,0.7958999872207642
SU00216_5_SESS_U00216_5_1_0,U00216,SESS_U00216_5_1,2026-06-06 14:03:00,breathable hiking boots for my mom,6,ai_semantic,8,219.1,0.7056000232696533
SU00216_5_SESS_U00216_5_1_1,U00216,SESS_U00216_5_1,2026-06-06 12:59:00,cheap rain coat,3,ai_semantic,8,187.4,0.7279000282287598
SU00216_5_SESS_U00216_5_1_2,U00216,SESS_U00216_5_1,2026-06-06 09:09:00,best speaker for winter,4,ai_semantic,8,146.0,0.5774000287055969
SU00217_5_SESS_U00217_5_0_0,U00217,SESS_U00217_5_0,2026-06-06 08:01:00,backpack fodlabel,2,legacy,6,75.6,0.5786
SU00221_5_SESS_U00221_5_0_0,U00221,SESS_U00221_5_0,2026-06-06 09:15:00,cheap keychain,2,ai_semantic,8,180.2,0.7838000059127808
SU00226_5_SESS_U00226_5_0_0,U00226,SESS_U00226_5_0,2026-06-06 19:47:00,running shoes insualted,3,legacy,8,85.8,0.5992
SU00227_5_SESS_U00227_5_0_0,U00227,SESS_U00227_5_0,2026-06-06 09:13:00,compact mixing bowl,3,legacy,8,109.9,0.5741
SU00228_5_SESS_U00228_5_0_0,U00228,SESS_U00228_5_0,2026-06-06 13:41:00,somthing for gym,3,legacy,8,101.2,0.5955
SU00231_5_SESS_U00231_5_0_0,U00231,SESS_U00231_5_0,2026-06-06 17:55:00,tnet,1,legacy,0,129.7,
SU00232_5_SESS_U00232_5_0_0,U00232,SESS_U00232_5_0,2026-06-06 22:06:00,cookware set cmopact,3,ai_semantic,8,203.1,0.6312999725341797
SU00240_5_SESS_U00240_5_0_0,U00240,SESS_U00240_5_0,2026-06-06 19:06:00,charging cable under 50 dlolars,5,legacy,6,104.9,0.4859
SU00240_5_SESS_U00240_5_0_1,U00240,SESS_U00240_5_0,2026-06-06 07:49:00,somthing for gym,3,legacy,8,92.8,0.5952
SU00240_5_SESS_U00240_5_0_2,U00240,SESS_U00240_5_0,2026-06-06 15:12:00,portable sleeping bag for camping,5,legacy,8,58.1,0.5382
SU00240_5_SESS_U00240_5_1_0,U00240,SESS_U00240_5_1,2026-06-06 13:56:00,best webcam for the office,5,legacy,8,79.7,0.5215
SU00241_5_SESS_U00241_5_0_0,U00241,SESS_U00241_5_0,2026-06-06 21:33:00,non-stick blender for a gift,5,legacy,8,87.7,0.5532
SU00242_5_SESS_U00242_5_0_0,U00242,SESS_U00242_5_0,2026-06-06 12:53:00,somthing for hiking,3,ai_semantic,8,170.1,0.5105999708175659
SU00243_5_SESS_U00243_5_0_0,U00243,SESS_U00243_5_0,2026-06-06 10:27:00,mixing bowl under 50 dollars,5,legacy,5,78.0,0.573
SU00243_5_SESS_U00243_5_1_0,U00243,SESS_U00243_5_1,2026-06-06 18:39:00,somthing for winter,3,legacy,8,110.8,0.5433
SU00243_5_SESS_U00243_5_1_1,U00243,SESS_U00243_5_1,2026-06-06 13:19:00,noise-cancelling powre bank,3,legacy,8,72.2,0.5806
SU00252_5_SESS_U00252_5_0_0,U00252,SESS_U00252_5_0,2026-06-06 08:20:00,rani coat under 50 dollars,5,ai_semantic,8,190.1,0.3483000099658966
SU00252_5_SESS_U00252_5_0_1,U00252,SESS_U00252_5_0,2026-06-06 16:54:00,beanie under 50 dollars,4,ai_semantic,8,188.5,0.6413000226020813
SU00252_5_SESS_U00252_5_1_0,U00252,SESS_U00252_5_1,2026-06-06 16:39:00,somthing for a gift,4,ai_semantic,8,187.9,0.38440001010894775
SU00252_5_SESS_U00252_5_1_1,U00252,SESS_U00252_5_1,2026-06-06 08:36:00,gift hiking boots,3,ai_semantic,8,213.2,0.7329000234603882
SU00258_5_SESS_U00258_5_0_0,U00258,SESS_U00258_5_0,2026-06-06 17:34:00,stainless steel blender,3,legacy,8,71.0,0.5329
SU00267_5_SESS_U00267_5_0_0,U00267,SESS_U00267_5_0,2026-06-06 15:41:00,slip-on loafers for gym,4,ai_semantic,8,203.9,0.7095999717712402
SU00272_5_SESS_U00272_5_0_0,U00272,SESS_U00272_5_0,2026-06-06 21:03:00,sandals under 50 dollars,4,legacy,4,99.1,0.5479
SU00274_5_SESS_U00274_5_0_0,U00274,SESS_U00274_5_0,2026-06-06 16:17:00,lightweight running shoes,3,legacy,8,87.1,0.591
SU00275_5_SESS_U00275_5_0_0,U00275,SESS_U00275_5_0,2026-06-06 10:53:00,stainless setel coffee maker,4,legacy,8,81.4,0.5887
SU00277_5_SESS_U00277_5_0_0,U00277,SESS_U00277_5_0,2026-06-06 22:21:00,sleeping bag under 50 dollars,5,legacy,7,87.5,0.5371
SU00281_5_SESS_U00281_5_0_0,U00281,SESS_U00281_5_0,2026-06-06 10:47:00,best desk ornament for winter,5,legacy,8,87.9,0.492
SU00282_5_SESS_U00282_5_0_0,U00282,SESS_U00282_5_0,2026-06-06 12:17:00,cheap keychain,2,ai_semantic,8,159.0,0.7838000059127808
SU00282_5_SESS_U00282_5_0_1,U00282,SESS_U00282_5_0,2026-06-06 22:40:00,noise-cancelling earbuds,2,ai_semantic,8,214.6,0.8258000016212463
SU00289_5_SESS_U00289_5_0_0,U00289,SESS_U00289_5_0,2026-06-06 07:44:00,somthing for my mom,4,ai_semantic,8,185.2,0.14970000088214874
SU00293_5_SESS_U00293_5_0_0,U00293,SESS_U00293_5_0,2026-06-06 19:17:00,best winter botos for winter,5,ai_semantic,8,111.1,0.40380001068115234
SU00293_5_SESS_U00293_5_0_1,U00293,SESS_U00293_5_0,2026-06-06 07:08:00,best rain coat for travel,5,ai_semantic,8,174.0,0.6837000250816345
SU00293_5_SESS_U00293_5_0_2,U00293,SESS_U00293_5_0,2026-06-06 22:12:00,cheap headlamp,2,ai_semantic,8,182.9,0.7418000102043152
SU00297_5_SESS_U00297_5_0_0,U00297,SESS_U00297_5_0,2026-06-06 09:21:00,gift fleece pullover,3,ai_semantic,8,171.8,0.8116999864578247
SU00303_5_SESS_U00303_5_0_0,U00303,SESS_U00303_5_0,2026-06-06 11:00:00,best sleeping bag for travel,5,ai_semantic,8,148.6,0.7059999704360962
SU00306_5_SESS_U00306_5_0_0,U00306,SESS_U00306_5_0,2026-06-06 14:54:00,best cookware set for travel,5,ai_semantic,8,149.4,0.6685000061988831
SU00306_5_SESS_U00306_5_0_1,U00306,SESS_U00306_5_0,2026-06-06 16:56:00,thermal leggings under 50 dollars,5,ai_semantic,8,209.6,0.7555000185966492
SU00306_5_SESS_U00306_5_1_0,U00306,SESS_U00306_5_1,2026-06-06 12:18:00,keychain personalzied,2,ai_semantic,8,149.3,0.7696999907493591
SU00311_5_SESS_U00311_5_0_0,U00311,SESS_U00311_5_0,2026-06-06 13:20:00,sweater wmar,2,legacy,7,101.5,0.5162
SU00311_5_SESS_U00311_5_1_0,U00311,SESS_U00311_5_1,2026-06-06 08:42:00,speaker poratbel,2,legacy,5,93.0,0.5556
SU00314_5_SESS_U00314_5_0_0,U00314,SESS_U00314_5_0,2026-06-06 20:29:00,cheap charging cable,3,ai_semantic,8,212.4,0.650600016117096
SU00314_5_SESS_U00314_5_0_1,U00314,SESS_U00314_5_0,2026-06-06 20:11:00,best sweater for winter,4,ai_semantic,8,220.7,0.7148000001907349
SU00314_5_SESS_U00314_5_0_2,U00314,SESS_U00314_5_0,2026-06-06 14:54:00,compact charging cable for the office,6,ai_semantic,8,137.9,0.713100016117096
SU00325_5_SESS_U00325_5_0_0,U00325,SESS_U00325_5_0,2026-06-06 18:39:00,handmade photo frame,3,legacy,8,80.4,0.5404
SU00329_5_SESS_U00329_5_0_0,U00329,SESS_U00329_5_0,2026-06-06 16:06:00,cheap swetaer,2,ai_semantic,8,231.5,0.3578000068664551
SU00329_5_SESS_U00329_5_0_1,U00329,SESS_U00329_5_0,2026-06-06 18:02:00,chepa sneakers,2,ai_semantic,8,161.2,0.61080002784729
SU00330_5_SESS_U00330_5_0_0,U00330,SESS_U00330_5_0,2026-06-06 11:27:00,cheap hammock,2,ai_semantic,8,146.5,0.7753999829292297
SU00331_5_SESS_U00331_5_0_0,U00331,SESS_U00331_5_0,2026-06-06 17:34:00,somthing for rian,3,legacy,8,69.1,0.5811
SU00331_5_SESS_U00331_5_0_1,U00331,SESS_U00331_5_0,2026-06-06 09:34:00,cleats cushionde,2,legacy,7,133.6,0.5996
SU00338_5_SESS_U00338_5_0_0,U00338,SESS_U00338_5_0,2026-06-06 14:03:00,slip-on cleats for a gift,5,legacy,8,65.1,0.5816
SU00340_5_SESS_U00340_5_0_0,U00340,SESS_U00340_5_0,2026-06-06 14:07:00,cehap power bank,3,ai_semantic,8,206.8,0.5821999907493591
SU00346_5_SESS_U00346_5_0_0,U00346,SESS_U00346_5_0,2026-06-06 11:48:00,cheap fleece pullover,3,ai_semantic,8,201.9,0.8676000237464905
SU00348_5_SESS_U00348_5_0_0,U00348,SESS_U00348_5_0,2026-06-06 13:37:00,weatherproof tent for my mom,5,ai_semantic,8,192.7,0.676800012588501
SU00351_5_SESS_U00351_5_0_0,U00351,SESS_U00351_5_0,2026-06-06 16:01:00,cooler comapct,2,ai_semantic,8,236.9,0.48170000314712524
SU00351_5_SESS_U00351_5_0_1,U00351,SESS_U00351_5_0,2026-06-06 08:04:00,somthing for travel,3,ai_semantic,8,196.7,0.3716999888420105
SU00351_5_SESS_U00351_5_0_2,U00351,SESS_U00351_5_0,2026-06-06 18:23:00,mixing bowl under 50 dollars,5,ai_semantic,8,141.0,0.6464999914169312
SU00353_5_SESS_U00353_5_0_0,U00353,SESS_U00353_5_0,2026-06-06 21:26:00,gift thermal leggings,3,ai_semantic,8,230.5,0.7843000292778015
SU00353_5_SESS_U00353_5_0_1,U00353,SESS_U00353_5_0,2026-06-06 12:40:00,cleast insultaed,2,ai_semantic,8,119.3,0.3873000144958496
SU00354_5_SESS_U00354_5_0_0,U00354,SESS_U00354_5_0,2026-06-06 17:46:00,mug,1,legacy,6,99.4,0.511
SU00355_5_SESS_U00355_5_0_0,U00355,SESS_U00355_5_0,2026-06-06 13:44:00,keychain under 50 dollars,4,legacy,6,97.4,0.5905
SU00359_5_SESS_U00359_5_0_0,U00359,SESS_U00359_5_0,2026-06-06 10:22:00,engraved journal,2,legacy,8,84.5,0.5862
SU00359_5_SESS_U00359_5_0_1,U00359,SESS_U00359_5_0,2026-06-06 16:29:00,cheap earbuds,2,legacy,6,73.8,0.5555
SU00362_5_SESS_U00362_5_0_0,U00362,SESS_U00362_5_0,2026-06-06 18:30:00,gift journal,2,legacy,8,83.4,0.5338
SU00368_5_SESS_U00368_5_0_0,U00368,SESS_U00368_5_0,2026-06-06 22:44:00,wireless smartwatch for gym,4,legacy,8,73.9,0.5927
SU00368_5_SESS_U00368_5_0_1,U00368,SESS_U00368_5_0,2026-06-06 07:11:00,best earbuds for rain,4,legacy,8,107.7,0.5504
SU00369_5_SESS_U00369_5_0_0,U00369,SESS_U00369_5_0,2026-06-06 19:48:00,cehap cooler,2,ai_semantic,8,150.2,0.4805999994277954
SU00370_5_SESS_U00370_5_0_0,U00370,SESS_U00370_5_0,2026-06-06 07:03:00,jakcet,1,ai_semantic,8,239.9,0.2176000028848648
SU00370_5_SESS_U00370_5_0_1,U00370,SESS_U00370_5_0,2026-06-06 10:04:00,gift mug,2,ai_semantic,8,194.6,0.6347000002861023
SU00370_5_SESS_U00370_5_0_2,U00370,SESS_U00370_5_0,2026-06-06 07:47:00,protable backpack,2,ai_semantic,8,184.2,0.6209999918937683
SU00374_5_SESS_U00374_5_0_0,U00374,SESS_U00374_5_0,2026-06-06 09:06:00,cheap sandasl,2,legacy,0,87.5,
SU00375_5_SESS_U00375_5_0_0,U00375,SESS_U00375_5_0,2026-06-06 12:08:00,lightweight hiking boots,3,legacy,8,78.3,0.5354
SU00382_5_SESS_U00382_5_0_0,U00382,SESS_U00382_5_0,2026-06-06 07:24:00,sneakers under 50 dollars,4,ai_semantic,8,109.9,0.6071000099182129
SU00383_5_SESS_U00383_5_0_0,U00383,SESS_U00383_5_0,2026-06-06 21:02:00,best hiking boots for the office,6,legacy,8,99.3,0.5701
SU00383_5_SESS_U00383_5_0_1,U00383,SESS_U00383_5_0,2026-06-06 08:53:00,heavy-duty sleepign bag,3,legacy,8,103.0,0.5928
SU00384_5_SESS_U00384_5_0_0,U00384,SESS_U00384_5_0,2026-06-06 10:06:00,best earbuds for rain,4,ai_semantic,8,158.6,0.5823000073432922
SU00384_5_SESS_U00384_5_0_1,U00384,SESS_U00384_5_0,2026-06-06 11:28:00,compact tent,2,ai_semantic,8,185.4,0.8187999725341797
SU00385_5_SESS_U00385_5_0_0,U00385,SESS_U00385_5_0,2026-06-06 10:15:00,non-stick knife set,3,ai_semantic,8,182.3,0.8693000078201294
SU00385_5_SESS_U00385_5_0_1,U00385,SESS_U00385_5_0,2026-06-06 21:19:00,thermal leggings,2,ai_semantic,8,191.1,0.8860999941825867
SU00386_5_SESS_U00386_5_0_0,U00386,SESS_U00386_5_0,2026-06-06 21:15:00,somthing for the office,4,legacy,8,132.7,0.5906
SU00392_5_SESS_U00392_5_0_0,U00392,SESS_U00392_5_0,2026-06-06 16:55:00,hiking boots under 50 dollars,5,legacy,8,103.0,0.534
SU00393_5_SESS_U00393_5_0_0,U00393,SESS_U00393_5_0,2026-06-06 18:18:00,cleats under 50 dollars,4,legacy,7,122.1,0.5853
SU00396_5_SESS_U00396_5_0_0,U00396,SESS_U00396_5_0,2026-06-06 15:16:00,cheap jacket,2,legacy,6,84.7,0.5142
SU00397_5_SESS_U00397_5_0_0,U00397,SESS_U00397_5_0,2026-06-06 19:06:00,best cleats for hiking,4,ai_semantic,8,171.6,0.7196000218391418
SU00397_5_SESS_U00397_5_1_0,U00397,SESS_U00397_5_1,2026-06-06 09:26:00,somthing for winter,3,ai_semantic,8,177.4,0.4092999994754791
SU00402_5_SESS_U00402_5_0_0,U00402,SESS_U00402_5_0,2026-06-06 09:33:00,gift coffee maker,3,ai_semantic,8,149.1,0.5069000124931335
SU00404_5_SESS_U00404_5_0_0,U00404,SESS_U00404_5_0,2026-06-06 18:20:00,gift headphones,2,legacy,8,93.4,0.5595
SU00404_5_SESS_U00404_5_0_1,U00404,SESS_U00404_5_0,2026-06-06 09:15:00,hoodei,1,legacy,0,94.8,
SU00406_5_SESS_U00406_5_0_0,U00406,SESS_U00406_5_0,2026-06-06 12:09:00,fleece-lined sweater for a gfit,5,legacy,8,62.5,0.5838
SU00406_5_SESS_U00406_5_0_1,U00406,SESS_U00406_5_0,2026-06-06 09:07:00,headlamp under 50 dollars,4,legacy,6,118.9,0.5513
SU00416_5_SESS_U00416_5_0_0,U00416,SESS_U00416_5_0,2026-06-06 13:36:00,somthing for gym,3,legacy,8,40.0,0.5816
SU00416_5_SESS_U00416_5_0_1,U00416,SESS_U00416_5_0,2026-06-06 08:22:00,headlamp under 50 dollars,4,legacy,6,82.4,0.5917
SU00420_5_SESS_U00420_5_0_0,U00420,SESS_U00420_5_0,2026-06-06 12:57:00,somthing for gym,3,ai_semantic,8,207.7,0.29350000619888306
SU00427_5_SESS_U00427_5_0_0,U00427,SESS_U00427_5_0,2026-06-06 07:25:00,hiking boots under 50 dollars,5,ai_semantic,8,153.7,0.6265000104904175
SU00429_5_SESS_U00429_5_0_0,U00429,SESS_U00429_5_0,2026-06-06 18:18:00,charging cable portbale,3,legacy,6,92.0,0.5973
SU00429_5_SESS_U00429_5_1_0,U00429,SESS_U00429_5_1,2026-06-06 21:37:00,cheap knife set,3,legacy,8,81.6,0.5424
SU00432_5_SESS_U00432_5_0_0,U00432,SESS_U00432_5_0,2026-06-06 20:32:00,cheap chagring cable,3,ai_semantic,8,177.8,0.5120000243186951
SU00433_5_SESS_U00433_5_0_0,U00433,SESS_U00433_5_0,2026-06-06 19:42:00,running shoes slip-no,3,ai_semantic,8,207.2,0.8162000179290771
SU00443_5_SESS_U00443_5_0_0,U00443,SESS_U00443_5_0,2026-06-06 15:29:00,headphones under 50 dollars,4,legacy,6,106.0,0.5827
SU00444_5_SESS_U00444_5_0_0,U00444,SESS_U00444_5_0,2026-06-06 17:08:00,gift candle,2,ai_semantic,8,206.0,0.6509000062942505
SU00444_5_SESS_U00444_5_1_0,U00444,SESS_U00444_5_1,2026-06-06 10:09:00,gift sandals,2,ai_semantic,8,226.8,0.661300003528595
SU00446_5_SESS_U00446_5_0_0,U00446,SESS_U00446_5_0,2026-06-06 16:00:00,insulated hiking botos for camping,5,legacy,8,121.3,0.5471
SU00446_5_SESS_U00446_5_0_1,U00446,SESS_U00446_5_0,2026-06-06 11:15:00,hoodie wamr,2,legacy,7,114.9,0.5662
SU00449_5_SESS_U00449_5_0_0,U00449,SESS_U00449_5_0,2026-06-06 21:12:00,chepa blender,2,legacy,6,97.1,0.5742
SU00456_5_SESS_U00456_5_0_0,U00456,SESS_U00456_5_0,2026-06-06 07:39:00,power bank,2,legacy,6,114.1,0.5628
SU00457_5_SESS_U00457_5_0_0,U00457,SESS_U00457_5_0,2026-06-06 09:04:00,rain coat,2,ai_semantic,8,213.2,0.7587000131607056
SU00466_5_SESS_U00466_5_0_0,U00466,SESS_U00466_5_0,2026-06-06 13:51:00,camp stove,2,ai_semantic,8,145.0,0.7462000250816345
SU00467_5_SESS_U00467_5_0_0,U00467,SESS_U00467_5_0,2026-06-06 20:50:00,electric knife set for a gift,6,legacy,8,63.6,0.579
SU00467_5_SESS_U00467_5_0_1,U00467,SESS_U00467_5_0,2026-06-06 07:00:00,beanie sfot,2,legacy,5,99.1,0.5888
SU00473_5_SESS_U00473_5_0_0,U00473,SESS_U00473_5_0,2026-06-06 12:19:00,cheap sweater,2,legacy,7,91.0,0.5963
SU00493_5_SESS_U00493_5_0_0,U00493,SESS_U00493_5_0,2026-06-06 07:29:00,best webcam for a gift,5,legacy,8,84.5,0.592
SU00493_5_SESS_U00493_5_0_1,U00493,SESS_U00493_5_0,2026-06-06 20:03:00,somthing for hiking,3,legacy,8,98.6,0.5197
SU00495_5_SESS_U00495_5_0_0,U00495,SESS_U00495_5_0,2026-06-06 17:08:00,somthing for my mom,4,legacy,8,118.3,0.4771
SU00495_5_SESS_U00495_5_0_1,U00495,SESS_U00495_5_0,2026-06-06 14:26:00,chepa cooler,2,legacy,6,119.4,0.5328
SU00496_5_SESS_U00496_5_0_0,U00496,SESS_U00496_5_0,2026-06-06 21:02:00,somthing for winter,3,legacy,8,61.8,0.546
SU00499_5_SESS_U00499_5_0_0,U00499,SESS_U00499_5_0,2026-06-06 09:29:00,somthing for travel,3,ai_semantic,8,198.8,0.3716999888420105
SU00499_5_SESS_U00499_5_1_0,U00499,SESS_U00499_5_1,2026-06-06 15:02:00,insulated sleeping bag for my mom,6,ai_semantic,8,132.3,0.7293999791145325
SU00500_5_SESS_U00500_5_0_0,U00500,SESS_U00500_5_0,2026-06-06 17:26:00,cheap rain coat,3,ai_semantic,8,156.3,0.7279000282287598
SU00509_5_SESS_U00509_5_0_0,U00509,SESS_U00509_5_0,2026-06-06 09:29:00,cookware set under 50 dollars,5,ai_semantic,8,236.3,0.6148999929428101
SU00511_5_SESS_U00511_5_0_0,U00511,SESS_U00511_5_0,2026-06-06 07:14:00,weatherproof headlamp,2,legacy,8,50.2,0.5139
SU00513_5_SESS_U00513_5_0_0,U00513,SESS_U00513_5_0,2026-06-06 17:37:00,gift keychain,2,ai_semantic,8,160.7,0.6830999851226807
SU00517_5_SESS_U00517_5_0_0,U00517,SESS_U00517_5_0,2026-06-06 18:04:00,insulated sleeping bag for the office,6,legacy,8,96.7,0.5575
SU00528_5_SESS_U00528_5_0_0,U00528,SESS_U00528_5_0,2026-06-06 21:30:00,waterproof running shoes for gym,5,legacy,8,105.9,0.5803
SU00528_5_SESS_U00528_5_0_1,U00528,SESS_U00528_5_0,2026-06-06 22:52:00,somthing for tarvel,3,legacy,8,92.8,0.5671
SU00534_5_SESS_U00534_5_0_0,U00534,SESS_U00534_5_0,2026-06-06 13:42:00,mug personlaized,2,ai_semantic,8,215.8,0.49869999289512634
SU00534_5_SESS_U00534_5_1_0,U00534,SESS_U00534_5_1,2026-06-06 10:48:00,tent,1,ai_semantic,8,183.9,0.6639999747276306
SU00537_5_SESS_U00537_5_0_0,U00537,SESS_U00537_5_0,2026-06-06 14:20:00,gift sweater,2,legacy,8,100.2,0.5819
SU00537_5_SESS_U00537_5_0_1,U00537,SESS_U00537_5_0,2026-06-06 16:58:00,portable power bank,3,legacy,8,110.4,0.5693
SU00537_5_SESS_U00537_5_0_2,U00537,SESS_U00537_5_0,2026-06-06 20:48:00,somthing for gym,3,legacy,8,57.9,0.5934
SU00540_5_SESS_U00540_5_0_0,U00540,SESS_U00540_5_0,2026-06-06 16:15:00,cehap jacket,2,legacy,6,63.6,0.5958
SU00542_5_SESS_U00542_5_0_0,U00542,SESS_U00542_5_0,2026-06-06 13:51:00,speaker,1,ai_semantic,8,196.3,0.6450999975204468
SU00545_5_SESS_U00545_5_0_0,U00545,SESS_U00545_5_0,2026-06-06 20:29:00,somthing for rain,3,ai_semantic,8,181.8,0.5149999856948853
SU00545_5_SESS_U00545_5_1_0,U00545,SESS_U00545_5_1,2026-06-06 09:52:00,best hoodie for travel,4,ai_semantic,8,206.9,0.6502000093460083
SU00546_5_SESS_U00546_5_0_0,U00546,SESS_U00546_5_0,2026-06-06 08:41:00,somthing for the office,4,legacy,8,127.9,0.5385
SU00546_5_SESS_U00546_5_0_1,U00546,SESS_U00546_5_0,2026-06-06 22:13:00,cookware set under 50 dollars,5,legacy,8,79.4,0.5935
SU00549_5_SESS_U00549_5_0_0,U00549,SESS_U00549_5_0,2026-06-06 15:25:00,desk ornament under 50 dollars,5,ai_semantic,8,227.3,0.6687999963760376
SU00556_5_SESS_U00556_5_0_0,U00556,SESS_U00556_5_0,2026-06-06 07:54:00,webcam compcat,2,ai_semantic,8,188.8,0.6071000099182129
SU00560_5_SESS_U00560_5_0_0,U00560,SESS_U00560_5_0,2026-06-06 17:55:00,sweater,1,ai_semantic,8,206.0,0.7430999875068665
SU00561_5_SESS_U00561_5_0_0,U00561,SESS_U00561_5_0,2026-06-06 21:44:00,gift cooler,2,ai_semantic,8,172.5,0.6295999884605408
SU00563_5_SESS_U00563_5_0_0,U00563,SESS_U00563_5_0,2026-06-06 10:53:00,cheap sneakers,2,ai_semantic,8,142.3,0.6583999991416931
SU00564_5_SESS_U00564_5_0_0,U00564,SESS_U00564_5_0,2026-06-06 14:17:00,gift sandals,2,legacy,8,78.5,0.5985
SU00564_5_SESS_U00564_5_0_1,U00564,SESS_U00564_5_0,2026-06-06 18:34:00,breathable sneakers,2,legacy,8,96.1,0.5433
SU00564_5_SESS_U00564_5_1_0,U00564,SESS_U00564_5_1,2026-06-06 10:19:00,mug,1,legacy,6,110.1,0.5986
SU00565_5_SESS_U00565_5_0_0,U00565,SESS_U00565_5_0,2026-06-06 17:14:00,cmap stove inuslated,3,ai_semantic,8,146.9,0.43790000677108765
SU00568_5_SESS_U00568_5_0_0,U00568,SESS_U00568_5_0,2026-06-06 16:43:00,stainless steel air fryer,4,ai_semantic,8,112.0,0.9128999710083008
SU00568_5_SESS_U00568_5_0_1,U00568,SESS_U00568_5_0,2026-06-06 14:46:00,gift journal,2,ai_semantic,8,161.5,0.5812000036239624
SU00570_5_SESS_U00570_5_0_0,U00570,SESS_U00570_5_0,2026-06-06 08:18:00,gfit sneakers,2,legacy,7,97.8,0.5662
SU00577_5_SESS_U00577_5_0_0,U00577,SESS_U00577_5_0,2026-06-06 20:35:00,desk ornament engraevd,3,ai_semantic,8,100.9,0.6682999730110168
SU00577_5_SESS_U00577_5_0_1,U00577,SESS_U00577_5_0,2026-06-06 09:03:00,non-stick blender,2,ai_semantic,8,183.5,0.8461999893188477
SU00577_5_SESS_U00577_5_1_0,U00577,SESS_U00577_5_1,2026-06-06 13:47:00,gift cleats,2,ai_semantic,8,143.8,0.6107000112533569
SU00577_5_SESS_U00577_5_1_1,U00577,SESS_U00577_5_1,2026-06-06 21:16:00,somthing for winetr,3,ai_semantic,8,218.8,0.18979999423027039
SU00582_5_SESS_U00582_5_0_0,U00582,SESS_U00582_5_0,2026-06-06 09:39:00,cheap rain coat,3,ai_semantic,8,186.9,0.7279000282287598
SU00582_5_SESS_U00582_5_0_1,U00582,SESS_U00582_5_0,2026-06-06 17:41:00,cheap cleats,2,ai_semantic,8,186.0,0.7530999779701233
SU00586_5_SESS_U00586_5_0_0,U00586,SESS_U00586_5_0,2026-06-06 14:33:00,wniter boots,2,legacy,8,90.2,0.5596
SU00588_5_SESS_U00588_5_0_0,U00588,SESS_U00588_5_0,2026-06-06 14:28:00,somthing for the office,4,legacy,8,69.5,0.519
SU00590_5_SESS_U00590_5_0_0,U00590,SESS_U00590_5_0,2026-06-06 11:34:00,somthing for winetr,3,ai_semantic,8,184.4,0.18979999423027039
SU00591_5_SESS_U00591_5_0_0,U00591,SESS_U00591_5_0,2026-06-06 21:24:00,somthing for rain,3,ai_semantic,8,148.1,0.5149999856948853
SU00591_5_SESS_U00591_5_0_1,U00591,SESS_U00591_5_0,2026-06-06 18:57:00,waterproof hiking boots,3,ai_semantic,8,209.1,0.8671000003814697
SU00592_5_SESS_U00592_5_0_0,U00592,SESS_U00592_5_0,2026-06-06 20:49:00,electric knife set for travel,5,ai_semantic,8,181.0,0.7056999802589417
SU00592_5_SESS_U00592_5_0_1,U00592,SESS_U00592_5_0,2026-06-06 22:40:00,sweater,1,ai_semantic,8,189.9,0.7430999875068665
SU00596_5_SESS_U00596_5_0_0,U00596,SESS_U00596_5_0,2026-06-06 20:42:00,somthing for my mom,4,legacy,8,68.0,0.5457
SU00597_5_SESS_U00597_5_0_0,U00597,SESS_U00597_5_0,2026-06-06 12:58:00,gift camp stove,3,ai_semantic,8,191.1,0.758400022983551
SU00599_5_SESS_U00599_5_0_0,U00599,SESS_U00599_5_0,2026-06-06 15:15:00,best smartwatch for rain,4,legacy,8,66.9,0.5893
SU00602_5_SESS_U00602_5_0_0,U00602,SESS_U00602_5_0,2026-06-06 21:20:00,steel knife set stianless,4,ai_semantic,8,135.3,0.5752000212669373
SU00606_5_SESS_U00606_5_0_0,U00606,SESS_U00606_5_0,2026-06-06 19:59:00,air fryer craemic,3,legacy,6,143.9,0.5397
SU00606_5_SESS_U00606_5_0_1,U00606,SESS_U00606_5_0,2026-06-06 13:38:00,tent udner 50 dollars,4,legacy,7,88.2,0.4575
SU00610_5_SESS_U00610_5_0_0,U00610,SESS_U00610_5_0,2026-06-06 08:04:00,waterproof hiking boots for winter,5,ai_semantic,8,242.9,0.8137000203132629
SU00610_5_SESS_U00610_5_0_1,U00610,SESS_U00610_5_0,2026-06-06 11:24:00,ultralight backpack,2,ai_semantic,8,190.0,0.8557000160217285
SU00613_5_SESS_U00613_5_0_0,U00613,SESS_U00613_5_0,2026-06-06 11:46:00,tent waetherproof,2,ai_semantic,8,189.7,0.6162999868392944
SU00614_5_SESS_U00614_5_0_0,U00614,SESS_U00614_5_0,2026-06-06 07:57:00,somthing for my mom,4,ai_semantic,8,185.4,0.14970000088214874
SU00614_5_SESS_U00614_5_0_1,U00614,SESS_U00614_5_0,2026-06-06 16:10:00,gift winter boots,3,ai_semantic,8,177.6,0.6432999968528748
SU00615_5_SESS_U00615_5_0_0,U00615,SESS_U00615_5_0,2026-06-06 19:43:00,compact headhpones,2,ai_semantic,8,123.8,0.5210999846458435
SU00619_5_SESS_U00619_5_0_0,U00619,SESS_U00619_5_0,2026-06-06 16:54:00,best power bank for winter,5,ai_semantic,8,189.1,0.6535000205039978
SU00621_5_SESS_U00621_5_0_0,U00621,SESS_U00621_5_0,2026-06-06 19:27:00,best hammock for a gift,5,legacy,8,90.9,0.5945
SU00622_5_SESS_U00622_5_0_0,U00622,SESS_U00622_5_0,2026-06-06 20:30:00,webcam,1,legacy,6,110.6,0.5863
SU00623_5_SESS_U00623_5_0_0,U00623,SESS_U00623_5_0,2026-06-06 21:10:00,sweater under 50 dollars,4,legacy,7,87.7,0.5974
SU00623_5_SESS_U00623_5_0_1,U00623,SESS_U00623_5_0,2026-06-06 17:46:00,best gift box set for gym,6,legacy,8,68.4,0.5966
SU00627_5_SESS_U00627_5_0_0,U00627,SESS_U00627_5_0,2026-06-06 07:17:00,winter boots,2,legacy,8,71.0,0.5559
SU00627_5_SESS_U00627_5_0_1,U00627,SESS_U00627_5_0,2026-06-06 14:41:00,gift earbuds,2,legacy,8,113.1,0.5988
SU00632_5_SESS_U00632_5_0_0,U00632,SESS_U00632_5_0,2026-06-06 11:01:00,wintre boots,2,legacy,8,97.6,0.5754
SU00632_5_SESS_U00632_5_0_1,U00632,SESS_U00632_5_0,2026-06-06 14:45:00,gift charging cabel,3,legacy,8,90.4,0.5627
SU00633_5_SESS_U00633_5_0_0,U00633,SESS_U00633_5_0,2026-06-06 21:27:00,gift gift box set,4,legacy,8,70.7,0.5529
SU00633_5_SESS_U00633_5_1_0,U00633,SESS_U00633_5_1,2026-06-06 21:50:00,headphones under 50 dollars,4,legacy,6,90.5,0.5665
SU00634_5_SESS_U00634_5_0_0,U00634,SESS_U00634_5_0,2026-06-06 13:13:00,rustic deks ornament,3,legacy,8,112.2,0.5879
SU00634_5_SESS_U00634_5_0_1,U00634,SESS_U00634_5_0,2026-06-06 09:28:00,best tnet for the office,5,legacy,8,86.2,0.5601
SU00634_5_SESS_U00634_5_0_2,U00634,SESS_U00634_5_0,2026-06-06 14:33:00,gift desk ornament,3,legacy,8,121.3,0.5636
SU00635_5_SESS_U00635_5_0_0,U00635,SESS_U00635_5_0,2026-06-06 22:51:00,foldable hammock,2,legacy,8,85.7,0.5969
SU00635_5_SESS_U00635_5_0_1,U00635,SESS_U00635_5_0,2026-06-06 13:24:00,cheap winter boots,3,legacy,8,97.5,0.5688
SU00635_5_SESS_U00635_5_1_0,U00635,SESS_U00635_5_1,2026-06-06 08:00:00,candle under 50 dollars,4,legacy,6,114.7,0.5277
SU00637_5_SESS_U00637_5_0_0,U00637,SESS_U00637_5_0,2026-06-06 11:28:00,somthing for a gift,4,ai_semantic,8,136.1,0.38440001010894775
SU00637_5_SESS_U00637_5_0_1,U00637,SESS_U00637_5_0,2026-06-06 07:58:00,gitf power bank,3,ai_semantic,8,188.9,0.6148999929428101
SU00640_5_SESS_U00640_5_0_0,U00640,SESS_U00640_5_0,2026-06-06 08:49:00,gift sneakers,2,legacy,8,99.7,0.5974
SU00640_5_SESS_U00640_5_1_0,U00640,SESS_U00640_5_1,2026-06-06 14:32:00,felece-lined jacket,2,legacy,6,91.4,0.5708
SU00642_5_SESS_U00642_5_0_0,U00642,SESS_U00642_5_0,2026-06-06 11:05:00,gift winter boots,3,ai_semantic,8,203.5,0.6432999968528748
SU00647_5_SESS_U00647_5_0_0,U00647,SESS_U00647_5_0,2026-06-06 19:14:00,gift winter boots,3,ai_semantic,8,141.3,0.6432999968528748
SU00647_5_SESS_U00647_5_0_1,U00647,SESS_U00647_5_0,2026-06-06 13:08:00,headlamp heavy-duyt,2,ai_semantic,8,164.6,0.7257999777793884
SU00647_5_SESS_U00647_5_0_2,U00647,SESS_U00647_5_0,2026-06-06 18:47:00,somthing for hiking,3,ai_semantic,8,174.0,0.5105999708175659
SU00649_5_SESS_U00649_5_0_0,U00649,SESS_U00649_5_0,2026-06-06 16:59:00,perosnalized mug,2,ai_semantic,8,161.6,0.6269999742507935
SU00650_5_SESS_U00650_5_0_0,U00650,SESS_U00650_5_0,2026-06-06 11:56:00,best sneakers for travel,4,ai_semantic,8,165.6,0.6496000289916992
SU00653_5_SESS_U00653_5_0_0,U00653,SESS_U00653_5_0,2026-06-06 21:14:00,gitf winter boots,3,ai_semantic,8,223.8,0.6317999958992004
SU00654_5_SESS_U00654_5_0_0,U00654,SESS_U00654_5_0,2026-06-06 13:17:00,cehap desk ornament,3,ai_semantic,8,122.2,0.5972999930381775
SU00656_5_SESS_U00656_5_0_0,U00656,SESS_U00656_5_0,2026-06-06 11:55:00,sneakers under 50 dollars,4,legacy,7,85.7,0.4965
SU00661_5_SESS_U00661_5_0_0,U00661,SESS_U00661_5_0,2026-06-06 09:15:00,warm thermla leggings,3,ai_semantic,8,219.9,0.8134999871253967
SU00661_5_SESS_U00661_5_1_0,U00661,SESS_U00661_5_1,2026-06-06 16:06:00,winter botos,2,ai_semantic,8,121.7,0.3562000095844269
SU00661_5_SESS_U00661_5_1_1,U00661,SESS_U00661_5_1,2026-06-06 15:02:00,smothing for gym,3,ai_semantic,8,177.6,0.28049999475479126
SU00673_5_SESS_U00673_5_0_0,U00673,SESS_U00673_5_0,2026-06-06 09:32:00,tent under 50 dollars,4,legacy,7,78.6,0.5185
SU00673_5_SESS_U00673_5_0_1,U00673,SESS_U00673_5_0,2026-06-06 09:07:00,rain coat sotf,3,legacy,6,71.7,0.42
SU00675_5_SESS_U00675_5_0_0,U00675,SESS_U00675_5_0,2026-06-06 09:14:00,gift steel coffee maker,4,ai_semantic,8,143.7,0.5561000108718872
SU00675_5_SESS_U00675_5_0_1,U00675,SESS_U00675_5_0,2026-06-06 08:16:00,somthing for the office,4,ai_semantic,8,219.8,0.2831999957561493
SU00676_5_SESS_U00676_5_0_0,U00676,SESS_U00676_5_0,2026-06-06 20:10:00,somthing for a gift,4,ai_semantic,8,188.5,0.38440001010894775
SU00676_5_SESS_U00676_5_1_0,U00676,SESS_U00676_5_1,2026-06-06 08:06:00,personalized journal for rain,4,ai_semantic,8,180.6,0.6617000102996826
SU00677_5_SESS_U00677_5_0_0,U00677,SESS_U00677_5_0,2026-06-06 15:47:00,smartwatch udner 50 dollars,4,legacy,5,67.6,0.5819
SU00678_5_SESS_U00678_5_0_0,U00678,SESS_U00678_5_0,2026-06-06 17:00:00,best hoodie for hiking,4,legacy,8,98.7,0.5492
SU00683_5_SESS_U00683_5_0_0,U00683,SESS_U00683_5_0,2026-06-06 18:51:00,power bank potrable,3,ai_semantic,8,169.1,0.7193999886512756
SU00683_5_SESS_U00683_5_0_1,U00683,SESS_U00683_5_0,2026-06-06 10:30:00,somthing for rain,3,ai_semantic,8,173.9,0.5149999856948853
SU00683_5_SESS_U00683_5_0_2,U00683,SESS_U00683_5_0,2026-06-06 16:09:00,somthing for hikign,3,ai_semantic,8,169.9,0.2581000030040741
SU00688_5_SESS_U00688_5_0_0,U00688,SESS_U00688_5_0,2026-06-06 14:38:00,knife set dishwasher-saef,3,legacy,8,69.0,0.5902
SU00689_5_SESS_U00689_5_0_0,U00689,SESS_U00689_5_0,2026-06-06 09:04:00,hkiing boots,2,legacy,8,103.8,0.5989
SU00693_5_SESS_U00693_5_0_0,U00693,SESS_U00693_5_0,2026-06-06 07:01:00,electric air fryer,3,ai_semantic,8,230.2,0.8780999779701233
SU00693_5_SESS_U00693_5_0_1,U00693,SESS_U00693_5_0,2026-06-06 19:36:00,keyhcain engravde,2,ai_semantic,8,168.3,0.3098999857902527
SU00694_5_SESS_U00694_5_0_0,U00694,SESS_U00694_5_0,2026-06-06 07:05:00,journal eleagnt,2,legacy,6,112.7,0.5808
SU00706_5_SESS_U00706_5_0_0,U00706,SESS_U00706_5_0,2026-06-06 18:23:00,gift fleece pullover,3,ai_semantic,8,154.7,0.8116999864578247
SU00706_5_SESS_U00706_5_0_1,U00706,SESS_U00706_5_0,2026-06-06 22:15:00,cheap fleece pullover,3,ai_semantic,8,108.6,0.8676000237464905
SU00707_5_SESS_U00707_5_0_0,U00707,SESS_U00707_5_0,2026-06-06 14:43:00,journal engarved,2,ai_semantic,8,166.9,0.5494999885559082
SU00707_5_SESS_U00707_5_0_1,U00707,SESS_U00707_5_0,2026-06-06 08:18:00,portable power bank,3,ai_semantic,8,120.4,0.9035000205039978
SU00712_5_SESS_U00712_5_0_0,U00712,SESS_U00712_5_0,2026-06-06 16:36:00,somthing for my mom,4,legacy,8,87.6,0.5835
SU00719_5_SESS_U00719_5_0_0,U00719,SESS_U00719_5_0,2026-06-06 16:41:00,cheap hoodie,2,ai_semantic,8,189.5,0.6844000220298767
SU00722_5_SESS_U00722_5_0_0,U00722,SESS_U00722_5_0,2026-06-06 12:18:00,somthing for the office,4,legacy,8,91.3,0.5019
SU00723_5_SESS_U00723_5_0_0,U00723,SESS_U00723_5_0,2026-06-06 08:14:00,somthing for camping,3,ai_semantic,8,164.6,0.4957999885082245
SU00726_5_SESS_U00726_5_0_0,U00726,SESS_U00726_5_0,2026-06-06 20:13:00,somthing for a gift,4,ai_semantic,8,170.6,0.38440001010894775
SU00726_5_SESS_U00726_5_0_1,U00726,SESS_U00726_5_0,2026-06-06 20:51:00,non-stick cookware set for camping,5,ai_semantic,8,180.3,0.753000020980835
SU00726_5_SESS_U00726_5_0_2,U00726,SESS_U00726_5_0,2026-06-06 09:42:00,non-stick taoster,2,ai_semantic,8,199.4,0.46230000257492065
SU00730_5_SESS_U00730_5_0_0,U00730,SESS_U00730_5_0,2026-06-06 19:24:00,handmade mug for a gift,5,ai_semantic,8,176.9,0.7563999891281128
SU00733_5_SESS_U00733_5_0_0,U00733,SESS_U00733_5_0,2026-06-06 12:09:00,cheap gift box set,4,legacy,8,86.4,0.5881
SU00740_5_SESS_U00740_5_0_0,U00740,SESS_U00740_5_0,2026-06-06 09:55:00,somthing for hiking,3,legacy,8,49.7,0.5718
SU00740_5_SESS_U00740_5_0_1,U00740,SESS_U00740_5_0,2026-06-06 18:51:00,gift keychain,2,legacy,8,111.8,0.5979
SU00743_5_SESS_U00743_5_0_0,U00743,SESS_U00743_5_0,2026-06-06 09:59:00,bets mixing bowl for gym,5,legacy,8,79.8,0.5916
SU00746_5_SESS_U00746_5_0_0,U00746,SESS_U00746_5_0,2026-06-06 22:05:00,hiking boots,2,legacy,8,124.5,0.5986
SU00754_5_SESS_U00754_5_0_0,U00754,SESS_U00754_5_0,2026-06-06 12:22:00,cheap poewr bank,3,ai_semantic,8,211.4,0.4684000015258789
SU00758_5_SESS_U00758_5_0_0,U00758,SESS_U00758_5_0,2026-06-06 17:41:00,somhting for winter,3,legacy,8,52.5,0.5564
SU00758_5_SESS_U00758_5_0_1,U00758,SESS_U00758_5_0,2026-06-06 11:17:00,bset tent for hiking,4,legacy,8,102.9,0.5972
SU00759_5_SESS_U00759_5_0_0,U00759,SESS_U00759_5_0,2026-06-06 14:02:00,keychain handmdae,2,ai_semantic,8,209.5,0.7225000262260437
SU00759_5_SESS_U00759_5_0_1,U00759,SESS_U00759_5_0,2026-06-06 10:15:00,slip-on running shoes for rain,5,ai_semantic,8,185.8,0.7027000188827515
SU00759_5_SESS_U00759_5_0_2,U00759,SESS_U00759_5_0,2026-06-06 20:12:00,sleeping bag ultrlaight,3,ai_semantic,8,157.3,0.6225000023841858
SU00761_5_SESS_U00761_5_0_0,U00761,SESS_U00761_5_0,2026-06-06 19:49:00,cookware set dishwasher-asfe,3,legacy,8,149.6,0.5985
SU00761_5_SESS_U00761_5_0_1,U00761,SESS_U00761_5_0,2026-06-06 15:39:00,webcam under 50 dollars,4,legacy,6,110.0,0.5903
SU00761_5_SESS_U00761_5_1_0,U00761,SESS_U00761_5_1,2026-06-06 19:45:00,cheap backpack,2,legacy,6,71.0,0.5758
SU00761_5_SESS_U00761_5_1_1,U00761,SESS_U00761_5_1,2026-06-06 22:12:00,benaie under 50 dollars,4,legacy,0,88.0,
SU00762_5_SESS_U00762_5_0_0,U00762,SESS_U00762_5_0,2026-06-06 15:40:00,knife set,2,legacy,8,57.3,0.4654
SU00762_5_SESS_U00762_5_0_1,U00762,SESS_U00762_5_0,2026-06-06 19:03:00,dishwasher-safe knife set for camping,5,legacy,8,82.2,0.5854
SU00763_5_SESS_U00763_5_0_0,U00763,SESS_U00763_5_0,2026-06-06 19:36:00,cheap celats,2,ai_semantic,8,170.7,0.2395000010728836
SU00765_5_SESS_U00765_5_0_0,U00765,SESS_U00765_5_0,2026-06-06 16:43:00,gift cookware set,3,ai_semantic,8,190.5,0.644599974155426
SU00765_5_SESS_U00765_5_1_0,U00765,SESS_U00765_5_1,2026-06-06 20:34:00,headphones nosie-cancelling,2,ai_semantic,8,138.0,0.6359000205993652
SU00766_5_SESS_U00766_5_0_0,U00766,SESS_U00766_5_0,2026-06-06 22:42:00,cheap gift box set,4,legacy,8,56.9,0.5993
SU00766_5_SESS_U00766_5_0_1,U00766,SESS_U00766_5_0,2026-06-06 12:13:00,gift cleats,2,legacy,8,118.3,0.5749
SU00768_5_SESS_U00768_5_0_0,U00768,SESS_U00768_5_0,2026-06-06 12:15:00,elegant journal for hiking,4,legacy,8,77.6,0.5925
SU00772_5_SESS_U00772_5_0_0,U00772,SESS_U00772_5_0,2026-06-06 13:29:00,gift hammock,2,ai_semantic,8,127.6,0.7508000135421753
SU00774_5_SESS_U00774_5_0_0,U00774,SESS_U00774_5_0,2026-06-06 17:07:00,fleece pullover sotf,3,ai_semantic,8,221.9,0.8263000249862671
SU00781_5_SESS_U00781_5_0_0,U00781,SESS_U00781_5_0,2026-06-06 07:51:00,dishwasher-safe cookware set,3,legacy,8,132.0,0.5868
SU00781_5_SESS_U00781_5_0_1,U00781,SESS_U00781_5_0,2026-06-06 16:18:00,cheap photo frame,3,legacy,6,87.3,0.4534
SU00784_5_SESS_U00784_5_0_0,U00784,SESS_U00784_5_0,2026-06-06 22:25:00,gift cooler,2,legacy,8,107.9,0.5931
SU00784_5_SESS_U00784_5_0_1,U00784,SESS_U00784_5_0,2026-06-06 21:56:00,bets running shoes for camping,5,legacy,8,74.2,0.5134
SU00787_5_SESS_U00787_5_0_0,U00787,SESS_U00787_5_0,2026-06-06 09:25:00,best toaster for gym,4,legacy,8,67.2,0.5946
SU00787_5_SESS_U00787_5_0_1,U00787,SESS_U00787_5_0,2026-06-06 17:06:00,cushioned cleats for a gift,5,legacy,8,83.5,0.5988
SU00787_5_SESS_U00787_5_0_2,U00787,SESS_U00787_5_0,2026-06-06 16:05:00,fleece pullover sotf,3,legacy,7,64.6,0.5563
SU00787_5_SESS_U00787_5_1_0,U00787,SESS_U00787_5_1,2026-06-06 16:43:00,gift blender,2,legacy,8,80.7,0.5929
SU00787_5_SESS_U00787_5_1_1,U00787,SESS_U00787_5_1,2026-06-06 21:05:00,cheap knife set,3,legacy,8,85.4,0.5833
SU00793_5_SESS_U00793_5_0_0,U00793,SESS_U00793_5_0,2026-06-06 17:52:00,engraved photo frame,3,legacy,8,122.3,0.5527
SU00793_5_SESS_U00793_5_0_1,U00793,SESS_U00793_5_0,2026-06-06 21:57:00,cheap headlamp,2,legacy,6,78.6,0.5309
SU00793_5_SESS_U00793_5_1_0,U00793,SESS_U00793_5_1,2026-06-06 07:27:00,best earbuds for hiking,4,legacy,8,72.2,0.4954
SU00793_5_SESS_U00793_5_1_1,U00793,SESS_U00793_5_1,2026-06-06 10:16:00,hoodie,1,legacy,7,84.7,0.4837
SU00797_5_SESS_U00797_5_0_0,U00797,SESS_U00797_5_0,2026-06-06 22:12:00,best hoodie for the office,5,ai_semantic,8,231.5,0.6349999904632568
SU00797_5_SESS_U00797_5_0_1,U00797,SESS_U00797_5_0,2026-06-06 09:54:00,somthing for a gift,4,ai_semantic,8,185.0,0.38440001010894775
SU00799_5_SESS_U00799_5_0_0,U00799,SESS_U00799_5_0,2026-06-06 14:38:00,non-stick knife set for rain,5,legacy,8,96.1,0.5893
SU00004_6_SESS_U00004_6_0_0,U00004,SESS_U00004_6_0,2026-06-07 11:42:00,sandals under 50 dollars,4,legacy,4,75.1,0.5959
SU00004_6_SESS_U00004_6_0_1,U00004,SESS_U00004_6_0,2026-06-07 10:09:00,best hammock for travel,4,legacy,8,83.0,0.5217
SU00004_6_SESS_U00004_6_0_2,U00004,SESS_U00004_6_0,2026-06-07 22:55:00,best webcam for gym,4,legacy,8,83.6,0.5694
SU00004_6_SESS_U00004_6_1_0,U00004,SESS_U00004_6_1,2026-06-07 11:58:00,ceramic knife set,3,legacy,8,55.8,0.5734
SU00008_6_SESS_U00008_6_0_0,U00008,SESS_U00008_6_0,2026-06-07 19:05:00,somthing for winter,3,legacy,8,114.8,0.5951
SU00008_6_SESS_U00008_6_0_1,U00008,SESS_U00008_6_0,2026-06-07 20:51:00,dishwasher-safe knife set,3,legacy,8,115.0,0.5675
SU00008_6_SESS_U00008_6_0_2,U00008,SESS_U00008_6_0,2026-06-07 22:15:00,cehap mug,2,legacy,6,85.7,0.5277
SU00009_6_SESS_U00009_6_0_0,U00009,SESS_U00009_6_0,2026-06-07 19:06:00,moisture-wicking fleece pullover,3,legacy,8,118.3,0.5907
SU00011_6_SESS_U00011_6_0_0,U00011,SESS_U00011_6_0,2026-06-07 22:20:00,cheap cleats,2,legacy,7,86.2,0.5056
SU00011_6_SESS_U00011_6_0_1,U00011,SESS_U00011_6_0,2026-06-07 07:51:00,compatc cooler,2,legacy,6,79.3,0.5763
SU00017_6_SESS_U00017_6_0_0,U00017,SESS_U00017_6_0,2026-06-07 22:13:00,stainless steel air fryer for gym,6,ai_semantic,8,154.9,0.7616000175476074
SU00021_6_SESS_U00021_6_0_0,U00021,SESS_U00021_6_0,2026-06-07 10:11:00,moisture-wicking rain coat,3,legacy,8,109.6,0.5794
SU00026_6_SESS_U00026_6_0_0,U00026,SESS_U00026_6_0,2026-06-07 18:29:00,somthing for my mom,4,legacy,8,98.5,0.58
SU00026_6_SESS_U00026_6_0_1,U00026,SESS_U00026_6_0,2026-06-07 07:50:00,somthing for wintre,3,legacy,8,91.7,0.5377
SU00034_6_SESS_U00034_6_0_0,U00034,SESS_U00034_6_0,2026-06-07 10:36:00,portable tent,2,legacy,8,85.6,0.5995
SU00034_6_SESS_U00034_6_1_0,U00034,SESS_U00034_6_1,2026-06-07 09:46:00,elegant desk ornament for gym,5,legacy,8,97.3,0.582
SU00034_6_SESS_U00034_6_1_1,U00034,SESS_U00034_6_1,2026-06-07 16:22:00,engraved journal for a gift,5,legacy,8,111.9,0.5302
SU00034_6_SESS_U00034_6_1_2,U00034,SESS_U00034_6_1,2026-06-07 07:57:00,engraved mug for camping,4,legacy,8,80.0,0.582
SU00037_6_SESS_U00037_6_0_0,U00037,SESS_U00037_6_0,2026-06-07 10:30:00,cheap cleats,2,legacy,7,78.5,0.5586
SU00038_6_SESS_U00038_6_0_0,U00038,SESS_U00038_6_0,2026-06-07 20:49:00,best mixing bowl for hiking,5,legacy,8,89.9,0.5963
SU00038_6_SESS_U00038_6_0_1,U00038,SESS_U00038_6_0,2026-06-07 14:55:00,best journal for my mom,5,legacy,8,83.5,0.5859
SU00040_6_SESS_U00040_6_0_0,U00040,SESS_U00040_6_0,2026-06-07 21:25:00,camp stove under 50 dollars,5,ai_semantic,8,211.6,0.6337000131607056
SU00040_6_SESS_U00040_6_0_1,U00040,SESS_U00040_6_0,2026-06-07 20:27:00,heavy-duty cooler,2,ai_semantic,8,130.9,0.8988000154495239
SU00051_6_SESS_U00051_6_0_0,U00051,SESS_U00051_6_0,2026-06-07 13:09:00,portable webcma for rain,4,ai_semantic,8,168.4,0.38359999656677246
SU00051_6_SESS_U00051_6_0_1,U00051,SESS_U00051_6_0,2026-06-07 09:52:00,best steel knife set for hiking,6,ai_semantic,8,125.3,0.5590999722480774
SU00051_6_SESS_U00051_6_0_2,U00051,SESS_U00051_6_0,2026-06-07 22:47:00,dishwasher-safe knife set for winter,5,ai_semantic,8,166.8,0.7434999942779541
SU00053_6_SESS_U00053_6_0_0,U00053,SESS_U00053_6_0,2026-06-07 15:09:00,webcam noise-cancellnig,2,ai_semantic,8,254.7,0.8205000162124634
SU00053_6_SESS_U00053_6_0_1,U00053,SESS_U00053_6_0,2026-06-07 22:04:00,somthing for camping,3,ai_semantic,8,135.5,0.4957999885082245
SU00053_6_SESS_U00053_6_1_0,U00053,SESS_U00053_6_1,2026-06-07 10:28:00,coffee maker under 50 dollars,5,ai_semantic,8,186.6,0.4555000066757202
SU00054_6_SESS_U00054_6_0_0,U00054,SESS_U00054_6_0,2026-06-07 14:15:00,earbuds rechargealbe,2,ai_semantic,8,190.9,0.7752000093460083
SU00058_6_SESS_U00058_6_0_0,U00058,SESS_U00058_6_0,2026-06-07 11:52:00,chepa journal,2,ai_semantic,8,200.2,0.4823000133037567
SU00058_6_SESS_U00058_6_1_0,U00058,SESS_U00058_6_1,2026-06-07 17:41:00,gift knife set,3,ai_semantic,8,235.8,0.6309000253677368
SU00059_6_SESS_U00059_6_0_0,U00059,SESS_U00059_6_0,2026-06-07 08:35:00,flecee-lined beanie,2,legacy,5,108.0,0.491
SU00084_6_SESS_U00084_6_0_0,U00084,SESS_U00084_6_0,2026-06-07 09:51:00,bluetooth webcam,2,ai_semantic,8,191.4,0.7996000051498413
SU00084_6_SESS_U00084_6_1_0,U00084,SESS_U00084_6_1,2026-06-07 14:12:00,best juornal for rain,4,ai_semantic,8,161.0,0.44920000433921814
SU00084_6_SESS_U00084_6_1_1,U00084,SESS_U00084_6_1,2026-06-07 15:48:00,thermal leggings wram,3,ai_semantic,8,223.9,0.8256999850273132
SU00088_6_SESS_U00088_6_0_0,U00088,SESS_U00088_6_0,2026-06-07 15:39:00,sleeping bag,2,legacy,7,108.0,0.5799
SU00088_6_SESS_U00088_6_0_1,U00088,SESS_U00088_6_0,2026-06-07 19:45:00,charging cbale,2,legacy,6,94.9,0.4997
SU00088_6_SESS_U00088_6_1_0,U00088,SESS_U00088_6_1,2026-06-07 19:43:00,foldable camp stove for gym,5,legacy,8,42.0,0.5976
SU00092_6_SESS_U00092_6_0_0,U00092,SESS_U00092_6_0,2026-06-07 22:48:00,hoodie under 50 dollars,4,legacy,7,103.9,0.4918
SU00101_6_SESS_U00101_6_0_0,U00101,SESS_U00101_6_0,2026-06-07 17:43:00,portable sleeping bag,3,legacy,8,115.9,0.5536
SU00101_6_SESS_U00101_6_0_1,U00101,SESS_U00101_6_0,2026-06-07 07:18:00,somthing for hiking,3,legacy,8,49.2,0.5825
SU00104_6_SESS_U00104_6_0_0,U00104,SESS_U00104_6_0,2026-06-07 12:00:00,fleece pullover under 50 dollars,5,ai_semantic,8,176.8,0.7441999912261963
SU00105_6_SESS_U00105_6_0_0,U00105,SESS_U00105_6_0,2026-06-07 10:33:00,sweater under 50 dollars,4,ai_semantic,8,197.8,0.5741000175476074
SU00105_6_SESS_U00105_6_0_1,U00105,SESS_U00105_6_0,2026-06-07 07:58:00,gift hammock,2,ai_semantic,8,159.9,0.7508000135421753
SU00106_6_SESS_U00106_6_0_0,U00106,SESS_U00106_6_0,2026-06-07 13:42:00,jacket,1,ai_semantic,8,195.2,0.6549000144004822
SU00107_6_SESS_U00107_6_0_0,U00107,SESS_U00107_6_0,2026-06-07 19:54:00,earbuds under 50 dollars,4,legacy,6,74.9,0.5941
SU00107_6_SESS_U00107_6_1_0,U00107,SESS_U00107_6_1,2026-06-07 13:18:00,hammock ultrlaight,2,legacy,7,124.1,0.5877
SU00107_6_SESS_U00107_6_1_1,U00107,SESS_U00107_6_1,2026-06-07 20:53:00,earbuds comapct,2,legacy,6,114.0,0.5023
SU00109_6_SESS_U00109_6_0_0,U00109,SESS_U00109_6_0,2026-06-07 08:49:00,best toaster for winter,4,legacy,8,109.2,0.5918
SU00109_6_SESS_U00109_6_0_1,U00109,SESS_U00109_6_0,2026-06-07 13:23:00,gift cookware set,3,legacy,8,94.8,0.5822
SU00109_6_SESS_U00109_6_0_2,U00109,SESS_U00109_6_0,2026-06-07 08:42:00,cheap loafers,2,legacy,6,116.0,0.5365
SU00110_6_SESS_U00110_6_0_0,U00110,SESS_U00110_6_0,2026-06-07 21:45:00,loafers,1,legacy,6,87.9,0.5702
SU00112_6_SESS_U00112_6_0_0,U00112,SESS_U00112_6_0,2026-06-07 09:10:00,best cleats for hiking,4,legacy,8,99.3,0.5642
SU00114_6_SESS_U00114_6_0_0,U00114,SESS_U00114_6_0,2026-06-07 20:42:00,high-top running shoes,3,legacy,8,117.9,0.5859
SU00117_6_SESS_U00117_6_0_0,U00117,SESS_U00117_6_0,2026-06-07 17:00:00,hoodie,1,ai_semantic,8,179.2,0.6793000102043152
SU00117_6_SESS_U00117_6_0_1,U00117,SESS_U00117_6_0,2026-06-07 18:13:00,gift desk ornament,3,ai_semantic,8,187.4,0.7340999841690063
SU00117_6_SESS_U00117_6_0_2,U00117,SESS_U00117_6_0,2026-06-07 20:34:00,somthing for camping,3,ai_semantic,8,163.9,0.4957999885082245
SU00117_6_SESS_U00117_6_1_0,U00117,SESS_U00117_6_1,2026-06-07 22:31:00,handmade journal,2,ai_semantic,8,182.9,0.8457000255584717
SU00119_6_SESS_U00119_6_0_0,U00119,SESS_U00119_6_0,2026-06-07 09:39:00,gfit charging cable,3,legacy,6,66.8,0.5422
SU00119_6_SESS_U00119_6_0_1,U00119,SESS_U00119_6_0,2026-06-07 17:49:00,noise-cancelling earbuds,2,legacy,8,73.3,0.52
SU00121_6_SESS_U00121_6_0_0,U00121,SESS_U00121_6_0,2026-06-07 15:53:00,rechargeable webcam for winter,4,ai_semantic,8,168.4,0.7111999988555908
SU00121_6_SESS_U00121_6_0_1,U00121,SESS_U00121_6_0,2026-06-07 22:31:00,gift mug,2,ai_semantic,8,179.7,0.6347000002861023
SU00122_6_SESS_U00122_6_0_0,U00122,SESS_U00122_6_0,2026-06-07 09:58:00,cheap thermal leggings,3,ai_semantic,8,212.0,0.8338000178337097
SU00122_6_SESS_U00122_6_0_1,U00122,SESS_U00122_6_0,2026-06-07 21:52:00,hammock under 50 dollars,4,ai_semantic,8,150.8,0.7077000141143799
SU00122_6_SESS_U00122_6_0_2,U00122,SESS_U00122_6_0,2026-06-07 12:03:00,cheap hoodie,2,ai_semantic,8,224.5,0.6844000220298767
SU00126_6_SESS_U00126_6_0_0,U00126,SESS_U00126_6_0,2026-06-07 08:26:00,cheap mug,2,ai_semantic,8,189.0,0.6538000106811523
SU00126_6_SESS_U00126_6_0_1,U00126,SESS_U00126_6_0,2026-06-07 11:41:00,somthing for a gift,4,ai_semantic,8,199.9,0.38440001010894775
SU00129_6_SESS_U00129_6_0_0,U00129,SESS_U00129_6_0,2026-06-07 11:10:00,somthing for hiking,3,ai_semantic,8,178.3,0.5105999708175659
SU00132_6_SESS_U00132_6_0_0,U00132,SESS_U00132_6_0,2026-06-07 22:07:00,somthing for gym,3,ai_semantic,8,207.8,0.29350000619888306
SU00132_6_SESS_U00132_6_0_1,U00132,SESS_U00132_6_0,2026-06-07 17:58:00,gift candle,2,ai_semantic,8,217.0,0.6509000062942505
SU00134_6_SESS_U00134_6_0_0,U00134,SESS_U00134_6_0,2026-06-07 19:29:00,running shoes under 50 dollars,5,legacy,8,77.3,0.5992
SU00136_6_SESS_U00136_6_0_0,U00136,SESS_U00136_6_0,2026-06-07 16:19:00,best hiking boots for travel,5,legacy,8,82.5,0.5954
SU00138_6_SESS_U00138_6_0_0,U00138,SESS_U00138_6_0,2026-06-07 22:24:00,windproof thermal leggings,3,ai_semantic,8,187.3,0.9459999799728394
SU00142_6_SESS_U00142_6_0_0,U00142,SESS_U00142_6_0,2026-06-07 14:53:00,gift mug,2,legacy,8,53.1,0.5733
SU00143_6_SESS_U00143_6_0_0,U00143,SESS_U00143_6_0,2026-06-07 14:03:00,somthing for camping,3,legacy,8,111.1,0.596
SU00143_6_SESS_U00143_6_1_0,U00143,SESS_U00143_6_1,2026-06-07 16:02:00,somthing for my mom,4,legacy,8,120.4,0.5968
SU00143_6_SESS_U00143_6_1_1,U00143,SESS_U00143_6_1,2026-06-07 17:16:00,charging cable wireless,3,legacy,8,85.2,0.5839
SU00145_6_SESS_U00145_6_0_0,U00145,SESS_U00145_6_0,2026-06-07 08:09:00,moisture-wicking hoodie,2,legacy,8,51.2,0.5973
SU00145_6_SESS_U00145_6_0_1,U00145,SESS_U00145_6_0,2026-06-07 12:17:00,compact headphones for a gift,5,legacy,8,75.0,0.5909
SU00147_6_SESS_U00147_6_0_0,U00147,SESS_U00147_6_0,2026-06-07 17:59:00,cleats ligthweight,2,ai_semantic,8,167.1,0.6933000087738037
SU00152_6_SESS_U00152_6_0_0,U00152,SESS_U00152_6_0,2026-06-07 20:11:00,webcam compatc,2,legacy,6,129.9,0.5909
SU00152_6_SESS_U00152_6_0_1,U00152,SESS_U00152_6_0,2026-06-07 21:32:00,headphones under 50 dollars,4,legacy,6,114.8,0.5777
SU00155_6_SESS_U00155_6_0_0,U00155,SESS_U00155_6_0,2026-06-07 11:55:00,noise-cancelling headphones,2,ai_semantic,8,250.2,0.8234000205993652
SU00155_6_SESS_U00155_6_0_1,U00155,SESS_U00155_6_0,2026-06-07 21:03:00,best sleeping bag for the office,6,ai_semantic,8,205.2,0.7077000141143799
SU00161_6_SESS_U00161_6_0_0,U00161,SESS_U00161_6_0,2026-06-07 12:12:00,cheap loafers,2,ai_semantic,8,187.7,0.7091000080108643
SU00161_6_SESS_U00161_6_0_1,U00161,SESS_U00161_6_0,2026-06-07 20:00:00,headlamp under 50 dollars,4,ai_semantic,8,191.5,0.6639999747276306
SU00162_6_SESS_U00162_6_0_0,U00162,SESS_U00162_6_0,2026-06-07 22:37:00,best beanie for the office,5,ai_semantic,8,193.4,0.7146999835968018
SU00162_6_SESS_U00162_6_0_1,U00162,SESS_U00162_6_0,2026-06-07 20:06:00,electric mixing bowl for hiking,5,ai_semantic,8,146.9,0.6098999977111816
SU00163_6_SESS_U00163_6_0_0,U00163,SESS_U00163_6_0,2026-06-07 15:17:00,compact tent for rani,4,ai_semantic,8,170.0,0.6729000210762024
SU00165_6_SESS_U00165_6_0_0,U00165,SESS_U00165_6_0,2026-06-07 07:58:00,somthing for a gift,4,legacy,8,54.1,0.5924
SU00170_6_SESS_U00170_6_0_0,U00170,SESS_U00170_6_0,2026-06-07 09:19:00,somthing for rain,3,legacy,8,137.0,0.5507
SU00170_6_SESS_U00170_6_0_1,U00170,SESS_U00170_6_0,2026-06-07 18:14:00,hammock,1,legacy,7,97.0,0.5843
SU00170_6_SESS_U00170_6_0_2,U00170,SESS_U00170_6_0,2026-06-07 13:57:00,hoodie under 50 dollars,4,legacy,7,131.8,0.5443
SU00173_6_SESS_U00173_6_0_0,U00173,SESS_U00173_6_0,2026-06-07 07:59:00,gift photo frame,3,ai_semantic,8,201.5,0.6269000172615051
SU00181_6_SESS_U00181_6_0_0,U00181,SESS_U00181_6_0,2026-06-07 15:14:00,gift candle,2,ai_semantic,8,200.6,0.6509000062942505
SU00181_6_SESS_U00181_6_0_1,U00181,SESS_U00181_6_0,2026-06-07 21:30:00,cheap keychain,2,ai_semantic,8,173.6,0.7838000059127808
SU00192_6_SESS_U00192_6_0_0,U00192,SESS_U00192_6_0,2026-06-07 21:32:00,cheap headphones,2,legacy,6,66.8,0.574
SU00193_6_SESS_U00193_6_0_0,U00193,SESS_U00193_6_0,2026-06-07 21:19:00,dishwasher-safe blender,2,legacy,8,69.3,0.5982
SU00197_6_SESS_U00197_6_0_0,U00197,SESS_U00197_6_0,2026-06-07 09:53:00,journal,1,legacy,6,79.0,0.5086
SU00202_6_SESS_U00202_6_0_0,U00202,SESS_U00202_6_0,2026-06-07 18:32:00,gift rain coat,3,legacy,8,109.1,0.5949
SU00207_6_SESS_U00207_6_0_0,U00207,SESS_U00207_6_0,2026-06-07 14:47:00,best keychain for hiking,4,legacy,8,100.0,0.5867
SU00207_6_SESS_U00207_6_0_1,U00207,SESS_U00207_6_0,2026-06-07 15:11:00,chaep cleats,2,legacy,7,87.8,0.5868
SU00208_6_SESS_U00208_6_0_0,U00208,SESS_U00208_6_0,2026-06-07 11:29:00,cheap knife set,3,ai_semantic,8,154.5,0.678600013256073
SU00208_6_SESS_U00208_6_0_1,U00208,SESS_U00208_6_0,2026-06-07 12:07:00,best photo frame for a gift,6,ai_semantic,8,143.2,0.6934000253677368
SU00210_6_SESS_U00210_6_0_0,U00210,SESS_U00210_6_0,2026-06-07 14:33:00,cheap sneakers,2,ai_semantic,8,172.9,0.6583999991416931
SU00210_6_SESS_U00210_6_0_1,U00210,SESS_U00210_6_0,2026-06-07 22:20:00,breathable sneakers for my mom,5,ai_semantic,8,183.9,0.7138000130653381
SU00213_6_SESS_U00213_6_0_0,U00213,SESS_U00213_6_0,2026-06-07 13:38:00,ultralight hammock,2,ai_semantic,8,186.0,0.8942999839782715
SU00213_6_SESS_U00213_6_1_0,U00213,SESS_U00213_6_1,2026-06-07 08:25:00,cheap earbuds,2,ai_semantic,8,192.4,0.7153000235557556
SU00213_6_SESS_U00213_6_1_1,U00213,SESS_U00213_6_1,2026-06-07 09:34:00,somthing for camping,3,ai_semantic,8,150.3,0.4957999885082245
SU00221_6_SESS_U00221_6_0_0,U00221,SESS_U00221_6_0,2026-06-07 09:52:00,photo frame handmdae,3,ai_semantic,8,215.0,0.6926000118255615
SU00221_6_SESS_U00221_6_1_0,U00221,SESS_U00221_6_1,2026-06-07 10:36:00,gitf speaker,2,ai_semantic,8,170.3,0.4120999872684479
SU00221_6_SESS_U00221_6_1_1,U00221,SESS_U00221_6_1,2026-06-07 17:55:00,portable earbuds,2,ai_semantic,8,163.0,0.8671000003814697
SU00222_6_SESS_U00222_6_0_0,U00222,SESS_U00222_6_0,2026-06-07 17:51:00,soft jacket for camping,4,legacy,8,84.3,0.5462
SU00224_6_SESS_U00224_6_0_0,U00224,SESS_U00224_6_0,2026-06-07 12:33:00,somthing for hiking,3,ai_semantic,8,143.0,0.5105999708175659
SU00228_6_SESS_U00228_6_0_0,U00228,SESS_U00228_6_0,2026-06-07 18:07:00,gift earbuds,2,legacy,8,76.8,0.5947
SU00228_6_SESS_U00228_6_0_1,U00228,SESS_U00228_6_0,2026-06-07 17:55:00,gift hammock,2,legacy,8,72.5,0.5819
SU00233_6_SESS_U00233_6_0_0,U00233,SESS_U00233_6_0,2026-06-07 09:58:00,foladble tent for hiking,4,legacy,8,126.6,0.5874
SU00233_6_SESS_U00233_6_0_1,U00233,SESS_U00233_6_0,2026-06-07 11:47:00,hiking boots slpi-on,3,legacy,8,69.4,0.5388
SU00237_6_SESS_U00237_6_0_0,U00237,SESS_U00237_6_0,2026-06-07 20:56:00,best sleeping bag for travel,5,legacy,8,70.1,0.5834
SU00240_6_SESS_U00240_6_0_0,U00240,SESS_U00240_6_0,2026-06-07 17:40:00,best earubds for the office,5,legacy,8,99.4,0.5808
SU00241_6_SESS_U00241_6_0_0,U00241,SESS_U00241_6_0,2026-06-07 19:59:00,fleece-lined fleece pullover for the office,6,legacy,8,63.9,0.5944
SU00241_6_SESS_U00241_6_0_1,U00241,SESS_U00241_6_0,2026-06-07 19:50:00,winter boots,2,legacy,8,93.8,0.4757
SU00242_6_SESS_U00242_6_0_0,U00242,SESS_U00242_6_0,2026-06-07 12:56:00,journal rutsic,2,ai_semantic,8,145.9,0.5059999823570251
SU00242_6_SESS_U00242_6_0_1,U00242,SESS_U00242_6_0,2026-06-07 19:05:00,cheap speaker,2,ai_semantic,8,138.4,0.6797000169754028
SU00245_6_SESS_U00245_6_0_0,U00245,SESS_U00245_6_0,2026-06-07 17:49:00,stainless steel coffee maker for travel,6,legacy,8,116.5,0.5504
SU00245_6_SESS_U00245_6_0_1,U00245,SESS_U00245_6_0,2026-06-07 20:26:00,insulated tent for rain,4,legacy,8,111.7,0.5967
SU00248_6_SESS_U00248_6_0_0,U00248,SESS_U00248_6_0,2026-06-07 13:02:00,elegant desk ornament for rain,5,ai_semantic,8,166.1,0.6561999917030334
SU00250_6_SESS_U00250_6_0_0,U00250,SESS_U00250_6_0,2026-06-07 09:42:00,hammock under 50 dollars,4,ai_semantic,8,118.3,0.7077000141143799
SU00251_6_SESS_U00251_6_0_0,U00251,SESS_U00251_6_0,2026-06-07 22:22:00,candle engarved,2,ai_semantic,8,175.8,0.6100999712944031
SU00255_6_SESS_U00255_6_0_0,U00255,SESS_U00255_6_0,2026-06-07 21:46:00,hiking boots,2,ai_semantic,8,127.5,0.7730000019073486
SU00259_6_SESS_U00259_6_0_0,U00259,SESS_U00259_6_0,2026-06-07 22:55:00,toaster elcetric,2,legacy,4,66.9,0.5446
SU00259_6_SESS_U00259_6_0_1,U00259,SESS_U00259_6_0,2026-06-07 18:20:00,backpack under 50 dollasr,4,legacy,6,70.3,0.5408
SU00259_6_SESS_U00259_6_0_2,U00259,SESS_U00259_6_0,2026-06-07 11:29:00,somthign for the office,4,legacy,8,52.0,0.5574
SU00259_6_SESS_U00259_6_1_0,U00259,SESS_U00259_6_1,2026-06-07 11:38:00,somthing for rain,3,legacy,8,89.5,0.5851
SU00262_6_SESS_U00262_6_0_0,U00262,SESS_U00262_6_0,2026-06-07 12:20:00,smartwatch noies-cancelling,2,legacy,5,108.2,0.5011
SU00264_6_SESS_U00264_6_0_0,U00264,SESS_U00264_6_0,2026-06-07 16:19:00,keychain,1,legacy,6,109.2,0.5051
SU00264_6_SESS_U00264_6_0_1,U00264,SESS_U00264_6_0,2026-06-07 07:37:00,gift air fryer,3,legacy,8,87.6,0.5708
SU00264_6_SESS_U00264_6_0_2,U00264,SESS_U00264_6_0,2026-06-07 16:25:00,hiking boots under 50 dollars,5,legacy,8,86.5,0.5626
SU00265_6_SESS_U00265_6_0_0,U00265,SESS_U00265_6_0,2026-06-07 07:54:00,noise-cancelling smartwatch,2,legacy,8,108.8,0.5466
SU00265_6_SESS_U00265_6_0_1,U00265,SESS_U00265_6_0,2026-06-07 20:14:00,noise-cancelling smartwatch for gym,4,legacy,8,57.2,0.4948
SU00265_6_SESS_U00265_6_1_0,U00265,SESS_U00265_6_1,2026-06-07 15:47:00,somthing for my mom,4,legacy,8,89.2,0.5845
SU00265_6_SESS_U00265_6_1_1,U00265,SESS_U00265_6_1,2026-06-07 22:51:00,running shoes,2,legacy,8,77.6,0.564
SU00271_6_SESS_U00271_6_0_0,U00271,SESS_U00271_6_0,2026-06-07 13:11:00,portable eabruds for a gift,5,ai_semantic,8,169.0,0.48260000348091125
SU00271_6_SESS_U00271_6_0_1,U00271,SESS_U00271_6_0,2026-06-07 13:28:00,best gift box set for my mom,7,ai_semantic,8,208.4,0.701200008392334
SU00274_6_SESS_U00274_6_0_0,U00274,SESS_U00274_6_0,2026-06-07 19:24:00,cheap webcam,2,legacy,6,115.4,0.5574
SU00274_6_SESS_U00274_6_0_1,U00274,SESS_U00274_6_0,2026-06-07 08:20:00,heavy-duty cooler,2,legacy,8,68.6,0.5989
SU00274_6_SESS_U00274_6_1_0,U00274,SESS_U00274_6_1,2026-06-07 19:35:00,cheap coffee maker,3,legacy,5,90.0,0.5942
SU00277_6_SESS_U00277_6_0_0,U00277,SESS_U00277_6_0,2026-06-07 16:47:00,best fleece pullover for hiking,5,legacy,8,104.0,0.5905
SU00277_6_SESS_U00277_6_0_1,U00277,SESS_U00277_6_0,2026-06-07 08:36:00,gift box set mniimalist,4,legacy,8,78.8,0.5029
SU00280_6_SESS_U00280_6_0_0,U00280,SESS_U00280_6_0,2026-06-07 10:12:00,warm hoodie for my mom,5,legacy,8,88.5,0.5356
SU00280_6_SESS_U00280_6_0_1,U00280,SESS_U00280_6_0,2026-06-07 21:04:00,camp stove weatherrpoof,3,legacy,6,113.6,0.5823
SU00280_6_SESS_U00280_6_1_0,U00280,SESS_U00280_6_1,2026-06-07 07:30:00,hammock under 50 dollars,4,legacy,7,135.9,0.5784
SU00285_6_SESS_U00285_6_0_0,U00285,SESS_U00285_6_0,2026-06-07 07:58:00,keychain,1,ai_semantic,8,162.5,0.8173999786376953
SU00286_6_SESS_U00286_6_0_0,U00286,SESS_U00286_6_0,2026-06-07 22:03:00,cheap charging cable,3,ai_semantic,8,170.2,0.650600016117096
SU00288_6_SESS_U00288_6_0_0,U00288,SESS_U00288_6_0,2026-06-07 08:13:00,compact blender,2,legacy,8,93.6,0.5622
SU00288_6_SESS_U00288_6_0_1,U00288,SESS_U00288_6_0,2026-06-07 11:32:00,fleece pullover,2,legacy,7,57.7,0.5887
SU00290_6_SESS_U00290_6_0_0,U00290,SESS_U00290_6_0,2026-06-07 16:22:00,somthing for my mom,4,legacy,8,107.2,0.5099
SU00290_6_SESS_U00290_6_0_1,U00290,SESS_U00290_6_0,2026-06-07 22:29:00,sneakers braethable,2,legacy,7,82.0,0.5854
SU00292_6_SESS_U00292_6_0_0,U00292,SESS_U00292_6_0,2026-06-07 12:17:00,high-top running shoes for rain,5,legacy,8,118.7,0.5746
SU00294_6_SESS_U00294_6_0_0,U00294,SESS_U00294_6_0,2026-06-07 07:45:00,best mug for travel,4,legacy,8,94.5,0.5909
SU00298_6_SESS_U00298_6_0_0,U00298,SESS_U00298_6_0,2026-06-07 14:24:00,thermal leggings sotf,3,legacy,7,110.1,0.5951
SU00298_6_SESS_U00298_6_0_1,U00298,SESS_U00298_6_0,2026-06-07 17:37:00,rain coat under 50 dollars,5,legacy,6,78.0,0.5305
SU00298_6_SESS_U00298_6_1_0,U00298,SESS_U00298_6_1,2026-06-07 08:38:00,dishwashe-rsafe air fryer for the office,6,legacy,8,81.9,0.5897
SU00306_6_SESS_U00306_6_0_0,U00306,SESS_U00306_6_0,2026-06-07 21:57:00,foldabel headlamp for my mom,5,ai_semantic,8,166.9,0.6506999731063843
SU00313_6_SESS_U00313_6_0_0,U00313,SESS_U00313_6_0,2026-06-07 19:50:00,bset earbuds for winter,4,ai_semantic,8,178.5,0.5759999752044678
SU00313_6_SESS_U00313_6_0_1,U00313,SESS_U00313_6_0,2026-06-07 09:30:00,cooler under 50 dollars,4,ai_semantic,8,146.4,0.5360000133514404
SU00316_6_SESS_U00316_6_0_0,U00316,SESS_U00316_6_0,2026-06-07 10:11:00,steel knife set under 50 dollars,6,legacy,8,97.7,0.5902
SU00321_6_SESS_U00321_6_0_0,U00321,SESS_U00321_6_0,2026-06-07 10:49:00,somthing for hiking,3,ai_semantic,8,184.3,0.5105999708175659
SU00326_6_SESS_U00326_6_0_0,U00326,SESS_U00326_6_0,2026-06-07 21:38:00,cheap webcam,2,ai_semantic,8,95.5,0.6915000081062317
SU00326_6_SESS_U00326_6_0_1,U00326,SESS_U00326_6_0,2026-06-07 09:27:00,gift power bank,3,ai_semantic,8,188.1,0.6348000168800354
SU00327_6_SESS_U00327_6_0_0,U00327,SESS_U00327_6_0,2026-06-07 13:45:00,hiking boots under 50 dollars,5,legacy,8,128.7,0.4737
SU00330_6_SESS_U00330_6_0_0,U00330,SESS_U00330_6_0,2026-06-07 19:54:00,thermal leggings,2,ai_semantic,8,234.3,0.8860999941825867
SU00331_6_SESS_U00331_6_0_0,U00331,SESS_U00331_6_0,2026-06-07 14:22:00,cheap cookware set,3,legacy,8,121.3,0.573
SU00331_6_SESS_U00331_6_0_1,U00331,SESS_U00331_6_0,2026-06-07 14:30:00,best air fryer for hiking,5,legacy,8,78.0,0.5131
SU00334_6_SESS_U00334_6_0_0,U00334,SESS_U00334_6_0,2026-06-07 08:42:00,cookware set under 50 dollars,5,ai_semantic,8,199.5,0.6148999929428101
SU00334_6_SESS_U00334_6_0_1,U00334,SESS_U00334_6_0,2026-06-07 22:11:00,ceramic knife set for my mom,6,ai_semantic,8,147.4,0.7397000193595886
SU00334_6_SESS_U00334_6_0_2,U00334,SESS_U00334_6_0,2026-06-07 13:08:00,cheap running shoes,3,ai_semantic,8,152.9,0.7685999870300293
SU00336_6_SESS_U00336_6_0_0,U00336,SESS_U00336_6_0,2026-06-07 09:53:00,best hoodie for wniter,4,legacy,8,53.7,0.5479
SU00336_6_SESS_U00336_6_0_1,U00336,SESS_U00336_6_0,2026-06-07 09:06:00,somthing for my mom,4,legacy,8,104.0,0.5335
SU00338_6_SESS_U00338_6_0_0,U00338,SESS_U00338_6_0,2026-06-07 22:14:00,somthign for gym,3,legacy,8,85.9,0.592
SU00341_6_SESS_U00341_6_0_0,U00341,SESS_U00341_6_0,2026-06-07 13:54:00,fleece pullover lightwieght,3,ai_semantic,8,122.1,0.7738000154495239
SU00342_6_SESS_U00342_6_0_0,U00342,SESS_U00342_6_0,2026-06-07 11:05:00,somthing for the office,4,legacy,8,73.1,0.5905
SU00345_6_SESS_U00345_6_0_0,U00345,SESS_U00345_6_0,2026-06-07 15:56:00,somthign for camping,3,legacy,8,73.0,0.5621
SU00345_6_SESS_U00345_6_0_1,U00345,SESS_U00345_6_0,2026-06-07 09:36:00,portbale camp stove,3,legacy,6,97.7,0.5254
SU00346_6_SESS_U00346_6_0_0,U00346,SESS_U00346_6_0,2026-06-07 14:15:00,cheap candle,2,ai_semantic,8,158.0,0.699400007724762
SU00346_6_SESS_U00346_6_0_1,U00346,SESS_U00346_6_0,2026-06-07 09:07:00,somthing for rain,3,ai_semantic,8,152.3,0.5149999856948853
SU00346_6_SESS_U00346_6_0_2,U00346,SESS_U00346_6_0,2026-06-07 22:37:00,cheap fleece pullover,3,ai_semantic,8,174.9,0.8676000237464905
SU00346_6_SESS_U00346_6_1_0,U00346,SESS_U00346_6_1,2026-06-07 18:53:00,somthing for a gift,4,ai_semantic,8,183.4,0.38440001010894775
SU00355_6_SESS_U00355_6_0_0,U00355,SESS_U00355_6_0,2026-06-07 14:34:00,high-top cleast,2,legacy,6,79.7,0.5918
SU00355_6_SESS_U00355_6_0_1,U00355,SESS_U00355_6_0,2026-06-07 10:41:00,loafers under 50 dollars,4,legacy,6,103.1,0.5752
SU00358_6_SESS_U00358_6_0_0,U00358,SESS_U00358_6_0,2026-06-07 21:00:00,steel coffee maker,3,ai_semantic,8,180.7,0.6948000192642212
SU00361_6_SESS_U00361_6_0_0,U00361,SESS_U00361_6_0,2026-06-07 12:34:00,sneakers under 50 dollars,4,ai_semantic,8,162.7,0.6071000099182129
SU00361_6_SESS_U00361_6_1_0,U00361,SESS_U00361_6_1,2026-06-07 17:58:00,hoodie moisturew-icking,2,ai_semantic,8,92.5,0.7972999811172485
SU00362_6_SESS_U00362_6_0_0,U00362,SESS_U00362_6_0,2026-06-07 13:35:00,gift beanie,2,legacy,8,79.5,0.5122
SU00364_6_SESS_U00364_6_0_0,U00364,SESS_U00364_6_0,2026-06-07 19:02:00,best loafers for my mom,5,legacy,8,172.8,0.5963
SU00365_6_SESS_U00365_6_0_0,U00365,SESS_U00365_6_0,2026-06-07 14:41:00,best loafers for my mom,5,ai_semantic,8,153.8,0.6004999876022339
SU00365_6_SESS_U00365_6_0_1,U00365,SESS_U00365_6_0,2026-06-07 14:48:00,compact charging cable,3,ai_semantic,8,129.4,0.8252999782562256
SU00374_6_SESS_U00374_6_0_0,U00374,SESS_U00374_6_0,2026-06-07 17:33:00,mug under 50 dollars,4,legacy,6,75.8,0.5103
SU00376_6_SESS_U00376_6_0_0,U00376,SESS_U00376_6_0,2026-06-07 12:34:00,somthing for camping,3,legacy,8,92.1,0.5437
SU00376_6_SESS_U00376_6_0_1,U00376,SESS_U00376_6_0,2026-06-07 15:20:00,gift cookware set,3,legacy,8,66.7,0.5936
SU00386_6_SESS_U00386_6_0_0,U00386,SESS_U00386_6_0,2026-06-07 10:44:00,cheap cleats,2,legacy,7,95.5,0.5834
SU00391_6_SESS_U00391_6_0_0,U00391,SESS_U00391_6_0,2026-06-07 08:24:00,insulated hiking boots for winter,5,legacy,8,93.5,0.5585
SU00394_6_SESS_U00394_6_0_0,U00394,SESS_U00394_6_0,2026-06-07 18:36:00,gift hammock,2,legacy,8,70.9,0.5814
SU00396_6_SESS_U00396_6_0_0,U00396,SESS_U00396_6_0,2026-06-07 07:19:00,best beanie for gym,4,legacy,8,73.6,0.5379
SU00396_6_SESS_U00396_6_1_0,U00396,SESS_U00396_6_1,2026-06-07 19:32:00,cooler,1,legacy,6,87.6,0.594
SU00396_6_SESS_U00396_6_1_1,U00396,SESS_U00396_6_1,2026-06-07 21:50:00,hammokc poratble,2,legacy,0,84.3,
SU00398_6_SESS_U00398_6_0_0,U00398,SESS_U00398_6_0,2026-06-07 21:19:00,somthing for travel,3,legacy,8,117.0,0.5444
SU00398_6_SESS_U00398_6_1_0,U00398,SESS_U00398_6_1,2026-06-07 13:29:00,sweater windrpofo,2,legacy,7,111.0,0.5941
SU00399_6_SESS_U00399_6_0_0,U00399,SESS_U00399_6_0,2026-06-07 22:55:00,gift coffee maker,3,ai_semantic,8,153.8,0.5069000124931335
SU00399_6_SESS_U00399_6_0_1,U00399,SESS_U00399_6_0,2026-06-07 19:59:00,cleats,1,ai_semantic,8,142.9,0.7260000109672546
SU00399_6_SESS_U00399_6_0_2,U00399,SESS_U00399_6_0,2026-06-07 13:26:00,cheap cooler,2,ai_semantic,8,192.3,0.636900007724762
SU00404_6_SESS_U00404_6_0_0,U00404,SESS_U00404_6_0,2026-06-07 14:19:00,gift loafers,2,legacy,8,103.1,0.5954
SU00411_6_SESS_U00411_6_0_0,U00411,SESS_U00411_6_0,2026-06-07 20:40:00,best charging cable for my mom,6,legacy,8,101.7,0.5974
SU00413_6_SESS_U00413_6_0_0,U00413,SESS_U00413_6_0,2026-06-07 12:05:00,cheap backpack,2,legacy,6,55.7,0.5111
SU00417_6_SESS_U00417_6_0_0,U00417,SESS_U00417_6_0,2026-06-07 17:34:00,wrieless headphones,2,legacy,6,93.7,0.5787
SU00417_6_SESS_U00417_6_0_1,U00417,SESS_U00417_6_0,2026-06-07 07:34:00,cheap gift box set,4,legacy,8,96.9,0.5524
SU00417_6_SESS_U00417_6_0_2,U00417,SESS_U00417_6_0,2026-06-07 20:21:00,somthing for gym,3,legacy,8,74.9,0.5328
SU00417_6_SESS_U00417_6_1_0,U00417,SESS_U00417_6_1,2026-06-07 18:32:00,sneakers,1,legacy,7,80.9,0.5964
SU00417_6_SESS_U00417_6_1_1,U00417,SESS_U00417_6_1,2026-06-07 19:16:00,somthing for a gift,4,legacy,8,118.7,0.5964
SU00419_6_SESS_U00419_6_0_0,U00419,SESS_U00419_6_0,2026-06-07 12:27:00,somthing for camping,3,ai_semantic,8,244.1,0.4957999885082245
SU00419_6_SESS_U00419_6_0_1,U00419,SESS_U00419_6_0,2026-06-07 11:33:00,air fryer ceramci,3,ai_semantic,8,205.8,0.6334999799728394
SU00422_6_SESS_U00422_6_0_0,U00422,SESS_U00422_6_0,2026-06-07 09:29:00,engraved desk ornament for the office,6,ai_semantic,8,89.5,0.843500018119812
SU00424_6_SESS_U00424_6_0_0,U00424,SESS_U00424_6_0,2026-06-07 17:02:00,foldable cooler for travel,4,ai_semantic,8,189.5,0.737500011920929
SU00426_6_SESS_U00426_6_0_0,U00426,SESS_U00426_6_0,2026-06-07 13:16:00,beanie,1,legacy,5,131.5,0.5649
SU00436_6_SESS_U00436_6_0_0,U00436,SESS_U00436_6_0,2026-06-07 18:39:00,powre bank,2,ai_semantic,8,217.0,0.4253000020980835
SU00439_6_SESS_U00439_6_0_0,U00439,SESS_U00439_6_0,2026-06-07 11:06:00,gift earbuds,2,legacy,8,96.9,0.5707
SU00442_6_SESS_U00442_6_0_0,U00442,SESS_U00442_6_0,2026-06-07 16:49:00,personalized candle,2,ai_semantic,8,197.9,0.8461999893188477
SU00453_6_SESS_U00453_6_0_0,U00453,SESS_U00453_6_0,2026-06-07 08:47:00,somthing for hiking,3,ai_semantic,8,172.1,0.5105999708175659
SU00453_6_SESS_U00453_6_0_1,U00453,SESS_U00453_6_0,2026-06-07 16:27:00,somthign for winter,3,ai_semantic,8,147.9,0.4072999954223633
SU00454_6_SESS_U00454_6_0_0,U00454,SESS_U00454_6_0,2026-06-07 09:42:00,wireless earbuds,2,legacy,8,88.6,0.588
SU00456_6_SESS_U00456_6_0_0,U00456,SESS_U00456_6_0,2026-06-07 12:55:00,cheap rain coat,3,legacy,6,88.3,0.5853
SU00460_6_SESS_U00460_6_0_0,U00460,SESS_U00460_6_0,2026-06-07 11:18:00,best knife set for hiking,5,legacy,8,91.1,0.5468
SU00462_6_SESS_U00462_6_0_0,U00462,SESS_U00462_6_0,2026-06-07 19:02:00,cheap charging cable,3,ai_semantic,8,120.0,0.650600016117096
SU00467_6_SESS_U00467_6_0_0,U00467,SESS_U00467_6_0,2026-06-07 17:13:00,tent foldabel,2,legacy,7,113.6,0.5927
SU00467_6_SESS_U00467_6_0_1,U00467,SESS_U00467_6_0,2026-06-07 12:14:00,best cooler for gym,4,legacy,8,78.7,0.584
SU00467_6_SESS_U00467_6_0_2,U00467,SESS_U00467_6_0,2026-06-07 16:38:00,sandals,1,legacy,4,65.9,0.5752
SU00469_6_SESS_U00469_6_0_0,U00469,SESS_U00469_6_0,2026-06-07 18:53:00,charging cable,2,ai_semantic,8,195.3,0.7164999842643738
SU00469_6_SESS_U00469_6_0_1,U00469,SESS_U00469_6_0,2026-06-07 14:19:00,best rain coat for a gift,6,ai_semantic,8,243.7,0.6883999705314636
SU00470_6_SESS_U00470_6_0_0,U00470,SESS_U00470_6_0,2026-06-07 13:59:00,best fleece pullover for the office,6,legacy,8,91.0,0.5964
SU00472_6_SESS_U00472_6_0_0,U00472,SESS_U00472_6_0,2026-06-07 10:37:00,gift keychain,2,legacy,8,93.2,0.5964
SU00473_6_SESS_U00473_6_0_0,U00473,SESS_U00473_6_0,2026-06-07 22:18:00,handmade desk ornament for gym,5,legacy,8,93.8,0.5655
SU00474_6_SESS_U00474_6_0_0,U00474,SESS_U00474_6_0,2026-06-07 17:23:00,best jacket for the office,5,legacy,8,126.8,0.5985
SU00474_6_SESS_U00474_6_1_0,U00474,SESS_U00474_6_1,2026-06-07 08:14:00,hoodie under 50 dollars,4,legacy,7,96.3,0.5873
SU00486_6_SESS_U00486_6_0_0,U00486,SESS_U00486_6_0,2026-06-07 08:59:00,weatherproof camp stove,3,legacy,8,97.3,0.5557
SU00488_6_SESS_U00488_6_0_0,U00488,SESS_U00488_6_0,2026-06-07 07:06:00,chepa thermal leggings,3,legacy,7,67.6,0.5906
SU00488_6_SESS_U00488_6_1_0,U00488,SESS_U00488_6_1,2026-06-07 11:31:00,handmade journal for the office,5,legacy,8,101.9,0.5608
SU00488_6_SESS_U00488_6_1_1,U00488,SESS_U00488_6_1,2026-06-07 11:15:00,personalized photo frame,3,legacy,8,116.1,0.5925
SU00489_6_SESS_U00489_6_0_0,U00489,SESS_U00489_6_0,2026-06-07 16:28:00,slip-on sneakers,2,legacy,8,59.3,0.5128
SU00489_6_SESS_U00489_6_0_1,U00489,SESS_U00489_6_0,2026-06-07 09:11:00,hiking boots,2,legacy,8,91.4,0.5983
SU00491_6_SESS_U00491_6_0_0,U00491,SESS_U00491_6_0,2026-06-07 17:02:00,best desk ornament for a gift,6,ai_semantic,8,217.1,0.7757999897003174
SU00492_6_SESS_U00492_6_0_0,U00492,SESS_U00492_6_0,2026-06-07 11:09:00,jacket under 50 dollars,4,ai_semantic,8,186.2,0.5066999793052673
SU00492_6_SESS_U00492_6_0_1,U00492,SESS_U00492_6_0,2026-06-07 17:56:00,gitf cooler,2,ai_semantic,8,122.4,0.4065000116825104
SU00492_6_SESS_U00492_6_0_2,U00492,SESS_U00492_6_0,2026-06-07 12:29:00,best swaeter for my mom,5,ai_semantic,8,202.2,0.24549999833106995
SU00496_6_SESS_U00496_6_0_0,U00496,SESS_U00496_6_0,2026-06-07 21:53:00,camp stove insualted,3,legacy,6,63.3,0.5988
SU00500_6_SESS_U00500_6_0_0,U00500,SESS_U00500_6_0,2026-06-07 20:04:00,candle enrgaved,2,ai_semantic,8,174.0,0.5515999794006348
SU00501_6_SESS_U00501_6_0_0,U00501,SESS_U00501_6_0,2026-06-07 09:36:00,gift winter boots,3,legacy,8,92.7,0.5548
SU00502_6_SESS_U00502_6_0_0,U00502,SESS_U00502_6_0,2026-06-07 12:12:00,elegant desk ornament,3,ai_semantic,8,185.5,0.9072999954223633
SU00503_6_SESS_U00503_6_0_0,U00503,SESS_U00503_6_0,2026-06-07 08:03:00,sneakers under 50 dollars,4,ai_semantic,8,206.4,0.6071000099182129
SU00504_6_SESS_U00504_6_0_0,U00504,SESS_U00504_6_0,2026-06-07 09:42:00,best coffee maker for winter,5,legacy,8,52.4,0.5995
SU00504_6_SESS_U00504_6_1_0,U00504,SESS_U00504_6_1,2026-06-07 12:48:00,candle engrvaed,2,legacy,6,111.0,0.533
SU00512_6_SESS_U00512_6_0_0,U00512,SESS_U00512_6_0,2026-06-07 18:48:00,best sweater for my mom,5,legacy,8,99.5,0.4656
SU00518_6_SESS_U00518_6_0_0,U00518,SESS_U00518_6_0,2026-06-07 22:48:00,cheap running shoes,3,legacy,8,96.0,0.5664
SU00518_6_SESS_U00518_6_0_1,U00518,SESS_U00518_6_0,2026-06-07 08:30:00,stainless steel knife set for a gift,7,legacy,8,68.7,0.5928
SU00521_6_SESS_U00521_6_0_0,U00521,SESS_U00521_6_0,2026-06-07 09:02:00,cushoined winter boots for hiking,5,ai_semantic,8,224.7,0.6626999974250793
SU00531_6_SESS_U00531_6_0_0,U00531,SESS_U00531_6_0,2026-06-07 13:47:00,somthing for the office,4,ai_semantic,8,181.0,0.2831999957561493
SU00533_6_SESS_U00533_6_0_0,U00533,SESS_U00533_6_0,2026-06-07 20:27:00,tent under 50 dollasr,4,legacy,7,110.2,0.5127
SU00533_6_SESS_U00533_6_0_1,U00533,SESS_U00533_6_0,2026-06-07 18:30:00,foldable camp stove for hiking,5,legacy,8,82.7,0.5261
SU00533_6_SESS_U00533_6_0_2,U00533,SESS_U00533_6_0,2026-06-07 21:59:00,best gift box set for the office,7,legacy,8,71.2,0.5867
SU00534_6_SESS_U00534_6_0_0,U00534,SESS_U00534_6_0,2026-06-07 20:28:00,sleeping bag under 50 dollars,5,ai_semantic,8,146.2,0.6424999833106995
SU00538_6_SESS_U00538_6_0_0,U00538,SESS_U00538_6_0,2026-06-07 18:39:00,compact charging cable,3,legacy,8,48.4,0.4933
SU00538_6_SESS_U00538_6_1_0,U00538,SESS_U00538_6_1,2026-06-07 09:44:00,somthing for rain,3,legacy,8,103.4,0.5831
SU00540_6_SESS_U00540_6_0_0,U00540,SESS_U00540_6_0,2026-06-07 11:27:00,best mixing bowl for the office,6,legacy,8,81.1,0.577
SU00546_6_SESS_U00546_6_0_0,U00546,SESS_U00546_6_0,2026-06-07 22:52:00,warm beanie,2,legacy,8,51.4,0.5865
SU00546_6_SESS_U00546_6_0_1,U00546,SESS_U00546_6_0,2026-06-07 12:46:00,gift knife set,3,legacy,8,111.6,0.5828
SU00551_6_SESS_U00551_6_0_0,U00551,SESS_U00551_6_0,2026-06-07 16:40:00,somthing for gym,3,ai_semantic,8,185.1,0.29350000619888306
SU00557_6_SESS_U00557_6_0_0,U00557,SESS_U00557_6_0,2026-06-07 08:42:00,cheap power bank,3,ai_semantic,8,227.6,0.7488999962806702
SU00558_6_SESS_U00558_6_0_0,U00558,SESS_U00558_6_0,2026-06-07 16:21:00,cushioned winter boots,3,ai_semantic,8,213.2,0.9099000096321106
SU00558_6_SESS_U00558_6_0_1,U00558,SESS_U00558_6_0,2026-06-07 22:20:00,air fryer cmopact,3,ai_semantic,8,254.2,0.6653000116348267
SU00562_6_SESS_U00562_6_0_0,U00562,SESS_U00562_6_0,2026-06-07 20:21:00,keychain under 50 dollars,4,ai_semantic,8,236.7,0.574999988079071
SU00564_6_SESS_U00564_6_0_0,U00564,SESS_U00564_6_0,2026-06-07 22:48:00,high-top hiking boots,3,legacy,8,100.0,0.5733
SU00568_6_SESS_U00568_6_0_0,U00568,SESS_U00568_6_0,2026-06-07 17:29:00,cheap running shoes,3,ai_semantic,8,216.7,0.7685999870300293
SU00571_6_SESS_U00571_6_0_0,U00571,SESS_U00571_6_0,2026-06-07 19:13:00,elegant desk ornament for gym,5,legacy,8,124.4,0.5932
SU00587_6_SESS_U00587_6_0_0,U00587,SESS_U00587_6_0,2026-06-07 16:32:00,coffee maker under 50 dollars,5,ai_semantic,8,157.7,0.4555000066757202
SU00587_6_SESS_U00587_6_1_0,U00587,SESS_U00587_6_1,2026-06-07 11:49:00,weatherproof sleeping bag,3,ai_semantic,8,173.3,0.7800999879837036
SU00587_6_SESS_U00587_6_1_1,U00587,SESS_U00587_6_1,2026-06-07 11:46:00,handmade gift box set,4,ai_semantic,8,191.1,0.885200023651123
SU00587_6_SESS_U00587_6_1_2,U00587,SESS_U00587_6_1,2026-06-07 18:04:00,earbuds,1,ai_semantic,8,173.3,0.7372000217437744
SU00590_6_SESS_U00590_6_0_0,U00590,SESS_U00590_6_0,2026-06-07 16:09:00,somthing for my mom,4,ai_semantic,8,180.9,0.14970000088214874
SU00593_6_SESS_U00593_6_0_0,U00593,SESS_U00593_6_0,2026-06-07 12:09:00,best hoodie for hiking,4,legacy,8,66.0,0.5811
SU00595_6_SESS_U00595_6_0_0,U00595,SESS_U00595_6_0,2026-06-07 11:39:00,best sweater for the office,5,ai_semantic,8,147.2,0.6798999905586243
SU00595_6_SESS_U00595_6_0_1,U00595,SESS_U00595_6_0,2026-06-07 09:54:00,ceramic coffee maker for hiking,5,ai_semantic,8,259.3,0.6758999824523926
SU00595_6_SESS_U00595_6_0_2,U00595,SESS_U00595_6_0,2026-06-07 13:56:00,gift earbuds,2,ai_semantic,8,199.0,0.6978999972343445
SU00595_6_SESS_U00595_6_1_0,U00595,SESS_U00595_6_1,2026-06-07 08:16:00,bset jacket for my mom,5,ai_semantic,8,170.7,0.4796999990940094
SU00596_6_SESS_U00596_6_0_0,U00596,SESS_U00596_6_0,2026-06-07 14:49:00,soft fleece pullover for hiking,5,legacy,8,108.6,0.5888
SU00597_6_SESS_U00597_6_0_0,U00597,SESS_U00597_6_0,2026-06-07 10:15:00,cheap candle,2,ai_semantic,8,162.6,0.699400007724762
SU00598_6_SESS_U00598_6_0_0,U00598,SESS_U00598_6_0,2026-06-07 15:28:00,miinmalist mug,2,legacy,6,130.7,0.5925
SU00598_6_SESS_U00598_6_0_1,U00598,SESS_U00598_6_0,2026-06-07 09:32:00,foldable hammcok for winter,4,legacy,8,73.0,0.5721
SU00598_6_SESS_U00598_6_1_0,U00598,SESS_U00598_6_1,2026-06-07 14:03:00,cozy jacket,2,legacy,8,102.5,0.5538
SU00603_6_SESS_U00603_6_0_0,U00603,SESS_U00603_6_0,2026-06-07 13:06:00,desk ornamnet,2,legacy,5,76.3,0.5703
SU00611_6_SESS_U00611_6_0_0,U00611,SESS_U00611_6_0,2026-06-07 22:55:00,best charging cable for gym,5,ai_semantic,8,171.5,0.5770000219345093
SU00611_6_SESS_U00611_6_1_0,U00611,SESS_U00611_6_1,2026-06-07 11:51:00,breathable hiking boots for my mom,6,ai_semantic,8,170.5,0.7056000232696533
SU00613_6_SESS_U00613_6_0_0,U00613,SESS_U00613_6_0,2026-06-07 16:36:00,rain coat under 50 dollars,5,ai_semantic,8,174.4,0.5964000225067139
SU00613_6_SESS_U00613_6_0_1,U00613,SESS_U00613_6_0,2026-06-07 15:06:00,weatherproof sleeping bag for my mom,6,ai_semantic,8,193.8,0.6866999864578247
SU00617_6_SESS_U00617_6_0_0,U00617,SESS_U00617_6_0,2026-06-07 17:55:00,best gift box set for the office,7,legacy,8,67.6,0.4843
SU00632_6_SESS_U00632_6_0_0,U00632,SESS_U00632_6_0,2026-06-07 14:03:00,jacket under 50 dollars,4,legacy,6,95.7,0.5881
SU00635_6_SESS_U00635_6_0_0,U00635,SESS_U00635_6_0,2026-06-07 09:46:00,best smartwatch for winter,4,legacy,8,74.1,0.5838
SU00638_6_SESS_U00638_6_0_0,U00638,SESS_U00638_6_0,2026-06-07 07:09:00,cheap sleeping bag,3,legacy,7,95.6,0.5917
SU00642_6_SESS_U00642_6_0_0,U00642,SESS_U00642_6_0,2026-06-07 19:16:00,engraved journal,2,ai_semantic,8,156.1,0.8540999889373779
SU00642_6_SESS_U00642_6_0_1,U00642,SESS_U00642_6_0,2026-06-07 07:34:00,best candle for travel,4,ai_semantic,8,180.4,0.6438000202178955
SU00651_6_SESS_U00651_6_0_0,U00651,SESS_U00651_6_0,2026-06-07 19:33:00,minimalist mug for a gift,5,ai_semantic,8,147.2,0.7680000066757202
SU00653_6_SESS_U00653_6_0_0,U00653,SESS_U00653_6_0,2026-06-07 11:50:00,cookware set dishwashers-afe,3,ai_semantic,8,231.7,0.7645999789237976
SU00653_6_SESS_U00653_6_0_1,U00653,SESS_U00653_6_0,2026-06-07 21:19:00,engravde candle for a gift,5,ai_semantic,8,136.4,0.6190000176429749
SU00653_6_SESS_U00653_6_1_0,U00653,SESS_U00653_6_1,2026-06-07 10:04:00,somthing for camping,3,ai_semantic,8,222.1,0.4957999885082245
SU00661_6_SESS_U00661_6_0_0,U00661,SESS_U00661_6_0,2026-06-07 17:13:00,somthing for camping,3,ai_semantic,8,205.1,0.4957999885082245
SU00662_6_SESS_U00662_6_0_0,U00662,SESS_U00662_6_0,2026-06-07 10:45:00,windproof rain coat for hiking,5,ai_semantic,8,165.1,0.7452999949455261
SU00665_6_SESS_U00665_6_0_0,U00665,SESS_U00665_6_0,2026-06-07 21:38:00,keychain under 50 dollars,4,ai_semantic,8,191.7,0.574999988079071
SU00667_6_SESS_U00667_6_0_0,U00667,SESS_U00667_6_0,2026-06-07 20:28:00,portable earbdus,2,legacy,8,79.0,0.5836
SU00667_6_SESS_U00667_6_0_1,U00667,SESS_U00667_6_0,2026-06-07 12:51:00,compact tent for winter,4,legacy,8,77.8,0.5856
SU00668_6_SESS_U00668_6_0_0,U00668,SESS_U00668_6_0,2026-06-07 21:49:00,gift running shoes,3,legacy,8,109.7,0.5708
SU00668_6_SESS_U00668_6_0_1,U00668,SESS_U00668_6_0,2026-06-07 15:55:00,camp stove weatheprroof,3,legacy,6,98.6,0.5668
SU00668_6_SESS_U00668_6_1_0,U00668,SESS_U00668_6_1,2026-06-07 17:22:00,heavy-duty hammock,2,legacy,8,58.8,0.5852
SU00668_6_SESS_U00668_6_1_1,U00668,SESS_U00668_6_1,2026-06-07 18:00:00,somthing for gym,3,legacy,8,100.2,0.5532
SU00668_6_SESS_U00668_6_1_2,U00668,SESS_U00668_6_1,2026-06-07 10:49:00,high-top sneakers for travel,4,legacy,8,95.7,0.5666
SU00669_6_SESS_U00669_6_0_0,U00669,SESS_U00669_6_0,2026-06-07 22:41:00,gift air fryer,3,ai_semantic,8,200.2,0.6712999939918518
SU00670_6_SESS_U00670_6_0_0,U00670,SESS_U00670_6_0,2026-06-07 15:46:00,elegant photo frame for my mom,6,ai_semantic,8,151.6,0.7421000003814697
SU00671_6_SESS_U00671_6_0_0,U00671,SESS_U00671_6_0,2026-06-07 22:29:00,gift cleats,2,ai_semantic,8,198.4,0.6107000112533569
SU00672_6_SESS_U00672_6_0_0,U00672,SESS_U00672_6_0,2026-06-07 22:09:00,slip-on cleats,2,legacy,8,86.8,0.5843
SU00672_6_SESS_U00672_6_0_1,U00672,SESS_U00672_6_0,2026-06-07 22:41:00,winter boots,2,legacy,8,56.0,0.5727
SU00672_6_SESS_U00672_6_0_2,U00672,SESS_U00672_6_0,2026-06-07 13:07:00,somthing for camping,3,legacy,8,109.8,0.5119
SU00674_6_SESS_U00674_6_0_0,U00674,SESS_U00674_6_0,2026-06-07 17:30:00,rain coat,2,ai_semantic,8,155.2,0.7587000131607056
SU00675_6_SESS_U00675_6_0_0,U00675,SESS_U00675_6_0,2026-06-07 13:13:00,somthing for the office,4,ai_semantic,8,169.1,0.2831999957561493
SU00675_6_SESS_U00675_6_0_1,U00675,SESS_U00675_6_0,2026-06-07 12:26:00,speaekr,1,ai_semantic,8,202.4,0.23810000717639923
SU00682_6_SESS_U00682_6_0_0,U00682,SESS_U00682_6_0,2026-06-07 17:00:00,bcakpack ultraligth,2,legacy,0,114.0,
SU00682_6_SESS_U00682_6_0_1,U00682,SESS_U00682_6_0,2026-06-07 16:28:00,thermal leggings,2,legacy,7,106.9,0.5935
SU00692_6_SESS_U00692_6_0_0,U00692,SESS_U00692_6_0,2026-06-07 08:10:00,gift photo frame,3,ai_semantic,8,152.5,0.6269000172615051
SU00692_6_SESS_U00692_6_0_1,U00692,SESS_U00692_6_0,2026-06-07 15:35:00,cozy rain coat,3,ai_semantic,8,180.1,0.8500999808311462
SU00692_6_SESS_U00692_6_1_0,U00692,SESS_U00692_6_1,2026-06-07 11:20:00,noise-cancelling headphones,2,ai_semantic,8,187.6,0.8234000205993652
SU00692_6_SESS_U00692_6_1_1,U00692,SESS_U00692_6_1,2026-06-07 07:58:00,cheap blender,2,ai_semantic,8,193.6,0.5781000256538391
SU00707_6_SESS_U00707_6_0_0,U00707,SESS_U00707_6_0,2026-06-07 09:21:00,cheap backpack,2,ai_semantic,8,159.6,0.7013000249862671
SU00708_6_SESS_U00708_6_0_0,U00708,SESS_U00708_6_0,2026-06-07 17:33:00,somthing for the office,4,legacy,8,86.5,0.5927
SU00712_6_SESS_U00712_6_0_0,U00712,SESS_U00712_6_0,2026-06-07 20:45:00,gift candle,2,legacy,8,110.4,0.5537
SU00714_6_SESS_U00714_6_0_0,U00714,SESS_U00714_6_0,2026-06-07 19:43:00,blender creamic,2,ai_semantic,8,179.0,0.43790000677108765
SU00714_6_SESS_U00714_6_0_1,U00714,SESS_U00714_6_0,2026-06-07 08:21:00,cheap photo frame,3,ai_semantic,8,187.3,0.6934999823570251
SU00714_6_SESS_U00714_6_0_2,U00714,SESS_U00714_6_0,2026-06-07 14:23:00,best photo frame for my mom,6,ai_semantic,8,227.7,0.6420000195503235
SU00717_6_SESS_U00717_6_0_0,U00717,SESS_U00717_6_0,2026-06-07 12:31:00,chepa keychain,2,legacy,6,117.0,0.5392
SU00717_6_SESS_U00717_6_0_1,U00717,SESS_U00717_6_0,2026-06-07 16:18:00,air fryer,2,legacy,6,81.3,0.5771
SU00717_6_SESS_U00717_6_0_2,U00717,SESS_U00717_6_0,2026-06-07 14:37:00,cheap jacket,2,legacy,6,88.6,0.5994
SU00721_6_SESS_U00721_6_0_0,U00721,SESS_U00721_6_0,2026-06-07 17:42:00,hoodie under 50 dollars,4,ai_semantic,8,202.4,0.5626000165939331
SU00721_6_SESS_U00721_6_1_0,U00721,SESS_U00721_6_1,2026-06-07 07:13:00,cheap rain coat,3,ai_semantic,8,179.6,0.7279000282287598
SU00721_6_SESS_U00721_6_1_1,U00721,SESS_U00721_6_1,2026-06-07 21:44:00,insulated hiking boots,3,ai_semantic,8,234.6,0.8471999764442444
SU00722_6_SESS_U00722_6_0_0,U00722,SESS_U00722_6_0,2026-06-07 10:08:00,gift knife set,3,legacy,8,77.9,0.5771
SU00722_6_SESS_U00722_6_1_0,U00722,SESS_U00722_6_1,2026-06-07 22:40:00,cleats under 50 dollars,4,legacy,7,63.8,0.5137
SU00722_6_SESS_U00722_6_1_1,U00722,SESS_U00722_6_1,2026-06-07 20:36:00,cheap running shoes,3,legacy,8,79.1,0.5652
SU00727_6_SESS_U00727_6_0_0,U00727,SESS_U00727_6_0,2026-06-07 18:33:00,gift box set under 50 dollars,6,legacy,8,68.3,0.5958
SU00727_6_SESS_U00727_6_0_1,U00727,SESS_U00727_6_0,2026-06-07 13:21:00,gift sneakers,2,legacy,8,91.5,0.5936
SU00729_6_SESS_U00729_6_0_0,U00729,SESS_U00729_6_0,2026-06-07 19:24:00,headlamp comapct,2,ai_semantic,8,184.0,0.6484000086784363
SU00729_6_SESS_U00729_6_0_1,U00729,SESS_U00729_6_0,2026-06-07 17:51:00,foldable hammock,2,ai_semantic,8,178.0,0.8697999715805054
SU00729_6_SESS_U00729_6_1_0,U00729,SESS_U00729_6_1,2026-06-07 08:07:00,minimalist gift box set,4,ai_semantic,8,132.4,0.8899999856948853
SU00730_6_SESS_U00730_6_0_0,U00730,SESS_U00730_6_0,2026-06-07 10:47:00,somthing for rain,3,ai_semantic,8,157.9,0.5149999856948853
SU00730_6_SESS_U00730_6_0_1,U00730,SESS_U00730_6_0,2026-06-07 18:04:00,compact charging cable for hiking,5,ai_semantic,8,221.1,0.6804999709129333
SU00735_6_SESS_U00735_6_0_0,U00735,SESS_U00735_6_0,2026-06-07 22:10:00,somthing for travel,3,legacy,8,89.4,0.5794
SU00736_6_SESS_U00736_6_0_0,U00736,SESS_U00736_6_0,2026-06-07 22:27:00,knife set dishwasher-sfae,3,legacy,8,50.4,0.5797
SU00736_6_SESS_U00736_6_0_1,U00736,SESS_U00736_6_0,2026-06-07 08:38:00,cheap winter boots,3,legacy,8,78.1,0.589
SU00737_6_SESS_U00737_6_0_0,U00737,SESS_U00737_6_0,2026-06-07 07:25:00,soft beanie for the office,5,ai_semantic,8,162.4,0.8518999814987183
SU00744_6_SESS_U00744_6_0_0,U00744,SESS_U00744_6_0,2026-06-07 20:47:00,elegant journal,2,ai_semantic,8,208.7,0.8776000142097473
SU00749_6_SESS_U00749_6_0_0,U00749,SESS_U00749_6_0,2026-06-07 09:57:00,knief set,2,legacy,8,88.7,0.5894
SU00749_6_SESS_U00749_6_1_0,U00749,SESS_U00749_6_1,2026-06-07 15:24:00,cheap hoodie,2,legacy,7,94.2,0.5269
SU00749_6_SESS_U00749_6_1_1,U00749,SESS_U00749_6_1,2026-06-07 11:29:00,gift camp stove,3,legacy,8,114.6,0.5742
SU00749_6_SESS_U00749_6_1_2,U00749,SESS_U00749_6_1,2026-06-07 20:51:00,best backpack for rain,4,legacy,8,90.9,0.5863
SU00752_6_SESS_U00752_6_0_0,U00752,SESS_U00752_6_0,2026-06-07 08:11:00,cheap loafers,2,legacy,6,84.1,0.5969
SU00754_6_SESS_U00754_6_0_0,U00754,SESS_U00754_6_0,2026-06-07 17:59:00,keychain elegnat,2,ai_semantic,8,215.9,0.71670001745224
SU00754_6_SESS_U00754_6_0_1,U00754,SESS_U00754_6_0,2026-06-07 11:59:00,best charging cable for a gift,6,ai_semantic,8,217.6,0.6301000118255615
SU00754_6_SESS_U00754_6_0_2,U00754,SESS_U00754_6_0,2026-06-07 15:44:00,cooler under 50 dollars,4,ai_semantic,8,199.9,0.5360000133514404
SU00764_6_SESS_U00764_6_0_0,U00764,SESS_U00764_6_0,2026-06-07 19:37:00,best air fryer for travel,5,ai_semantic,8,146.0,0.7067000269889832
SU00770_6_SESS_U00770_6_0_0,U00770,SESS_U00770_6_0,2026-06-07 13:30:00,gift gift box set,4,legacy,8,106.3,0.5204
SU00770_6_SESS_U00770_6_0_1,U00770,SESS_U00770_6_0,2026-06-07 18:42:00,headphones wireless,2,legacy,8,98.8,0.5991
SU00774_6_SESS_U00774_6_0_0,U00774,SESS_U00774_6_0,2026-06-07 15:14:00,charging cable protable,3,ai_semantic,8,210.0,0.5782999992370605
SU00778_6_SESS_U00778_6_0_0,U00778,SESS_U00778_6_0,2026-06-07 07:03:00,best power bank for a gift,6,ai_semantic,8,167.9,0.710099995136261
SU00779_6_SESS_U00779_6_0_0,U00779,SESS_U00779_6_0,2026-06-07 16:33:00,best charging cable for winter,5,legacy,8,61.3,0.5731
SU00779_6_SESS_U00779_6_0_1,U00779,SESS_U00779_6_0,2026-06-07 16:39:00,cheap sandals,2,legacy,4,103.4,0.583
SU00783_6_SESS_U00783_6_0_0,U00783,SESS_U00783_6_0,2026-06-07 10:07:00,non-stick toaster for the office,5,ai_semantic,8,107.9,0.8391000032424927
SU00784_6_SESS_U00784_6_0_0,U00784,SESS_U00784_6_0,2026-06-07 15:37:00,rustic candle,2,legacy,8,61.2,0.5759
SU00784_6_SESS_U00784_6_0_1,U00784,SESS_U00784_6_0,2026-06-07 15:48:00,somthing for my mom,4,legacy,8,96.6,0.581
SU00790_6_SESS_U00790_6_0_0,U00790,SESS_U00790_6_0,2026-06-07 14:18:00,somthing for gym,3,ai_semantic,8,136.6,0.29350000619888306
SU00790_6_SESS_U00790_6_0_1,U00790,SESS_U00790_6_0,2026-06-07 18:17:00,handmade gift box set,4,ai_semantic,8,169.2,0.885200023651123
SU00790_6_SESS_U00790_6_0_2,U00790,SESS_U00790_6_0,2026-06-07 15:28:00,cozy jacket,2,ai_semantic,8,191.0,0.8084999918937683
SU00001_7_SESS_U00001_7_0_0,U00001,SESS_U00001_7_0,2026-06-08 07:39:00,ceramic mixing bowl,3,ai_semantic,8,154.3,0.8578000068664551
SU00001_7_SESS_U00001_7_0_1,U00001,SESS_U00001_7_0,2026-06-08 07:34:00,best sweater for the office,5,ai_semantic,8,189.4,0.6798999905586243
SU00003_7_SESS_U00003_7_0_0,U00003,SESS_U00003_7_0,2026-06-08 15:03:00,gift beanie,2,ai_semantic,8,185.0,0.7200000286102295
SU00004_7_SESS_U00004_7_0_0,U00004,SESS_U00004_7_0,2026-06-08 15:38:00,portable hammock for winter,4,legacy,8,127.2,0.5913
SU00016_7_SESS_U00016_7_0_0,U00016,SESS_U00016_7_0,2026-06-08 19:11:00,cozy jackte for my mom,5,legacy,8,92.9,0.5744
SU00019_7_SESS_U00019_7_0_0,U00019,SESS_U00019_7_0,2026-06-08 21:13:00,loafers under 50 dollars,4,legacy,6,83.7,0.5323
SU00019_7_SESS_U00019_7_0_1,U00019,SESS_U00019_7_0,2026-06-08 17:14:00,keychain,1,legacy,6,38.4,0.5378
SU00025_7_SESS_U00025_7_0_0,U00025,SESS_U00025_7_0,2026-06-08 14:39:00,somthing for a gift,4,legacy,8,117.4,0.5552
SU00026_7_SESS_U00026_7_0_0,U00026,SESS_U00026_7_0,2026-06-08 20:07:00,coffee maker dishwasher-saef,3,legacy,5,78.0,0.4965
SU00028_7_SESS_U00028_7_0_0,U00028,SESS_U00028_7_0,2026-06-08 22:57:00,sleeping bag insulatde,3,ai_semantic,8,165.2,0.6503000259399414
SU00030_7_SESS_U00030_7_0_0,U00030,SESS_U00030_7_0,2026-06-08 22:17:00,dishwasher-safe cookware set for gym,5,legacy,8,108.6,0.5748
SU00031_7_SESS_U00031_7_0_0,U00031,SESS_U00031_7_0,2026-06-08 13:09:00,toaster nno-stick,2,ai_semantic,8,137.9,0.7139000296592712
SU00031_7_SESS_U00031_7_0_1,U00031,SESS_U00031_7_0,2026-06-08 09:54:00,insulated headlamp for my mom,5,ai_semantic,8,159.9,0.7121000289916992
SU00037_7_SESS_U00037_7_0_0,U00037,SESS_U00037_7_0,2026-06-08 19:18:00,cozy thermal leggings,3,legacy,8,68.6,0.5903
SU00038_7_SESS_U00038_7_0_0,U00038,SESS_U00038_7_0,2026-06-08 13:12:00,loafers braethable,2,legacy,6,123.1,0.5894
SU00043_7_SESS_U00043_7_0_0,U00043,SESS_U00043_7_0,2026-06-08 19:58:00,best candle for gym,4,ai_semantic,8,198.9,0.6639999747276306
SU00044_7_SESS_U00044_7_0_0,U00044,SESS_U00044_7_0,2026-06-08 15:33:00,sweater sfot,2,ai_semantic,8,187.4,0.5694000124931335
SU00061_7_SESS_U00061_7_0_0,U00061,SESS_U00061_7_0,2026-06-08 08:45:00,best steel blender for hiking,5,legacy,8,79.5,0.5429
SU00063_7_SESS_U00063_7_0_0,U00063,SESS_U00063_7_0,2026-06-08 22:34:00,fleece pullover lightwegiht,3,ai_semantic,8,146.7,0.7322999835014343
SU00063_7_SESS_U00063_7_0_1,U00063,SESS_U00063_7_0,2026-06-08 09:30:00,cheap cookware set,3,ai_semantic,8,184.4,0.7125999927520752
SU00063_7_SESS_U00063_7_1_0,U00063,SESS_U00063_7_1,2026-06-08 10:01:00,lightweight winter boots for gym,5,ai_semantic,8,167.9,0.7817000150680542
SU00066_7_SESS_U00066_7_0_0,U00066,SESS_U00066_7_0,2026-06-08 17:45:00,warm jacket for hiking,4,ai_semantic,8,163.3,0.6913999915122986
SU00066_7_SESS_U00066_7_0_1,U00066,SESS_U00066_7_0,2026-06-08 11:51:00,best steel mixing bowl for the office,7,ai_semantic,8,181.5,0.7565000057220459
SU00067_7_SESS_U00067_7_0_0,U00067,SESS_U00067_7_0,2026-06-08 12:27:00,somthing for rani,3,ai_semantic,8,157.5,0.14219999313354492
SU00068_7_SESS_U00068_7_0_0,U00068,SESS_U00068_7_0,2026-06-08 19:25:00,minimalist candle,2,ai_semantic,8,127.8,0.8601999878883362
SU00069_7_SESS_U00069_7_0_0,U00069,SESS_U00069_7_0,2026-06-08 08:44:00,gift fleece pullover,3,ai_semantic,8,175.5,0.8116999864578247
SU00071_7_SESS_U00071_7_0_0,U00071,SESS_U00071_7_0,2026-06-08 17:25:00,gift knife set,3,legacy,8,135.3,0.5999
SU00076_7_SESS_U00076_7_0_0,U00076,SESS_U00076_7_0,2026-06-08 08:52:00,winter boots under 50 dollars,5,legacy,8,93.8,0.5949
SU00076_7_SESS_U00076_7_0_1,U00076,SESS_U00076_7_0,2026-06-08 12:28:00,heavy-duty backpack for a gift,5,legacy,8,90.5,0.5877
SU00084_7_SESS_U00084_7_0_0,U00084,SESS_U00084_7_0,2026-06-08 13:06:00,camp stove,2,ai_semantic,8,131.0,0.7462000250816345
SU00086_7_SESS_U00086_7_0_0,U00086,SESS_U00086_7_0,2026-06-08 14:37:00,cheap hamomck,2,legacy,0,77.2,
SU00086_7_SESS_U00086_7_0_1,U00086,SESS_U00086_7_0,2026-06-08 16:27:00,best webcam for a gift,5,legacy,8,109.8,0.5707
SU00087_7_SESS_U00087_7_0_0,U00087,SESS_U00087_7_0,2026-06-08 13:16:00,loafers udner 50 dollars,4,ai_semantic,8,171.4,0.5307999849319458
SU00088_7_SESS_U00088_7_0_0,U00088,SESS_U00088_7_0,2026-06-08 10:28:00,best knife set for winter,5,legacy,8,101.9,0.5735
SU00088_7_SESS_U00088_7_0_1,U00088,SESS_U00088_7_0,2026-06-08 22:07:00,fleece pullover under 50 dollars,5,legacy,7,92.9,0.5735
SU00088_7_SESS_U00088_7_0_2,U00088,SESS_U00088_7_0,2026-06-08 12:39:00,smartwatch,1,legacy,5,66.8,0.5411
SU00092_7_SESS_U00092_7_0_0,U00092,SESS_U00092_7_0,2026-06-08 20:18:00,somthing for the office,4,legacy,8,103.6,0.5971
SU00092_7_SESS_U00092_7_0_1,U00092,SESS_U00092_7_0,2026-06-08 07:13:00,best sleeping bag for a gift,6,legacy,8,82.2,0.5668
SU00092_7_SESS_U00092_7_0_2,U00092,SESS_U00092_7_0,2026-06-08 08:02:00,cheap jacket,2,legacy,6,49.2,0.5991
SU00099_7_SESS_U00099_7_0_0,U00099,SESS_U00099_7_0,2026-06-08 18:08:00,gift mixing bowl,3,ai_semantic,8,108.1,0.6541000008583069
SU00099_7_SESS_U00099_7_0_1,U00099,SESS_U00099_7_0,2026-06-08 21:16:00,somthing for rain,3,ai_semantic,8,211.5,0.5149999856948853
SU00103_7_SESS_U00103_7_0_0,U00103,SESS_U00103_7_0,2026-06-08 19:51:00,best beanie for rain,4,ai_semantic,8,218.6,0.6098999977111816
SU00103_7_SESS_U00103_7_0_1,U00103,SESS_U00103_7_0,2026-06-08 12:14:00,gift mug,2,ai_semantic,8,245.4,0.6347000002861023
SU00104_7_SESS_U00104_7_0_0,U00104,SESS_U00104_7_0,2026-06-08 19:20:00,cheap tent,2,ai_semantic,8,224.3,0.711899995803833
SU00108_7_SESS_U00108_7_0_0,U00108,SESS_U00108_7_0,2026-06-08 19:48:00,soft hoodie,2,legacy,8,110.8,0.5922
SU00108_7_SESS_U00108_7_1_0,U00108,SESS_U00108_7_1,2026-06-08 07:32:00,engraved photo frame,3,legacy,8,144.7,0.5859
SU00112_7_SESS_U00112_7_0_0,U00112,SESS_U00112_7_0,2026-06-08 17:50:00,best rain coat for the office,6,legacy,8,83.2,0.5984
SU00118_7_SESS_U00118_7_0_0,U00118,SESS_U00118_7_0,2026-06-08 16:51:00,lightweight running shoes,3,ai_semantic,8,173.3,0.8977000117301941
SU00118_7_SESS_U00118_7_0_1,U00118,SESS_U00118_7_0,2026-06-08 20:52:00,gift hiking boots,3,ai_semantic,8,211.3,0.7329000234603882
SU00118_7_SESS_U00118_7_1_0,U00118,SESS_U00118_7_1,2026-06-08 14:11:00,hoodie under 50 dollras,4,ai_semantic,8,188.1,0.5483999848365784
SU00118_7_SESS_U00118_7_1_1,U00118,SESS_U00118_7_1,2026-06-08 13:28:00,cheap charging cable,3,ai_semantic,8,198.5,0.650600016117096
SU00118_7_SESS_U00118_7_1_2,U00118,SESS_U00118_7_1,2026-06-08 21:41:00,dishwasher-safe coffee maker for my mom,6,ai_semantic,8,136.8,0.775600016117096
SU00121_7_SESS_U00121_7_0_0,U00121,SESS_U00121_7_0,2026-06-08 13:27:00,hoodie widnproof,2,ai_semantic,8,158.8,0.6157000064849854
SU00124_7_SESS_U00124_7_0_0,U00124,SESS_U00124_7_0,2026-06-08 07:12:00,best backpack for gym,4,legacy,8,121.4,0.5606
SU00128_7_SESS_U00128_7_0_0,U00128,SESS_U00128_7_0,2026-06-08 15:47:00,cheap speaker,2,ai_semantic,8,186.6,0.6797000169754028
SU00135_7_SESS_U00135_7_0_0,U00135,SESS_U00135_7_0,2026-06-08 19:11:00,dishwasher-safe blender,2,legacy,8,104.7,0.574
SU00135_7_SESS_U00135_7_0_1,U00135,SESS_U00135_7_0,2026-06-08 09:44:00,gift hiking boots,3,legacy,8,75.0,0.5852
SU00142_7_SESS_U00142_7_0_0,U00142,SESS_U00142_7_0,2026-06-08 21:05:00,non-stick cookawre set,3,legacy,8,116.1,0.5855
SU00144_7_SESS_U00144_7_0_0,U00144,SESS_U00144_7_0,2026-06-08 21:37:00,power bank under 50 dollars,5,legacy,6,93.3,0.5747
SU00146_7_SESS_U00146_7_0_0,U00146,SESS_U00146_7_0,2026-06-08 16:44:00,waterproof running shoes for travel,5,legacy,8,53.8,0.5631
SU00151_7_SESS_U00151_7_0_0,U00151,SESS_U00151_7_0,2026-06-08 14:19:00,best cookware set for the office,6,ai_semantic,8,138.3,0.6904000043869019
SU00154_7_SESS_U00154_7_0_0,U00154,SESS_U00154_7_0,2026-06-08 12:58:00,rustic keychain for rain,4,ai_semantic,8,216.4,0.6930999755859375
SU00154_7_SESS_U00154_7_0_1,U00154,SESS_U00154_7_0,2026-06-08 08:39:00,keychain under 50 dollars,4,ai_semantic,8,134.5,0.574999988079071
SU00155_7_SESS_U00155_7_0_0,U00155,SESS_U00155_7_0,2026-06-08 15:49:00,sandals under 50 dollars,4,ai_semantic,8,215.4,0.5776000022888184
SU00160_7_SESS_U00160_7_0_0,U00160,SESS_U00160_7_0,2026-06-08 14:43:00,gift cookware set,3,ai_semantic,8,188.4,0.644599974155426
SU00160_7_SESS_U00160_7_0_1,U00160,SESS_U00160_7_0,2026-06-08 12:45:00,best steel toaster for travel,5,ai_semantic,8,220.7,0.6776000261306763
SU00168_7_SESS_U00168_7_0_0,U00168,SESS_U00168_7_0,2026-06-08 12:50:00,compact headlamp,2,ai_semantic,8,201.2,0.8411999940872192
SU00169_7_SESS_U00169_7_0_0,U00169,SESS_U00169_7_0,2026-06-08 22:20:00,gift cooler,2,ai_semantic,8,220.4,0.6295999884605408
SU00172_7_SESS_U00172_7_0_0,U00172,SESS_U00172_7_0,2026-06-08 21:18:00,rnuning shoes,2,legacy,8,115.8,0.5885
SU00180_7_SESS_U00180_7_0_0,U00180,SESS_U00180_7_0,2026-06-08 07:54:00,gift rain coat,3,legacy,8,73.5,0.5931
SU00180_7_SESS_U00180_7_1_0,U00180,SESS_U00180_7_1,2026-06-08 12:12:00,somthing for the office,4,legacy,8,83.6,0.5667
SU00180_7_SESS_U00180_7_1_1,U00180,SESS_U00180_7_1,2026-06-08 16:07:00,best tent for hiking,4,legacy,8,80.6,0.5899
SU00183_7_SESS_U00183_7_0_0,U00183,SESS_U00183_7_0,2026-06-08 07:28:00,best speaker for travel,4,ai_semantic,8,220.5,0.6126999855041504
SU00184_7_SESS_U00184_7_0_0,U00184,SESS_U00184_7_0,2026-06-08 09:35:00,gift sweater,2,legacy,8,106.3,0.5597
SU00184_7_SESS_U00184_7_0_1,U00184,SESS_U00184_7_0,2026-06-08 18:46:00,gift mug,2,legacy,8,101.5,0.5979
SU00184_7_SESS_U00184_7_1_0,U00184,SESS_U00184_7_1,2026-06-08 18:05:00,gift hiking boots,3,legacy,8,60.8,0.5964
SU00184_7_SESS_U00184_7_1_1,U00184,SESS_U00184_7_1,2026-06-08 10:41:00,bluetooth headphones,2,legacy,8,87.9,0.5899
SU00185_7_SESS_U00185_7_0_0,U00185,SESS_U00185_7_0,2026-06-08 16:33:00,candle under 50 dollars,4,legacy,6,94.4,0.574
SU00186_7_SESS_U00186_7_0_0,U00186,SESS_U00186_7_0,2026-06-08 07:37:00,foldable tent for rain,4,legacy,8,110.2,0.5564
SU00191_7_SESS_U00191_7_0_0,U00191,SESS_U00191_7_0,2026-06-08 21:08:00,gift mixing bowl,3,ai_semantic,8,157.1,0.6541000008583069
SU00191_7_SESS_U00191_7_1_0,U00191,SESS_U00191_7_1,2026-06-08 22:52:00,sneakers watreprofo,2,ai_semantic,8,182.3,0.5710999965667725
SU00192_7_SESS_U00192_7_0_0,U00192,SESS_U00192_7_0,2026-06-08 19:53:00,gift photo frmae,3,legacy,8,66.2,0.5772
SU00192_7_SESS_U00192_7_0_1,U00192,SESS_U00192_7_0,2026-06-08 22:56:00,coffee maker under 50 dollars,5,legacy,5,111.3,0.5618
SU00194_7_SESS_U00194_7_0_0,U00194,SESS_U00194_7_0,2026-06-08 11:23:00,slip-on cleats,2,ai_semantic,8,198.9,0.881600022315979
SU00194_7_SESS_U00194_7_0_1,U00194,SESS_U00194_7_0,2026-06-08 21:45:00,thermal leggings wram,3,ai_semantic,8,172.1,0.8256999850273132
SU00199_7_SESS_U00199_7_0_0,U00199,SESS_U00199_7_0,2026-06-08 19:55:00,gift cookware set,3,ai_semantic,8,179.5,0.644599974155426
SU00199_7_SESS_U00199_7_0_1,U00199,SESS_U00199_7_0,2026-06-08 17:00:00,cheap camp stvoe,3,ai_semantic,8,269.2,0.36890000104904175
SU00201_7_SESS_U00201_7_0_0,U00201,SESS_U00201_7_0,2026-06-08 17:36:00,heavy-duty sleeping bag for the office,6,ai_semantic,8,161.2,0.8458999991416931
SU00203_7_SESS_U00203_7_0_0,U00203,SESS_U00203_7_0,2026-06-08 21:14:00,cooler under 50 dollars,4,legacy,6,82.4,0.5115
SU00203_7_SESS_U00203_7_0_1,U00203,SESS_U00203_7_0,2026-06-08 13:35:00,cheap charging cable,3,legacy,6,113.4,0.5978
SU00205_7_SESS_U00205_7_0_0,U00205,SESS_U00205_7_0,2026-06-08 11:56:00,somthing for my mom,4,legacy,8,70.5,0.5903
SU00205_7_SESS_U00205_7_0_1,U00205,SESS_U00205_7_0,2026-06-08 21:39:00,snekaers under 50 dollars,4,legacy,0,102.1,
SU00205_7_SESS_U00205_7_0_2,U00205,SESS_U00205_7_0,2026-06-08 11:46:00,coffee maker creamic,3,legacy,5,98.1,0.5128
SU00205_7_SESS_U00205_7_1_0,U00205,SESS_U00205_7_1,2026-06-08 19:36:00,best camp stove for hiking,5,legacy,8,95.6,0.5975
SU00211_7_SESS_U00211_7_0_0,U00211,SESS_U00211_7_0,2026-06-08 18:21:00,tent inuslated,2,legacy,7,67.3,0.5308
SU00211_7_SESS_U00211_7_0_1,U00211,SESS_U00211_7_0,2026-06-08 15:08:00,toaster electirc,2,legacy,4,116.2,0.5636
SU00211_7_SESS_U00211_7_0_2,U00211,SESS_U00211_7_0,2026-06-08 16:55:00,gift camp stove,3,legacy,8,94.5,0.5741
SU00212_7_SESS_U00212_7_0_0,U00212,SESS_U00212_7_0,2026-06-08 14:14:00,waterproof sneakers,2,ai_semantic,8,155.1,0.9047999978065491
SU00215_7_SESS_U00215_7_0_0,U00215,SESS_U00215_7_0,2026-06-08 13:24:00,gift hoodie,2,legacy,8,83.9,0.5975
SU00217_7_SESS_U00217_7_0_0,U00217,SESS_U00217_7_0,2026-06-08 09:25:00,best fleece pullover for rain,5,legacy,8,112.0,0.5855
SU00217_7_SESS_U00217_7_0_1,U00217,SESS_U00217_7_0,2026-06-08 17:30:00,candle,1,legacy,6,102.7,0.5442
SU00219_7_SESS_U00219_7_0_0,U00219,SESS_U00219_7_0,2026-06-08 07:55:00,sotmhing for my mom,4,legacy,8,89.0,0.5974
SU00219_7_SESS_U00219_7_0_1,U00219,SESS_U00219_7_0,2026-06-08 07:43:00,somthing for camping,3,legacy,8,73.2,0.5923
SU00219_7_SESS_U00219_7_1_0,U00219,SESS_U00219_7_1,2026-06-08 11:54:00,sleeping bag,2,legacy,7,112.8,0.5656
SU00224_7_SESS_U00224_7_0_0,U00224,SESS_U00224_7_0,2026-06-08 22:31:00,somthing for winter,3,ai_semantic,8,179.6,0.4092999994754791
SU00224_7_SESS_U00224_7_0_1,U00224,SESS_U00224_7_0,2026-06-08 08:52:00,compact air fryer,3,ai_semantic,8,194.2,0.8729000091552734
SU00224_7_SESS_U00224_7_0_2,U00224,SESS_U00224_7_0,2026-06-08 14:57:00,best camp stove for winter,5,ai_semantic,8,164.8,0.7184000015258789
SU00225_7_SESS_U00225_7_0_0,U00225,SESS_U00225_7_0,2026-06-08 13:33:00,knife set diswhasher-safe,3,ai_semantic,8,112.7,0.5914000272750854
SU00226_7_SESS_U00226_7_0_0,U00226,SESS_U00226_7_0,2026-06-08 19:56:00,bset coffee maker for gym,5,legacy,8,82.9,0.5802
SU00226_7_SESS_U00226_7_1_0,U00226,SESS_U00226_7_1,2026-06-08 10:59:00,best speaker for rain,4,legacy,8,74.0,0.5902
SU00227_7_SESS_U00227_7_0_0,U00227,SESS_U00227_7_0,2026-06-08 20:48:00,winter boost under 50 dollars,5,legacy,8,62.4,0.5492
SU00228_7_SESS_U00228_7_0_0,U00228,SESS_U00228_7_0,2026-06-08 10:13:00,gift hiking botos,3,legacy,8,87.2,0.5958
SU00234_7_SESS_U00234_7_0_0,U00234,SESS_U00234_7_0,2026-06-08 17:39:00,webcam,1,ai_semantic,8,143.5,0.755299985408783
SU00234_7_SESS_U00234_7_0_1,U00234,SESS_U00234_7_0,2026-06-08 22:35:00,winter boots lightewight,3,ai_semantic,8,193.2,0.602400004863739
SU00234_7_SESS_U00234_7_0_2,U00234,SESS_U00234_7_0,2026-06-08 07:23:00,best journal for hiking,4,ai_semantic,8,103.3,0.516700029373169
SU00239_7_SESS_U00239_7_0_0,U00239,SESS_U00239_7_0,2026-06-08 07:00:00,cheap journal,2,legacy,6,110.7,0.5968
SU00239_7_SESS_U00239_7_1_0,U00239,SESS_U00239_7_1,2026-06-08 11:32:00,blender ceramci,2,legacy,6,155.9,0.5531
SU00244_7_SESS_U00244_7_0_0,U00244,SESS_U00244_7_0,2026-06-08 09:29:00,best desk ornament for winter,5,legacy,8,62.8,0.5817
SU00245_7_SESS_U00245_7_0_0,U00245,SESS_U00245_7_0,2026-06-08 07:26:00,charging cable bluetooth,3,legacy,8,115.6,0.5759
SU00246_7_SESS_U00246_7_0_0,U00246,SESS_U00246_7_0,2026-06-08 22:19:00,headphonse under 50 dollars,4,ai_semantic,8,204.1,0.35409998893737793
SU00253_7_SESS_U00253_7_0_0,U00253,SESS_U00253_7_0,2026-06-08 08:10:00,somthing for travel,3,legacy,8,73.8,0.5994
SU00253_7_SESS_U00253_7_0_1,U00253,SESS_U00253_7_0,2026-06-08 21:47:00,stainless steel toaster for camping,5,legacy,8,108.9,0.5845
SU00254_7_SESS_U00254_7_0_0,U00254,SESS_U00254_7_0,2026-06-08 08:20:00,rechargeable headphones for rain,4,legacy,8,87.1,0.5443
SU00254_7_SESS_U00254_7_0_1,U00254,SESS_U00254_7_0,2026-06-08 22:55:00,tent under 50 dollars,4,legacy,7,76.2,0.5815
SU00254_7_SESS_U00254_7_0_2,U00254,SESS_U00254_7_0,2026-06-08 22:41:00,compact sleeping bag,3,legacy,8,77.7,0.55
SU00254_7_SESS_U00254_7_1_0,U00254,SESS_U00254_7_1,2026-06-08 21:26:00,non-stick toaster,2,legacy,8,58.7,0.5966
SU00254_7_SESS_U00254_7_1_1,U00254,SESS_U00254_7_1,2026-06-08 07:43:00,cheap mug,2,legacy,6,51.5,0.5855
SU00254_7_SESS_U00254_7_1_2,U00254,SESS_U00254_7_1,2026-06-08 13:38:00,best sweater for my mom,5,legacy,8,96.3,0.584
SU00258_7_SESS_U00258_7_0_0,U00258,SESS_U00258_7_0,2026-06-08 13:37:00,blender elcetric,2,legacy,6,93.5,0.5895
SU00258_7_SESS_U00258_7_1_0,U00258,SESS_U00258_7_1,2026-06-08 09:42:00,best power bank for rain,5,legacy,8,66.0,0.5963
SU00261_7_SESS_U00261_7_0_0,U00261,SESS_U00261_7_0,2026-06-08 16:08:00,somthing for hikign,3,ai_semantic,8,165.8,0.2581000030040741
SU00264_7_SESS_U00264_7_0_0,U00264,SESS_U00264_7_0,2026-06-08 17:35:00,best hoodie for a gift,5,legacy,8,96.3,0.5361
SU00266_7_SESS_U00266_7_0_0,U00266,SESS_U00266_7_0,2026-06-08 21:57:00,gift setel knife set,4,legacy,8,100.1,0.5776
SU00268_7_SESS_U00268_7_0_0,U00268,SESS_U00268_7_0,2026-06-08 13:05:00,power bank under 50 dollars,5,legacy,6,106.7,0.5835
SU00268_7_SESS_U00268_7_0_1,U00268,SESS_U00268_7_0,2026-06-08 11:04:00,cheap headphones,2,legacy,6,113.4,0.58
SU00278_7_SESS_U00278_7_0_0,U00278,SESS_U00278_7_0,2026-06-08 17:28:00,stainless steel coffee makre,4,legacy,8,90.8,0.5931
SU00280_7_SESS_U00280_7_0_0,U00280,SESS_U00280_7_0,2026-06-08 11:29:00,hoodie wram,2,legacy,7,119.1,0.5864
SU00280_7_SESS_U00280_7_0_1,U00280,SESS_U00280_7_0,2026-06-08 10:16:00,cheap camp stove,3,legacy,6,105.7,0.5719
SU00284_7_SESS_U00284_7_0_0,U00284,SESS_U00284_7_0,2026-06-08 07:25:00,mixing bowl under 50 dollars,5,legacy,5,82.8,0.5222
SU00294_7_SESS_U00294_7_0_0,U00294,SESS_U00294_7_0,2026-06-08 18:31:00,dishwasher-safe cookware set for gym,5,legacy,8,69.0,0.5967
SU00295_7_SESS_U00295_7_0_0,U00295,SESS_U00295_7_0,2026-06-08 10:21:00,gift sleeping bag,3,ai_semantic,8,158.7,0.7264999747276306
SU00296_7_SESS_U00296_7_0_0,U00296,SESS_U00296_7_0,2026-06-08 17:17:00,bluetooth webacm,2,ai_semantic,8,117.8,0.4596000015735626
SU00298_7_SESS_U00298_7_0_0,U00298,SESS_U00298_7_0,2026-06-08 12:42:00,gift sandals,2,legacy,8,107.0,0.5741
SU00298_7_SESS_U00298_7_0_1,U00298,SESS_U00298_7_0,2026-06-08 18:49:00,jacket undre 50 dollars,4,legacy,6,37.9,0.5617
SU00304_7_SESS_U00304_7_0_0,U00304,SESS_U00304_7_0,2026-06-08 17:04:00,portable speaker,2,legacy,8,96.8,0.5875
SU00304_7_SESS_U00304_7_1_0,U00304,SESS_U00304_7_1,2026-06-08 19:59:00,cheap toaster,2,legacy,4,82.5,0.5243
SU00306_7_SESS_U00306_7_0_0,U00306,SESS_U00306_7_0,2026-06-08 22:02:00,gift winter boots,3,ai_semantic,8,153.2,0.6432999968528748
SU00306_7_SESS_U00306_7_0_1,U00306,SESS_U00306_7_0,2026-06-08 19:32:00,best spekaer for winter,4,ai_semantic,8,179.5,0.361299991607666
SU00307_7_SESS_U00307_7_0_0,U00307,SESS_U00307_7_0,2026-06-08 07:29:00,somthing for rain,3,legacy,8,114.8,0.5495
SU00307_7_SESS_U00307_7_0_1,U00307,SESS_U00307_7_0,2026-06-08 11:43:00,compact mixing bowl,3,legacy,8,131.6,0.5915
SU00309_7_SESS_U00309_7_0_0,U00309,SESS_U00309_7_0,2026-06-08 22:25:00,elegant dsek ornament for a gift,6,legacy,8,113.5,0.4992
SU00313_7_SESS_U00313_7_0_0,U00313,SESS_U00313_7_0,2026-06-08 07:01:00,thermal leggings coyz,3,ai_semantic,8,183.5,0.8223000168800354
SU00314_7_SESS_U00314_7_0_0,U00314,SESS_U00314_7_0,2026-06-08 11:57:00,cheap webcam,2,ai_semantic,8,141.7,0.6915000081062317
SU00314_7_SESS_U00314_7_0_1,U00314,SESS_U00314_7_0,2026-06-08 11:14:00,blender dishwashe-rsafe,2,ai_semantic,8,136.3,0.6852999925613403
SU00314_7_SESS_U00314_7_0_2,U00314,SESS_U00314_7_0,2026-06-08 12:45:00,gift sandals,2,ai_semantic,8,183.6,0.661300003528595
SU00314_7_SESS_U00314_7_1_0,U00314,SESS_U00314_7_1,2026-06-08 13:32:00,jacket under 50 dollars,4,ai_semantic,8,156.3,0.5066999793052673
SU00316_7_SESS_U00316_7_0_0,U00316,SESS_U00316_7_0,2026-06-08 09:57:00,loafers under 50 dollars,4,legacy,6,83.1,0.5867
SU00316_7_SESS_U00316_7_0_1,U00316,SESS_U00316_7_0,2026-06-08 10:04:00,headphones,1,legacy,6,100.5,0.5119
SU00316_7_SESS_U00316_7_1_0,U00316,SESS_U00316_7_1,2026-06-08 20:03:00,gift winter boots,3,legacy,8,62.1,0.5886
SU00316_7_SESS_U00316_7_1_1,U00316,SESS_U00316_7_1,2026-06-08 18:24:00,hiking boots lighwteight,3,legacy,8,100.2,0.5595
SU00317_7_SESS_U00317_7_0_0,U00317,SESS_U00317_7_0,2026-06-08 11:31:00,ultralight cooler,2,legacy,8,65.4,0.5805
SU00319_7_SESS_U00319_7_0_0,U00319,SESS_U00319_7_0,2026-06-08 12:57:00,camp stove under 50 dollars,5,ai_semantic,8,180.4,0.6337000131607056
SU00319_7_SESS_U00319_7_0_1,U00319,SESS_U00319_7_0,2026-06-08 08:49:00,somthing for hiking,3,ai_semantic,8,202.6,0.5105999708175659
SU00321_7_SESS_U00321_7_0_0,U00321,SESS_U00321_7_0,2026-06-08 13:33:00,hammock under 50 dollars,4,ai_semantic,8,184.0,0.7077000141143799
SU00321_7_SESS_U00321_7_1_0,U00321,SESS_U00321_7_1,2026-06-08 22:20:00,hoodie mosiutre-wicking,2,ai_semantic,8,127.9,0.6507999897003174
SU00327_7_SESS_U00327_7_0_0,U00327,SESS_U00327_7_0,2026-06-08 07:29:00,cooler under 50 dollars,4,legacy,6,101.6,0.5327
SU00327_7_SESS_U00327_7_0_1,U00327,SESS_U00327_7_0,2026-06-08 22:01:00,cheap knife set,3,legacy,8,124.8,0.5318
SU00330_7_SESS_U00330_7_0_0,U00330,SESS_U00330_7_0,2026-06-08 21:56:00,best sneakers for the office,5,ai_semantic,8,183.1,0.6391000151634216
SU00331_7_SESS_U00331_7_0_0,U00331,SESS_U00331_7_0,2026-06-08 15:55:00,hiking boots lightwieght,3,legacy,8,116.5,0.5313
SU00331_7_SESS_U00331_7_0_1,U00331,SESS_U00331_7_0,2026-06-08 21:53:00,somthing for winter,3,legacy,8,65.9,0.5293
SU00331_7_SESS_U00331_7_1_0,U00331,SESS_U00331_7_1,2026-06-08 21:08:00,beanie lihgtweight,2,legacy,5,81.7,0.5426
SU00331_7_SESS_U00331_7_1_1,U00331,SESS_U00331_7_1,2026-06-08 08:57:00,best running shoes for a gift,6,legacy,8,70.6,0.4722
SU00333_7_SESS_U00333_7_0_0,U00333,SESS_U00333_7_0,2026-06-08 19:58:00,gift headphones,2,ai_semantic,8,143.4,0.6919000148773193
SU00339_7_SESS_U00339_7_0_0,U00339,SESS_U00339_7_0,2026-06-08 21:58:00,waterproof sneakers,2,legacy,8,97.7,0.5829
SU00347_7_SESS_U00347_7_0_0,U00347,SESS_U00347_7_0,2026-06-08 22:58:00,smartwatch,1,ai_semantic,8,136.0,0.7368999719619751
SU00349_7_SESS_U00349_7_0_0,U00349,SESS_U00349_7_0,2026-06-08 14:42:00,best tehrmal leggings for travel,5,legacy,8,75.0,0.5705
SU00349_7_SESS_U00349_7_1_0,U00349,SESS_U00349_7_1,2026-06-08 12:42:00,engraved desk ornament for hiking,5,legacy,8,125.4,0.581
SU00349_7_SESS_U00349_7_1_1,U00349,SESS_U00349_7_1,2026-06-08 12:35:00,compact air fryer,3,legacy,8,73.6,0.5999
SU00355_7_SESS_U00355_7_0_0,U00355,SESS_U00355_7_0,2026-06-08 22:44:00,cheap charging cable,3,legacy,6,92.7,0.5348
SU00357_7_SESS_U00357_7_0_0,U00357,SESS_U00357_7_0,2026-06-08 12:02:00,best camp stove for hiking,5,legacy,8,88.3,0.5935
SU00357_7_SESS_U00357_7_0_1,U00357,SESS_U00357_7_0,2026-06-08 08:08:00,photo frame,2,legacy,6,89.3,0.4852
SU00357_7_SESS_U00357_7_0_2,U00357,SESS_U00357_7_0,2026-06-08 16:12:00,fleece-lined sweater,2,legacy,8,92.8,0.5887
SU00358_7_SESS_U00358_7_0_0,U00358,SESS_U00358_7_0,2026-06-08 08:23:00,portable charging cable for cmaping,5,ai_semantic,8,207.0,0.6782000064849854
SU00358_7_SESS_U00358_7_1_0,U00358,SESS_U00358_7_1,2026-06-08 18:05:00,cheap sleeping bag,3,ai_semantic,8,118.8,0.7495999932289124
SU00358_7_SESS_U00358_7_1_1,U00358,SESS_U00358_7_1,2026-06-08 11:04:00,gift beanie,2,ai_semantic,8,176.2,0.7200000286102295
SU00360_7_SESS_U00360_7_0_0,U00360,SESS_U00360_7_0,2026-06-08 09:13:00,rain coat under 50 dollars,5,legacy,6,101.4,0.5916
SU00360_7_SESS_U00360_7_0_1,U00360,SESS_U00360_7_0,2026-06-08 13:34:00,somthing for the office,4,legacy,8,97.4,0.5944
SU00360_7_SESS_U00360_7_0_2,U00360,SESS_U00360_7_0,2026-06-08 15:30:00,hoodie coyz,2,legacy,7,81.5,0.5866
SU00360_7_SESS_U00360_7_1_0,U00360,SESS_U00360_7_1,2026-06-08 22:38:00,hiking boots,2,legacy,8,88.9,0.596
SU00361_7_SESS_U00361_7_0_0,U00361,SESS_U00361_7_0,2026-06-08 16:01:00,best running sheos for travel,5,ai_semantic,8,176.7,0.3953000009059906
SU00361_7_SESS_U00361_7_0_1,U00361,SESS_U00361_7_0,2026-06-08 07:56:00,cheap cleast,2,ai_semantic,8,217.9,0.6039999723434448
SU00364_7_SESS_U00364_7_0_0,U00364,SESS_U00364_7_0,2026-06-08 16:40:00,gift charging cable,3,legacy,8,113.2,0.5652
SU00370_7_SESS_U00370_7_0_0,U00370,SESS_U00370_7_0,2026-06-08 17:20:00,somthing for winter,3,ai_semantic,8,188.4,0.4092999994754791
SU00370_7_SESS_U00370_7_0_1,U00370,SESS_U00370_7_0,2026-06-08 22:55:00,somthing for the office,4,ai_semantic,8,182.0,0.2831999957561493
SU00370_7_SESS_U00370_7_0_2,U00370,SESS_U00370_7_0,2026-06-08 14:01:00,somthing for rani,3,ai_semantic,8,187.8,0.14219999313354492
SU00370_7_SESS_U00370_7_1_0,U00370,SESS_U00370_7_1,2026-06-08 18:02:00,photo frame under 50 dollars,5,ai_semantic,8,220.5,0.5997999906539917
SU00373_7_SESS_U00373_7_0_0,U00373,SESS_U00373_7_0,2026-06-08 11:55:00,sweater sotf,2,legacy,7,70.9,0.544
SU00373_7_SESS_U00373_7_0_1,U00373,SESS_U00373_7_0,2026-06-08 08:01:00,personalized photo frame for a gift,6,legacy,8,92.9,0.5837
SU00376_7_SESS_U00376_7_0_0,U00376,SESS_U00376_7_0,2026-06-08 18:00:00,somthing for my mom,4,legacy,8,99.0,0.561
SU00380_7_SESS_U00380_7_0_0,U00380,SESS_U00380_7_0,2026-06-08 21:39:00,loafers taril,2,legacy,6,106.4,0.5559
SU00382_7_SESS_U00382_7_0_0,U00382,SESS_U00382_7_0,2026-06-08 09:06:00,winter boots,2,ai_semantic,8,203.1,0.7364000082015991
SU00382_7_SESS_U00382_7_0_1,U00382,SESS_U00382_7_0,2026-06-08 22:16:00,beanie under 50 dollars,4,ai_semantic,8,139.9,0.6413000226020813
SU00386_7_SESS_U00386_7_0_0,U00386,SESS_U00386_7_0,2026-06-08 16:48:00,best jacket for rain,4,legacy,8,87.7,0.5988
SU00386_7_SESS_U00386_7_1_0,U00386,SESS_U00386_7_1,2026-06-08 10:49:00,sneakers insultade,2,legacy,7,76.0,0.5735
SU00386_7_SESS_U00386_7_1_1,U00386,SESS_U00386_7_1,2026-06-08 08:02:00,gift webcam,2,legacy,8,91.0,0.5933
SU00390_7_SESS_U00390_7_0_0,U00390,SESS_U00390_7_0,2026-06-08 12:01:00,somthing for my mom,4,ai_semantic,8,207.2,0.14970000088214874
SU00391_7_SESS_U00391_7_0_0,U00391,SESS_U00391_7_0,2026-06-08 13:14:00,loafers,1,legacy,6,58.9,0.5211
SU00393_7_SESS_U00393_7_0_0,U00393,SESS_U00393_7_0,2026-06-08 16:25:00,gift box set enrgaved,4,legacy,8,67.8,0.5769
SU00393_7_SESS_U00393_7_1_0,U00393,SESS_U00393_7_1,2026-06-08 12:26:00,sneakers under 50 dollars,4,legacy,7,106.9,0.5685
SU00394_7_SESS_U00394_7_0_0,U00394,SESS_U00394_7_0,2026-06-08 10:32:00,compact hammock,2,legacy,8,130.9,0.5999
SU00394_7_SESS_U00394_7_0_1,U00394,SESS_U00394_7_0,2026-06-08 10:53:00,power bank under 50 dollars,5,legacy,6,94.4,0.5709
SU00395_7_SESS_U00395_7_0_0,U00395,SESS_U00395_7_0,2026-06-08 15:38:00,sneakers under 50 dollars,4,ai_semantic,8,152.3,0.6071000099182129
SU00398_7_SESS_U00398_7_0_0,U00398,SESS_U00398_7_0,2026-06-08 12:20:00,earbuds,1,legacy,6,93.4,0.441
SU00398_7_SESS_U00398_7_1_0,U00398,SESS_U00398_7_1,2026-06-08 09:52:00,cheap jacket,2,legacy,6,96.0,0.5443
SU00398_7_SESS_U00398_7_1_1,U00398,SESS_U00398_7_1,2026-06-08 20:55:00,somthing for travel,3,legacy,8,77.6,0.5697
SU00400_7_SESS_U00400_7_0_0,U00400,SESS_U00400_7_0,2026-06-08 13:21:00,somthing for travel,3,ai_semantic,8,164.8,0.3716999888420105
SU00400_7_SESS_U00400_7_1_0,U00400,SESS_U00400_7_1,2026-06-08 17:28:00,somthing for a gift,4,ai_semantic,8,147.8,0.38440001010894775
SU00401_7_SESS_U00401_7_0_0,U00401,SESS_U00401_7_0,2026-06-08 07:34:00,cleats braethable,2,ai_semantic,8,225.1,0.6410999894142151
SU00401_7_SESS_U00401_7_1_0,U00401,SESS_U00401_7_1,2026-06-08 08:29:00,waterproof sneakers,2,ai_semantic,8,203.2,0.9047999978065491
SU00402_7_SESS_U00402_7_0_0,U00402,SESS_U00402_7_0,2026-06-08 17:47:00,weatherproof backpack for winter,4,ai_semantic,8,189.6,0.72079998254776
SU00403_7_SESS_U00403_7_0_0,U00403,SESS_U00403_7_0,2026-06-08 13:07:00,noise-cancelling earbuds,2,legacy,8,60.5,0.538
SU00405_7_SESS_U00405_7_0_0,U00405,SESS_U00405_7_0,2026-06-08 20:30:00,best journal for a gitf,5,ai_semantic,8,168.7,0.5529000163078308
SU00413_7_SESS_U00413_7_0_0,U00413,SESS_U00413_7_0,2026-06-08 22:47:00,best photo frame for winter,5,legacy,8,57.8,0.5673
SU00414_7_SESS_U00414_7_0_0,U00414,SESS_U00414_7_0,2026-06-08 21:16:00,hoodie under 50 dollars,4,ai_semantic,8,183.9,0.5626000165939331
SU00414_7_SESS_U00414_7_0_1,U00414,SESS_U00414_7_0,2026-06-08 08:41:00,best hammock for gym,4,ai_semantic,8,178.4,0.7402999997138977
SU00420_7_SESS_U00420_7_0_0,U00420,SESS_U00420_7_0,2026-06-08 12:21:00,sneakers under 50 dollars,4,ai_semantic,8,138.7,0.6071000099182129
SU00425_7_SESS_U00425_7_0_0,U00425,SESS_U00425_7_0,2026-06-08 10:24:00,coffee maker under 50 dollars,5,legacy,5,94.6,0.5987
SU00429_7_SESS_U00429_7_0_0,U00429,SESS_U00429_7_0,2026-06-08 07:20:00,best backpack for a gift,5,legacy,8,43.0,0.5484
SU00429_7_SESS_U00429_7_0_1,U00429,SESS_U00429_7_0,2026-06-08 19:33:00,cheap gift box set,4,legacy,8,98.5,0.5751
SU00429_7_SESS_U00429_7_0_2,U00429,SESS_U00429_7_0,2026-06-08 09:14:00,foldable hammock for hiking,4,legacy,8,99.0,0.596
SU00430_7_SESS_U00430_7_0_0,U00430,SESS_U00430_7_0,2026-06-08 07:36:00,insulated hammock for camping,4,ai_semantic,8,226.6,0.7871999740600586
SU00430_7_SESS_U00430_7_1_0,U00430,SESS_U00430_7_1,2026-06-08 07:40:00,cleats under 50 dollars,4,ai_semantic,8,192.2,0.6420999765396118
SU00433_7_SESS_U00433_7_0_0,U00433,SESS_U00433_7_0,2026-06-08 10:16:00,best headlamp for winter,4,ai_semantic,8,165.7,0.661899983882904
SU00433_7_SESS_U00433_7_0_1,U00433,SESS_U00433_7_0,2026-06-08 14:10:00,loafers slipo-n,2,ai_semantic,8,186.8,0.7836999893188477
SU00434_7_SESS_U00434_7_0_0,U00434,SESS_U00434_7_0,2026-06-08 16:02:00,soft rain coat for winter,5,legacy,8,56.2,0.5992
SU00443_7_SESS_U00443_7_0_0,U00443,SESS_U00443_7_0,2026-06-08 22:40:00,somthing for rain,3,legacy,8,83.0,0.5384
SU00443_7_SESS_U00443_7_0_1,U00443,SESS_U00443_7_0,2026-06-08 12:42:00,somthing for rain,3,legacy,8,87.5,0.5763
SU00443_7_SESS_U00443_7_1_0,U00443,SESS_U00443_7_1,2026-06-08 22:54:00,breathable running shoes for winter,5,legacy,8,96.1,0.5791
SU00450_7_SESS_U00450_7_0_0,U00450,SESS_U00450_7_0,2026-06-08 17:25:00,air fryer,2,ai_semantic,8,213.6,0.7893000245094299
SU00450_7_SESS_U00450_7_0_1,U00450,SESS_U00450_7_0,2026-06-08 21:23:00,headlamp ultarlight,2,ai_semantic,8,182.1,0.6958000063896179
SU00458_7_SESS_U00458_7_0_0,U00458,SESS_U00458_7_0,2026-06-08 07:47:00,best camp stove for gym,5,ai_semantic,8,174.9,0.6592000126838684
SU00458_7_SESS_U00458_7_0_1,U00458,SESS_U00458_7_0,2026-06-08 17:26:00,webcam under 50 dollars,4,ai_semantic,8,179.1,0.6146000027656555
SU00462_7_SESS_U00462_7_0_0,U00462,SESS_U00462_7_0,2026-06-08 13:50:00,best cookware set for camping,5,ai_semantic,8,173.7,0.6229000091552734
SU00462_7_SESS_U00462_7_0_1,U00462,SESS_U00462_7_0,2026-06-08 12:59:00,headphones under 50 dollars,4,ai_semantic,8,230.6,0.580299973487854
SU00463_7_SESS_U00463_7_0_0,U00463,SESS_U00463_7_0,2026-06-08 21:14:00,fleece pullover wram,3,ai_semantic,8,161.4,0.7904999852180481
SU00467_7_SESS_U00467_7_0_0,U00467,SESS_U00467_7_0,2026-06-08 12:39:00,somthing for my mom,4,legacy,8,92.7,0.5764
SU00467_7_SESS_U00467_7_0_1,U00467,SESS_U00467_7_0,2026-06-08 17:24:00,cheap running shoes,3,legacy,8,96.0,0.5717
SU00468_7_SESS_U00468_7_0_0,U00468,SESS_U00468_7_0,2026-06-08 11:27:00,headlamp,1,legacy,6,77.7,0.5451
SU00468_7_SESS_U00468_7_0_1,U00468,SESS_U00468_7_0,2026-06-08 17:07:00,cheap camp stoev,3,legacy,6,113.4,0.5643
SU00474_7_SESS_U00474_7_0_0,U00474,SESS_U00474_7_0,2026-06-08 18:41:00,cleats,1,legacy,7,75.6,0.58
SU00474_7_SESS_U00474_7_0_1,U00474,SESS_U00474_7_0,2026-06-08 15:52:00,running shoes,2,legacy,8,100.2,0.5947
SU00474_7_SESS_U00474_7_1_0,U00474,SESS_U00474_7_1,2026-06-08 07:56:00,keychain,1,legacy,6,73.8,0.5334
SU00474_7_SESS_U00474_7_1_1,U00474,SESS_U00474_7_1,2026-06-08 08:40:00,best beanie for camping,4,legacy,8,101.5,0.5709
SU00486_7_SESS_U00486_7_0_0,U00486,SESS_U00486_7_0,2026-06-08 18:34:00,fleece pullover sfot,3,legacy,7,99.1,0.4113
SU00487_7_SESS_U00487_7_0_0,U00487,SESS_U00487_7_0,2026-06-08 22:33:00,somthing for hiking,3,ai_semantic,8,191.2,0.5105999708175659
SU00487_7_SESS_U00487_7_0_1,U00487,SESS_U00487_7_0,2026-06-08 18:09:00,gift jorunal,2,ai_semantic,8,172.1,0.3424000144004822
SU00492_7_SESS_U00492_7_0_0,U00492,SESS_U00492_7_0,2026-06-08 18:17:00,slepeing bag foldabel,3,ai_semantic,8,156.4,0.5758000016212463
SU00492_7_SESS_U00492_7_0_1,U00492,SESS_U00492_7_0,2026-06-08 11:18:00,noise-cancelling earbuds for rain,4,ai_semantic,8,178.3,0.6578999757766724
SU00495_7_SESS_U00495_7_0_0,U00495,SESS_U00495_7_0,2026-06-08 18:35:00,camp stove fodlable,3,legacy,6,44.6,0.567
SU00495_7_SESS_U00495_7_1_0,U00495,SESS_U00495_7_1,2026-06-08 17:20:00,jakcet under 50 dollars,4,legacy,0,95.1,
SU00499_7_SESS_U00499_7_0_0,U00499,SESS_U00499_7_0,2026-06-08 18:17:00,sweater,1,ai_semantic,8,184.9,0.7430999875068665
SU00499_7_SESS_U00499_7_0_1,U00499,SESS_U00499_7_0,2026-06-08 17:50:00,tent insultaed,2,ai_semantic,8,195.8,0.5687000155448914
SU00504_7_SESS_U00504_7_0_0,U00504,SESS_U00504_7_0,2026-06-08 08:40:00,best charging cable for camping,5,legacy,8,94.3,0.4549
SU00510_7_SESS_U00510_7_0_0,U00510,SESS_U00510_7_0,2026-06-08 16:13:00,electric blender,2,ai_semantic,8,170.1,0.8234999775886536
SU00510_7_SESS_U00510_7_0_1,U00510,SESS_U00510_7_0,2026-06-08 22:33:00,somthing for the office,4,ai_semantic,8,191.4,0.2831999957561493
SU00517_7_SESS_U00517_7_0_0,U00517,SESS_U00517_7_0,2026-06-08 13:38:00,stainless steel air fryer,4,legacy,8,106.4,0.5537
SU00523_7_SESS_U00523_7_0_0,U00523,SESS_U00523_7_0,2026-06-08 11:54:00,cheap rain coat,3,ai_semantic,8,168.3,0.7279000282287598
SU00525_7_SESS_U00525_7_0_0,U00525,SESS_U00525_7_0,2026-06-08 22:55:00,somthing for my mom,4,legacy,8,65.8,0.5484
SU00525_7_SESS_U00525_7_0_1,U00525,SESS_U00525_7_0,2026-06-08 07:01:00,gift speaker,2,legacy,8,122.9,0.592
SU00526_7_SESS_U00526_7_0_0,U00526,SESS_U00526_7_0,2026-06-08 07:24:00,coffee maker,2,legacy,5,88.7,0.5885
SU00527_7_SESS_U00527_7_0_0,U00527,SESS_U00527_7_0,2026-06-08 12:30:00,soft sweater,2,ai_semantic,8,176.1,0.8410000205039978
SU00527_7_SESS_U00527_7_0_1,U00527,SESS_U00527_7_0,2026-06-08 20:45:00,best hiking boots for rain,5,ai_semantic,8,189.4,0.7422000169754028
SU00533_7_SESS_U00533_7_0_0,U00533,SESS_U00533_7_0,2026-06-08 21:33:00,hoodie sotf,2,legacy,7,83.2,0.5322
SU00534_7_SESS_U00534_7_0_0,U00534,SESS_U00534_7_0,2026-06-08 22:06:00,best hiking boots for my mom,6,ai_semantic,8,182.4,0.6434000134468079
SU00534_7_SESS_U00534_7_0_1,U00534,SESS_U00534_7_0,2026-06-08 12:40:00,best charging cable for travel,5,ai_semantic,8,161.3,0.6460999846458435
SU00534_7_SESS_U00534_7_0_2,U00534,SESS_U00534_7_0,2026-06-08 17:10:00,cheap speaker,2,ai_semantic,8,150.4,0.6797000169754028
SU00534_7_SESS_U00534_7_1_0,U00534,SESS_U00534_7_1,2026-06-08 16:35:00,best webcam for rain,4,ai_semantic,8,218.5,0.58160001039505
SU00534_7_SESS_U00534_7_1_1,U00534,SESS_U00534_7_1,2026-06-08 18:51:00,mug rusitc,2,ai_semantic,8,177.4,0.43799999356269836
SU00537_7_SESS_U00537_7_0_0,U00537,SESS_U00537_7_0,2026-06-08 22:27:00,charigng cable rechargaeble,3,legacy,6,69.5,0.5964
SU00544_7_SESS_U00544_7_0_0,U00544,SESS_U00544_7_0,2026-06-08 09:03:00,knife set under 50 dollars,5,legacy,8,93.2,0.5944
SU00545_7_SESS_U00545_7_0_0,U00545,SESS_U00545_7_0,2026-06-08 15:50:00,cheap sandals,2,ai_semantic,8,194.7,0.7098000049591064
SU00545_7_SESS_U00545_7_0_1,U00545,SESS_U00545_7_0,2026-06-08 13:23:00,gift knife set,3,ai_semantic,8,112.1,0.6309000253677368
SU00545_7_SESS_U00545_7_1_0,U00545,SESS_U00545_7_1,2026-06-08 12:52:00,cushioned cleats for travel,4,ai_semantic,8,172.0,0.7954999804496765
SU00552_7_SESS_U00552_7_0_0,U00552,SESS_U00552_7_0,2026-06-08 09:57:00,smartwatch undre 50 dollars,4,legacy,5,79.2,0.5591
SU00552_7_SESS_U00552_7_0_1,U00552,SESS_U00552_7_0,2026-06-08 12:50:00,gift desk ornament,3,legacy,8,67.9,0.5945
SU00555_7_SESS_U00555_7_0_0,U00555,SESS_U00555_7_0,2026-06-08 21:58:00,elegant gift box set,4,ai_semantic,8,167.0,0.8952999711036682
SU00560_7_SESS_U00560_7_0_0,U00560,SESS_U00560_7_0,2026-06-08 18:49:00,somthing for camping,3,ai_semantic,8,136.4,0.4957999885082245
SU00560_7_SESS_U00560_7_1_0,U00560,SESS_U00560_7_1,2026-06-08 09:53:00,cheap coffee maker,3,ai_semantic,8,219.7,0.5216000080108643
SU00562_7_SESS_U00562_7_0_0,U00562,SESS_U00562_7_0,2026-06-08 20:20:00,gift loafers,2,ai_semantic,8,201.4,0.6323000192642212
SU00562_7_SESS_U00562_7_0_1,U00562,SESS_U00562_7_0,2026-06-08 15:19:00,best mixing bowl for camping,5,ai_semantic,8,154.8,0.6266000270843506
SU00563_7_SESS_U00563_7_0_0,U00563,SESS_U00563_7_0,2026-06-08 11:06:00,gift webcam,2,ai_semantic,8,172.8,0.6531999707221985
SU00563_7_SESS_U00563_7_0_1,U00563,SESS_U00563_7_0,2026-06-08 13:44:00,somthing for travel,3,ai_semantic,8,227.3,0.3716999888420105
SU00563_7_SESS_U00563_7_0_2,U00563,SESS_U00563_7_0,2026-06-08 11:12:00,winter boots insulatde,3,ai_semantic,8,196.0,0.7117000222206116
SU00564_7_SESS_U00564_7_0_0,U00564,SESS_U00564_7_0,2026-06-08 08:57:00,stainless steel mixing bowl for camping,6,legacy,8,79.1,0.5651
SU00564_7_SESS_U00564_7_0_1,U00564,SESS_U00564_7_0,2026-06-08 10:03:00,somthing for a gift,4,legacy,8,99.1,0.5985
SU00564_7_SESS_U00564_7_1_0,U00564,SESS_U00564_7_1,2026-06-08 12:20:00,gitf photo frame,3,legacy,6,111.8,0.597
SU00567_7_SESS_U00567_7_0_0,U00567,SESS_U00567_7_0,2026-06-08 12:47:00,haedlamp,1,ai_semantic,8,192.5,0.3700000047683716
SU00567_7_SESS_U00567_7_0_1,U00567,SESS_U00567_7_0,2026-06-08 12:55:00,winter boots,2,ai_semantic,8,179.6,0.7364000082015991
SU00568_7_SESS_U00568_7_0_0,U00568,SESS_U00568_7_0,2026-06-08 16:40:00,winter boots,2,ai_semantic,8,135.3,0.7364000082015991
SU00568_7_SESS_U00568_7_1_0,U00568,SESS_U00568_7_1,2026-06-08 15:10:00,handmade gift box set,4,ai_semantic,8,162.7,0.885200023651123
SU00568_7_SESS_U00568_7_1_1,U00568,SESS_U00568_7_1,2026-06-08 09:47:00,sneakres,1,ai_semantic,8,180.1,0.42890000343322754
SU00571_7_SESS_U00571_7_0_0,U00571,SESS_U00571_7_0,2026-06-08 13:17:00,webcam under 50 dollars,4,legacy,6,78.4,0.5989
SU00571_7_SESS_U00571_7_1_0,U00571,SESS_U00571_7_1,2026-06-08 12:01:00,tetn portabel,2,legacy,0,92.1,
SU00571_7_SESS_U00571_7_1_1,U00571,SESS_U00571_7_1,2026-06-08 07:18:00,gift gift box set,4,legacy,8,41.8,0.5994
SU00571_7_SESS_U00571_7_1_2,U00571,SESS_U00571_7_1,2026-06-08 20:16:00,cheap photo frame,3,legacy,6,70.0,0.5351
SU00577_7_SESS_U00577_7_0_0,U00577,SESS_U00577_7_0,2026-06-08 13:03:00,camp stove udner 50 dollars,5,ai_semantic,8,150.3,0.5708000063896179
SU00577_7_SESS_U00577_7_0_1,U00577,SESS_U00577_7_0,2026-06-08 17:03:00,camp stove weathreproof,3,ai_semantic,8,145.4,0.7218999862670898
SU00578_7_SESS_U00578_7_0_0,U00578,SESS_U00578_7_0,2026-06-08 17:25:00,cheap candle,2,ai_semantic,8,185.4,0.699400007724762
SU00579_7_SESS_U00579_7_0_0,U00579,SESS_U00579_7_0,2026-06-08 20:39:00,best cooler for the office,5,legacy,8,60.9,0.5982
SU00581_7_SESS_U00581_7_0_0,U00581,SESS_U00581_7_0,2026-06-08 22:57:00,best air fryer for winter,5,ai_semantic,8,203.7,0.6987000107765198
SU00583_7_SESS_U00583_7_0_0,U00583,SESS_U00583_7_0,2026-06-08 22:56:00,cushioned cleats for hkiing,4,legacy,8,102.5,0.593
SU00584_7_SESS_U00584_7_0_0,U00584,SESS_U00584_7_0,2026-06-08 21:08:00,headphones,1,ai_semantic,8,146.6,0.7024000287055969
SU00585_7_SESS_U00585_7_0_0,U00585,SESS_U00585_7_0,2026-06-08 13:10:00,gift cookware set,3,legacy,8,113.3,0.5902
SU00587_7_SESS_U00587_7_0_0,U00587,SESS_U00587_7_0,2026-06-08 08:43:00,best speaker for the office,5,ai_semantic,8,179.8,0.5076000094413757
SU00588_7_SESS_U00588_7_0_0,U00588,SESS_U00588_7_0,2026-06-08 15:26:00,desk ornament udner 50 dollars,5,legacy,5,76.1,0.5989
SU00588_7_SESS_U00588_7_0_1,U00588,SESS_U00588_7_0,2026-06-08 21:39:00,sandals,1,legacy,4,114.0,0.4714
SU00588_7_SESS_U00588_7_1_0,U00588,SESS_U00588_7_1,2026-06-08 09:55:00,best air fryer for a gift,6,legacy,8,95.2,0.5829
SU00591_7_SESS_U00591_7_0_0,U00591,SESS_U00591_7_0,2026-06-08 15:43:00,best speaker for my mom,5,ai_semantic,8,161.0,0.5238999724388123
SU00592_7_SESS_U00592_7_0_0,U00592,SESS_U00592_7_0,2026-06-08 20:13:00,best cooler for travel,4,ai_semantic,8,117.4,0.6761000156402588
SU00592_7_SESS_U00592_7_0_1,U00592,SESS_U00592_7_0,2026-06-08 11:53:00,waterproof running shoes for camping,5,ai_semantic,8,174.9,0.7796000242233276
SU00592_7_SESS_U00592_7_0_2,U00592,SESS_U00592_7_0,2026-06-08 22:26:00,best thermal leggings for winter,5,ai_semantic,8,248.3,0.8334000110626221
SU00593_7_SESS_U00593_7_0_0,U00593,SESS_U00593_7_0,2026-06-08 13:56:00,waterproof hiking boots,3,legacy,8,98.1,0.5764
SU00594_7_SESS_U00594_7_0_0,U00594,SESS_U00594_7_0,2026-06-08 22:20:00,speaker,1,ai_semantic,8,192.6,0.6450999975204468
SU00596_7_SESS_U00596_7_0_0,U00596,SESS_U00596_7_0,2026-06-08 08:29:00,high-top claets for a gift,5,legacy,8,68.9,0.5973
SU00597_7_SESS_U00597_7_0_0,U00597,SESS_U00597_7_0,2026-06-08 16:08:00,best mug for winter,4,ai_semantic,8,189.7,0.6434999704360962
SU00597_7_SESS_U00597_7_1_0,U00597,SESS_U00597_7_1,2026-06-08 09:45:00,cheap winter boots,3,ai_semantic,8,195.4,0.6984999775886536
SU00597_7_SESS_U00597_7_1_1,U00597,SESS_U00597_7_1,2026-06-08 11:41:00,hammokc,1,ai_semantic,8,183.6,0.6621999740600586
SU00599_7_SESS_U00599_7_0_0,U00599,SESS_U00599_7_0,2026-06-08 22:21:00,backpack ultraligth,2,legacy,6,73.9,0.5702
SU00599_7_SESS_U00599_7_0_1,U00599,SESS_U00599_7_0,2026-06-08 17:06:00,somthing for gym,3,legacy,8,90.2,0.5398
SU00599_7_SESS_U00599_7_1_0,U00599,SESS_U00599_7_1,2026-06-08 12:29:00,loafers lihgtweight,2,legacy,6,94.9,0.537
SU00600_7_SESS_U00600_7_0_0,U00600,SESS_U00600_7_0,2026-06-08 11:20:00,rustic journal for gym,4,legacy,8,106.2,0.5742
SU00601_7_SESS_U00601_7_0_0,U00601,SESS_U00601_7_0,2026-06-08 21:23:00,gift keychain,2,ai_semantic,8,200.4,0.6830999851226807
SU00601_7_SESS_U00601_7_0_1,U00601,SESS_U00601_7_0,2026-06-08 17:04:00,somthing for gym,3,ai_semantic,8,204.3,0.29350000619888306
SU00601_7_SESS_U00601_7_1_0,U00601,SESS_U00601_7_1,2026-06-08 13:34:00,rutsic keychain,2,ai_semantic,8,170.9,0.6043000221252441
SU00605_7_SESS_U00605_7_0_0,U00605,SESS_U00605_7_0,2026-06-08 15:31:00,breathable running shoes for winter,5,ai_semantic,8,161.3,0.7856000065803528
SU00606_7_SESS_U00606_7_0_0,U00606,SESS_U00606_7_0,2026-06-08 20:23:00,camp stove foladble,3,legacy,6,122.8,0.4992
SU00608_7_SESS_U00608_7_0_0,U00608,SESS_U00608_7_0,2026-06-08 19:20:00,slip-on cletas,2,legacy,6,100.9,0.5919
SU00608_7_SESS_U00608_7_0_1,U00608,SESS_U00608_7_0,2026-06-08 11:29:00,best gift box set for hiking,6,legacy,8,80.2,0.5626
SU00608_7_SESS_U00608_7_0_2,U00608,SESS_U00608_7_0,2026-06-08 15:10:00,cheap mug,2,legacy,6,110.2,0.5629
SU00608_7_SESS_U00608_7_1_0,U00608,SESS_U00608_7_1,2026-06-08 20:54:00,rnuning shoes,2,legacy,8,68.5,0.5799
SU00608_7_SESS_U00608_7_1_1,U00608,SESS_U00608_7_1,2026-06-08 22:49:00,minimalist photo frame for gym,5,legacy,8,87.8,0.5701
SU00611_7_SESS_U00611_7_0_0,U00611,SESS_U00611_7_0,2026-06-08 11:41:00,breathable winter boots,3,ai_semantic,8,118.2,0.8603000044822693
SU00614_7_SESS_U00614_7_0_0,U00614,SESS_U00614_7_0,2026-06-08 07:14:00,gift hammock,2,ai_semantic,8,121.5,0.7508000135421753
SU00615_7_SESS_U00615_7_0_0,U00615,SESS_U00615_7_0,2026-06-08 20:42:00,somthing for my mom,4,ai_semantic,8,243.0,0.14970000088214874
SU00616_7_SESS_U00616_7_0_0,U00616,SESS_U00616_7_0,2026-06-08 13:58:00,lightweight cleats,2,ai_semantic,8,135.8,0.9110000133514404
SU00616_7_SESS_U00616_7_0_1,U00616,SESS_U00616_7_0,2026-06-08 09:20:00,gift cooler,2,ai_semantic,8,213.7,0.6295999884605408
SU00617_7_SESS_U00617_7_0_0,U00617,SESS_U00617_7_0,2026-06-08 17:02:00,best cooler for travel,4,legacy,8,87.5,0.593
SU00617_7_SESS_U00617_7_0_1,U00617,SESS_U00617_7_0,2026-06-08 14:39:00,speaker under 50 dolalrs,4,legacy,5,108.6,0.4106
SU00617_7_SESS_U00617_7_1_0,U00617,SESS_U00617_7_1,2026-06-08 13:51:00,breathable running sheos for the office,6,legacy,8,50.2,0.5983
SU00618_7_SESS_U00618_7_0_0,U00618,SESS_U00618_7_0,2026-06-08 13:07:00,sleeping bag under 50 dollars,5,ai_semantic,8,210.2,0.6424999833106995
SU00622_7_SESS_U00622_7_0_0,U00622,SESS_U00622_7_0,2026-06-08 12:02:00,gift keyhcain,2,legacy,6,71.6,0.5905
SU00622_7_SESS_U00622_7_0_1,U00622,SESS_U00622_7_0,2026-06-08 21:06:00,best knfie set for camping,5,legacy,8,108.7,0.5885
SU00623_7_SESS_U00623_7_0_0,U00623,SESS_U00623_7_0,2026-06-08 09:18:00,compact headphones for winter,4,legacy,8,118.2,0.5364
SU00624_7_SESS_U00624_7_0_0,U00624,SESS_U00624_7_0,2026-06-08 22:00:00,compact coffee maker for rain,5,legacy,8,107.2,0.5891
SU00624_7_SESS_U00624_7_0_1,U00624,SESS_U00624_7_0,2026-06-08 09:33:00,best camp stove for the office,6,legacy,8,92.4,0.5941
SU00625_7_SESS_U00625_7_0_0,U00625,SESS_U00625_7_0,2026-06-08 22:24:00,theraml leggings fleece-lnied,3,legacy,7,75.2,0.5893
SU00628_7_SESS_U00628_7_0_0,U00628,SESS_U00628_7_0,2026-06-08 13:24:00,noise-cancelling power bnak for hiking,5,ai_semantic,8,172.6,0.5515999794006348
SU00630_7_SESS_U00630_7_0_0,U00630,SESS_U00630_7_0,2026-06-08 21:33:00,candle under 50 dollars,4,ai_semantic,8,203.1,0.5745999813079834
SU00637_7_SESS_U00637_7_0_0,U00637,SESS_U00637_7_0,2026-06-08 15:55:00,cheap hoodie,2,ai_semantic,8,154.3,0.6844000220298767
SU00638_7_SESS_U00638_7_0_0,U00638,SESS_U00638_7_0,2026-06-08 20:43:00,stainless steel air fryer for my mom,7,legacy,8,76.4,0.5393
SU00641_7_SESS_U00641_7_0_0,U00641,SESS_U00641_7_0,2026-06-08 11:32:00,camp stove under 50 dollars,5,ai_semantic,8,168.3,0.6337000131607056
SU00641_7_SESS_U00641_7_0_1,U00641,SESS_U00641_7_0,2026-06-08 21:44:00,best earbuds for winter,4,ai_semantic,8,201.6,0.620199978351593
SU00645_7_SESS_U00645_7_0_0,U00645,SESS_U00645_7_0,2026-06-08 14:04:00,headphones rehcargaeble,2,ai_semantic,8,219.0,0.5957000255584717
SU00646_7_SESS_U00646_7_0_0,U00646,SESS_U00646_7_0,2026-06-08 19:36:00,best journal for rain,4,ai_semantic,8,180.0,0.5098999738693237
SU00646_7_SESS_U00646_7_0_1,U00646,SESS_U00646_7_0,2026-06-08 12:06:00,running shoes under 50 dollars,5,ai_semantic,8,197.4,0.6256999969482422
SU00646_7_SESS_U00646_7_1_0,U00646,SESS_U00646_7_1,2026-06-08 07:25:00,soft rain coat for my mom,6,ai_semantic,8,187.3,0.6872000098228455
SU00646_7_SESS_U00646_7_1_1,U00646,SESS_U00646_7_1,2026-06-08 19:38:00,keychain,1,ai_semantic,8,199.9,0.8173999786376953
SU00647_7_SESS_U00647_7_0_0,U00647,SESS_U00647_7_0,2026-06-08 13:57:00,fleece-lined jacket for my mom,5,ai_semantic,8,181.0,0.7405999898910522
SU00651_7_SESS_U00651_7_0_0,U00651,SESS_U00651_7_0,2026-06-08 16:40:00,rain coat moistrue-wicking,3,ai_semantic,8,163.6,0.8015000224113464
SU00651_7_SESS_U00651_7_0_1,U00651,SESS_U00651_7_0,2026-06-08 12:41:00,best cookware set for the office,6,ai_semantic,8,168.2,0.6904000043869019
SU00652_7_SESS_U00652_7_0_0,U00652,SESS_U00652_7_0,2026-06-08 17:25:00,charging cable under 50 dollras,5,legacy,6,96.6,0.5467
SU00652_7_SESS_U00652_7_0_1,U00652,SESS_U00652_7_0,2026-06-08 07:06:00,cookware set under 50 dollars,5,legacy,8,119.6,0.5981
SU00653_7_SESS_U00653_7_0_0,U00653,SESS_U00653_7_0,2026-06-08 16:34:00,somthing for my mom,4,ai_semantic,8,185.4,0.14970000088214874
SU00653_7_SESS_U00653_7_0_1,U00653,SESS_U00653_7_0,2026-06-08 10:40:00,insulated tent,2,ai_semantic,8,165.6,0.8073999881744385
SU00654_7_SESS_U00654_7_0_0,U00654,SESS_U00654_7_0,2026-06-08 20:41:00,gift winter boots,3,ai_semantic,8,187.8,0.6432999968528748
SU00654_7_SESS_U00654_7_0_1,U00654,SESS_U00654_7_0,2026-06-08 20:14:00,windproof hoodie for a gift,5,ai_semantic,8,157.8,0.7724000215530396
SU00656_7_SESS_U00656_7_0_0,U00656,SESS_U00656_7_0,2026-06-08 07:45:00,gift fleece pullover,3,legacy,8,80.4,0.5748
SU00659_7_SESS_U00659_7_0_0,U00659,SESS_U00659_7_0,2026-06-08 19:13:00,gift headphones,2,ai_semantic,8,177.6,0.6919000148773193
SU00663_7_SESS_U00663_7_0_0,U00663,SESS_U00663_7_0,2026-06-08 19:31:00,stainless steel blender,3,ai_semantic,8,192.6,0.8167999982833862
SU00663_7_SESS_U00663_7_1_0,U00663,SESS_U00663_7_1,2026-06-08 17:07:00,photo frame under 50 dollars,5,ai_semantic,8,177.2,0.5997999906539917
SU00666_7_SESS_U00666_7_0_0,U00666,SESS_U00666_7_0,2026-06-08 15:35:00,keychain under 50 dollars,4,legacy,6,45.2,0.5394
SU00668_7_SESS_U00668_7_0_0,U00668,SESS_U00668_7_0,2026-06-08 12:34:00,gfit headlamp,2,legacy,6,104.9,0.5122
SU00670_7_SESS_U00670_7_0_0,U00670,SESS_U00670_7_0,2026-06-08 07:23:00,air fryer under 50 dollars,5,ai_semantic,8,218.3,0.641700029373169
SU00671_7_SESS_U00671_7_0_0,U00671,SESS_U00671_7_0,2026-06-08 08:53:00,best earbuds for the office,5,ai_semantic,8,138.9,0.6801999807357788
SU00677_7_SESS_U00677_7_0_0,U00677,SESS_U00677_7_0,2026-06-08 13:18:00,lightweight hoodie for hiking,4,legacy,8,86.5,0.5934
SU00680_7_SESS_U00680_7_0_0,U00680,SESS_U00680_7_0,2026-06-08 16:07:00,minimalist desk ornament,3,legacy,8,85.9,0.4864
SU00684_7_SESS_U00684_7_0_0,U00684,SESS_U00684_7_0,2026-06-08 08:49:00,gift mug,2,legacy,8,80.5,0.5644
SU00687_7_SESS_U00687_7_0_0,U00687,SESS_U00687_7_0,2026-06-08 11:11:00,hiking boots,2,legacy,8,98.1,0.5841
SU00687_7_SESS_U00687_7_0_1,U00687,SESS_U00687_7_0,2026-06-08 20:39:00,gift rain coat,3,legacy,8,88.7,0.5859
SU00694_7_SESS_U00694_7_0_0,U00694,SESS_U00694_7_0,2026-06-08 16:06:00,webcam proatble,2,legacy,6,85.8,0.5295
SU00703_7_SESS_U00703_7_0_0,U00703,SESS_U00703_7_0,2026-06-08 13:02:00,cheap sandals,2,legacy,4,88.8,0.5974
SU00704_7_SESS_U00704_7_0_0,U00704,SESS_U00704_7_0,2026-06-08 20:45:00,best journal for my mom,5,ai_semantic,8,203.2,0.5936999917030334
SU00705_7_SESS_U00705_7_0_0,U00705,SESS_U00705_7_0,2026-06-08 19:19:00,rain coat moisture-wikcing,3,ai_semantic,8,202.7,0.8149999976158142
SU00705_7_SESS_U00705_7_0_1,U00705,SESS_U00705_7_0,2026-06-08 09:58:00,candle under 50 dollars,4,ai_semantic,8,175.8,0.5745999813079834
SU00706_7_SESS_U00706_7_0_0,U00706,SESS_U00706_7_0,2026-06-08 16:55:00,gift cleats,2,ai_semantic,8,184.1,0.6107000112533569
SU00708_7_SESS_U00708_7_0_0,U00708,SESS_U00708_7_0,2026-06-08 08:09:00,gitf sweater,2,legacy,7,99.6,0.5669
SU00708_7_SESS_U00708_7_0_1,U00708,SESS_U00708_7_0,2026-06-08 19:09:00,charging cable poratble,3,legacy,6,92.2,0.5955
SU00710_7_SESS_U00710_7_0_0,U00710,SESS_U00710_7_0,2026-06-08 18:59:00,non-stick blender,2,legacy,8,113.9,0.595
SU00713_7_SESS_U00713_7_0_0,U00713,SESS_U00713_7_0,2026-06-08 11:57:00,handmade gift box set for the office,7,ai_semantic,8,173.0,0.8151000142097473
SU00714_7_SESS_U00714_7_0_0,U00714,SESS_U00714_7_0,2026-06-08 17:56:00,somthing for travel,3,ai_semantic,8,177.1,0.3716999888420105
SU00719_7_SESS_U00719_7_0_0,U00719,SESS_U00719_7_0,2026-06-08 10:42:00,engraved candle for witner,4,ai_semantic,8,191.4,0.7247999906539917
SU00719_7_SESS_U00719_7_0_1,U00719,SESS_U00719_7_0,2026-06-08 11:13:00,best thermal leggings for a gift,6,ai_semantic,8,190.1,0.8349999785423279
SU00721_7_SESS_U00721_7_0_0,U00721,SESS_U00721_7_0,2026-06-08 10:18:00,gitf hoodie,2,ai_semantic,8,173.7,0.5848000049591064
SU00721_7_SESS_U00721_7_1_0,U00721,SESS_U00721_7_1,2026-06-08 19:42:00,foldable hammock,2,ai_semantic,8,167.1,0.8697999715805054
SU00721_7_SESS_U00721_7_1_1,U00721,SESS_U00721_7_1,2026-06-08 20:00:00,hiking boots under 50 dollars,5,ai_semantic,8,142.7,0.6265000104904175
SU00721_7_SESS_U00721_7_1_2,U00721,SESS_U00721_7_1,2026-06-08 22:57:00,best sweater for the office,5,ai_semantic,8,183.4,0.6798999905586243
SU00725_7_SESS_U00725_7_0_0,U00725,SESS_U00725_7_0,2026-06-08 11:30:00,best earbuds for hiking,4,legacy,8,112.9,0.5998
SU00730_7_SESS_U00730_7_0_0,U00730,SESS_U00730_7_0,2026-06-08 08:53:00,steel mixing bowl under 50 dollars,6,ai_semantic,8,186.4,0.704800009727478
SU00743_7_SESS_U00743_7_0_0,U00743,SESS_U00743_7_0,2026-06-08 17:05:00,personalized mug,2,legacy,8,62.2,0.5996
SU00743_7_SESS_U00743_7_0_1,U00743,SESS_U00743_7_0,2026-06-08 13:26:00,best keychain for winter,4,legacy,8,119.2,0.5708
SU00746_7_SESS_U00746_7_0_0,U00746,SESS_U00746_7_0,2026-06-08 10:06:00,gfit hoodie,2,legacy,7,65.6,0.5375
SU00750_7_SESS_U00750_7_0_0,U00750,SESS_U00750_7_0,2026-06-08 10:52:00,gift sweater,2,ai_semantic,8,145.9,0.7267000079154968
SU00750_7_SESS_U00750_7_0_1,U00750,SESS_U00750_7_0,2026-06-08 19:08:00,cleats under 50 dollars,4,ai_semantic,8,224.8,0.6420999765396118
SU00750_7_SESS_U00750_7_1_0,U00750,SESS_U00750_7_1,2026-06-08 21:43:00,best beanie for gym,4,ai_semantic,8,167.7,0.6708999872207642
SU00756_7_SESS_U00756_7_0_0,U00756,SESS_U00756_7_0,2026-06-08 15:03:00,engraved journla,2,legacy,7,103.7,0.5842
SU00756_7_SESS_U00756_7_0_1,U00756,SESS_U00756_7_0,2026-06-08 12:07:00,speaker potrable,2,legacy,5,113.7,0.5072
SU00757_7_SESS_U00757_7_0_0,U00757,SESS_U00757_7_0,2026-06-08 16:57:00,cermaic knife set,3,legacy,8,66.7,0.5906
SU00757_7_SESS_U00757_7_0_1,U00757,SESS_U00757_7_0,2026-06-08 19:30:00,somthing for a gift,4,legacy,8,93.0,0.5933
SU00757_7_SESS_U00757_7_0_2,U00757,SESS_U00757_7_0,2026-06-08 11:10:00,winter boots under 50 dollars,5,legacy,8,83.2,0.5842
SU00759_7_SESS_U00759_7_0_0,U00759,SESS_U00759_7_0,2026-06-08 11:45:00,gift running shoes,3,ai_semantic,8,177.4,0.6808000206947327
SU00759_7_SESS_U00759_7_1_0,U00759,SESS_U00759_7_1,2026-06-08 21:38:00,gift winter boots,3,ai_semantic,8,185.3,0.6432999968528748
SU00764_7_SESS_U00764_7_0_0,U00764,SESS_U00764_7_0,2026-06-08 17:18:00,gift cooler,2,ai_semantic,8,202.8,0.6295999884605408
SU00765_7_SESS_U00765_7_0_0,U00765,SESS_U00765_7_0,2026-06-08 08:28:00,somthing for travel,3,ai_semantic,8,164.7,0.3716999888420105
SU00766_7_SESS_U00766_7_0_0,U00766,SESS_U00766_7_0,2026-06-08 18:13:00,cleats under 50 dollars,4,legacy,7,86.5,0.5502
SU00766_7_SESS_U00766_7_0_1,U00766,SESS_U00766_7_0,2026-06-08 13:07:00,moisture-wicking rani coat,3,legacy,8,75.8,0.5894
SU00766_7_SESS_U00766_7_1_0,U00766,SESS_U00766_7_1,2026-06-08 14:57:00,somthing for my mom,4,legacy,8,94.0,0.5825
SU00768_7_SESS_U00768_7_0_0,U00768,SESS_U00768_7_0,2026-06-08 13:39:00,slip-on hiking boots,3,legacy,8,122.7,0.5796
SU00771_7_SESS_U00771_7_0_0,U00771,SESS_U00771_7_0,2026-06-08 15:31:00,cheap desk ornament,3,legacy,5,115.2,0.5505
SU00772_7_SESS_U00772_7_0_0,U00772,SESS_U00772_7_0,2026-06-08 14:49:00,somthing for rain,3,ai_semantic,8,212.2,0.5149999856948853
SU00772_7_SESS_U00772_7_0_1,U00772,SESS_U00772_7_0,2026-06-08 10:51:00,wireless earbuds for winter,4,ai_semantic,8,195.3,0.7487999796867371
SU00777_7_SESS_U00777_7_0_0,U00777,SESS_U00777_7_0,2026-06-08 07:51:00,charging cable,2,ai_semantic,8,188.4,0.7164999842643738
SU00780_7_SESS_U00780_7_0_0,U00780,SESS_U00780_7_0,2026-06-08 22:50:00,gift hiking boots,3,legacy,8,74.9,0.5659
SU00787_7_SESS_U00787_7_0_0,U00787,SESS_U00787_7_0,2026-06-08 18:16:00,cheap headphones,2,legacy,6,94.3,0.5957
SU00787_7_SESS_U00787_7_0_1,U00787,SESS_U00787_7_0,2026-06-08 15:37:00,jacket moisture-wikcing,2,legacy,6,123.7,0.5984
SU00787_7_SESS_U00787_7_1_0,U00787,SESS_U00787_7_1,2026-06-08 15:35:00,somthing for hiking,3,legacy,8,88.8,0.5796
SU00789_7_SESS_U00789_7_0_0,U00789,SESS_U00789_7_0,2026-06-08 15:43:00,gift coffee maker,3,ai_semantic,8,161.0,0.5069000124931335
SU00789_7_SESS_U00789_7_0_1,U00789,SESS_U00789_7_0,2026-06-08 22:15:00,cheap hammock,2,ai_semantic,8,140.4,0.7753999829292297
SU00789_7_SESS_U00789_7_0_2,U00789,SESS_U00789_7_0,2026-06-08 10:44:00,cheap gift box set,4,ai_semantic,8,182.7,0.7789000272750854
SU00792_7_SESS_U00792_7_0_0,U00792,SESS_U00792_7_0,2026-06-08 18:14:00,somthing for winter,3,ai_semantic,8,209.5,0.4092999994754791
SU00792_7_SESS_U00792_7_0_1,U00792,SESS_U00792_7_0,2026-06-08 21:33:00,minimalist gift box set,4,ai_semantic,8,145.1,0.8899999856948853
SU00792_7_SESS_U00792_7_1_0,U00792,SESS_U00792_7_1,2026-06-08 21:39:00,cheap cookware set,3,ai_semantic,8,234.6,0.7125999927520752
SU00793_7_SESS_U00793_7_0_0,U00793,SESS_U00793_7_0,2026-06-08 11:10:00,best hoodie for travel,4,legacy,8,109.8,0.5764
SU00793_7_SESS_U00793_7_0_1,U00793,SESS_U00793_7_0,2026-06-08 10:23:00,cheap thermal leggings,3,legacy,7,80.6,0.5627
SU00795_7_SESS_U00795_7_0_0,U00795,SESS_U00795_7_0,2026-06-08 14:35:00,wireless charging cbale for camping,5,ai_semantic,8,161.2,0.4625999927520752
SU00799_7_SESS_U00799_7_0_0,U00799,SESS_U00799_7_0,2026-06-08 18:48:00,bset sandals for the office,5,legacy,8,105.1,0.5969
SU00001_8_SESS_U00001_8_0_0,U00001,SESS_U00001_8_0,2026-06-09 18:36:00,somthing for travel,3,ai_semantic,8,217.5,0.3716999888420105
SU00002_8_SESS_U00002_8_0_0,U00002,SESS_U00002_8_0,2026-06-09 16:35:00,compact earbuds,2,legacy,8,110.3,0.5884
SU00003_8_SESS_U00003_8_0_0,U00003,SESS_U00003_8_0,2026-06-09 22:02:00,backpcak weahterproof,2,ai_semantic,8,227.4,0.2874000072479248
SU00004_8_SESS_U00004_8_0_0,U00004,SESS_U00004_8_0,2026-06-09 17:53:00,coffee maker,2,legacy,5,66.5,0.5923
SU00005_8_SESS_U00005_8_0_0,U00005,SESS_U00005_8_0,2026-06-09 13:21:00,cheap camp stove,3,legacy,6,110.8,0.5132
SU00009_8_SESS_U00009_8_0_0,U00009,SESS_U00009_8_0,2026-06-09 20:58:00,jacket under 50 dollars,4,legacy,6,85.7,0.5743
SU00011_8_SESS_U00011_8_0_0,U00011,SESS_U00011_8_0,2026-06-09 12:13:00,moisture-wicking sweater for rain,4,legacy,8,129.7,0.5925
SU00012_8_SESS_U00012_8_0_0,U00012,SESS_U00012_8_0,2026-06-09 16:43:00,electric mixing bowl,3,ai_semantic,8,168.3,0.8654999732971191
SU00012_8_SESS_U00012_8_0_1,U00012,SESS_U00012_8_0,2026-06-09 12:52:00,hoodie undre 50 dollars,4,ai_semantic,8,144.3,0.5070000290870667
SU00014_8_SESS_U00014_8_0_0,U00014,SESS_U00014_8_0,2026-06-09 22:28:00,hammock under 50 dollars,4,legacy,7,78.5,0.5829
SU00015_8_SESS_U00015_8_0_0,U00015,SESS_U00015_8_0,2026-06-09 11:22:00,somthing for travel,3,legacy,8,105.2,0.5733
SU00015_8_SESS_U00015_8_0_1,U00015,SESS_U00015_8_0,2026-06-09 07:48:00,rain coat,2,legacy,6,94.1,0.4721
SU00029_8_SESS_U00029_8_0_0,U00029,SESS_U00029_8_0,2026-06-09 21:27:00,hammock weahterproof,2,legacy,7,154.6,0.5896
SU00033_8_SESS_U00033_8_0_0,U00033,SESS_U00033_8_0,2026-06-09 12:36:00,cheap running shoes,3,legacy,8,71.8,0.5337
SU00033_8_SESS_U00033_8_0_1,U00033,SESS_U00033_8_0,2026-06-09 14:47:00,best rain coat for travel,5,legacy,8,99.4,0.4774
SU00034_8_SESS_U00034_8_0_0,U00034,SESS_U00034_8_0,2026-06-09 15:53:00,sandals,1,legacy,4,87.4,0.5844
SU00034_8_SESS_U00034_8_0_1,U00034,SESS_U00034_8_0,2026-06-09 18:19:00,best keychain for the office,5,legacy,8,99.7,0.5728
SU00037_8_SESS_U00037_8_0_0,U00037,SESS_U00037_8_0,2026-06-09 20:46:00,sneakers under 50 dollars,4,legacy,7,84.7,0.4902
SU00037_8_SESS_U00037_8_0_1,U00037,SESS_U00037_8_0,2026-06-09 17:45:00,somthing for hiking,3,legacy,8,117.5,0.5694
SU00037_8_SESS_U00037_8_0_2,U00037,SESS_U00037_8_0,2026-06-09 21:04:00,somthing for gym,3,legacy,8,87.5,0.5818
SU00037_8_SESS_U00037_8_1_0,U00037,SESS_U00037_8_1,2026-06-09 15:58:00,thermal leggings,2,legacy,7,96.0,0.5373
SU00039_8_SESS_U00039_8_0_0,U00039,SESS_U00039_8_0,2026-06-09 12:49:00,lightweight winter boots,3,legacy,8,74.1,0.5814
SU00043_8_SESS_U00043_8_0_0,U00043,SESS_U00043_8_0,2026-06-09 12:01:00,backpack under 50 dollars,4,ai_semantic,8,249.8,0.5867000222206116
SU00043_8_SESS_U00043_8_0_1,U00043,SESS_U00043_8_0,2026-06-09 19:46:00,gfit mixing bowl,3,ai_semantic,8,162.2,0.6536999940872192
SU00043_8_SESS_U00043_8_0_2,U00043,SESS_U00043_8_0,2026-06-09 12:28:00,loafers under 50 dollars,4,ai_semantic,8,196.5,0.5924999713897705
SU00047_8_SESS_U00047_8_0_0,U00047,SESS_U00047_8_0,2026-06-09 14:55:00,best mixing bowl for a gift,6,legacy,8,98.7,0.5267
SU00047_8_SESS_U00047_8_0_1,U00047,SESS_U00047_8_0,2026-06-09 22:16:00,minimalist candle,2,legacy,8,63.4,0.5926
SU00049_8_SESS_U00049_8_0_0,U00049,SESS_U00049_8_0,2026-06-09 19:00:00,gift gift box set,4,legacy,8,73.5,0.591
SU00050_8_SESS_U00050_8_0_0,U00050,SESS_U00050_8_0,2026-06-09 10:46:00,charging cable,2,legacy,6,93.1,0.5843
SU00052_8_SESS_U00052_8_0_0,U00052,SESS_U00052_8_0,2026-06-09 20:52:00,mug,1,ai_semantic,8,196.4,0.6661999821662903
SU00061_8_SESS_U00061_8_0_0,U00061,SESS_U00061_8_0,2026-06-09 22:34:00,mug,1,legacy,6,53.6,0.5519
SU00061_8_SESS_U00061_8_0_1,U00061,SESS_U00061_8_0,2026-06-09 09:12:00,weatherrpoof hammock,2,legacy,7,93.5,0.5743
SU00061_8_SESS_U00061_8_1_0,U00061,SESS_U00061_8_1,2026-06-09 09:10:00,gift cooler,2,legacy,8,72.5,0.5413
SU00071_8_SESS_U00071_8_0_0,U00071,SESS_U00071_8_0,2026-06-09 15:05:00,somthing for trvael,3,legacy,8,67.1,0.5872
SU00072_8_SESS_U00072_8_0_0,U00072,SESS_U00072_8_0,2026-06-09 19:16:00,cheap hoodie,2,legacy,7,88.4,0.5865
SU00072_8_SESS_U00072_8_0_1,U00072,SESS_U00072_8_0,2026-06-09 17:38:00,candle miniamlist,2,legacy,6,73.5,0.5801
SU00077_8_SESS_U00077_8_0_0,U00077,SESS_U00077_8_0,2026-06-09 17:08:00,weatherproof hammock for gym,4,ai_semantic,8,232.5,0.8391000032424927
SU00078_8_SESS_U00078_8_0_0,U00078,SESS_U00078_8_0,2026-06-09 13:33:00,sandals under 50 dollars,4,ai_semantic,8,196.7,0.5776000022888184
SU00079_8_SESS_U00079_8_0_0,U00079,SESS_U00079_8_0,2026-06-09 12:53:00,gift sneakers,2,ai_semantic,8,195.5,0.6984000205993652
SU00081_8_SESS_U00081_8_0_0,U00081,SESS_U00081_8_0,2026-06-09 16:03:00,somthing for camping,3,ai_semantic,8,186.5,0.4957999885082245
SU00082_8_SESS_U00082_8_0_0,U00082,SESS_U00082_8_0,2026-06-09 18:30:00,coffee maker under 50 dollars,5,legacy,5,103.3,0.5439
SU00083_8_SESS_U00083_8_0_0,U00083,SESS_U00083_8_0,2026-06-09 12:30:00,somthing for the office,4,ai_semantic,8,179.0,0.2831999957561493
SU00083_8_SESS_U00083_8_0_1,U00083,SESS_U00083_8_0,2026-06-09 11:26:00,cheap thermal leggings,3,ai_semantic,8,117.2,0.8338000178337097
SU00083_8_SESS_U00083_8_0_2,U00083,SESS_U00083_8_0,2026-06-09 20:33:00,cheap keychain,2,ai_semantic,8,171.0,0.7838000059127808
SU00092_8_SESS_U00092_8_0_0,U00092,SESS_U00092_8_0,2026-06-09 10:41:00,gift cleats,2,legacy,8,107.2,0.5529
SU00093_8_SESS_U00093_8_0_0,U00093,SESS_U00093_8_0,2026-06-09 07:21:00,high-top cleats for a gift,5,ai_semantic,8,212.2,0.7358999848365784
SU00093_8_SESS_U00093_8_0_1,U00093,SESS_U00093_8_0,2026-06-09 21:26:00,sneakers under 50 dollars,4,ai_semantic,8,198.8,0.6071000099182129
SU00093_8_SESS_U00093_8_1_0,U00093,SESS_U00093_8_1,2026-06-09 15:07:00,thermal leggings wram,3,ai_semantic,8,171.6,0.8256999850273132
SU00093_8_SESS_U00093_8_1_1,U00093,SESS_U00093_8_1,2026-06-09 19:33:00,gift power bank,3,ai_semantic,8,207.9,0.6348000168800354
SU00093_8_SESS_U00093_8_1_2,U00093,SESS_U00093_8_1,2026-06-09 14:54:00,cheap swetaer,2,ai_semantic,8,206.4,0.3578000068664551
SU00098_8_SESS_U00098_8_0_0,U00098,SESS_U00098_8_0,2026-06-09 16:05:00,ultrailght hammock,2,ai_semantic,8,170.6,0.7771000266075134
SU00100_8_SESS_U00100_8_0_0,U00100,SESS_U00100_8_0,2026-06-09 15:30:00,somthing for hiking,3,ai_semantic,8,219.5,0.5105999708175659
SU00100_8_SESS_U00100_8_0_1,U00100,SESS_U00100_8_0,2026-06-09 10:04:00,best hoodie for winter,4,ai_semantic,8,129.5,0.6521000266075134
SU00100_8_SESS_U00100_8_0_2,U00100,SESS_U00100_8_0,2026-06-09 09:21:00,windproof rain coat,3,ai_semantic,8,171.1,0.8167999982833862
SU00100_8_SESS_U00100_8_1_0,U00100,SESS_U00100_8_1,2026-06-09 16:05:00,gfit charging cable,3,ai_semantic,8,252.6,0.515999972820282
SU00106_8_SESS_U00106_8_0_0,U00106,SESS_U00106_8_0,2026-06-09 08:53:00,journal under 50 dollars,4,ai_semantic,8,201.5,0.5771999955177307
SU00106_8_SESS_U00106_8_1_0,U00106,SESS_U00106_8_1,2026-06-09 19:32:00,best mug for camping,4,ai_semantic,8,198.6,0.6229000091552734
SU00108_8_SESS_U00108_8_0_0,U00108,SESS_U00108_8_0,2026-06-09 08:15:00,weatherproof headalmp for hiking,4,legacy,8,127.4,0.5943
SU00111_8_SESS_U00111_8_0_0,U00111,SESS_U00111_8_0,2026-06-09 21:48:00,charging cable,2,legacy,6,101.3,0.5958
SU00111_8_SESS_U00111_8_0_1,U00111,SESS_U00111_8_0,2026-06-09 15:40:00,somthing for my mom,4,legacy,8,86.7,0.5843
SU00111_8_SESS_U00111_8_0_2,U00111,SESS_U00111_8_0,2026-06-09 12:09:00,lightweight thermal leggings,3,legacy,8,93.4,0.5921
SU00111_8_SESS_U00111_8_1_0,U00111,SESS_U00111_8_1,2026-06-09 17:38:00,fleeec pullover under 50 dollars,5,legacy,7,79.5,0.5574
SU00111_8_SESS_U00111_8_1_1,U00111,SESS_U00111_8_1,2026-06-09 22:21:00,fleece-lined sweater,2,legacy,8,91.9,0.565
SU00113_8_SESS_U00113_8_0_0,U00113,SESS_U00113_8_0,2026-06-09 17:09:00,cheap thermal leggings,3,legacy,7,106.4,0.5898
SU00117_8_SESS_U00117_8_0_0,U00117,SESS_U00117_8_0,2026-06-09 19:30:00,power bnak,2,ai_semantic,8,167.8,0.4343000054359436
SU00136_8_SESS_U00136_8_0_0,U00136,SESS_U00136_8_0,2026-06-09 16:31:00,cheap loafers,2,legacy,6,61.9,0.5955
SU00136_8_SESS_U00136_8_0_1,U00136,SESS_U00136_8_0,2026-06-09 22:55:00,gift knife set,3,legacy,8,133.4,0.5996
SU00142_8_SESS_U00142_8_0_0,U00142,SESS_U00142_8_0,2026-06-09 10:17:00,candle eeglant,2,legacy,6,73.9,0.5947
SU00143_8_SESS_U00143_8_0_0,U00143,SESS_U00143_8_0,2026-06-09 16:12:00,gift winter boots,3,legacy,8,95.5,0.5906
SU00144_8_SESS_U00144_8_0_0,U00144,SESS_U00144_8_0,2026-06-09 15:22:00,heavy-duty backpack for a gift,5,legacy,8,99.9,0.4939
SU00146_8_SESS_U00146_8_0_0,U00146,SESS_U00146_8_0,2026-06-09 11:03:00,electric cookware set,3,legacy,8,108.1,0.5994
SU00146_8_SESS_U00146_8_0_1,U00146,SESS_U00146_8_0,2026-06-09 08:52:00,best mug for hiking,4,legacy,8,91.1,0.5945
SU00149_8_SESS_U00149_8_0_0,U00149,SESS_U00149_8_0,2026-06-09 10:54:00,gift jacket,2,legacy,8,81.8,0.5942
SU00150_8_SESS_U00150_8_0_0,U00150,SESS_U00150_8_0,2026-06-09 07:50:00,somthing for camping,3,legacy,8,80.0,0.4926
SU00150_8_SESS_U00150_8_0_1,U00150,SESS_U00150_8_0,2026-06-09 09:40:00,moisture-wicking hoodie for gym,4,legacy,8,64.4,0.5999
SU00156_8_SESS_U00156_8_0_0,U00156,SESS_U00156_8_0,2026-06-09 08:29:00,best smartwatch for camping,4,ai_semantic,8,170.5,0.5687000155448914
SU00156_8_SESS_U00156_8_0_1,U00156,SESS_U00156_8_0,2026-06-09 11:41:00,sleeping bag under 50 dollars,5,ai_semantic,8,179.6,0.6424999833106995
SU00156_8_SESS_U00156_8_0_2,U00156,SESS_U00156_8_0,2026-06-09 08:46:00,bets loafers for the office,5,ai_semantic,8,205.4,0.4925999939441681
SU00158_8_SESS_U00158_8_0_0,U00158,SESS_U00158_8_0,2026-06-09 08:01:00,hammock potarble,2,legacy,7,84.3,0.5473
SU00162_8_SESS_U00162_8_0_0,U00162,SESS_U00162_8_0,2026-06-09 15:43:00,compact blender for the office,5,ai_semantic,8,233.1,0.7865999937057495
SU00169_8_SESS_U00169_8_0_0,U00169,SESS_U00169_8_0,2026-06-09 20:52:00,sweater under 50 dollars,4,ai_semantic,8,191.8,0.5741000175476074
SU00171_8_SESS_U00171_8_0_0,U00171,SESS_U00171_8_0,2026-06-09 20:08:00,charging cable,2,legacy,6,70.3,0.5704
SU00171_8_SESS_U00171_8_0_1,U00171,SESS_U00171_8_0,2026-06-09 15:34:00,best cookware set for a gift,6,legacy,8,52.9,0.5785
SU00172_8_SESS_U00172_8_0_0,U00172,SESS_U00172_8_0,2026-06-09 08:17:00,powre bank,2,legacy,6,96.0,0.5634
SU00173_8_SESS_U00173_8_0_0,U00173,SESS_U00173_8_0,2026-06-09 19:22:00,somthing for my mom,4,ai_semantic,8,199.4,0.14970000088214874
SU00173_8_SESS_U00173_8_0_1,U00173,SESS_U00173_8_0,2026-06-09 17:03:00,best headphones for my mom,5,ai_semantic,8,158.2,0.5774999856948853
SU00175_8_SESS_U00175_8_0_0,U00175,SESS_U00175_8_0,2026-06-09 15:45:00,warm jacket for rain,4,legacy,8,48.5,0.593
SU00175_8_SESS_U00175_8_0_1,U00175,SESS_U00175_8_0,2026-06-09 12:04:00,windproof sweater,2,legacy,8,110.6,0.5771
SU00175_8_SESS_U00175_8_0_2,U00175,SESS_U00175_8_0,2026-06-09 11:45:00,desk ornament under 50 dollars,5,legacy,5,86.7,0.5889
SU00181_8_SESS_U00181_8_0_0,U00181,SESS_U00181_8_0,2026-06-09 17:28:00,insulated sneakers,2,ai_semantic,8,228.2,0.9157000184059143
SU00181_8_SESS_U00181_8_1_0,U00181,SESS_U00181_8_1,2026-06-09 21:38:00,cheap cookware set,3,ai_semantic,8,170.3,0.7125999927520752
SU00185_8_SESS_U00185_8_0_0,U00185,SESS_U00185_8_0,2026-06-09 11:54:00,candle,1,legacy,6,128.5,0.5147
SU00185_8_SESS_U00185_8_1_0,U00185,SESS_U00185_8_1,2026-06-09 10:45:00,heavy-duty backpack,2,legacy,8,94.1,0.4866
SU00197_8_SESS_U00197_8_0_0,U00197,SESS_U00197_8_0,2026-06-09 09:57:00,rain caot fleece-liend,3,legacy,6,94.7,0.5969
SU00201_8_SESS_U00201_8_0_0,U00201,SESS_U00201_8_0,2026-06-09 18:36:00,backpack under 50 dollars,4,ai_semantic,8,182.9,0.5867000222206116
SU00201_8_SESS_U00201_8_0_1,U00201,SESS_U00201_8_0,2026-06-09 19:24:00,hammock,1,ai_semantic,8,140.5,0.7300999760627747
SU00201_8_SESS_U00201_8_0_2,U00201,SESS_U00201_8_0,2026-06-09 09:02:00,sweater under 50 dollars,4,ai_semantic,8,244.3,0.5741000175476074
SU00207_8_SESS_U00207_8_0_0,U00207,SESS_U00207_8_0,2026-06-09 21:05:00,somthing for travel,3,legacy,8,91.6,0.5519
SU00207_8_SESS_U00207_8_0_1,U00207,SESS_U00207_8_0,2026-06-09 10:23:00,ultralight cooler for rain,4,legacy,8,109.3,0.5311
SU00210_8_SESS_U00210_8_0_0,U00210,SESS_U00210_8_0,2026-06-09 14:26:00,somthing for travel,3,ai_semantic,8,178.3,0.3716999888420105
SU00218_8_SESS_U00218_8_0_0,U00218,SESS_U00218_8_0,2026-06-09 14:05:00,gift cookware set,3,ai_semantic,8,101.0,0.644599974155426
SU00218_8_SESS_U00218_8_0_1,U00218,SESS_U00218_8_0,2026-06-09 15:10:00,bset hoodie for rain,4,ai_semantic,8,188.4,0.5715000033378601
SU00224_8_SESS_U00224_8_0_0,U00224,SESS_U00224_8_0,2026-06-09 14:50:00,best beanie for travel,4,ai_semantic,8,184.7,0.7017999887466431
SU00224_8_SESS_U00224_8_0_1,U00224,SESS_U00224_8_0,2026-06-09 18:36:00,best hoodie for hiking,4,ai_semantic,8,173.8,0.6205999851226807
SU00237_8_SESS_U00237_8_0_0,U00237,SESS_U00237_8_0,2026-06-09 09:07:00,best sleeping bag for rain,5,legacy,8,97.7,0.5964
SU00237_8_SESS_U00237_8_0_1,U00237,SESS_U00237_8_0,2026-06-09 13:34:00,chepa sleeping bag,3,legacy,7,81.3,0.5274
SU00244_8_SESS_U00244_8_0_0,U00244,SESS_U00244_8_0,2026-06-09 20:41:00,cozy thermal leggings,3,legacy,8,85.1,0.5838
SU00246_8_SESS_U00246_8_0_0,U00246,SESS_U00246_8_0,2026-06-09 19:51:00,handmade mug,2,ai_semantic,8,207.4,0.8209999799728394
SU00246_8_SESS_U00246_8_0_1,U00246,SESS_U00246_8_0,2026-06-09 13:52:00,somthing for gym,3,ai_semantic,8,176.5,0.29350000619888306
SU00249_8_SESS_U00249_8_0_0,U00249,SESS_U00249_8_0,2026-06-09 19:09:00,personalized journal,2,legacy,8,86.5,0.5783
SU00249_8_SESS_U00249_8_0_1,U00249,SESS_U00249_8_0,2026-06-09 18:19:00,mixing bowl,2,legacy,5,76.4,0.585
SU00249_8_SESS_U00249_8_0_2,U00249,SESS_U00249_8_0,2026-06-09 18:40:00,wirleess smartwatch,2,legacy,5,81.0,0.5175
SU00250_8_SESS_U00250_8_0_0,U00250,SESS_U00250_8_0,2026-06-09 16:25:00,cookware set,2,ai_semantic,8,180.9,0.8016999959945679
SU00250_8_SESS_U00250_8_0_1,U00250,SESS_U00250_8_0,2026-06-09 12:46:00,jacket under 50 dollars,4,ai_semantic,8,220.3,0.5066999793052673
SU00250_8_SESS_U00250_8_0_2,U00250,SESS_U00250_8_0,2026-06-09 08:21:00,ultralight headlamp,2,ai_semantic,8,113.2,0.840499997138977
SU00252_8_SESS_U00252_8_0_0,U00252,SESS_U00252_8_0,2026-06-09 20:39:00,cheap power bank,3,ai_semantic,8,162.4,0.7488999962806702
SU00252_8_SESS_U00252_8_0_1,U00252,SESS_U00252_8_0,2026-06-09 15:50:00,elegant candle for camping,4,ai_semantic,8,226.4,0.742900013923645
SU00258_8_SESS_U00258_8_0_0,U00258,SESS_U00258_8_0,2026-06-09 16:52:00,moisture-wicking flecee pullover,3,legacy,8,113.5,0.5533
SU00266_8_SESS_U00266_8_0_0,U00266,SESS_U00266_8_0,2026-06-09 13:54:00,best backpack for winter,4,legacy,8,86.0,0.5932
SU00272_8_SESS_U00272_8_0_0,U00272,SESS_U00272_8_0,2026-06-09 12:16:00,somthing for travel,3,legacy,8,58.2,0.5884
SU00273_8_SESS_U00273_8_0_0,U00273,SESS_U00273_8_0,2026-06-09 12:18:00,best sneakers for hiking,4,legacy,8,72.3,0.4647
SU00273_8_SESS_U00273_8_0_1,U00273,SESS_U00273_8_0,2026-06-09 19:49:00,headlamp,1,legacy,6,46.2,0.4922
SU00273_8_SESS_U00273_8_0_2,U00273,SESS_U00273_8_0,2026-06-09 14:35:00,cushioned sandals for hiking,4,legacy,8,91.4,0.558
SU00274_8_SESS_U00274_8_0_0,U00274,SESS_U00274_8_0,2026-06-09 19:32:00,somthing for travel,3,legacy,8,96.4,0.5955
SU00274_8_SESS_U00274_8_0_1,U00274,SESS_U00274_8_0,2026-06-09 20:05:00,webcam under 50 dollars,4,legacy,6,96.6,0.507
SU00275_8_SESS_U00275_8_0_0,U00275,SESS_U00275_8_0,2026-06-09 17:24:00,gift smartwatch,2,legacy,8,77.2,0.5972
SU00275_8_SESS_U00275_8_0_1,U00275,SESS_U00275_8_0,2026-06-09 11:30:00,gift box set minimalits,4,legacy,8,90.2,0.5653
SU00282_8_SESS_U00282_8_0_0,U00282,SESS_U00282_8_0,2026-06-09 13:55:00,fleece pullover,2,ai_semantic,8,215.7,0.8878999948501587
SU00292_8_SESS_U00292_8_0_0,U00292,SESS_U00292_8_0,2026-06-09 19:07:00,lightweight sweater for my mom,5,legacy,8,96.7,0.5738
SU00292_8_SESS_U00292_8_0_1,U00292,SESS_U00292_8_0,2026-06-09 18:10:00,non-stick knife set for a gift,6,legacy,8,86.1,0.4978
SU00294_8_SESS_U00294_8_0_0,U00294,SESS_U00294_8_0,2026-06-09 11:09:00,cheap hiking boots,3,legacy,8,103.8,0.5418
SU00294_8_SESS_U00294_8_0_1,U00294,SESS_U00294_8_0,2026-06-09 21:17:00,lightweight theraml leggings,3,legacy,8,81.2,0.598
SU00297_8_SESS_U00297_8_0_0,U00297,SESS_U00297_8_0,2026-06-09 09:42:00,thermal leggings,2,ai_semantic,8,134.3,0.8860999941825867
SU00299_8_SESS_U00299_8_0_0,U00299,SESS_U00299_8_0,2026-06-09 16:57:00,compatc blender for winter,4,legacy,8,52.9,0.5978
SU00299_8_SESS_U00299_8_1_0,U00299,SESS_U00299_8_1,2026-06-09 12:47:00,hoodie under 50 dollras,4,legacy,7,75.8,0.4714
SU00302_8_SESS_U00302_8_0_0,U00302,SESS_U00302_8_0,2026-06-09 10:51:00,gift earbuds,2,legacy,8,89.6,0.5482
SU00302_8_SESS_U00302_8_0_1,U00302,SESS_U00302_8_0,2026-06-09 13:24:00,gift charging cable,3,legacy,8,88.7,0.5903
SU00304_8_SESS_U00304_8_0_0,U00304,SESS_U00304_8_0,2026-06-09 11:30:00,air fryer under 50 dollars,5,legacy,6,81.8,0.5774
SU00304_8_SESS_U00304_8_1_0,U00304,SESS_U00304_8_1,2026-06-09 16:39:00,bretahable sneakers for rain,4,legacy,8,71.1,0.5972
SU00304_8_SESS_U00304_8_1_1,U00304,SESS_U00304_8_1,2026-06-09 20:33:00,headphones,1,legacy,6,91.6,0.5803
SU00305_8_SESS_U00305_8_0_0,U00305,SESS_U00305_8_0,2026-06-09 09:24:00,thermal leggings widnproof,3,legacy,7,77.4,0.571
SU00308_8_SESS_U00308_8_0_0,U00308,SESS_U00308_8_0,2026-06-09 22:08:00,trail winter boots,3,ai_semantic,8,166.2,0.7990000247955322
SU00308_8_SESS_U00308_8_0_1,U00308,SESS_U00308_8_0,2026-06-09 07:22:00,desk ornament,2,ai_semantic,8,169.1,0.7892000079154968
SU00308_8_SESS_U00308_8_0_2,U00308,SESS_U00308_8_0,2026-06-09 14:12:00,somthing for gym,3,ai_semantic,8,140.1,0.29350000619888306
SU00313_8_SESS_U00313_8_0_0,U00313,SESS_U00313_8_0,2026-06-09 21:46:00,cheap headlamp,2,ai_semantic,8,185.2,0.7418000102043152
SU00313_8_SESS_U00313_8_1_0,U00313,SESS_U00313_8_1,2026-06-09 07:30:00,cheap headphones,2,ai_semantic,8,175.2,0.6647999882698059
SU00313_8_SESS_U00313_8_1_1,U00313,SESS_U00313_8_1,2026-06-09 12:54:00,cheap backpack,2,ai_semantic,8,192.7,0.7013000249862671
SU00313_8_SESS_U00313_8_1_2,U00313,SESS_U00313_8_1,2026-06-09 08:18:00,gift charging cable,3,ai_semantic,8,190.2,0.6168000102043152
SU00317_8_SESS_U00317_8_0_0,U00317,SESS_U00317_8_0,2026-06-09 18:31:00,best tent for camping,4,legacy,8,103.4,0.5412
SU00322_8_SESS_U00322_8_0_0,U00322,SESS_U00322_8_0,2026-06-09 18:08:00,gift smartwatch,2,legacy,8,89.4,0.5898
SU00324_8_SESS_U00324_8_0_0,U00324,SESS_U00324_8_0,2026-06-09 17:17:00,gift rain coat,3,ai_semantic,8,162.5,0.6583999991416931
SU00328_8_SESS_U00328_8_0_0,U00328,SESS_U00328_8_0,2026-06-09 16:17:00,breathable hiking boots for travel,5,ai_semantic,8,156.6,0.828499972820282
SU00328_8_SESS_U00328_8_0_1,U00328,SESS_U00328_8_0,2026-06-09 19:43:00,best headphones for the office,5,ai_semantic,8,204.3,0.6110000014305115
SU00330_8_SESS_U00330_8_0_0,U00330,SESS_U00330_8_0,2026-06-09 22:50:00,backapck under 50 dollars,4,ai_semantic,8,133.8,0.33489999175071716
SU00333_8_SESS_U00333_8_0_0,U00333,SESS_U00333_8_0,2026-06-09 18:11:00,hight-op sneakers for rain,4,ai_semantic,8,165.0,0.6775000095367432
SU00333_8_SESS_U00333_8_0_1,U00333,SESS_U00333_8_0,2026-06-09 12:14:00,somthing for winter,3,ai_semantic,8,144.3,0.4092999994754791
SU00334_8_SESS_U00334_8_0_0,U00334,SESS_U00334_8_0,2026-06-09 15:31:00,smartwatch under 50 dlolars,4,ai_semantic,8,209.9,0.6093000173568726
SU00337_8_SESS_U00337_8_0_0,U00337,SESS_U00337_8_0,2026-06-09 21:01:00,charging cable,2,legacy,6,79.4,0.563
SU00337_8_SESS_U00337_8_0_1,U00337,SESS_U00337_8_0,2026-06-09 14:11:00,sfot fleece pullover for gym,5,legacy,8,105.4,0.5262
SU00342_8_SESS_U00342_8_0_0,U00342,SESS_U00342_8_0,2026-06-09 14:38:00,hammock insualted,2,legacy,7,76.3,0.5645
SU00344_8_SESS_U00344_8_0_0,U00344,SESS_U00344_8_0,2026-06-09 20:32:00,electric mixing bowl for the office,6,ai_semantic,8,157.4,0.8101999759674072
SU00344_8_SESS_U00344_8_0_1,U00344,SESS_U00344_8_0,2026-06-09 18:46:00,best hoodie for a gift,5,ai_semantic,8,161.4,0.6820999979972839
SU00348_8_SESS_U00348_8_0_0,U00348,SESS_U00348_8_0,2026-06-09 16:09:00,toaster under 50 dollars,4,ai_semantic,8,182.0,0.6606000065803528
SU00355_8_SESS_U00355_8_0_0,U00355,SESS_U00355_8_0,2026-06-09 20:32:00,best journal for my mom,5,legacy,8,53.1,0.5935
SU00355_8_SESS_U00355_8_0_1,U00355,SESS_U00355_8_0,2026-06-09 12:11:00,noise-cancelling smartwatch for camping,4,legacy,8,124.0,0.5358
SU00355_8_SESS_U00355_8_0_2,U00355,SESS_U00355_8_0,2026-06-09 19:34:00,power bank,2,legacy,6,107.8,0.5784
SU00357_8_SESS_U00357_8_0_0,U00357,SESS_U00357_8_0,2026-06-09 13:49:00,best cleats for travel,4,legacy,8,103.8,0.579
SU00357_8_SESS_U00357_8_0_1,U00357,SESS_U00357_8_0,2026-06-09 18:00:00,insluated hiking boots,3,legacy,8,112.1,0.5476
SU00357_8_SESS_U00357_8_1_0,U00357,SESS_U00357_8_1,2026-06-09 09:41:00,power bank wirleess,3,legacy,6,67.2,0.5824
SU00361_8_SESS_U00361_8_0_0,U00361,SESS_U00361_8_0,2026-06-09 15:58:00,best cooler for the office,5,ai_semantic,8,227.6,0.6636000275611877
SU00363_8_SESS_U00363_8_0_0,U00363,SESS_U00363_8_0,2026-06-09 17:52:00,winter boots breahtable,3,legacy,8,58.5,0.5951
SU00363_8_SESS_U00363_8_0_1,U00363,SESS_U00363_8_0,2026-06-09 20:51:00,eletcric toaster,2,legacy,4,88.8,0.5715
SU00372_8_SESS_U00372_8_0_0,U00372,SESS_U00372_8_0,2026-06-09 19:42:00,headphones rechargealbe,2,legacy,6,69.6,0.5574
SU00372_8_SESS_U00372_8_0_1,U00372,SESS_U00372_8_0,2026-06-09 21:10:00,beanie under 50 dollars,4,legacy,5,81.7,0.5692
SU00372_8_SESS_U00372_8_0_2,U00372,SESS_U00372_8_0,2026-06-09 09:54:00,cozy hoodie,2,legacy,8,65.9,0.5624
SU00373_8_SESS_U00373_8_0_0,U00373,SESS_U00373_8_0,2026-06-09 11:33:00,gift loafers,2,legacy,8,85.2,0.5914
SU00374_8_SESS_U00374_8_0_0,U00374,SESS_U00374_8_0,2026-06-09 17:59:00,best camp stove for rian,5,legacy,8,86.1,0.5195
SU00376_8_SESS_U00376_8_0_0,U00376,SESS_U00376_8_0,2026-06-09 09:48:00,headphones noies-cancelling,2,legacy,6,82.7,0.5985
SU00379_8_SESS_U00379_8_0_0,U00379,SESS_U00379_8_0,2026-06-09 08:49:00,best desk ornament for gym,5,legacy,8,80.9,0.5893
SU00383_8_SESS_U00383_8_0_0,U00383,SESS_U00383_8_0,2026-06-09 17:24:00,candle engrvaed,2,legacy,6,84.9,0.5482
SU00386_8_SESS_U00386_8_0_0,U00386,SESS_U00386_8_0,2026-06-09 21:07:00,gift jacket,2,legacy,8,69.1,0.5341
SU00386_8_SESS_U00386_8_0_1,U00386,SESS_U00386_8_0,2026-06-09 15:51:00,thermal leggings,2,legacy,7,75.9,0.4275
SU00386_8_SESS_U00386_8_0_2,U00386,SESS_U00386_8_0,2026-06-09 18:58:00,weatherproof sleeping bag for a gift,6,legacy,8,83.9,0.5546
SU00386_8_SESS_U00386_8_1_0,U00386,SESS_U00386_8_1,2026-06-09 18:25:00,mug under 50 dollars,4,legacy,6,77.5,0.5795
SU00387_8_SESS_U00387_8_0_0,U00387,SESS_U00387_8_0,2026-06-09 18:11:00,best thermal leggings for the office,6,ai_semantic,8,180.4,0.8191999793052673
SU00387_8_SESS_U00387_8_0_1,U00387,SESS_U00387_8_0,2026-06-09 15:57:00,best cooler for travel,4,ai_semantic,8,203.5,0.6761000156402588
SU00387_8_SESS_U00387_8_1_0,U00387,SESS_U00387_8_1,2026-06-09 09:47:00,cozy thermal leggings for travel,5,ai_semantic,8,196.6,0.8590999841690063
SU00389_8_SESS_U00389_8_0_0,U00389,SESS_U00389_8_0,2026-06-09 20:07:00,coffee maker compatc,3,legacy,5,85.9,0.5786
SU00389_8_SESS_U00389_8_0_1,U00389,SESS_U00389_8_0,2026-06-09 07:48:00,minimalist gift box set for camping,6,legacy,8,69.1,0.5462
SU00391_8_SESS_U00391_8_0_0,U00391,SESS_U00391_8_0,2026-06-09 14:13:00,cheap hammock,2,legacy,7,94.0,0.5597
SU00391_8_SESS_U00391_8_0_1,U00391,SESS_U00391_8_0,2026-06-09 18:30:00,beanie,1,legacy,5,104.2,0.5972
SU00399_8_SESS_U00399_8_0_0,U00399,SESS_U00399_8_0,2026-06-09 14:56:00,hoodie cyoz,2,ai_semantic,8,190.1,0.5774000287055969
SU00400_8_SESS_U00400_8_0_0,U00400,SESS_U00400_8_0,2026-06-09 18:17:00,cheap desk ornament,3,ai_semantic,8,147.7,0.7311999797821045
SU00404_8_SESS_U00404_8_0_0,U00404,SESS_U00404_8_0,2026-06-09 15:15:00,somthing for the office,4,legacy,8,59.0,0.5433
SU00404_8_SESS_U00404_8_0_1,U00404,SESS_U00404_8_0,2026-06-09 22:26:00,compact sleeping bag for my mom,6,legacy,8,103.9,0.5364
SU00404_8_SESS_U00404_8_1_0,U00404,SESS_U00404_8_1,2026-06-09 08:37:00,insulated cleats for camping,4,legacy,8,109.0,0.5806
SU00404_8_SESS_U00404_8_1_1,U00404,SESS_U00404_8_1,2026-06-09 22:03:00,breathable running shoes,3,legacy,8,100.2,0.564
SU00405_8_SESS_U00405_8_0_0,U00405,SESS_U00405_8_0,2026-06-09 17:14:00,bluetooth smartwatch for a gift,5,ai_semantic,8,187.4,0.694599986076355
SU00405_8_SESS_U00405_8_0_1,U00405,SESS_U00405_8_0,2026-06-09 07:48:00,headphones under 50 dollars,4,ai_semantic,8,200.1,0.580299973487854
SU00406_8_SESS_U00406_8_0_0,U00406,SESS_U00406_8_0,2026-06-09 09:20:00,hiking boost under 50 dollars,5,legacy,7,75.9,0.5915
SU00406_8_SESS_U00406_8_1_0,U00406,SESS_U00406_8_1,2026-06-09 09:01:00,best rain coat for travel,5,legacy,8,48.0,0.5921
SU00406_8_SESS_U00406_8_1_1,U00406,SESS_U00406_8_1,2026-06-09 19:40:00,ceramic knife set for camping,5,legacy,8,83.2,0.5283
SU00406_8_SESS_U00406_8_1_2,U00406,SESS_U00406_8_1,2026-06-09 16:02:00,headphones under 50 dollars,4,legacy,6,73.2,0.5966
SU00407_8_SESS_U00407_8_0_0,U00407,SESS_U00407_8_0,2026-06-09 21:24:00,non-stick cookware set,3,legacy,8,94.5,0.5529
SU00407_8_SESS_U00407_8_0_1,U00407,SESS_U00407_8_0,2026-06-09 16:37:00,backpack fodlable,2,legacy,6,98.3,0.5217
SU00415_8_SESS_U00415_8_0_0,U00415,SESS_U00415_8_0,2026-06-09 22:50:00,breathable sandlas,2,ai_semantic,8,171.0,0.40310001373291016
SU00421_8_SESS_U00421_8_0_0,U00421,SESS_U00421_8_0,2026-06-09 09:50:00,somthing for camping,3,legacy,8,101.1,0.5468
SU00422_8_SESS_U00422_8_0_0,U00422,SESS_U00422_8_0,2026-06-09 20:31:00,best sleeping bag for gym,5,ai_semantic,8,172.8,0.6064000129699707
SU00422_8_SESS_U00422_8_0_1,U00422,SESS_U00422_8_0,2026-06-09 21:16:00,best blender for winter,4,ai_semantic,8,164.6,0.4950000047683716
SU00423_8_SESS_U00423_8_0_0,U00423,SESS_U00423_8_0,2026-06-09 10:58:00,cleats trial,2,legacy,7,102.9,0.5748
SU00423_8_SESS_U00423_8_0_1,U00423,SESS_U00423_8_0,2026-06-09 18:51:00,winter boots,2,legacy,8,113.8,0.5713
SU00426_8_SESS_U00426_8_0_0,U00426,SESS_U00426_8_0,2026-06-09 12:34:00,poewr bank cmopact,3,legacy,6,81.4,0.5487
SU00427_8_SESS_U00427_8_0_0,U00427,SESS_U00427_8_0,2026-06-09 08:49:00,cheap juornal,2,ai_semantic,8,164.6,0.2948000133037567
SU00432_8_SESS_U00432_8_0_0,U00432,SESS_U00432_8_0,2026-06-09 11:50:00,best hammock for camping,4,ai_semantic,8,152.5,0.7027999758720398
SU00434_8_SESS_U00434_8_0_0,U00434,SESS_U00434_8_0,2026-06-09 18:31:00,gift air fryer,3,legacy,8,76.4,0.533
SU00435_8_SESS_U00435_8_0_0,U00435,SESS_U00435_8_0,2026-06-09 15:36:00,cheap air fryer,3,legacy,6,91.9,0.4734
SU00436_8_SESS_U00436_8_0_0,U00436,SESS_U00436_8_0,2026-06-09 11:55:00,cheap journal,2,ai_semantic,8,221.5,0.682200014591217
SU00440_8_SESS_U00440_8_0_0,U00440,SESS_U00440_8_0,2026-06-09 14:32:00,earbuds under 50 dollars,4,legacy,6,89.5,0.5882
SU00442_8_SESS_U00442_8_0_0,U00442,SESS_U00442_8_0,2026-06-09 09:55:00,lightweight beanie,2,ai_semantic,8,154.5,0.8981000185012817
SU00442_8_SESS_U00442_8_0_1,U00442,SESS_U00442_8_0,2026-06-09 10:26:00,hoodie miosture-wicking,2,ai_semantic,8,133.8,0.641700029373169
SU00443_8_SESS_U00443_8_0_0,U00443,SESS_U00443_8_0,2026-06-09 18:53:00,headphones,1,legacy,6,108.0,0.5719
SU00445_8_SESS_U00445_8_0_0,U00445,SESS_U00445_8_0,2026-06-09 07:22:00,speaker portbale,2,ai_semantic,8,233.0,0.5364000201225281
SU00450_8_SESS_U00450_8_0_0,U00450,SESS_U00450_8_0,2026-06-09 08:40:00,windproof hodoie,2,ai_semantic,8,223.6,0.5112000107765198
SU00450_8_SESS_U00450_8_0_1,U00450,SESS_U00450_8_0,2026-06-09 20:11:00,headlamp insulaetd,2,ai_semantic,8,183.4,0.6556000113487244
SU00450_8_SESS_U00450_8_0_2,U00450,SESS_U00450_8_0,2026-06-09 21:43:00,journal minmialist,2,ai_semantic,8,187.4,0.5800999999046326
SU00461_8_SESS_U00461_8_0_0,U00461,SESS_U00461_8_0,2026-06-09 13:28:00,bluetooth charging cable,3,legacy,8,93.7,0.5844
SU00461_8_SESS_U00461_8_0_1,U00461,SESS_U00461_8_0,2026-06-09 12:10:00,gift gift box set,4,legacy,8,62.2,0.5889
SU00468_8_SESS_U00468_8_0_0,U00468,SESS_U00468_8_0,2026-06-09 21:56:00,gift thermal leggings,3,legacy,8,106.7,0.5742
SU00468_8_SESS_U00468_8_0_1,U00468,SESS_U00468_8_0,2026-06-09 12:20:00,cheap backpack,2,legacy,6,85.2,0.4005
SU00468_8_SESS_U00468_8_0_2,U00468,SESS_U00468_8_0,2026-06-09 17:42:00,hammock waetherproof,2,legacy,7,88.7,0.5323
SU00472_8_SESS_U00472_8_0_0,U00472,SESS_U00472_8_0,2026-06-09 08:16:00,rustic candle,2,legacy,8,95.5,0.5732
SU00479_8_SESS_U00479_8_0_0,U00479,SESS_U00479_8_0,2026-06-09 20:48:00,compact charging cable,3,ai_semantic,8,229.5,0.8252999782562256
SU00479_8_SESS_U00479_8_0_1,U00479,SESS_U00479_8_0,2026-06-09 12:19:00,rustic keychain for gym,4,ai_semantic,8,196.7,0.744700014591217
SU00479_8_SESS_U00479_8_1_0,U00479,SESS_U00479_8_1,2026-06-09 16:48:00,trail hiknig boots for winter,5,ai_semantic,8,211.1,0.6876000165939331
SU00480_8_SESS_U00480_8_0_0,U00480,SESS_U00480_8_0,2026-06-09 09:42:00,headlamp under 50 dollars,4,ai_semantic,8,171.2,0.6639999747276306
SU00480_8_SESS_U00480_8_0_1,U00480,SESS_U00480_8_0,2026-06-09 19:14:00,minimalist mug,2,ai_semantic,8,215.5,0.8618999719619751
SU00480_8_SESS_U00480_8_0_2,U00480,SESS_U00480_8_0,2026-06-09 22:18:00,cleats,1,ai_semantic,8,119.3,0.7260000109672546
SU00489_8_SESS_U00489_8_0_0,U00489,SESS_U00489_8_0,2026-06-09 19:58:00,tent,1,legacy,7,81.1,0.5877
SU00490_8_SESS_U00490_8_0_0,U00490,SESS_U00490_8_0,2026-06-09 14:42:00,tent,1,legacy,7,102.2,0.5823
SU00490_8_SESS_U00490_8_0_1,U00490,SESS_U00490_8_0,2026-06-09 15:14:00,thermal leggings under 50 dollars,5,legacy,7,99.3,0.5914
SU00490_8_SESS_U00490_8_1_0,U00490,SESS_U00490_8_1,2026-06-09 21:13:00,webcam,1,legacy,6,116.5,0.586
SU00495_8_SESS_U00495_8_0_0,U00495,SESS_U00495_8_0,2026-06-09 20:46:00,sleeping bag,2,legacy,7,90.4,0.5842
SU00496_8_SESS_U00496_8_0_0,U00496,SESS_U00496_8_0,2026-06-09 16:47:00,webcam wireless,2,legacy,8,102.7,0.5859
SU00497_8_SESS_U00497_8_0_0,U00497,SESS_U00497_8_0,2026-06-09 14:23:00,somtihng for hiking,3,legacy,8,77.9,0.5663
SU00498_8_SESS_U00498_8_0_0,U00498,SESS_U00498_8_0,2026-06-09 07:24:00,cheap hammock,2,ai_semantic,8,215.5,0.7753999829292297
SU00499_8_SESS_U00499_8_0_0,U00499,SESS_U00499_8_0,2026-06-09 07:51:00,backpack,1,ai_semantic,8,202.2,0.6915000081062317
SU00500_8_SESS_U00500_8_0_0,U00500,SESS_U00500_8_0,2026-06-09 19:47:00,smatrwatch under 50 dollars,4,ai_semantic,8,173.6,0.42410001158714294
SU00500_8_SESS_U00500_8_0_1,U00500,SESS_U00500_8_0,2026-06-09 22:38:00,best thermal leggings for the office,6,ai_semantic,8,184.5,0.8191999793052673
SU00501_8_SESS_U00501_8_0_0,U00501,SESS_U00501_8_0,2026-06-09 16:17:00,compact earbuds for winter,4,legacy,8,88.0,0.5551
SU00506_8_SESS_U00506_8_0_0,U00506,SESS_U00506_8_0,2026-06-09 12:21:00,waterproof winter boots,3,legacy,8,95.0,0.5862
SU00509_8_SESS_U00509_8_0_0,U00509,SESS_U00509_8_0,2026-06-09 16:51:00,gift cleast,2,ai_semantic,8,213.8,0.4758000075817108
SU00509_8_SESS_U00509_8_0_1,U00509,SESS_U00509_8_0,2026-06-09 17:40:00,blender,1,ai_semantic,8,182.7,0.5227000117301941
SU00512_8_SESS_U00512_8_0_0,U00512,SESS_U00512_8_0,2026-06-09 20:15:00,cheap smartwatch,2,legacy,5,65.7,0.5919
SU00515_8_SESS_U00515_8_0_0,U00515,SESS_U00515_8_0,2026-06-09 17:00:00,compact charging cable,3,ai_semantic,8,160.3,0.8252999782562256
SU00516_8_SESS_U00516_8_0_0,U00516,SESS_U00516_8_0,2026-06-09 09:18:00,cheap cooler,2,ai_semantic,8,163.7,0.636900007724762
SU00516_8_SESS_U00516_8_0_1,U00516,SESS_U00516_8_0,2026-06-09 22:32:00,cheap steel coffee maker,4,ai_semantic,8,241.1,0.6165000200271606
SU00518_8_SESS_U00518_8_0_0,U00518,SESS_U00518_8_0,2026-06-09 13:35:00,best beanie for travel,4,legacy,8,66.9,0.5696
SU00518_8_SESS_U00518_8_0_1,U00518,SESS_U00518_8_0,2026-06-09 15:01:00,tent,1,legacy,7,68.8,0.5739
SU00520_8_SESS_U00520_8_0_0,U00520,SESS_U00520_8_0,2026-06-09 15:41:00,cheap earbuds,2,ai_semantic,8,163.1,0.7153000235557556
SU00520_8_SESS_U00520_8_0_1,U00520,SESS_U00520_8_0,2026-06-09 09:53:00,somthing for gym,3,ai_semantic,8,163.4,0.29350000619888306
SU00521_8_SESS_U00521_8_0_0,U00521,SESS_U00521_8_0,2026-06-09 07:14:00,gift sleeping bag,3,ai_semantic,8,190.2,0.7264999747276306
SU00521_8_SESS_U00521_8_0_1,U00521,SESS_U00521_8_0,2026-06-09 15:44:00,best smartwatch for winter,4,ai_semantic,8,152.6,0.5827999711036682
SU00521_8_SESS_U00521_8_0_2,U00521,SESS_U00521_8_0,2026-06-09 20:41:00,photo frame mniimalist,3,ai_semantic,8,198.9,0.6766999959945679
SU00525_8_SESS_U00525_8_0_0,U00525,SESS_U00525_8_0,2026-06-09 08:17:00,bset webcam for my mom,5,legacy,8,78.4,0.5728
SU00527_8_SESS_U00527_8_0_0,U00527,SESS_U00527_8_0,2026-06-09 19:59:00,stainless steel blender for tarvel,5,ai_semantic,8,222.4,0.5654000043869019
SU00527_8_SESS_U00527_8_0_1,U00527,SESS_U00527_8_0,2026-06-09 14:21:00,speaker under 50 dollars,4,ai_semantic,8,208.1,0.5645999908447266
SU00533_8_SESS_U00533_8_0_0,U00533,SESS_U00533_8_0,2026-06-09 07:36:00,loafers trali,2,legacy,6,94.1,0.5289
SU00533_8_SESS_U00533_8_0_1,U00533,SESS_U00533_8_0,2026-06-09 15:17:00,tent potrable,2,legacy,7,96.7,0.5111
SU00537_8_SESS_U00537_8_0_0,U00537,SESS_U00537_8_0,2026-06-09 18:27:00,cheap mixing bowl,3,legacy,5,89.2,0.5661
SU00540_8_SESS_U00540_8_0_0,U00540,SESS_U00540_8_0,2026-06-09 16:48:00,cheap cooler,2,legacy,6,90.4,0.472
SU00540_8_SESS_U00540_8_0_1,U00540,SESS_U00540_8_0,2026-06-09 21:24:00,lightweight beanie,2,legacy,8,114.0,0.5751
SU00540_8_SESS_U00540_8_0_2,U00540,SESS_U00540_8_0,2026-06-09 21:44:00,cheap steel knife set,4,legacy,8,103.3,0.5618
SU00546_8_SESS_U00546_8_0_0,U00546,SESS_U00546_8_0,2026-06-09 18:58:00,compact sleeping bag,3,legacy,8,92.3,0.5825
SU00548_8_SESS_U00548_8_0_0,U00548,SESS_U00548_8_0,2026-06-09 21:38:00,gitf smartwatch,2,legacy,5,77.4,0.5572
SU00553_8_SESS_U00553_8_0_0,U00553,SESS_U00553_8_0,2026-06-09 16:18:00,somthing for hiking,3,legacy,8,64.0,0.4629
SU00553_8_SESS_U00553_8_0_1,U00553,SESS_U00553_8_0,2026-06-09 07:40:00,cheap gift box set,4,legacy,8,115.6,0.5706
SU00557_8_SESS_U00557_8_0_0,U00557,SESS_U00557_8_0,2026-06-09 10:41:00,cheap jacket,2,ai_semantic,8,246.6,0.6244000196456909
SU00557_8_SESS_U00557_8_0_1,U00557,SESS_U00557_8_0,2026-06-09 15:29:00,best winter boots for travel,5,ai_semantic,8,216.4,0.6780999898910522
SU00557_8_SESS_U00557_8_1_0,U00557,SESS_U00557_8_1,2026-06-09 16:53:00,compcat webcam,2,ai_semantic,8,194.9,0.5806000232696533
SU00557_8_SESS_U00557_8_1_1,U00557,SESS_U00557_8_1,2026-06-09 07:40:00,somthing for my mom,4,ai_semantic,8,188.5,0.14970000088214874
SU00558_8_SESS_U00558_8_0_0,U00558,SESS_U00558_8_0,2026-06-09 14:49:00,somthing for winter,3,ai_semantic,8,148.8,0.4092999994754791
SU00558_8_SESS_U00558_8_1_0,U00558,SESS_U00558_8_1,2026-06-09 16:24:00,rustic mug for my mom,5,ai_semantic,8,158.3,0.7407000064849854
SU00558_8_SESS_U00558_8_1_1,U00558,SESS_U00558_8_1,2026-06-09 17:09:00,compact headphones,2,ai_semantic,8,186.7,0.809499979019165
SU00565_8_SESS_U00565_8_0_0,U00565,SESS_U00565_8_0,2026-06-09 12:57:00,best webcam for hiking,4,ai_semantic,8,181.8,0.6033999919891357
SU00565_8_SESS_U00565_8_0_1,U00565,SESS_U00565_8_0,2026-06-09 14:18:00,backpack under 50 dollars,4,ai_semantic,8,153.4,0.5867000222206116
SU00568_8_SESS_U00568_8_0_0,U00568,SESS_U00568_8_0,2026-06-09 22:54:00,personalized candle,2,ai_semantic,8,170.8,0.8461999893188477
SU00573_8_SESS_U00573_8_0_0,U00573,SESS_U00573_8_0,2026-06-09 16:46:00,air fryer no-nstick,3,ai_semantic,8,212.3,0.6434000134468079
SU00573_8_SESS_U00573_8_1_0,U00573,SESS_U00573_8_1,2026-06-09 16:00:00,somthing for gym,3,ai_semantic,8,204.2,0.29350000619888306
SU00573_8_SESS_U00573_8_1_1,U00573,SESS_U00573_8_1,2026-06-09 15:56:00,slip-on cleats,2,ai_semantic,8,157.0,0.881600022315979
SU00573_8_SESS_U00573_8_1_2,U00573,SESS_U00573_8_1,2026-06-09 15:57:00,portable hammock,2,ai_semantic,8,123.8,0.9093999862670898
SU00574_8_SESS_U00574_8_0_0,U00574,SESS_U00574_8_0,2026-06-09 20:34:00,best blender for rain,4,ai_semantic,8,197.5,0.4514000117778778
SU00574_8_SESS_U00574_8_1_0,U00574,SESS_U00574_8_1,2026-06-09 12:29:00,moisture-wicking sweater,2,ai_semantic,8,144.7,0.8393999934196472
SU00574_8_SESS_U00574_8_1_1,U00574,SESS_U00574_8_1,2026-06-09 19:17:00,best smartwatch for the office,5,ai_semantic,8,160.0,0.6553000211715698
SU00580_8_SESS_U00580_8_0_0,U00580,SESS_U00580_8_0,2026-06-09 10:19:00,somthing for winter,3,ai_semantic,8,186.0,0.4092999994754791
SU00580_8_SESS_U00580_8_0_1,U00580,SESS_U00580_8_0,2026-06-09 13:20:00,best beanie for hiking,4,ai_semantic,8,171.6,0.6391000151634216
SU00584_8_SESS_U00584_8_0_0,U00584,SESS_U00584_8_0,2026-06-09 10:26:00,cheap earbuds,2,ai_semantic,8,111.9,0.7153000235557556
SU00585_8_SESS_U00585_8_0_0,U00585,SESS_U00585_8_0,2026-06-09 18:23:00,charging cable under 50 dollars,5,legacy,6,92.3,0.5714
SU00587_8_SESS_U00587_8_0_0,U00587,SESS_U00587_8_0,2026-06-09 07:09:00,high-top winter boots,3,ai_semantic,8,226.5,0.8560000061988831
SU00592_8_SESS_U00592_8_0_0,U00592,SESS_U00592_8_0,2026-06-09 12:36:00,non-stick mixing bowl for winter,5,ai_semantic,8,185.5,0.7318999767303467
SU00593_8_SESS_U00593_8_0_0,U00593,SESS_U00593_8_0,2026-06-09 12:10:00,somthing for winter,3,legacy,8,79.6,0.5583
SU00593_8_SESS_U00593_8_0_1,U00593,SESS_U00593_8_0,2026-06-09 11:23:00,sneakesr,1,legacy,0,81.6,
SU00600_8_SESS_U00600_8_0_0,U00600,SESS_U00600_8_0,2026-06-09 21:43:00,gift backpack,2,legacy,8,90.2,0.5555
SU00609_8_SESS_U00609_8_0_0,U00609,SESS_U00609_8_0,2026-06-09 11:02:00,best camp stove for gym,5,ai_semantic,8,179.0,0.6592000126838684
SU00609_8_SESS_U00609_8_0_1,U00609,SESS_U00609_8_0,2026-06-09 16:00:00,elegant desk ornament,3,ai_semantic,8,200.6,0.9072999954223633
SU00611_8_SESS_U00611_8_0_0,U00611,SESS_U00611_8_0,2026-06-09 15:25:00,keychain minmialist,2,ai_semantic,8,128.8,0.6237999796867371
SU00611_8_SESS_U00611_8_0_1,U00611,SESS_U00611_8_0,2026-06-09 19:45:00,dishwasher-safe toaster,2,ai_semantic,8,148.8,0.8783000111579895
SU00615_8_SESS_U00615_8_0_0,U00615,SESS_U00615_8_0,2026-06-09 15:06:00,best desk ornament for my mom,6,ai_semantic,8,173.0,0.6685000061988831
SU00619_8_SESS_U00619_8_0_0,U00619,SESS_U00619_8_0,2026-06-09 10:19:00,gift cookware set,3,ai_semantic,8,176.0,0.644599974155426
SU00619_8_SESS_U00619_8_0_1,U00619,SESS_U00619_8_0,2026-06-09 16:13:00,best mixing bowl for my mom,6,ai_semantic,8,231.4,0.6524999737739563
SU00621_8_SESS_U00621_8_0_0,U00621,SESS_U00621_8_0,2026-06-09 07:30:00,best power bnak for travel,5,legacy,8,121.0,0.5131
SU00621_8_SESS_U00621_8_1_0,U00621,SESS_U00621_8_1,2026-06-09 08:54:00,best blender for the office,5,legacy,8,81.0,0.593
SU00621_8_SESS_U00621_8_1_1,U00621,SESS_U00621_8_1,2026-06-09 21:11:00,cheap stele blender,3,legacy,6,72.2,0.5814
SU00626_8_SESS_U00626_8_0_0,U00626,SESS_U00626_8_0,2026-06-09 20:35:00,electric air fryer,3,ai_semantic,8,143.4,0.8780999779701233
SU00630_8_SESS_U00630_8_0_0,U00630,SESS_U00630_8_0,2026-06-09 14:52:00,gift headphones,2,ai_semantic,8,218.5,0.6919000148773193
SU00632_8_SESS_U00632_8_0_0,U00632,SESS_U00632_8_0,2026-06-09 18:28:00,hoodie coyz,2,legacy,7,124.2,0.5868
SU00632_8_SESS_U00632_8_0_1,U00632,SESS_U00632_8_0,2026-06-09 09:15:00,beanie,1,legacy,5,116.3,0.5624
SU00638_8_SESS_U00638_8_0_0,U00638,SESS_U00638_8_0,2026-06-09 07:57:00,bluetooth spaeker,2,legacy,7,117.0,0.5744
SU00638_8_SESS_U00638_8_0_1,U00638,SESS_U00638_8_0,2026-06-09 20:10:00,best photo frame for gym,5,legacy,8,74.2,0.592
SU00639_8_SESS_U00639_8_0_0,U00639,SESS_U00639_8_0,2026-06-09 17:42:00,somthing for gym,3,ai_semantic,8,163.3,0.29350000619888306
SU00645_8_SESS_U00645_8_0_0,U00645,SESS_U00645_8_0,2026-06-09 22:05:00,best cleats for tarvel,4,ai_semantic,8,151.5,0.5867999792098999
SU00647_8_SESS_U00647_8_0_0,U00647,SESS_U00647_8_0,2026-06-09 18:38:00,best winter boots for witner,5,ai_semantic,8,199.0,0.5347999930381775
SU00647_8_SESS_U00647_8_0_1,U00647,SESS_U00647_8_0,2026-06-09 08:08:00,somthing for a gift,4,ai_semantic,8,144.0,0.38440001010894775
SU00647_8_SESS_U00647_8_0_2,U00647,SESS_U00647_8_0,2026-06-09 17:00:00,best cooler for my mom,5,ai_semantic,8,170.8,0.5414000153541565
SU00648_8_SESS_U00648_8_0_0,U00648,SESS_U00648_8_0,2026-06-09 09:21:00,gift steel coffee maker,4,legacy,8,78.2,0.5625
SU00653_8_SESS_U00653_8_0_0,U00653,SESS_U00653_8_0,2026-06-09 21:27:00,tent under 50 dollars,4,ai_semantic,8,193.9,0.6215999722480774
SU00655_8_SESS_U00655_8_0_0,U00655,SESS_U00655_8_0,2026-06-09 22:19:00,best jacket for rain,4,ai_semantic,8,140.2,0.6736000180244446
SU00665_8_SESS_U00665_8_0_0,U00665,SESS_U00665_8_0,2026-06-09 07:18:00,personalized candle for gym,4,ai_semantic,8,171.4,0.7351999878883362
SU00665_8_SESS_U00665_8_0_1,U00665,SESS_U00665_8_0,2026-06-09 22:36:00,cheap gift box set,4,ai_semantic,8,161.0,0.7789000272750854
SU00665_8_SESS_U00665_8_0_2,U00665,SESS_U00665_8_0,2026-06-09 15:33:00,best cleats for winter,4,ai_semantic,8,215.1,0.6373000144958496
SU00669_8_SESS_U00669_8_0_0,U00669,SESS_U00669_8_0,2026-06-09 17:35:00,best tent for a gift,5,ai_semantic,8,192.3,0.728600025177002
SU00669_8_SESS_U00669_8_0_1,U00669,SESS_U00669_8_0,2026-06-09 17:27:00,best smartwatch for winter,4,ai_semantic,8,177.9,0.5827999711036682
SU00670_8_SESS_U00670_8_0_0,U00670,SESS_U00670_8_0,2026-06-09 21:01:00,knife set under 50 dollars,5,ai_semantic,8,188.8,0.5576000213623047
SU00671_8_SESS_U00671_8_0_0,U00671,SESS_U00671_8_0,2026-06-09 08:22:00,somthing for wintre,3,ai_semantic,8,179.9,0.16359999775886536
SU00671_8_SESS_U00671_8_0_1,U00671,SESS_U00671_8_0,2026-06-09 14:08:00,gift cleats,2,ai_semantic,8,178.0,0.6107000112533569
SU00671_8_SESS_U00671_8_0_2,U00671,SESS_U00671_8_0,2026-06-09 09:51:00,best sweater for winter,4,ai_semantic,8,177.5,0.7148000001907349
SU00671_8_SESS_U00671_8_1_0,U00671,SESS_U00671_8_1,2026-06-09 08:40:00,mixing bowl,2,ai_semantic,8,203.1,0.7674999833106995
SU00672_8_SESS_U00672_8_0_0,U00672,SESS_U00672_8_0,2026-06-09 07:00:00,sanadls under 50 dollars,4,legacy,0,59.3,
SU00676_8_SESS_U00676_8_0_0,U00676,SESS_U00676_8_0,2026-06-09 17:45:00,photo frame hadnmade,3,ai_semantic,8,185.5,0.6723999977111816
SU00676_8_SESS_U00676_8_0_1,U00676,SESS_U00676_8_0,2026-06-09 18:43:00,sleeping bag potrable,3,ai_semantic,8,166.3,0.632099986076355
SU00682_8_SESS_U00682_8_0_0,U00682,SESS_U00682_8_0,2026-06-09 12:25:00,gift tent,2,legacy,8,80.2,0.5972
SU00688_8_SESS_U00688_8_0_0,U00688,SESS_U00688_8_0,2026-06-09 08:34:00,stainless steel blender for hiking,5,legacy,8,95.6,0.5419
SU00688_8_SESS_U00688_8_0_1,U00688,SESS_U00688_8_0,2026-06-09 18:06:00,portable earbuds,2,legacy,8,56.2,0.5833
SU00693_8_SESS_U00693_8_0_0,U00693,SESS_U00693_8_0,2026-06-09 14:59:00,stainless steel mixing bowl for travel,6,ai_semantic,8,140.5,0.7480999827384949
SU00693_8_SESS_U00693_8_0_1,U00693,SESS_U00693_8_0,2026-06-09 12:04:00,cheap cookware set,3,ai_semantic,8,178.4,0.7125999927520752
SU00697_8_SESS_U00697_8_0_0,U00697,SESS_U00697_8_0,2026-06-09 12:40:00,slip-on sneakers for travel,4,ai_semantic,8,177.5,0.8640999794006348
SU00697_8_SESS_U00697_8_0_1,U00697,SESS_U00697_8_0,2026-06-09 08:06:00,best journal for rain,4,ai_semantic,8,165.9,0.5098999738693237
SU00699_8_SESS_U00699_8_0_0,U00699,SESS_U00699_8_0,2026-06-09 07:20:00,foldable hammock,2,ai_semantic,8,152.8,0.8697999715805054
SU00699_8_SESS_U00699_8_0_1,U00699,SESS_U00699_8_0,2026-06-09 13:21:00,cehap mug,2,ai_semantic,8,161.5,0.4902999997138977
SU00699_8_SESS_U00699_8_0_2,U00699,SESS_U00699_8_0,2026-06-09 13:23:00,camp stove under 50 dollars,5,ai_semantic,8,216.0,0.6337000131607056
SU00704_8_SESS_U00704_8_0_0,U00704,SESS_U00704_8_0,2026-06-09 14:34:00,somthing for travel,3,ai_semantic,8,212.3,0.3716999888420105
SU00704_8_SESS_U00704_8_0_1,U00704,SESS_U00704_8_0,2026-06-09 13:03:00,earbuds compcat,2,ai_semantic,8,192.6,0.6259999871253967
SU00706_8_SESS_U00706_8_0_0,U00706,SESS_U00706_8_0,2026-06-09 18:40:00,compact blender for rain,4,ai_semantic,8,170.5,0.567300021648407
SU00708_8_SESS_U00708_8_0_0,U00708,SESS_U00708_8_0,2026-06-09 21:27:00,bluetooth power bank for a gift,6,legacy,8,81.5,0.4973
SU00711_8_SESS_U00711_8_0_0,U00711,SESS_U00711_8_0,2026-06-09 19:06:00,protable speaker,2,legacy,5,81.7,0.5657
SU00720_8_SESS_U00720_8_0_0,U00720,SESS_U00720_8_0,2026-06-09 07:48:00,handmade desk ornament for rain,5,legacy,8,107.8,0.5579
SU00721_8_SESS_U00721_8_0_0,U00721,SESS_U00721_8_0,2026-06-09 12:02:00,portable charging cable,3,ai_semantic,8,166.5,0.8126000165939331
SU00726_8_SESS_U00726_8_0_0,U00726,SESS_U00726_8_0,2026-06-09 13:06:00,gift journal,2,ai_semantic,8,222.8,0.5812000036239624
SU00727_8_SESS_U00727_8_0_0,U00727,SESS_U00727_8_0,2026-06-09 17:14:00,gift smartwatch,2,legacy,8,102.1,0.5332
SU00729_8_SESS_U00729_8_0_0,U00729,SESS_U00729_8_0,2026-06-09 20:12:00,smothing for hiking,3,ai_semantic,8,145.7,0.4194999933242798
SU00729_8_SESS_U00729_8_0_1,U00729,SESS_U00729_8_0,2026-06-09 13:41:00,somthing for camping,3,ai_semantic,8,138.4,0.4957999885082245
SU00730_8_SESS_U00730_8_0_0,U00730,SESS_U00730_8_0,2026-06-09 09:35:00,gift photo frame,3,ai_semantic,8,182.0,0.6269000172615051
SU00730_8_SESS_U00730_8_0_1,U00730,SESS_U00730_8_0,2026-06-09 15:54:00,somthing for hiking,3,ai_semantic,8,177.4,0.5105999708175659
SU00732_8_SESS_U00732_8_0_0,U00732,SESS_U00732_8_0,2026-06-09 22:15:00,gift hammock,2,legacy,8,87.0,0.5284
SU00734_8_SESS_U00734_8_0_0,U00734,SESS_U00734_8_0,2026-06-09 13:13:00,journal,1,ai_semantic,8,214.9,0.6930000185966492
SU00736_8_SESS_U00736_8_0_0,U00736,SESS_U00736_8_0,2026-06-09 07:16:00,mug mniimalist,2,legacy,6,113.8,0.5402
SU00739_8_SESS_U00739_8_0_0,U00739,SESS_U00739_8_0,2026-06-09 21:55:00,gift box set under 50 dollars,6,ai_semantic,8,171.9,0.6812999844551086
SU00740_8_SESS_U00740_8_0_0,U00740,SESS_U00740_8_0,2026-06-09 21:54:00,best cleats for gym,4,legacy,8,116.9,0.5672
SU00740_8_SESS_U00740_8_0_1,U00740,SESS_U00740_8_0,2026-06-09 12:38:00,hoodie under 50 dollars,4,legacy,7,41.1,0.4783
SU00743_8_SESS_U00743_8_0_0,U00743,SESS_U00743_8_0,2026-06-09 12:54:00,sleeping bag fodlable,3,legacy,7,77.2,0.5577
SU00745_8_SESS_U00745_8_0_0,U00745,SESS_U00745_8_0,2026-06-09 11:45:00,moisture-wicking hoodie for winter,4,ai_semantic,8,143.6,0.8176000118255615
SU00747_8_SESS_U00747_8_0_0,U00747,SESS_U00747_8_0,2026-06-09 21:58:00,sleeping bag,2,ai_semantic,8,190.5,0.7472000122070312
SU00751_8_SESS_U00751_8_0_0,U00751,SESS_U00751_8_0,2026-06-09 19:40:00,hammock under 50 dollars,4,ai_semantic,8,204.4,0.7077000141143799
SU00751_8_SESS_U00751_8_0_1,U00751,SESS_U00751_8_0,2026-06-09 17:01:00,journal,1,ai_semantic,8,180.5,0.6930000185966492
SU00751_8_SESS_U00751_8_0_2,U00751,SESS_U00751_8_0,2026-06-09 19:13:00,cheap photo frame,3,ai_semantic,8,160.2,0.6934999823570251
SU00753_8_SESS_U00753_8_0_0,U00753,SESS_U00753_8_0,2026-06-09 09:01:00,ultralight camp stove,3,legacy,8,91.1,0.5999
SU00753_8_SESS_U00753_8_0_1,U00753,SESS_U00753_8_0,2026-06-09 18:32:00,fleece-lined beanie for a gift,5,legacy,8,63.9,0.5954
SU00756_8_SESS_U00756_8_0_0,U00756,SESS_U00756_8_0,2026-06-09 09:20:00,best cookware set for a gfit,6,legacy,8,139.4,0.5379
SU00759_8_SESS_U00759_8_0_0,U00759,SESS_U00759_8_0,2026-06-09 14:04:00,somthing for the office,4,ai_semantic,8,204.7,0.2831999957561493
SU00768_8_SESS_U00768_8_0_0,U00768,SESS_U00768_8_0,2026-06-09 18:10:00,best keychain for camping,4,legacy,8,85.5,0.5246
SU00770_8_SESS_U00770_8_0_0,U00770,SESS_U00770_8_0,2026-06-09 17:00:00,stainless steel air fryer for rain,6,legacy,8,103.6,0.5917
SU00770_8_SESS_U00770_8_0_1,U00770,SESS_U00770_8_0,2026-06-09 16:20:00,elegant candle for winter,4,legacy,8,76.0,0.5735
SU00770_8_SESS_U00770_8_0_2,U00770,SESS_U00770_8_0,2026-06-09 15:34:00,earbuds bluetooth,2,legacy,8,49.9,0.5453
SU00773_8_SESS_U00773_8_0_0,U00773,SESS_U00773_8_0,2026-06-09 15:22:00,thremal leggings coyz,3,legacy,7,75.2,0.5987
SU00781_8_SESS_U00781_8_0_0,U00781,SESS_U00781_8_0,2026-06-09 19:04:00,thermal leggings coyz,3,legacy,7,110.5,0.5925
SU00781_8_SESS_U00781_8_0_1,U00781,SESS_U00781_8_0,2026-06-09 16:45:00,cheap air fryer,3,legacy,6,70.7,0.5853
SU00783_8_SESS_U00783_8_0_0,U00783,SESS_U00783_8_0,2026-06-09 17:40:00,best journal for hiking,4,ai_semantic,8,155.2,0.516700029373169
SU00790_8_SESS_U00790_8_0_0,U00790,SESS_U00790_8_0,2026-06-09 21:50:00,somthing for rain,3,ai_semantic,8,175.4,0.5149999856948853
SU00790_8_SESS_U00790_8_0_1,U00790,SESS_U00790_8_0,2026-06-09 10:28:00,electric mixing bowl for rain,5,ai_semantic,8,156.8,0.6413000226020813
SU00791_8_SESS_U00791_8_0_0,U00791,SESS_U00791_8_0,2026-06-09 20:54:00,gift candle,2,ai_semantic,8,149.0,0.6509000062942505
SU00792_8_SESS_U00792_8_0_0,U00792,SESS_U00792_8_0,2026-06-09 10:20:00,sotmhing for hiking,3,ai_semantic,8,228.8,0.49470001459121704
SU00794_8_SESS_U00794_8_0_0,U00794,SESS_U00794_8_0,2026-06-09 07:36:00,winter boots wateprroof,3,legacy,8,77.3,0.532
SU00797_8_SESS_U00797_8_0_0,U00797,SESS_U00797_8_0,2026-06-09 11:28:00,photo frame elegnat,3,ai_semantic,8,143.5,0.7002000212669373
SU00797_8_SESS_U00797_8_0_1,U00797,SESS_U00797_8_0,2026-06-09 19:23:00,winter boost under 50 dollars,5,ai_semantic,8,193.0,0.3230000138282776
SU00798_8_SESS_U00798_8_0_0,U00798,SESS_U00798_8_0,2026-06-09 09:20:00,cushioned sneakers for winter,4,ai_semantic,8,212.3,0.8698999881744385
SU00799_8_SESS_U00799_8_0_0,U00799,SESS_U00799_8_0,2026-06-09 10:01:00,cheap winter boots,3,legacy,8,83.7,0.5544
SU00002_9_SESS_U00002_9_0_0,U00002,SESS_U00002_9_0,2026-06-10 22:25:00,desk ornament engravde,3,legacy,5,82.4,0.5912
SU00003_9_SESS_U00003_9_0_0,U00003,SESS_U00003_9_0,2026-06-10 08:34:00,best sweater for the office,5,ai_semantic,8,216.1,0.6798999905586243
SU00003_9_SESS_U00003_9_0_1,U00003,SESS_U00003_9_0,2026-06-10 14:29:00,cheap sweater,2,ai_semantic,8,227.2,0.7432000041007996
SU00011_9_SESS_U00011_9_0_0,U00011,SESS_U00011_9_0,2026-06-10 13:04:00,minimalist gift box set,4,legacy,8,101.7,0.5266
SU00011_9_SESS_U00011_9_0_1,U00011,SESS_U00011_9_0,2026-06-10 19:04:00,somthing for the office,4,legacy,8,97.9,0.5906
SU00011_9_SESS_U00011_9_0_2,U00011,SESS_U00011_9_0,2026-06-10 11:55:00,best speaker for my mom,5,legacy,8,74.4,0.5758
SU00012_9_SESS_U00012_9_0_0,U00012,SESS_U00012_9_0,2026-06-10 14:17:00,somthing for hiking,3,ai_semantic,8,192.6,0.5105999708175659
SU00018_9_SESS_U00018_9_0_0,U00018,SESS_U00018_9_0,2026-06-10 12:48:00,sweater,1,legacy,7,124.9,0.5696
SU00027_9_SESS_U00027_9_0_0,U00027,SESS_U00027_9_0,2026-06-10 21:13:00,compact charging cable for travel,5,ai_semantic,8,182.4,0.7336000204086304
SU00027_9_SESS_U00027_9_0_1,U00027,SESS_U00027_9_0,2026-06-10 16:26:00,rustic candle for my mom,5,ai_semantic,8,159.8,0.7752000093460083
SU00027_9_SESS_U00027_9_0_2,U00027,SESS_U00027_9_0,2026-06-10 14:56:00,cheap power bank,3,ai_semantic,8,166.4,0.7488999962806702
SU00028_9_SESS_U00028_9_0_0,U00028,SESS_U00028_9_0,2026-06-10 10:04:00,gift hammock,2,ai_semantic,8,170.2,0.7508000135421753
SU00028_9_SESS_U00028_9_0_1,U00028,SESS_U00028_9_0,2026-06-10 09:35:00,somthing for travel,3,ai_semantic,8,197.2,0.3716999888420105
SU00031_9_SESS_U00031_9_0_0,U00031,SESS_U00031_9_0,2026-06-10 16:01:00,knife set eelcrtic,3,ai_semantic,8,185.0,0.6111000180244446
SU00032_9_SESS_U00032_9_0_0,U00032,SESS_U00032_9_0,2026-06-10 12:32:00,air fryer,2,legacy,6,80.4,0.5838
SU00032_9_SESS_U00032_9_0_1,U00032,SESS_U00032_9_0,2026-06-10 11:43:00,webcam noise-cancelling,2,legacy,8,87.3,0.592
SU00033_9_SESS_U00033_9_0_0,U00033,SESS_U00033_9_0,2026-06-10 09:02:00,cushioned sneakers for rain,4,legacy,8,86.1,0.5991
SU00035_9_SESS_U00035_9_0_0,U00035,SESS_U00035_9_0,2026-06-10 18:57:00,gift running shoes,3,ai_semantic,8,161.1,0.6808000206947327
SU00035_9_SESS_U00035_9_0_1,U00035,SESS_U00035_9_0,2026-06-10 10:54:00,slip-on sneakers,2,ai_semantic,8,205.3,0.9063000082969666
SU00035_9_SESS_U00035_9_0_2,U00035,SESS_U00035_9_0,2026-06-10 11:26:00,minimalist mug for campign,4,ai_semantic,8,207.5,0.7045000195503235
SU00036_9_SESS_U00036_9_0_0,U00036,SESS_U00036_9_0,2026-06-10 08:51:00,minimalist photo frame for camping,5,legacy,8,85.8,0.5803
SU00036_9_SESS_U00036_9_0_1,U00036,SESS_U00036_9_0,2026-06-10 21:34:00,best fleece pullover for hiking,5,legacy,8,61.2,0.5803
SU00037_9_SESS_U00037_9_0_0,U00037,SESS_U00037_9_0,2026-06-10 17:00:00,webacm wireelss,2,legacy,0,103.9,
SU00038_9_SESS_U00038_9_0_0,U00038,SESS_U00038_9_0,2026-06-10 19:30:00,electric air fryer for my mom,6,legacy,8,138.5,0.5904
SU00048_9_SESS_U00048_9_0_0,U00048,SESS_U00048_9_0,2026-06-10 18:34:00,lightweight cleats for gym,4,legacy,8,43.2,0.5735
SU00048_9_SESS_U00048_9_0_1,U00048,SESS_U00048_9_0,2026-06-10 21:48:00,gift cooler,2,legacy,8,81.8,0.5901
SU00048_9_SESS_U00048_9_0_2,U00048,SESS_U00048_9_0,2026-06-10 14:40:00,gift box set engrvaed,4,legacy,8,124.5,0.5956
SU00049_9_SESS_U00049_9_0_0,U00049,SESS_U00049_9_0,2026-06-10 09:10:00,trail sneakers for camping,4,legacy,8,86.3,0.5986
SU00049_9_SESS_U00049_9_0_1,U00049,SESS_U00049_9_0,2026-06-10 11:02:00,somthnig for rain,3,legacy,8,102.9,0.572
SU00050_9_SESS_U00050_9_0_0,U00050,SESS_U00050_9_0,2026-06-10 21:46:00,engraved mug for rain,4,legacy,8,116.6,0.535
SU00050_9_SESS_U00050_9_1_0,U00050,SESS_U00050_9_1,2026-06-10 22:17:00,best photo frame for hiking,5,legacy,8,135.2,0.5355
SU00052_9_SESS_U00052_9_0_0,U00052,SESS_U00052_9_0,2026-06-10 22:22:00,best jacket for a gift,5,ai_semantic,8,173.3,0.5669000148773193
SU00053_9_SESS_U00053_9_0_0,U00053,SESS_U00053_9_0,2026-06-10 22:38:00,blender,1,ai_semantic,8,177.7,0.5227000117301941
SU00055_9_SESS_U00055_9_0_0,U00055,SESS_U00055_9_0,2026-06-10 14:56:00,electric cookware set for camping,5,ai_semantic,8,139.5,0.7576000094413757
SU00055_9_SESS_U00055_9_0_1,U00055,SESS_U00055_9_0,2026-06-10 07:42:00,webcam cmopact,2,ai_semantic,8,161.7,0.5892000198364258
SU00056_9_SESS_U00056_9_0_0,U00056,SESS_U00056_9_0,2026-06-10 07:18:00,heavy-duty sleeping bag for travel,5,legacy,8,73.2,0.5888
SU00056_9_SESS_U00056_9_1_0,U00056,SESS_U00056_9_1,2026-06-10 10:59:00,cooler weatheprroof,2,legacy,6,109.1,0.5727
SU00060_9_SESS_U00060_9_0_0,U00060,SESS_U00060_9_0,2026-06-10 07:31:00,best sneakers for a gift,5,ai_semantic,8,213.1,0.6844000220298767
SU00060_9_SESS_U00060_9_0_1,U00060,SESS_U00060_9_0,2026-06-10 07:41:00,jacket,1,ai_semantic,8,192.9,0.6549000144004822
SU00060_9_SESS_U00060_9_0_2,U00060,SESS_U00060_9_0,2026-06-10 10:55:00,gitf photo frame,3,ai_semantic,8,207.3,0.5774999856948853
SU00060_9_SESS_U00060_9_1_0,U00060,SESS_U00060_9_1,2026-06-10 20:36:00,cheap desk ornament,3,ai_semantic,8,196.5,0.7311999797821045
SU00063_9_SESS_U00063_9_0_0,U00063,SESS_U00063_9_0,2026-06-10 11:49:00,cheap winter boots,3,ai_semantic,8,192.1,0.6984999775886536
SU00065_9_SESS_U00065_9_0_0,U00065,SESS_U00065_9_0,2026-06-10 13:39:00,electric knife set for hiking,5,legacy,8,118.7,0.5787
SU00065_9_SESS_U00065_9_0_1,U00065,SESS_U00065_9_0,2026-06-10 12:12:00,cheap running shoes,3,legacy,8,101.1,0.5486
SU00068_9_SESS_U00068_9_0_0,U00068,SESS_U00068_9_0,2026-06-10 07:32:00,hoodie under 50 dollars,4,ai_semantic,8,136.4,0.5626000165939331
SU00085_9_SESS_U00085_9_0_0,U00085,SESS_U00085_9_0,2026-06-10 09:33:00,cheap sneakers,2,legacy,7,108.2,0.539
SU00085_9_SESS_U00085_9_0_1,U00085,SESS_U00085_9_0,2026-06-10 07:19:00,foldalbe camp stove,3,legacy,6,61.2,0.5371
SU00088_9_SESS_U00088_9_0_0,U00088,SESS_U00088_9_0,2026-06-10 21:07:00,somthing for rain,3,legacy,8,73.1,0.5941
SU00088_9_SESS_U00088_9_0_1,U00088,SESS_U00088_9_0,2026-06-10 20:48:00,cheap camp stove,3,legacy,6,77.2,0.5731
SU00088_9_SESS_U00088_9_1_0,U00088,SESS_U00088_9_1,2026-06-10 07:08:00,gift power bank,3,legacy,8,97.7,0.5958
SU00089_9_SESS_U00089_9_0_0,U00089,SESS_U00089_9_0,2026-06-10 14:55:00,gift hammock,2,legacy,8,122.5,0.5986
SU00089_9_SESS_U00089_9_0_1,U00089,SESS_U00089_9_0,2026-06-10 11:35:00,cheap sweater,2,legacy,7,71.0,0.5923
SU00095_9_SESS_U00095_9_0_0,U00095,SESS_U00095_9_0,2026-06-10 13:13:00,portable power bank,3,ai_semantic,8,167.3,0.9035000205039978
SU00095_9_SESS_U00095_9_0_1,U00095,SESS_U00095_9_0,2026-06-10 17:34:00,cheap sweater,2,ai_semantic,8,206.2,0.7432000041007996
SU00095_9_SESS_U00095_9_0_2,U00095,SESS_U00095_9_0,2026-06-10 22:22:00,somthing for a gift,4,ai_semantic,8,200.2,0.38440001010894775
SU00100_9_SESS_U00100_9_0_0,U00100,SESS_U00100_9_0,2026-06-10 07:34:00,best headlamp for travel,4,ai_semantic,8,155.5,0.6934000253677368
SU00105_9_SESS_U00105_9_0_0,U00105,SESS_U00105_9_0,2026-06-10 11:33:00,mug under 50 dollars,4,ai_semantic,8,202.9,0.4936999976634979
SU00105_9_SESS_U00105_9_0_1,U00105,SESS_U00105_9_0,2026-06-10 15:23:00,heavy-duty hammock,2,ai_semantic,8,157.8,0.9067999720573425
SU00107_9_SESS_U00107_9_0_0,U00107,SESS_U00107_9_0,2026-06-10 13:37:00,somthing for a gift,4,legacy,8,101.9,0.5963
SU00109_9_SESS_U00109_9_0_0,U00109,SESS_U00109_9_0,2026-06-10 21:01:00,somthing for the office,4,legacy,8,104.2,0.5314
SU00110_9_SESS_U00110_9_0_0,U00110,SESS_U00110_9_0,2026-06-10 09:36:00,best hiking boots for travel,5,legacy,8,97.2,0.5832
SU00110_9_SESS_U00110_9_0_1,U00110,SESS_U00110_9_0,2026-06-10 16:35:00,hammock insulaetd,2,legacy,7,105.8,0.581
SU00110_9_SESS_U00110_9_1_0,U00110,SESS_U00110_9_1,2026-06-10 14:06:00,somthing for gym,3,legacy,8,111.2,0.5952
SU00110_9_SESS_U00110_9_1_1,U00110,SESS_U00110_9_1,2026-06-10 20:00:00,winter boots under 50 dollars,5,legacy,8,77.3,0.5538
SU00115_9_SESS_U00115_9_0_0,U00115,SESS_U00115_9_0,2026-06-10 12:22:00,somthing for a gift,4,ai_semantic,8,202.2,0.38440001010894775
SU00115_9_SESS_U00115_9_0_1,U00115,SESS_U00115_9_0,2026-06-10 10:06:00,mug rustci,2,ai_semantic,8,145.5,0.5188999772071838
SU00121_9_SESS_U00121_9_0_0,U00121,SESS_U00121_9_0,2026-06-10 11:22:00,somthing for hiking,3,ai_semantic,8,188.1,0.5105999708175659
SU00127_9_SESS_U00127_9_0_0,U00127,SESS_U00127_9_0,2026-06-10 18:54:00,headlamp compcat,2,ai_semantic,8,159.5,0.6243000030517578
SU00127_9_SESS_U00127_9_1_0,U00127,SESS_U00127_9_1,2026-06-10 14:10:00,headphones under 50 dollars,4,ai_semantic,8,118.6,0.580299973487854
SU00133_9_SESS_U00133_9_0_0,U00133,SESS_U00133_9_0,2026-06-10 19:29:00,sleeping bag under 50 dollars,5,ai_semantic,8,180.8,0.6424999833106995
SU00134_9_SESS_U00134_9_0_0,U00134,SESS_U00134_9_0,2026-06-10 09:15:00,candle elgeant,2,legacy,6,83.7,0.4787
SU00135_9_SESS_U00135_9_0_0,U00135,SESS_U00135_9_0,2026-06-10 10:53:00,somthing for travel,3,legacy,8,72.3,0.4819
SU00135_9_SESS_U00135_9_0_1,U00135,SESS_U00135_9_0,2026-06-10 19:25:00,somthing for a gift,4,legacy,8,63.4,0.5775
SU00140_9_SESS_U00140_9_0_0,U00140,SESS_U00140_9_0,2026-06-10 15:58:00,mixing bowl elecrtic,3,legacy,5,95.6,0.535
SU00142_9_SESS_U00142_9_0_0,U00142,SESS_U00142_9_0,2026-06-10 19:15:00,headlamp cmopact,2,legacy,6,81.8,0.5642
SU00143_9_SESS_U00143_9_0_0,U00143,SESS_U00143_9_0,2026-06-10 11:58:00,weatherproof hammock,2,legacy,8,63.4,0.5843
SU00156_9_SESS_U00156_9_0_0,U00156,SESS_U00156_9_0,2026-06-10 22:05:00,webcam under 50 dollars,4,ai_semantic,8,196.4,0.6146000027656555
SU00156_9_SESS_U00156_9_0_1,U00156,SESS_U00156_9_0,2026-06-10 07:12:00,best winter boots for gym,5,ai_semantic,8,156.7,0.6309000253677368
SU00165_9_SESS_U00165_9_0_0,U00165,SESS_U00165_9_0,2026-06-10 16:45:00,cheap headphones,2,legacy,6,64.4,0.5339
SU00165_9_SESS_U00165_9_0_1,U00165,SESS_U00165_9_0,2026-06-10 08:05:00,noise-cancelling headphones for gym,4,legacy,8,77.8,0.5504
SU00167_9_SESS_U00167_9_0_0,U00167,SESS_U00167_9_0,2026-06-10 07:25:00,somthing for travel,3,ai_semantic,8,192.2,0.3716999888420105
SU00167_9_SESS_U00167_9_0_1,U00167,SESS_U00167_9_0,2026-06-10 19:36:00,hiking boots,2,ai_semantic,8,145.0,0.7730000019073486
SU00169_9_SESS_U00169_9_0_0,U00169,SESS_U00169_9_0,2026-06-10 07:38:00,hoodie,1,ai_semantic,8,175.6,0.6793000102043152
SU00169_9_SESS_U00169_9_0_1,U00169,SESS_U00169_9_0,2026-06-10 09:09:00,somthing for the office,4,ai_semantic,8,213.4,0.2831999957561493
SU00170_9_SESS_U00170_9_0_0,U00170,SESS_U00170_9_0,2026-06-10 15:17:00,smartwatch under 50 dollars,4,legacy,5,91.8,0.4678
SU00182_9_SESS_U00182_9_0_0,U00182,SESS_U00182_9_0,2026-06-10 15:05:00,moisture-wicking sweater,2,legacy,8,89.9,0.5983
SU00182_9_SESS_U00182_9_0_1,U00182,SESS_U00182_9_0,2026-06-10 09:02:00,gift thermal leggings,3,legacy,8,70.4,0.5849
SU00187_9_SESS_U00187_9_0_0,U00187,SESS_U00187_9_0,2026-06-10 11:11:00,heavy-duty hammokc for the office,5,ai_semantic,8,184.4,0.7789000272750854
SU00187_9_SESS_U00187_9_0_1,U00187,SESS_U00187_9_0,2026-06-10 22:18:00,cheap desk ornament,3,ai_semantic,8,191.6,0.7311999797821045
SU00190_9_SESS_U00190_9_0_0,U00190,SESS_U00190_9_0,2026-06-10 14:08:00,speaker wirleess,2,ai_semantic,8,185.6,0.7340999841690063
SU00190_9_SESS_U00190_9_0_1,U00190,SESS_U00190_9_0,2026-06-10 12:48:00,cheap headphones,2,ai_semantic,8,198.5,0.6647999882698059
SU00197_9_SESS_U00197_9_0_0,U00197,SESS_U00197_9_0,2026-06-10 11:28:00,rian coat,2,legacy,6,72.6,0.5391
SU00197_9_SESS_U00197_9_1_0,U00197,SESS_U00197_9_1,2026-06-10 12:02:00,gift knife set,3,legacy,8,95.1,0.5072
SU00200_9_SESS_U00200_9_0_0,U00200,SESS_U00200_9_0,2026-06-10 13:10:00,speaker,1,ai_semantic,8,170.4,0.6450999975204468
SU00200_9_SESS_U00200_9_0_1,U00200,SESS_U00200_9_0,2026-06-10 19:28:00,somthing for my mom,4,ai_semantic,8,166.9,0.14970000088214874
SU00205_9_SESS_U00205_9_0_0,U00205,SESS_U00205_9_0,2026-06-10 19:50:00,cheap headphones,2,legacy,6,85.9,0.5622
SU00216_9_SESS_U00216_9_0_0,U00216,SESS_U00216_9_0,2026-06-10 17:34:00,cheap heapdhones,2,ai_semantic,8,170.4,0.27810001373291016
SU00217_9_SESS_U00217_9_0_0,U00217,SESS_U00217_9_0,2026-06-10 20:48:00,lightweight running shoes for gym,5,legacy,8,68.2,0.5797
SU00221_9_SESS_U00221_9_0_0,U00221,SESS_U00221_9_0,2026-06-10 10:15:00,thermal leggings sotf,3,ai_semantic,8,187.0,0.8190000057220459
SU00222_9_SESS_U00222_9_0_0,U00222,SESS_U00222_9_0,2026-06-10 07:39:00,cheap hiking boots,3,legacy,8,73.7,0.5818
SU00226_9_SESS_U00226_9_0_0,U00226,SESS_U00226_9_0,2026-06-10 17:42:00,gift gift box set,4,legacy,8,87.4,0.5589
SU00233_9_SESS_U00233_9_0_0,U00233,SESS_U00233_9_0,2026-06-10 19:39:00,insulated sneakers,2,legacy,8,89.4,0.5949
SU00233_9_SESS_U00233_9_0_1,U00233,SESS_U00233_9_0,2026-06-10 09:15:00,gift steel knife set,4,legacy,8,122.2,0.579
SU00234_9_SESS_U00234_9_0_0,U00234,SESS_U00234_9_0,2026-06-10 11:41:00,somthing for a gift,4,ai_semantic,8,194.9,0.38440001010894775
SU00240_9_SESS_U00240_9_0_0,U00240,SESS_U00240_9_0,2026-06-10 21:16:00,backpack ultraligth,2,legacy,6,99.2,0.516
SU00240_9_SESS_U00240_9_0_1,U00240,SESS_U00240_9_0,2026-06-10 08:57:00,cheap blender,2,legacy,6,77.9,0.5423
SU00244_9_SESS_U00244_9_0_0,U00244,SESS_U00244_9_0,2026-06-10 17:03:00,cozy jacket for the office,5,legacy,8,106.9,0.5963
SU00244_9_SESS_U00244_9_0_1,U00244,SESS_U00244_9_0,2026-06-10 12:30:00,warm jacket for rain,4,legacy,8,85.6,0.5858
SU00244_9_SESS_U00244_9_0_2,U00244,SESS_U00244_9_0,2026-06-10 12:04:00,somthing for my mom,4,legacy,8,83.4,0.5467
SU00244_9_SESS_U00244_9_1_0,U00244,SESS_U00244_9_1,2026-06-10 17:36:00,ultralight backpack for travel,4,legacy,8,104.9,0.5887
SU00246_9_SESS_U00246_9_0_0,U00246,SESS_U00246_9_0,2026-06-10 20:19:00,insulated backpack for gym,4,ai_semantic,8,169.1,0.7264999747276306
SU00246_9_SESS_U00246_9_1_0,U00246,SESS_U00246_9_1,2026-06-10 12:23:00,hooide fleeec-lined,2,ai_semantic,8,143.3,0.5863999724388123
SU00248_9_SESS_U00248_9_0_0,U00248,SESS_U00248_9_0,2026-06-10 13:37:00,gift cooler,2,ai_semantic,8,240.2,0.6295999884605408
SU00248_9_SESS_U00248_9_0_1,U00248,SESS_U00248_9_0,2026-06-10 21:43:00,compact tent,2,ai_semantic,8,174.5,0.8187999725341797
SU00251_9_SESS_U00251_9_0_0,U00251,SESS_U00251_9_0,2026-06-10 19:31:00,somthing for gym,3,ai_semantic,8,132.8,0.29350000619888306
SU00253_9_SESS_U00253_9_0_0,U00253,SESS_U00253_9_0,2026-06-10 21:00:00,best mug for travel,4,legacy,8,87.5,0.5906
SU00254_9_SESS_U00254_9_0_0,U00254,SESS_U00254_9_0,2026-06-10 11:16:00,running shoes under 50 dollars,5,legacy,8,86.9,0.5823
SU00256_9_SESS_U00256_9_0_0,U00256,SESS_U00256_9_0,2026-06-10 10:53:00,somthing for rain,3,ai_semantic,8,160.4,0.5149999856948853
SU00256_9_SESS_U00256_9_0_1,U00256,SESS_U00256_9_0,2026-06-10 09:53:00,cheap hiking boots,3,ai_semantic,8,230.5,0.7289999723434448
SU00268_9_SESS_U00268_9_0_0,U00268,SESS_U00268_9_0,2026-06-10 10:44:00,insulated winter boots,3,legacy,8,99.3,0.5772
SU00276_9_SESS_U00276_9_0_0,U00276,SESS_U00276_9_0,2026-06-10 20:40:00,coffee maker,2,ai_semantic,8,183.0,0.6291000247001648
SU00276_9_SESS_U00276_9_1_0,U00276,SESS_U00276_9_1,2026-06-10 22:05:00,desk ornament under 50 dollars,5,ai_semantic,8,158.6,0.6687999963760376
SU00277_9_SESS_U00277_9_0_0,U00277,SESS_U00277_9_0,2026-06-10 09:09:00,best thremal leggings for gym,5,legacy,8,68.3,0.5524
SU00280_9_SESS_U00280_9_0_0,U00280,SESS_U00280_9_0,2026-06-10 12:53:00,cheap taoster,2,legacy,0,109.7,
SU00282_9_SESS_U00282_9_0_0,U00282,SESS_U00282_9_0,2026-06-10 14:39:00,engraved desk ornament for travel,5,ai_semantic,8,214.6,0.8309999704360962
SU00286_9_SESS_U00286_9_0_0,U00286,SESS_U00286_9_0,2026-06-10 20:24:00,stainless steel knife set for hiking,6,ai_semantic,8,208.6,0.6538000106811523
SU00287_9_SESS_U00287_9_0_0,U00287,SESS_U00287_9_0,2026-06-10 14:12:00,speaker under 50 dollars,4,ai_semantic,8,126.8,0.5645999908447266
SU00290_9_SESS_U00290_9_0_0,U00290,SESS_U00290_9_0,2026-06-10 11:23:00,cheap sleeping bag,3,legacy,7,112.7,0.5991
SU00291_9_SESS_U00291_9_0_0,U00291,SESS_U00291_9_0,2026-06-10 22:49:00,rustic desk ornament for winetr,5,ai_semantic,8,161.4,0.7990000247955322
SU00295_9_SESS_U00295_9_0_0,U00295,SESS_U00295_9_0,2026-06-10 11:14:00,gift gift box set,4,ai_semantic,8,244.3,0.8169999718666077
SU00296_9_SESS_U00296_9_0_0,U00296,SESS_U00296_9_0,2026-06-10 16:05:00,best tent for gym,4,ai_semantic,8,210.2,0.5741000175476074
SU00297_9_SESS_U00297_9_0_0,U00297,SESS_U00297_9_0,2026-06-10 16:11:00,speaker under 50 dollars,4,ai_semantic,8,202.3,0.5645999908447266
SU00299_9_SESS_U00299_9_0_0,U00299,SESS_U00299_9_0,2026-06-10 16:55:00,gift jacket,2,legacy,8,86.0,0.5798
SU00299_9_SESS_U00299_9_0_1,U00299,SESS_U00299_9_0,2026-06-10 22:16:00,desk ornament eleagnt,3,legacy,5,107.6,0.5209
SU00299_9_SESS_U00299_9_1_0,U00299,SESS_U00299_9_1,2026-06-10 14:48:00,somthing for travel,3,legacy,8,90.8,0.5552
SU00299_9_SESS_U00299_9_1_1,U00299,SESS_U00299_9_1,2026-06-10 15:32:00,somthing for my mom,4,legacy,8,103.8,0.5997
SU00301_9_SESS_U00301_9_0_0,U00301,SESS_U00301_9_0,2026-06-10 15:17:00,webcam under 50 dollars,4,legacy,6,78.1,0.5885
SU00304_9_SESS_U00304_9_0_0,U00304,SESS_U00304_9_0,2026-06-10 17:36:00,cheap hiking boots,3,legacy,8,80.2,0.5932
SU00304_9_SESS_U00304_9_0_1,U00304,SESS_U00304_9_0,2026-06-10 08:18:00,best rain coat for winter,5,legacy,8,92.9,0.515
SU00305_9_SESS_U00305_9_0_0,U00305,SESS_U00305_9_0,2026-06-10 09:19:00,cheap thremal leggings,3,legacy,7,102.5,0.536
SU00307_9_SESS_U00307_9_0_0,U00307,SESS_U00307_9_0,2026-06-10 09:59:00,noise-cancelling smartwatch,2,legacy,8,91.3,0.5908
SU00309_9_SESS_U00309_9_0_0,U00309,SESS_U00309_9_0,2026-06-10 22:29:00,gift steel coffee maker,4,legacy,8,75.4,0.5806
SU00310_9_SESS_U00310_9_0_0,U00310,SESS_U00310_9_0,2026-06-10 10:10:00,cheap jacket,2,ai_semantic,8,190.2,0.6244000196456909
SU00311_9_SESS_U00311_9_0_0,U00311,SESS_U00311_9_0,2026-06-10 19:07:00,cheap cookware set,3,legacy,8,106.3,0.5996
SU00313_9_SESS_U00313_9_0_0,U00313,SESS_U00313_9_0,2026-06-10 15:19:00,weatherproof headlamp for hiking,4,ai_semantic,8,165.6,0.7631999850273132
SU00317_9_SESS_U00317_9_0_0,U00317,SESS_U00317_9_0,2026-06-10 08:09:00,compact cooler for my mom,5,legacy,8,76.9,0.5808
SU00318_9_SESS_U00318_9_0_0,U00318,SESS_U00318_9_0,2026-06-10 10:17:00,best toaster for rain,4,ai_semantic,8,213.3,0.6100000143051147
SU00327_9_SESS_U00327_9_0_0,U00327,SESS_U00327_9_0,2026-06-10 20:04:00,best toaster for my mom,5,legacy,8,109.5,0.5569
SU00327_9_SESS_U00327_9_0_1,U00327,SESS_U00327_9_0,2026-06-10 17:26:00,keychian,1,legacy,0,83.1,
SU00329_9_SESS_U00329_9_0_0,U00329,SESS_U00329_9_0,2026-06-10 13:35:00,best tent for gym,4,ai_semantic,8,194.2,0.5741000175476074
SU00334_9_SESS_U00334_9_0_0,U00334,SESS_U00334_9_0,2026-06-10 07:48:00,loafers,1,ai_semantic,8,130.5,0.7170000076293945
SU00336_9_SESS_U00336_9_0_0,U00336,SESS_U00336_9_0,2026-06-10 21:03:00,somthing for a gift,4,legacy,8,88.7,0.5918
SU00336_9_SESS_U00336_9_0_1,U00336,SESS_U00336_9_0,2026-06-10 15:13:00,desk ornament rsutic,3,legacy,5,81.2,0.5665
SU00340_9_SESS_U00340_9_0_0,U00340,SESS_U00340_9_0,2026-06-10 11:28:00,insulated hammock for camping,4,ai_semantic,8,186.5,0.7871999740600586
SU00340_9_SESS_U00340_9_0_1,U00340,SESS_U00340_9_0,2026-06-10 15:24:00,somthing for hiking,3,ai_semantic,8,196.0,0.5105999708175659
SU00340_9_SESS_U00340_9_1_0,U00340,SESS_U00340_9_1,2026-06-10 07:00:00,compact blender for the office,5,ai_semantic,8,152.8,0.7865999937057495
SU00345_9_SESS_U00345_9_0_0,U00345,SESS_U00345_9_0,2026-06-10 11:23:00,gift backpack,2,legacy,8,86.5,0.587
SU00346_9_SESS_U00346_9_0_0,U00346,SESS_U00346_9_0,2026-06-10 20:36:00,wireless power bank for my mom,6,ai_semantic,8,205.4,0.7328000068664551
SU00348_9_SESS_U00348_9_0_0,U00348,SESS_U00348_9_0,2026-06-10 21:21:00,gift coffee maker,3,ai_semantic,8,178.5,0.5069000124931335
SU00349_9_SESS_U00349_9_0_0,U00349,SESS_U00349_9_0,2026-06-10 21:02:00,cheap air fryer,3,legacy,6,101.2,0.5544
SU00349_9_SESS_U00349_9_0_1,U00349,SESS_U00349_9_0,2026-06-10 15:26:00,compact charging cable,3,legacy,8,102.0,0.5693
SU00350_9_SESS_U00350_9_0_0,U00350,SESS_U00350_9_0,2026-06-10 18:22:00,gift earbuds,2,ai_semantic,8,166.3,0.6978999972343445
SU00362_9_SESS_U00362_9_0_0,U00362,SESS_U00362_9_0,2026-06-10 08:44:00,somthing for the office,4,legacy,8,98.7,0.5886
SU00362_9_SESS_U00362_9_0_1,U00362,SESS_U00362_9_0,2026-06-10 14:07:00,portable webacm,2,legacy,8,68.9,0.5378
SU00364_9_SESS_U00364_9_0_0,U00364,SESS_U00364_9_0,2026-06-10 11:42:00,gift webcam,2,legacy,8,77.7,0.5798
SU00364_9_SESS_U00364_9_0_1,U00364,SESS_U00364_9_0,2026-06-10 19:18:00,somthing for a gift,4,legacy,8,78.4,0.5836
SU00368_9_SESS_U00368_9_0_0,U00368,SESS_U00368_9_0,2026-06-10 21:30:00,somthing for camping,3,legacy,8,79.3,0.5643
SU00369_9_SESS_U00369_9_0_0,U00369,SESS_U00369_9_0,2026-06-10 13:31:00,mixing bowl,2,ai_semantic,8,199.8,0.7674999833106995
SU00372_9_SESS_U00372_9_0_0,U00372,SESS_U00372_9_0,2026-06-10 20:53:00,cheap loafers,2,legacy,6,62.7,0.5739
SU00372_9_SESS_U00372_9_0_1,U00372,SESS_U00372_9_0,2026-06-10 11:55:00,sneakers under 50 dollars,4,legacy,7,107.4,0.5993
SU00372_9_SESS_U00372_9_0_2,U00372,SESS_U00372_9_0,2026-06-10 16:32:00,gift gift box set,4,legacy,8,92.0,0.557
SU00375_9_SESS_U00375_9_0_0,U00375,SESS_U00375_9_0,2026-06-10 20:20:00,air fryer,2,legacy,6,104.6,0.5931
SU00376_9_SESS_U00376_9_0_0,U00376,SESS_U00376_9_0,2026-06-10 10:57:00,gift steel blender,3,legacy,8,91.9,0.5536
SU00379_9_SESS_U00379_9_0_0,U00379,SESS_U00379_9_0,2026-06-10 14:42:00,hiking boots under 50 dollars,5,legacy,8,99.0,0.5822
SU00379_9_SESS_U00379_9_0_1,U00379,SESS_U00379_9_0,2026-06-10 16:33:00,portable charging cable for my mom,6,legacy,8,99.1,0.5903
SU00385_9_SESS_U00385_9_0_0,U00385,SESS_U00385_9_0,2026-06-10 15:53:00,fleece pullover under 50 dollars,5,ai_semantic,8,206.7,0.7441999912261963
SU00385_9_SESS_U00385_9_0_1,U00385,SESS_U00385_9_0,2026-06-10 19:46:00,rechargeabel power bank for winter,5,ai_semantic,8,170.9,0.6371999979019165
SU00385_9_SESS_U00385_9_1_0,U00385,SESS_U00385_9_1,2026-06-10 15:46:00,gift cookware set,3,ai_semantic,8,155.8,0.644599974155426
SU00387_9_SESS_U00387_9_0_0,U00387,SESS_U00387_9_0,2026-06-10 12:01:00,gift jacket,2,ai_semantic,8,193.1,0.5550000071525574
SU00390_9_SESS_U00390_9_0_0,U00390,SESS_U00390_9_0,2026-06-10 09:31:00,best rain coat for rain,5,ai_semantic,8,113.2,0.7092000246047974
SU00390_9_SESS_U00390_9_0_1,U00390,SESS_U00390_9_0,2026-06-10 14:39:00,gift box set handmdae,4,ai_semantic,8,189.6,0.7807999849319458
SU00390_9_SESS_U00390_9_0_2,U00390,SESS_U00390_9_0,2026-06-10 21:31:00,waterproof sneakers for witner,4,ai_semantic,8,184.4,0.8048999905586243
SU00398_9_SESS_U00398_9_0_0,U00398,SESS_U00398_9_0,2026-06-10 16:55:00,sneakers insulatde,2,legacy,7,105.7,0.5542
SU00398_9_SESS_U00398_9_0_1,U00398,SESS_U00398_9_0,2026-06-10 10:13:00,best sneakers for gym,4,legacy,8,101.1,0.5737
SU00398_9_SESS_U00398_9_1_0,U00398,SESS_U00398_9_1,2026-06-10 21:13:00,electric knife set,3,legacy,8,105.7,0.5871
SU00398_9_SESS_U00398_9_1_1,U00398,SESS_U00398_9_1,2026-06-10 10:22:00,photo frame,2,legacy,6,75.4,0.5918
SU00399_9_SESS_U00399_9_0_0,U00399,SESS_U00399_9_0,2026-06-10 07:58:00,ultralight hammock,2,ai_semantic,8,161.2,0.8942999839782715
SU00401_9_SESS_U00401_9_0_0,U00401,SESS_U00401_9_0,2026-06-10 07:13:00,cheap thermal leggings,3,ai_semantic,8,183.6,0.8338000178337097
SU00403_9_SESS_U00403_9_0_0,U00403,SESS_U00403_9_0,2026-06-10 13:44:00,toaster under 50 dollars,4,legacy,4,124.3,0.5826
SU00403_9_SESS_U00403_9_0_1,U00403,SESS_U00403_9_0,2026-06-10 14:06:00,soft fleece pulloevr,3,legacy,8,77.9,0.5245
SU00404_9_SESS_U00404_9_0_0,U00404,SESS_U00404_9_0,2026-06-10 17:37:00,tent,1,legacy,7,85.1,0.5812
SU00405_9_SESS_U00405_9_0_0,U00405,SESS_U00405_9_0,2026-06-10 07:46:00,ceramic mixing bowl,3,ai_semantic,8,160.6,0.8578000068664551
SU00411_9_SESS_U00411_9_0_0,U00411,SESS_U00411_9_0,2026-06-10 19:52:00,non-stick toaster for hiknig,4,legacy,8,60.1,0.5676
SU00414_9_SESS_U00414_9_0_0,U00414,SESS_U00414_9_0,2026-06-10 21:56:00,waterproof winter boots for the office,6,ai_semantic,8,135.1,0.7936000227928162
SU00415_9_SESS_U00415_9_0_0,U00415,SESS_U00415_9_0,2026-06-10 19:28:00,hammock,1,ai_semantic,8,180.7,0.7300999760627747
SU00424_9_SESS_U00424_9_0_0,U00424,SESS_U00424_9_0,2026-06-10 10:22:00,heavy-duty tent,2,ai_semantic,8,133.4,0.9107000231742859
SU00425_9_SESS_U00425_9_0_0,U00425,SESS_U00425_9_0,2026-06-10 21:19:00,sneakers under 50 dollars,4,legacy,7,115.0,0.5367
SU00425_9_SESS_U00425_9_0_1,U00425,SESS_U00425_9_0,2026-06-10 11:28:00,fleece-lined thermal leggings,3,legacy,8,64.8,0.5952
SU00425_9_SESS_U00425_9_0_2,U00425,SESS_U00425_9_0,2026-06-10 17:59:00,running shoes under 50 dollars,5,legacy,8,94.1,0.5956
SU00425_9_SESS_U00425_9_1_0,U00425,SESS_U00425_9_1,2026-06-10 21:10:00,somthing for hiking,3,legacy,8,90.1,0.5569
SU00426_9_SESS_U00426_9_0_0,U00426,SESS_U00426_9_0,2026-06-10 15:18:00,gift rain coat,3,legacy,8,103.9,0.5918
SU00430_9_SESS_U00430_9_0_0,U00430,SESS_U00430_9_0,2026-06-10 12:44:00,portable headphones,2,ai_semantic,8,184.5,0.7926999926567078
SU00431_9_SESS_U00431_9_0_0,U00431,SESS_U00431_9_0,2026-06-10 09:31:00,mug under 50 dollars,4,ai_semantic,8,195.6,0.4936999976634979
SU00434_9_SESS_U00434_9_0_0,U00434,SESS_U00434_9_0,2026-06-10 21:54:00,soft thermal leggings for rain,5,legacy,8,45.9,0.5849
SU00438_9_SESS_U00438_9_0_0,U00438,SESS_U00438_9_0,2026-06-10 17:24:00,foldable camp stove,3,ai_semantic,8,180.6,0.892799973487854
SU00438_9_SESS_U00438_9_0_1,U00438,SESS_U00438_9_0,2026-06-10 17:28:00,headphones,1,ai_semantic,8,190.8,0.7024000287055969
SU00438_9_SESS_U00438_9_0_2,U00438,SESS_U00438_9_0,2026-06-10 16:18:00,best cooler for rain,4,ai_semantic,8,188.9,0.5934000015258789
SU00439_9_SESS_U00439_9_0_0,U00439,SESS_U00439_9_0,2026-06-10 07:27:00,headlamp under 50 dlolars,4,legacy,6,68.3,0.4713
SU00439_9_SESS_U00439_9_0_1,U00439,SESS_U00439_9_0,2026-06-10 19:51:00,somthing for rain,3,legacy,8,106.8,0.5785
SU00439_9_SESS_U00439_9_1_0,U00439,SESS_U00439_9_1,2026-06-10 21:03:00,best headlamp for rain,4,legacy,8,101.4,0.5641
SU00439_9_SESS_U00439_9_1_1,U00439,SESS_U00439_9_1,2026-06-10 15:07:00,cheap sneakers,2,legacy,7,103.4,0.5475
SU00443_9_SESS_U00443_9_0_0,U00443,SESS_U00443_9_0,2026-06-10 21:24:00,winter boots insulaetd,3,legacy,8,70.1,0.5443
SU00448_9_SESS_U00448_9_0_0,U00448,SESS_U00448_9_0,2026-06-10 13:58:00,sneakers trali,2,legacy,7,87.8,0.5666
SU00448_9_SESS_U00448_9_0_1,U00448,SESS_U00448_9_0,2026-06-10 11:48:00,sleeping bag under 50 dollars,5,legacy,7,59.0,0.5857
SU00450_9_SESS_U00450_9_0_0,U00450,SESS_U00450_9_0,2026-06-10 11:45:00,somthing for hiking,3,ai_semantic,8,193.0,0.5105999708175659
SU00450_9_SESS_U00450_9_0_1,U00450,SESS_U00450_9_0,2026-06-10 19:56:00,camp stove,2,ai_semantic,8,196.8,0.7462000250816345
SU00450_9_SESS_U00450_9_0_2,U00450,SESS_U00450_9_0,2026-06-10 17:10:00,somthing for winter,3,ai_semantic,8,191.8,0.4092999994754791
SU00451_9_SESS_U00451_9_0_0,U00451,SESS_U00451_9_0,2026-06-10 08:55:00,best winter boots for rain,5,legacy,8,94.8,0.5757
SU00451_9_SESS_U00451_9_0_1,U00451,SESS_U00451_9_0,2026-06-10 17:54:00,winter boots,2,legacy,8,115.9,0.5815
SU00451_9_SESS_U00451_9_0_2,U00451,SESS_U00451_9_0,2026-06-10 16:55:00,stainless steel air fryer,4,legacy,8,97.2,0.5442
SU00456_9_SESS_U00456_9_0_0,U00456,SESS_U00456_9_0,2026-06-10 11:11:00,windproof thermal leggings,3,legacy,8,84.9,0.5946
SU00456_9_SESS_U00456_9_0_1,U00456,SESS_U00456_9_0,2026-06-10 15:51:00,winter boots under 50 dollars,5,legacy,8,83.7,0.5875
SU00456_9_SESS_U00456_9_1_0,U00456,SESS_U00456_9_1,2026-06-10 11:23:00,gift running shoes,3,legacy,8,76.9,0.5416
SU00457_9_SESS_U00457_9_0_0,U00457,SESS_U00457_9_0,2026-06-10 22:53:00,rechargeable smartwatch for gym,4,ai_semantic,8,137.7,0.7232000231742859
SU00459_9_SESS_U00459_9_0_0,U00459,SESS_U00459_9_0,2026-06-10 21:40:00,fleece pullover under 50 dollars,5,legacy,7,59.5,0.5939
SU00459_9_SESS_U00459_9_0_1,U00459,SESS_U00459_9_0,2026-06-10 10:00:00,gift cooler,2,legacy,8,107.4,0.479
SU00459_9_SESS_U00459_9_0_2,U00459,SESS_U00459_9_0,2026-06-10 19:50:00,thermla leggings fleec-elined,3,legacy,7,91.6,0.5729
SU00459_9_SESS_U00459_9_1_0,U00459,SESS_U00459_9_1,2026-06-10 14:26:00,cheap sneakers,2,legacy,7,110.0,0.4756
SU00459_9_SESS_U00459_9_1_1,U00459,SESS_U00459_9_1,2026-06-10 15:19:00,breathable sandals for the office,5,legacy,8,88.0,0.5607
SU00460_9_SESS_U00460_9_0_0,U00460,SESS_U00460_9_0,2026-06-10 12:12:00,gift cookware set,3,legacy,8,94.8,0.5862
SU00460_9_SESS_U00460_9_0_1,U00460,SESS_U00460_9_0,2026-06-10 17:09:00,portable charging cable for my mom,6,legacy,8,88.7,0.5921
SU00461_9_SESS_U00461_9_0_0,U00461,SESS_U00461_9_0,2026-06-10 14:46:00,candle,1,legacy,6,116.7,0.5776
SU00462_9_SESS_U00462_9_0_0,U00462,SESS_U00462_9_0,2026-06-10 09:46:00,keychain under 50 dollars,4,ai_semantic,8,159.6,0.574999988079071
SU00462_9_SESS_U00462_9_0_1,U00462,SESS_U00462_9_0,2026-06-10 21:09:00,elegant candle,2,ai_semantic,8,176.2,0.847100019454956
SU00462_9_SESS_U00462_9_0_2,U00462,SESS_U00462_9_0,2026-06-10 15:24:00,windproof fleece pullover,3,ai_semantic,8,168.3,0.8953999876976013
SU00464_9_SESS_U00464_9_0_0,U00464,SESS_U00464_9_0,2026-06-10 08:53:00,compact earbuds,2,ai_semantic,8,205.2,0.8862000107765198
SU00476_9_SESS_U00476_9_0_0,U00476,SESS_U00476_9_0,2026-06-10 08:24:00,insulated winter boots,3,legacy,8,67.8,0.5263
SU00481_9_SESS_U00481_9_0_0,U00481,SESS_U00481_9_0,2026-06-10 07:57:00,gift cooler,2,legacy,8,83.5,0.5072
SU00481_9_SESS_U00481_9_0_1,U00481,SESS_U00481_9_0,2026-06-10 21:48:00,best sweater for rani,4,legacy,8,88.8,0.5856
SU00482_9_SESS_U00482_9_0_0,U00482,SESS_U00482_9_0,2026-06-10 22:55:00,foldable headlamp for rain,4,legacy,8,100.2,0.5805
SU00483_9_SESS_U00483_9_0_0,U00483,SESS_U00483_9_0,2026-06-10 10:55:00,cheap charging cable,3,legacy,6,116.4,0.5788
SU00486_9_SESS_U00486_9_0_0,U00486,SESS_U00486_9_0,2026-06-10 09:23:00,best winter boots for hiking,5,legacy,8,109.2,0.5666
SU00491_9_SESS_U00491_9_0_0,U00491,SESS_U00491_9_0,2026-06-10 22:31:00,somthing for my mom,4,ai_semantic,8,147.0,0.14970000088214874
SU00500_9_SESS_U00500_9_0_0,U00500,SESS_U00500_9_0,2026-06-10 17:20:00,bset charging cable for a gift,6,ai_semantic,8,134.3,0.5777999758720398
SU00500_9_SESS_U00500_9_0_1,U00500,SESS_U00500_9_0,2026-06-10 10:31:00,gift earbuds,2,ai_semantic,8,231.2,0.6978999972343445
SU00500_9_SESS_U00500_9_0_2,U00500,SESS_U00500_9_0,2026-06-10 10:56:00,insulated tent,2,ai_semantic,8,135.1,0.8073999881744385
SU00501_9_SESS_U00501_9_0_0,U00501,SESS_U00501_9_0,2026-06-10 13:15:00,somthing for gym,3,legacy,8,105.9,0.5496
SU00504_9_SESS_U00504_9_0_0,U00504,SESS_U00504_9_0,2026-06-10 18:12:00,cushioned sneakers for witner,4,legacy,8,105.7,0.5249
SU00504_9_SESS_U00504_9_0_1,U00504,SESS_U00504_9_0,2026-06-10 21:54:00,somthing for rain,3,legacy,8,108.9,0.5898
SU00505_9_SESS_U00505_9_0_0,U00505,SESS_U00505_9_0,2026-06-10 08:41:00,gift winter botos,3,legacy,8,78.7,0.5655
SU00505_9_SESS_U00505_9_1_0,U00505,SESS_U00505_9_1,2026-06-10 20:14:00,tent,1,legacy,7,69.5,0.5636
SU00505_9_SESS_U00505_9_1_1,U00505,SESS_U00505_9_1,2026-06-10 18:11:00,gift knife set,3,legacy,8,58.3,0.5998
SU00509_9_SESS_U00509_9_0_0,U00509,SESS_U00509_9_0,2026-06-10 09:21:00,hammock under 50 dollars,4,ai_semantic,8,165.2,0.7077000141143799
SU00509_9_SESS_U00509_9_0_1,U00509,SESS_U00509_9_0,2026-06-10 09:35:00,compact headphones,2,ai_semantic,8,162.8,0.809499979019165
SU00509_9_SESS_U00509_9_0_2,U00509,SESS_U00509_9_0,2026-06-10 18:50:00,cushioned winter boots for winter,5,ai_semantic,8,176.0,0.9190000295639038
SU00514_9_SESS_U00514_9_0_0,U00514,SESS_U00514_9_0,2026-06-10 22:46:00,gift rain coat,3,legacy,8,76.5,0.5789
SU00516_9_SESS_U00516_9_0_0,U00516,SESS_U00516_9_0,2026-06-10 12:29:00,best journal for gym,4,ai_semantic,8,132.8,0.557200014591217
SU00519_9_SESS_U00519_9_0_0,U00519,SESS_U00519_9_0,2026-06-10 10:19:00,webcam cmopatc,2,ai_semantic,8,203.5,0.6065999865531921
SU00519_9_SESS_U00519_9_1_0,U00519,SESS_U00519_9_1,2026-06-10 13:02:00,camp stove under 50 dollars,5,ai_semantic,8,236.1,0.6337000131607056
SU00521_9_SESS_U00521_9_0_0,U00521,SESS_U00521_9_0,2026-06-10 11:46:00,cushioned running shoes for my mom,6,ai_semantic,8,194.0,0.7785999774932861
SU00525_9_SESS_U00525_9_0_0,U00525,SESS_U00525_9_0,2026-06-10 13:04:00,thermal leggings windproof,3,legacy,8,61.0,0.5671
SU00528_9_SESS_U00528_9_0_0,U00528,SESS_U00528_9_0,2026-06-10 07:33:00,power bank noise-cancellign,3,legacy,6,82.4,0.5667
SU00536_9_SESS_U00536_9_0_0,U00536,SESS_U00536_9_0,2026-06-10 08:05:00,desk ornament,2,ai_semantic,8,179.2,0.7892000079154968
SU00536_9_SESS_U00536_9_1_0,U00536,SESS_U00536_9_1,2026-06-10 18:05:00,somthing for a gift,4,ai_semantic,8,185.9,0.38440001010894775
SU00536_9_SESS_U00536_9_1_1,U00536,SESS_U00536_9_1,2026-06-10 13:48:00,cooler poratble,2,ai_semantic,8,148.0,0.45350000262260437
SU00538_9_SESS_U00538_9_0_0,U00538,SESS_U00538_9_0,2026-06-10 07:10:00,jacket,1,legacy,6,64.7,0.5363
SU00538_9_SESS_U00538_9_0_1,U00538,SESS_U00538_9_0,2026-06-10 15:54:00,candle personlaized,2,legacy,6,49.3,0.5909
SU00541_9_SESS_U00541_9_0_0,U00541,SESS_U00541_9_0,2026-06-10 16:15:00,sneakers under 50 dollars,4,legacy,7,103.7,0.5474
SU00541_9_SESS_U00541_9_0_1,U00541,SESS_U00541_9_0,2026-06-10 15:55:00,cheap steel mixing bowl,4,legacy,8,93.9,0.5856
SU00541_9_SESS_U00541_9_0_2,U00541,SESS_U00541_9_0,2026-06-10 22:45:00,engraved mug,2,legacy,8,140.3,0.5707
SU00542_9_SESS_U00542_9_0_0,U00542,SESS_U00542_9_0,2026-06-10 21:36:00,best cookware set for my mom,6,ai_semantic,8,112.4,0.6227999925613403
SU00542_9_SESS_U00542_9_0_1,U00542,SESS_U00542_9_0,2026-06-10 11:32:00,steel tosater,2,ai_semantic,8,202.2,0.33739998936653137
SU00542_9_SESS_U00542_9_0_2,U00542,SESS_U00542_9_0,2026-06-10 12:18:00,best cookware set for winter,5,ai_semantic,8,181.5,0.6266000270843506
SU00544_9_SESS_U00544_9_0_0,U00544,SESS_U00544_9_0,2026-06-10 08:35:00,sandals,1,legacy,4,85.9,0.5845
SU00549_9_SESS_U00549_9_0_0,U00549,SESS_U00549_9_0,2026-06-10 16:24:00,cheap hoodie,2,ai_semantic,8,152.3,0.6844000220298767
SU00549_9_SESS_U00549_9_0_1,U00549,SESS_U00549_9_0,2026-06-10 14:38:00,best cooler for gym,4,ai_semantic,8,187.4,0.5428000092506409
SU00549_9_SESS_U00549_9_1_0,U00549,SESS_U00549_9_1,2026-06-10 13:55:00,cheap jacket,2,ai_semantic,8,153.1,0.6244000196456909
SU00549_9_SESS_U00549_9_1_1,U00549,SESS_U00549_9_1,2026-06-10 22:24:00,non-stick toaster,2,ai_semantic,8,178.9,0.9025999903678894
SU00552_9_SESS_U00552_9_0_0,U00552,SESS_U00552_9_0,2026-06-10 16:19:00,winter boots,2,legacy,8,117.1,0.5429
SU00552_9_SESS_U00552_9_1_0,U00552,SESS_U00552_9_1,2026-06-10 18:26:00,cleats hig-htop,2,legacy,7,96.4,0.5259
SU00555_9_SESS_U00555_9_0_0,U00555,SESS_U00555_9_0,2026-06-10 20:25:00,felece pullover,2,ai_semantic,8,174.6,0.5667999982833862
SU00555_9_SESS_U00555_9_0_1,U00555,SESS_U00555_9_0,2026-06-10 11:44:00,best sleeping bag for camping,5,ai_semantic,8,160.3,0.6815000176429749
SU00557_9_SESS_U00557_9_0_0,U00557,SESS_U00557_9_0,2026-06-10 16:59:00,cheap mug,2,ai_semantic,8,237.0,0.6538000106811523
SU00557_9_SESS_U00557_9_1_0,U00557,SESS_U00557_9_1,2026-06-10 09:22:00,charging cable,2,ai_semantic,8,149.2,0.7164999842643738
SU00557_9_SESS_U00557_9_1_1,U00557,SESS_U00557_9_1,2026-06-10 15:29:00,cheap charging cable,3,ai_semantic,8,238.2,0.650600016117096
SU00558_9_SESS_U00558_9_0_0,U00558,SESS_U00558_9_0,2026-06-10 20:11:00,somthing for winter,3,ai_semantic,8,143.4,0.4092999994754791
SU00565_9_SESS_U00565_9_0_0,U00565,SESS_U00565_9_0,2026-06-10 09:19:00,coffee maker,2,ai_semantic,8,150.9,0.6291000247001648
SU00565_9_SESS_U00565_9_0_1,U00565,SESS_U00565_9_0,2026-06-10 12:54:00,handmade journal,2,ai_semantic,8,242.5,0.8457000255584717
SU00565_9_SESS_U00565_9_1_0,U00565,SESS_U00565_9_1,2026-06-10 16:56:00,somthing for travel,3,ai_semantic,8,141.7,0.3716999888420105
SU00565_9_SESS_U00565_9_1_1,U00565,SESS_U00565_9_1,2026-06-10 17:48:00,rechargeable charging cable for travel,5,ai_semantic,8,192.5,0.6801000237464905
SU00571_9_SESS_U00571_9_0_0,U00571,SESS_U00571_9_0,2026-06-10 14:00:00,cheap running shoes,3,legacy,8,125.6,0.5923
SU00573_9_SESS_U00573_9_0_0,U00573,SESS_U00573_9_0,2026-06-10 21:10:00,somthing for gym,3,ai_semantic,8,200.0,0.29350000619888306
SU00573_9_SESS_U00573_9_0_1,U00573,SESS_U00573_9_0,2026-06-10 12:46:00,breathable cleats,2,ai_semantic,8,184.2,0.8389999866485596
SU00576_9_SESS_U00576_9_0_0,U00576,SESS_U00576_9_0,2026-06-10 21:04:00,knife set elcetric,3,legacy,8,100.0,0.596
SU00579_9_SESS_U00579_9_0_0,U00579,SESS_U00579_9_0,2026-06-10 20:08:00,cheap power bank,3,legacy,6,113.4,0.5283
SU00579_9_SESS_U00579_9_0_1,U00579,SESS_U00579_9_0,2026-06-10 22:59:00,gift speaker,2,legacy,8,89.2,0.5944
SU00579_9_SESS_U00579_9_0_2,U00579,SESS_U00579_9_0,2026-06-10 12:03:00,beanie,1,legacy,5,90.0,0.5475
SU00582_9_SESS_U00582_9_0_0,U00582,SESS_U00582_9_0,2026-06-10 22:13:00,gift backpakc,2,ai_semantic,8,171.4,0.39899998903274536
SU00582_9_SESS_U00582_9_0_1,U00582,SESS_U00582_9_0,2026-06-10 17:59:00,cozy sweater for the office,5,ai_semantic,8,196.3,0.7699999809265137
SU00582_9_SESS_U00582_9_0_2,U00582,SESS_U00582_9_0,2026-06-10 07:10:00,somthing for my mom,4,ai_semantic,8,114.9,0.14970000088214874
SU00583_9_SESS_U00583_9_0_0,U00583,SESS_U00583_9_0,2026-06-10 07:22:00,cheap cleats,2,legacy,7,78.0,0.566
SU00586_9_SESS_U00586_9_0_0,U00586,SESS_U00586_9_0,2026-06-10 07:48:00,air fryer under 50 dollars,5,legacy,6,73.4,0.5904
SU00586_9_SESS_U00586_9_1_0,U00586,SESS_U00586_9_1,2026-06-10 16:50:00,cheap photo frame,3,legacy,6,49.6,0.5794
SU00586_9_SESS_U00586_9_1_1,U00586,SESS_U00586_9_1,2026-06-10 09:56:00,gift sneakers,2,legacy,8,68.6,0.55
SU00592_9_SESS_U00592_9_0_0,U00592,SESS_U00592_9_0,2026-06-10 08:59:00,trail hiking boots for my mom,6,ai_semantic,8,230.0,0.6761999726295471
SU00597_9_SESS_U00597_9_0_0,U00597,SESS_U00597_9_0,2026-06-10 16:50:00,cheap journal,2,ai_semantic,8,180.8,0.682200014591217
SU00602_9_SESS_U00602_9_0_0,U00602,SESS_U00602_9_0,2026-06-10 21:37:00,insulated running shoes,3,ai_semantic,8,134.9,0.9171000123023987
SU00602_9_SESS_U00602_9_1_0,U00602,SESS_U00602_9_1,2026-06-10 15:22:00,backpack under 50 dollars,4,ai_semantic,8,193.5,0.5867000222206116
SU00602_9_SESS_U00602_9_1_1,U00602,SESS_U00602_9_1,2026-06-10 20:33:00,handmade photo frame,3,ai_semantic,8,180.5,0.8361999988555908
SU00604_9_SESS_U00604_9_0_0,U00604,SESS_U00604_9_0,2026-06-10 22:50:00,speaker,1,ai_semantic,8,164.7,0.6450999975204468
SU00604_9_SESS_U00604_9_0_1,U00604,SESS_U00604_9_0,2026-06-10 18:22:00,gift thermal leggings,3,ai_semantic,8,227.7,0.7843000292778015
SU00605_9_SESS_U00605_9_0_0,U00605,SESS_U00605_9_0,2026-06-10 21:38:00,lightweight sandals for rain,4,ai_semantic,8,137.3,0.7462999820709229
SU00606_9_SESS_U00606_9_0_0,U00606,SESS_U00606_9_0,2026-06-10 21:11:00,steel mixing bowl under 50 dollars,6,legacy,8,63.3,0.5566
SU00609_9_SESS_U00609_9_0_0,U00609,SESS_U00609_9_0,2026-06-10 08:32:00,air fryer,2,ai_semantic,8,188.6,0.7893000245094299
SU00614_9_SESS_U00614_9_0_0,U00614,SESS_U00614_9_0,2026-06-10 21:50:00,earbuds,1,ai_semantic,8,189.4,0.7372000217437744
SU00619_9_SESS_U00619_9_0_0,U00619,SESS_U00619_9_0,2026-06-10 13:30:00,fleece-lined fleece pullover,3,ai_semantic,8,173.2,0.929099977016449
SU00622_9_SESS_U00622_9_0_0,U00622,SESS_U00622_9_0,2026-06-10 11:13:00,heavy-duty cooler for gym,4,legacy,8,75.9,0.5995
SU00622_9_SESS_U00622_9_1_0,U00622,SESS_U00622_9_1,2026-06-10 19:02:00,hoodie under 50 dollars,4,legacy,7,97.3,0.583
SU00622_9_SESS_U00622_9_1_1,U00622,SESS_U00622_9_1,2026-06-10 20:13:00,gift steel air fryer,4,legacy,8,89.7,0.5989
SU00628_9_SESS_U00628_9_0_0,U00628,SESS_U00628_9_0,2026-06-10 20:50:00,warm jacket for gym,4,ai_semantic,8,129.4,0.6678000092506409
SU00628_9_SESS_U00628_9_1_0,U00628,SESS_U00628_9_1,2026-06-10 09:12:00,compact hammock for gym,4,ai_semantic,8,186.6,0.8179000020027161
SU00629_9_SESS_U00629_9_0_0,U00629,SESS_U00629_9_0,2026-06-10 07:14:00,somthing for travel,3,ai_semantic,8,183.0,0.3716999888420105
SU00629_9_SESS_U00629_9_0_1,U00629,SESS_U00629_9_0,2026-06-10 09:24:00,gift sandals,2,ai_semantic,8,213.7,0.661300003528595
SU00629_9_SESS_U00629_9_0_2,U00629,SESS_U00629_9_0,2026-06-10 10:45:00,best mixing bowl for the offiec,6,ai_semantic,8,192.6,0.7425000071525574
SU00632_9_SESS_U00632_9_0_0,U00632,SESS_U00632_9_0,2026-06-10 08:00:00,somthing for winter,3,legacy,8,87.1,0.5945
SU00633_9_SESS_U00633_9_0_0,U00633,SESS_U00633_9_0,2026-06-10 21:16:00,somthing for camping,3,legacy,8,55.3,0.553
SU00633_9_SESS_U00633_9_0_1,U00633,SESS_U00633_9_0,2026-06-10 14:16:00,somthing for the office,4,legacy,8,107.1,0.5961
SU00633_9_SESS_U00633_9_1_0,U00633,SESS_U00633_9_1,2026-06-10 13:26:00,blender under 50 dollars,4,legacy,6,82.3,0.5646
SU00652_9_SESS_U00652_9_0_0,U00652,SESS_U00652_9_0,2026-06-10 19:25:00,somthing for winter,3,legacy,8,68.1,0.5895
SU00652_9_SESS_U00652_9_1_0,U00652,SESS_U00652_9_1,2026-06-10 10:03:00,best sneakers for my mom,5,legacy,8,121.2,0.4268
SU00657_9_SESS_U00657_9_0_0,U00657,SESS_U00657_9_0,2026-06-10 13:19:00,cookware set,2,legacy,8,67.6,0.557
SU00657_9_SESS_U00657_9_0_1,U00657,SESS_U00657_9_0,2026-06-10 17:37:00,compact sleeping bag for winter,5,legacy,8,112.7,0.5746
SU00657_9_SESS_U00657_9_0_2,U00657,SESS_U00657_9_0,2026-06-10 18:52:00,keychain miinmalist,2,legacy,6,94.2,0.5601
SU00658_9_SESS_U00658_9_0_0,U00658,SESS_U00658_9_0,2026-06-10 19:06:00,somthing for travel,3,legacy,8,65.8,0.566
SU00666_9_SESS_U00666_9_0_0,U00666,SESS_U00666_9_0,2026-06-10 10:13:00,cheap power bank,3,legacy,6,100.8,0.5611
SU00667_9_SESS_U00667_9_0_0,U00667,SESS_U00667_9_0,2026-06-10 15:57:00,bluetooth chraging cable for hiking,5,legacy,8,87.3,0.5853
SU00667_9_SESS_U00667_9_0_1,U00667,SESS_U00667_9_0,2026-06-10 22:25:00,charging cable under 50 dollars,5,legacy,6,123.2,0.5756
SU00668_9_SESS_U00668_9_0_0,U00668,SESS_U00668_9_0,2026-06-10 14:12:00,somthing for winter,3,legacy,8,82.8,0.5915
SU00670_9_SESS_U00670_9_0_0,U00670,SESS_U00670_9_0,2026-06-10 11:46:00,breathable loafers for gym,4,ai_semantic,8,195.4,0.7836999893188477
SU00670_9_SESS_U00670_9_0_1,U00670,SESS_U00670_9_0,2026-06-10 20:50:00,cheap toaster,2,ai_semantic,8,190.7,0.7468000054359436
SU00675_9_SESS_U00675_9_0_0,U00675,SESS_U00675_9_0,2026-06-10 14:27:00,sandals under 50 dollars,4,ai_semantic,8,100.9,0.5776000022888184
SU00675_9_SESS_U00675_9_0_1,U00675,SESS_U00675_9_0,2026-06-10 17:02:00,loafers,1,ai_semantic,8,192.9,0.7170000076293945
SU00676_9_SESS_U00676_9_0_0,U00676,SESS_U00676_9_0,2026-06-10 18:28:00,bset knife set for rain,5,ai_semantic,8,195.9,0.46720001101493835
SU00676_9_SESS_U00676_9_0_1,U00676,SESS_U00676_9_0,2026-06-10 22:00:00,best smartwatch for my mom,5,ai_semantic,8,167.4,0.5730999708175659
SU00678_9_SESS_U00678_9_0_0,U00678,SESS_U00678_9_0,2026-06-10 22:00:00,cermaic blender,2,legacy,6,70.4,0.5505
SU00678_9_SESS_U00678_9_0_1,U00678,SESS_U00678_9_0,2026-06-10 21:09:00,somthing for my mom,4,legacy,8,92.2,0.5999
SU00681_9_SESS_U00681_9_0_0,U00681,SESS_U00681_9_0,2026-06-10 16:05:00,best tent for camping,4,legacy,8,115.0,0.4844
SU00683_9_SESS_U00683_9_0_0,U00683,SESS_U00683_9_0,2026-06-10 22:04:00,breathable cleats for rain,4,ai_semantic,8,194.7,0.6491000056266785
SU00688_9_SESS_U00688_9_0_0,U00688,SESS_U00688_9_0,2026-06-10 19:39:00,fleece pullover,2,legacy,7,94.5,0.5823
SU00689_9_SESS_U00689_9_0_0,U00689,SESS_U00689_9_0,2026-06-10 13:40:00,rustic keychain for rain,4,legacy,8,83.6,0.576
SU00689_9_SESS_U00689_9_0_1,U00689,SESS_U00689_9_0,2026-06-10 07:26:00,cheap headphones,2,legacy,6,79.5,0.5699
SU00696_9_SESS_U00696_9_0_0,U00696,SESS_U00696_9_0,2026-06-10 11:41:00,compact tent,2,legacy,8,80.8,0.5605
SU00701_9_SESS_U00701_9_0_0,U00701,SESS_U00701_9_0,2026-06-10 14:11:00,sneakers,1,legacy,7,86.1,0.5034
SU00706_9_SESS_U00706_9_0_0,U00706,SESS_U00706_9_0,2026-06-10 19:47:00,winter boots,2,ai_semantic,8,215.4,0.7364000082015991
SU00706_9_SESS_U00706_9_0_1,U00706,SESS_U00706_9_0,2026-06-10 11:33:00,stainless steel mixing bowl,4,ai_semantic,8,133.2,0.8744000196456909
SU00719_9_SESS_U00719_9_0_0,U00719,SESS_U00719_9_0,2026-06-10 18:07:00,hiking boots,2,ai_semantic,8,174.6,0.7730000019073486
SU00719_9_SESS_U00719_9_0_1,U00719,SESS_U00719_9_0,2026-06-10 19:31:00,waterproof running shoes,3,ai_semantic,8,218.5,0.8629999756813049
SU00720_9_SESS_U00720_9_0_0,U00720,SESS_U00720_9_0,2026-06-10 11:49:00,dishwasher-safe knife set,3,legacy,8,94.2,0.5804
SU00721_9_SESS_U00721_9_0_0,U00721,SESS_U00721_9_0,2026-06-10 15:22:00,hammock,1,ai_semantic,8,207.5,0.7300999760627747
SU00721_9_SESS_U00721_9_0_1,U00721,SESS_U00721_9_0,2026-06-10 14:15:00,gift running shoes,3,ai_semantic,8,172.7,0.6808000206947327
SU00721_9_SESS_U00721_9_1_0,U00721,SESS_U00721_9_1,2026-06-10 15:30:00,best hammock for the office,5,ai_semantic,8,214.0,0.7304999828338623
SU00722_9_SESS_U00722_9_0_0,U00722,SESS_U00722_9_0,2026-06-10 16:43:00,rustic journal,2,legacy,8,83.3,0.5976
SU00723_9_SESS_U00723_9_0_0,U00723,SESS_U00723_9_0,2026-06-10 21:03:00,somthing for rain,3,ai_semantic,8,230.1,0.5149999856948853
SU00723_9_SESS_U00723_9_0_1,U00723,SESS_U00723_9_0,2026-06-10 08:04:00,backpack under 50 dollars,4,ai_semantic,8,172.4,0.5867000222206116
SU00723_9_SESS_U00723_9_0_2,U00723,SESS_U00723_9_0,2026-06-10 21:45:00,sleeping bag insulaetd,3,ai_semantic,8,204.8,0.6342999935150146
SU00724_9_SESS_U00724_9_0_0,U00724,SESS_U00724_9_0,2026-06-10 20:21:00,best smartwatch for rani,4,ai_semantic,8,143.4,0.51910001039505
SU00724_9_SESS_U00724_9_0_1,U00724,SESS_U00724_9_0,2026-06-10 12:16:00,breathable sandals,2,ai_semantic,8,109.9,0.8608999848365784
SU00725_9_SESS_U00725_9_0_0,U00725,SESS_U00725_9_0,2026-06-10 19:15:00,dsek ornament under 50 dollars,5,legacy,5,109.9,0.589
SU00725_9_SESS_U00725_9_0_1,U00725,SESS_U00725_9_0,2026-06-10 14:02:00,gift smartwatch,2,legacy,8,97.1,0.5942
SU00727_9_SESS_U00727_9_0_0,U00727,SESS_U00727_9_0,2026-06-10 09:16:00,winter boots slip-no,3,legacy,8,108.8,0.5015
SU00730_9_SESS_U00730_9_0_0,U00730,SESS_U00730_9_0,2026-06-10 11:27:00,sleeping bag haevy-duty,3,ai_semantic,8,166.7,0.7444000244140625
SU00730_9_SESS_U00730_9_0_1,U00730,SESS_U00730_9_0,2026-06-10 08:48:00,speaker under 50 dollars,4,ai_semantic,8,121.6,0.5645999908447266
SU00733_9_SESS_U00733_9_0_0,U00733,SESS_U00733_9_0,2026-06-10 22:56:00,gift toaster,2,legacy,8,121.5,0.5643
SU00733_9_SESS_U00733_9_0_1,U00733,SESS_U00733_9_0,2026-06-10 07:30:00,best cooler for rain,4,legacy,8,119.4,0.5676
SU00733_9_SESS_U00733_9_0_2,U00733,SESS_U00733_9_0,2026-06-10 18:24:00,earbuds,1,legacy,6,87.0,0.5511
SU00736_9_SESS_U00736_9_0_0,U00736,SESS_U00736_9_0,2026-06-10 09:51:00,somthing for travel,3,legacy,8,69.7,0.5812
SU00748_9_SESS_U00748_9_0_0,U00748,SESS_U00748_9_0,2026-06-10 10:03:00,best knife set for hiking,5,legacy,8,113.9,0.5666
SU00748_9_SESS_U00748_9_0_1,U00748,SESS_U00748_9_0,2026-06-10 17:53:00,power bank,2,legacy,6,122.2,0.5647
SU00749_9_SESS_U00749_9_0_0,U00749,SESS_U00749_9_0,2026-06-10 15:36:00,steel coffee maker,3,legacy,8,95.1,0.495
SU00749_9_SESS_U00749_9_0_1,U00749,SESS_U00749_9_0,2026-06-10 16:46:00,lightweight loafers,2,legacy,8,146.7,0.5952
SU00750_9_SESS_U00750_9_0_0,U00750,SESS_U00750_9_0,2026-06-10 21:03:00,sweater,1,ai_semantic,8,169.8,0.7430999875068665
SU00750_9_SESS_U00750_9_0_1,U00750,SESS_U00750_9_0,2026-06-10 12:57:00,steel knife set,3,ai_semantic,8,191.2,0.7549999952316284
SU00752_9_SESS_U00752_9_0_0,U00752,SESS_U00752_9_0,2026-06-10 07:54:00,somthing for camping,3,legacy,8,118.3,0.5985
SU00773_9_SESS_U00773_9_0_0,U00773,SESS_U00773_9_0,2026-06-10 15:48:00,noise-cancelling earbuds,2,legacy,8,79.6,0.5081
SU00773_9_SESS_U00773_9_0_1,U00773,SESS_U00773_9_0,2026-06-10 10:11:00,insulated running sheos,3,legacy,8,64.5,0.5464
SU00773_9_SESS_U00773_9_1_0,U00773,SESS_U00773_9_1,2026-06-10 20:14:00,best air fryer for the office,6,legacy,8,132.6,0.5881
SU00776_9_SESS_U00776_9_0_0,U00776,SESS_U00776_9_0,2026-06-10 15:58:00,somhting for hiking,3,ai_semantic,8,175.8,0.46790000796318054
SU00786_9_SESS_U00786_9_0_0,U00786,SESS_U00786_9_0,2026-06-10 19:15:00,cheap cooler,2,ai_semantic,8,169.5,0.636900007724762
SU00786_9_SESS_U00786_9_1_0,U00786,SESS_U00786_9_1,2026-06-10 15:13:00,ultralight camp stove,3,ai_semantic,8,151.7,0.8877999782562256
SU00789_9_SESS_U00789_9_0_0,U00789,SESS_U00789_9_0,2026-06-10 13:16:00,gift sandals,2,ai_semantic,8,153.0,0.661300003528595
SU00789_9_SESS_U00789_9_0_1,U00789,SESS_U00789_9_0,2026-06-10 11:00:00,tent under 50 dollars,4,ai_semantic,8,183.1,0.6215999722480774
SU00790_9_SESS_U00790_9_0_0,U00790,SESS_U00790_9_0,2026-06-10 07:06:00,best speaker for hiking,4,ai_semantic,8,199.8,0.4805999994277954
SU00790_9_SESS_U00790_9_0_1,U00790,SESS_U00790_9_0,2026-06-10 18:08:00,camp stove,2,ai_semantic,8,192.9,0.7462000250816345
SU00791_9_SESS_U00791_9_0_0,U00791,SESS_U00791_9_0,2026-06-10 22:22:00,tetn utlralight,2,ai_semantic,8,186.7,0.15399999916553497
SU00798_9_SESS_U00798_9_0_0,U00798,SESS_U00798_9_0,2026-06-10 22:02:00,mug under 50 dollars,4,ai_semantic,8,222.8,0.4936999976634979
SU00798_9_SESS_U00798_9_1_0,U00798,SESS_U00798_9_1,2026-06-10 22:35:00,waterproof hiking boots for hiking,5,ai_semantic,8,172.5,0.8669000267982483
SU00800_9_SESS_U00800_9_0_0,U00800,SESS_U00800_9_0,2026-06-10 15:15:00,best toaster for hiking,4,ai_semantic,8,172.7,0.6168000102043152
SU00800_9_SESS_U00800_9_1_0,U00800,SESS_U00800_9_1,2026-06-10 10:30:00,cheap gift box set,4,ai_semantic,8,214.4,0.7789000272750854
SU00001_10_SESS_U00001_10_0_0,U00001,SESS_U00001_10_0,2026-06-11 17:06:00,speaker comapct,2,ai_semantic,8,183.9,0.5418999791145325
SU00001_10_SESS_U00001_10_0_1,U00001,SESS_U00001_10_0,2026-06-11 09:57:00,compact smartwatch for travel,4,ai_semantic,8,237.6,0.8097000122070312
SU00003_10_SESS_U00003_10_0_0,U00003,SESS_U00003_10_0,2026-06-11 08:28:00,sweater under 50 dollars,4,ai_semantic,8,134.3,0.5741000175476074
SU00003_10_SESS_U00003_10_0_1,U00003,SESS_U00003_10_0,2026-06-11 17:13:00,cooler under 50 dollars,4,ai_semantic,8,198.8,0.5360000133514404
SU00003_10_SESS_U00003_10_1_0,U00003,SESS_U00003_10_1,2026-06-11 12:59:00,trail cleats,2,ai_semantic,8,176.1,0.8707000017166138
SU00003_10_SESS_U00003_10_1_1,U00003,SESS_U00003_10_1,2026-06-11 12:06:00,smartwatch wireelss,2,ai_semantic,8,165.7,0.46299999952316284
SU00003_10_SESS_U00003_10_1_2,U00003,SESS_U00003_10_1,2026-06-11 13:38:00,blender under 50 dollars,4,ai_semantic,8,229.1,0.4408000111579895
SU00009_10_SESS_U00009_10_0_0,U00009,SESS_U00009_10_0,2026-06-11 19:53:00,gift desk ornament,3,legacy,8,89.5,0.5887
SU00011_10_SESS_U00011_10_0_0,U00011,SESS_U00011_10_0,2026-06-11 07:38:00,steel blender under 50 dollars,5,legacy,8,75.6,0.5817
SU00011_10_SESS_U00011_10_0_1,U00011,SESS_U00011_10_0,2026-06-11 19:25:00,best cookware set for the office,6,legacy,8,84.0,0.4969
SU00016_10_SESS_U00016_10_0_0,U00016,SESS_U00016_10_0,2026-06-11 15:49:00,somthing for the offcie,4,legacy,8,120.8,0.5948
SU00017_10_SESS_U00017_10_0_0,U00017,SESS_U00017_10_0,2026-06-11 20:11:00,speaker compcat,2,ai_semantic,8,190.8,0.5551999807357788
SU00019_10_SESS_U00019_10_0_0,U00019,SESS_U00019_10_0,2026-06-11 19:32:00,gift beanie,2,legacy,8,81.2,0.5204
SU00023_10_SESS_U00023_10_0_0,U00023,SESS_U00023_10_0,2026-06-11 13:56:00,best rain coat for travel,5,legacy,8,96.2,0.537
SU00024_10_SESS_U00024_10_0_0,U00024,SESS_U00024_10_0,2026-06-11 10:21:00,somthing for a gift,4,legacy,8,88.6,0.5796
SU00024_10_SESS_U00024_10_0_1,U00024,SESS_U00024_10_0,2026-06-11 12:16:00,cooler haevy-duty,2,legacy,6,63.5,0.5248
SU00024_10_SESS_U00024_10_0_2,U00024,SESS_U00024_10_0,2026-06-11 20:16:00,somthing for hiking,3,legacy,8,108.4,0.5258
SU00024_10_SESS_U00024_10_1_0,U00024,SESS_U00024_10_1,2026-06-11 14:21:00,portable cooler for a gift,5,legacy,8,85.5,0.4955
SU00027_10_SESS_U00027_10_0_0,U00027,SESS_U00027_10_0,2026-06-11 17:02:00,best winter boost for travel,5,ai_semantic,8,193.5,0.4212999939918518
SU00027_10_SESS_U00027_10_0_1,U00027,SESS_U00027_10_0,2026-06-11 16:03:00,portable sleeping bag,3,ai_semantic,8,208.9,0.8384000062942505
SU00027_10_SESS_U00027_10_1_0,U00027,SESS_U00027_10_1,2026-06-11 07:30:00,best gift box set for a gift,7,ai_semantic,8,166.1,0.8208000063896179
SU00027_10_SESS_U00027_10_1_1,U00027,SESS_U00027_10_1,2026-06-11 20:19:00,somthing for the office,4,ai_semantic,8,165.7,0.2831999957561493
SU00029_10_SESS_U00029_10_0_0,U00029,SESS_U00029_10_0,2026-06-11 19:26:00,sleeping bag insulatde,3,legacy,7,68.9,0.5915
SU00033_10_SESS_U00033_10_0_0,U00033,SESS_U00033_10_0,2026-06-11 16:19:00,fleece-lined jacket,2,legacy,8,113.2,0.5727
SU00033_10_SESS_U00033_10_1_0,U00033,SESS_U00033_10_1,2026-06-11 13:34:00,speaekr,1,legacy,0,90.8,
SU00038_10_SESS_U00038_10_0_0,U00038,SESS_U00038_10_0,2026-06-11 17:37:00,handmade phtoo frame for camping,5,legacy,8,104.2,0.5963
SU00040_10_SESS_U00040_10_0_0,U00040,SESS_U00040_10_0,2026-06-11 10:38:00,desk ornament,2,ai_semantic,8,171.9,0.7892000079154968
SU00041_10_SESS_U00041_10_0_0,U00041,SESS_U00041_10_0,2026-06-11 10:48:00,gift jacket,2,ai_semantic,8,169.5,0.5550000071525574
SU00045_10_SESS_U00045_10_0_0,U00045,SESS_U00045_10_0,2026-06-11 21:14:00,dishwasher-safe blender,2,ai_semantic,8,192.5,0.89410001039505
SU00047_10_SESS_U00047_10_0_0,U00047,SESS_U00047_10_0,2026-06-11 22:47:00,insulated headlamp for rain,4,legacy,8,127.0,0.5938
SU00047_10_SESS_U00047_10_0_1,U00047,SESS_U00047_10_0,2026-06-11 16:01:00,headlamp,1,legacy,6,122.1,0.5775
SU00051_10_SESS_U00051_10_0_0,U00051,SESS_U00051_10_0,2026-06-11 09:11:00,fleece-lined fleece pulolver,3,ai_semantic,8,172.8,0.7293999791145325
SU00055_10_SESS_U00055_10_0_0,U00055,SESS_U00055_10_0,2026-06-11 08:40:00,sotmhing for gym,3,ai_semantic,8,178.6,0.3280999958515167
SU00055_10_SESS_U00055_10_1_0,U00055,SESS_U00055_10_1,2026-06-11 11:00:00,gift power bnak,3,ai_semantic,8,147.1,0.4162999987602234
SU00055_10_SESS_U00055_10_1_1,U00055,SESS_U00055_10_1,2026-06-11 20:04:00,cozy thermal leggings for my mom,6,ai_semantic,8,209.3,0.8144999742507935
SU00056_10_SESS_U00056_10_0_0,U00056,SESS_U00056_10_0,2026-06-11 16:32:00,best knife set for hiking,5,legacy,8,114.5,0.5671
SU00056_10_SESS_U00056_10_0_1,U00056,SESS_U00056_10_0,2026-06-11 19:21:00,power bank poratble,3,legacy,6,61.7,0.524
SU00059_10_SESS_U00059_10_0_0,U00059,SESS_U00059_10_0,2026-06-11 21:03:00,gift running shoes,3,legacy,8,101.6,0.5707
SU00059_10_SESS_U00059_10_0_1,U00059,SESS_U00059_10_0,2026-06-11 11:24:00,gfit desk ornament,3,legacy,5,92.8,0.5852
SU00061_10_SESS_U00061_10_0_0,U00061,SESS_U00061_10_0,2026-06-11 21:27:00,gift running shoes,3,legacy,8,65.8,0.5677
SU00064_10_SESS_U00064_10_0_0,U00064,SESS_U00064_10_0,2026-06-11 09:41:00,wireless webcam,2,legacy,8,84.2,0.5829
SU00064_10_SESS_U00064_10_0_1,U00064,SESS_U00064_10_0,2026-06-11 15:37:00,gift candle,2,legacy,8,77.0,0.5883
SU00064_10_SESS_U00064_10_0_2,U00064,SESS_U00064_10_0,2026-06-11 22:07:00,tent compcat,2,legacy,7,93.5,0.5656
SU00065_10_SESS_U00065_10_0_0,U00065,SESS_U00065_10_0,2026-06-11 11:26:00,rain coat under 50 dollars,5,legacy,6,78.9,0.5832
SU00068_10_SESS_U00068_10_0_0,U00068,SESS_U00068_10_0,2026-06-11 07:38:00,camp stove,2,ai_semantic,8,109.5,0.7462000250816345
SU00069_10_SESS_U00069_10_0_0,U00069,SESS_U00069_10_0,2026-06-11 09:21:00,best charging cable for my mom,6,ai_semantic,8,195.6,0.5755000114440918
SU00075_10_SESS_U00075_10_0_0,U00075,SESS_U00075_10_0,2026-06-11 14:08:00,keychain,1,legacy,6,75.7,0.5814
SU00075_10_SESS_U00075_10_0_1,U00075,SESS_U00075_10_0,2026-06-11 11:09:00,somthing for the office,4,legacy,8,86.0,0.5524
SU00079_10_SESS_U00079_10_0_0,U00079,SESS_U00079_10_0,2026-06-11 17:06:00,somthing for the office,4,ai_semantic,8,161.0,0.2831999957561493
SU00081_10_SESS_U00081_10_0_0,U00081,SESS_U00081_10_0,2026-06-11 13:41:00,gift charging cable,3,ai_semantic,8,164.3,0.6168000102043152
SU00082_10_SESS_U00082_10_0_0,U00082,SESS_U00082_10_0,2026-06-11 10:20:00,rechargeable wecbam,2,legacy,6,109.0,0.5913
SU00085_10_SESS_U00085_10_0_0,U00085,SESS_U00085_10_0,2026-06-11 10:59:00,insulated camp stove for the office,6,legacy,8,95.0,0.5971
SU00086_10_SESS_U00086_10_0_0,U00086,SESS_U00086_10_0,2026-06-11 10:57:00,rain coat fleece-liend,3,legacy,6,85.2,0.5885
SU00088_10_SESS_U00088_10_0_0,U00088,SESS_U00088_10_0,2026-06-11 09:15:00,keychain under 50 dollars,4,legacy,6,110.3,0.5544
SU00088_10_SESS_U00088_10_0_1,U00088,SESS_U00088_10_0,2026-06-11 16:04:00,cheap thermal leggings,3,legacy,7,90.5,0.586
SU00088_10_SESS_U00088_10_1_0,U00088,SESS_U00088_10_1,2026-06-11 17:48:00,slip-on winter boots,3,legacy,8,123.5,0.5721
SU00090_10_SESS_U00090_10_0_0,U00090,SESS_U00090_10_0,2026-06-11 13:28:00,bluetooth power bank,3,ai_semantic,8,184.7,0.8292999863624573
SU00091_10_SESS_U00091_10_0_0,U00091,SESS_U00091_10_0,2026-06-11 07:59:00,gift blender,2,legacy,8,124.4,0.5684
SU00096_10_SESS_U00096_10_0_0,U00096,SESS_U00096_10_0,2026-06-11 19:33:00,heavy-duty camp stove for my mom,6,legacy,8,118.9,0.5968
SU00096_10_SESS_U00096_10_0_1,U00096,SESS_U00096_10_0,2026-06-11 21:50:00,cheap sleeping bag,3,legacy,7,92.6,0.552
SU00096_10_SESS_U00096_10_0_2,U00096,SESS_U00096_10_0,2026-06-11 22:44:00,somthing for winter,3,legacy,8,101.9,0.4867
SU00097_10_SESS_U00097_10_0_0,U00097,SESS_U00097_10_0,2026-06-11 11:54:00,cooler under 50 dollars,4,legacy,6,106.0,0.5806
SU00097_10_SESS_U00097_10_0_1,U00097,SESS_U00097_10_0,2026-06-11 21:23:00,compact charging cable,3,legacy,8,51.9,0.5682
SU00097_10_SESS_U00097_10_0_2,U00097,SESS_U00097_10_0,2026-06-11 08:55:00,deks ornament handmaed,3,legacy,5,103.4,0.5374
SU00104_10_SESS_U00104_10_0_0,U00104,SESS_U00104_10_0,2026-06-11 12:36:00,personalized gift box set for travel,6,ai_semantic,8,198.6,0.7756999731063843
SU00104_10_SESS_U00104_10_0_1,U00104,SESS_U00104_10_0,2026-06-11 09:28:00,sandals,1,ai_semantic,8,187.5,0.7052000164985657
SU00109_10_SESS_U00109_10_0_0,U00109,SESS_U00109_10_0,2026-06-11 13:53:00,somthing for my mom,4,legacy,8,69.3,0.5626
SU00110_10_SESS_U00110_10_0_0,U00110,SESS_U00110_10_0,2026-06-11 12:07:00,jacket under 50 dollars,4,legacy,6,81.1,0.5327
SU00113_10_SESS_U00113_10_0_0,U00113,SESS_U00113_10_0,2026-06-11 15:10:00,minimalist photo farme,3,legacy,8,124.5,0.5728
SU00116_10_SESS_U00116_10_0_0,U00116,SESS_U00116_10_0,2026-06-11 10:19:00,sotmhing for the office,4,legacy,8,114.2,0.5941
SU00120_10_SESS_U00120_10_0_0,U00120,SESS_U00120_10_0,2026-06-11 15:10:00,earbuds under 50 dollars,4,legacy,6,123.0,0.5688
SU00120_10_SESS_U00120_10_0_1,U00120,SESS_U00120_10_0,2026-06-11 17:32:00,best hiking boots for gym,5,legacy,8,90.9,0.5779
SU00130_10_SESS_U00130_10_0_0,U00130,SESS_U00130_10_0,2026-06-11 21:25:00,photo frame,2,ai_semantic,8,152.3,0.7457000017166138
SU00130_10_SESS_U00130_10_0_1,U00130,SESS_U00130_10_0,2026-06-11 07:15:00,breathable sandals,2,ai_semantic,8,193.6,0.8608999848365784
SU00130_10_SESS_U00130_10_1_0,U00130,SESS_U00130_10_1,2026-06-11 18:00:00,best power bank for winter,5,ai_semantic,8,175.8,0.6535000205039978
SU00132_10_SESS_U00132_10_0_0,U00132,SESS_U00132_10_0,2026-06-11 11:25:00,best candle for a gift,5,ai_semantic,8,180.7,0.6746000051498413
SU00134_10_SESS_U00134_10_0_0,U00134,SESS_U00134_10_0,2026-06-11 08:54:00,dishwasher-safe air fryer for winter,5,legacy,8,88.1,0.5926
SU00134_10_SESS_U00134_10_0_1,U00134,SESS_U00134_10_0,2026-06-11 20:42:00,gift thermal leggings,3,legacy,8,101.1,0.4879
SU00134_10_SESS_U00134_10_1_0,U00134,SESS_U00134_10_1,2026-06-11 10:10:00,photo frame under 50 dollars,5,legacy,6,46.2,0.4557
SU00134_10_SESS_U00134_10_1_1,U00134,SESS_U00134_10_1,2026-06-11 19:11:00,gift box set rustci,4,legacy,8,81.8,0.5744
SU00135_10_SESS_U00135_10_0_0,U00135,SESS_U00135_10_0,2026-06-11 22:47:00,best headphones for camping,4,legacy,8,100.8,0.5984
SU00135_10_SESS_U00135_10_0_1,U00135,SESS_U00135_10_0,2026-06-11 16:44:00,handmade gift box set,4,legacy,8,93.7,0.5753
SU00135_10_SESS_U00135_10_1_0,U00135,SESS_U00135_10_1,2026-06-11 10:57:00,lightweight beanie,2,legacy,8,111.4,0.5801
SU00135_10_SESS_U00135_10_1_1,U00135,SESS_U00135_10_1,2026-06-11 12:29:00,somthing for gym,3,legacy,8,86.1,0.5246
SU00137_10_SESS_U00137_10_0_0,U00137,SESS_U00137_10_0,2026-06-11 09:40:00,speaker under 50 dollars,4,legacy,5,77.1,0.5034
SU00143_10_SESS_U00143_10_0_0,U00143,SESS_U00143_10_0,2026-06-11 17:37:00,somthing for a gift,4,legacy,8,96.0,0.5934
SU00144_10_SESS_U00144_10_0_0,U00144,SESS_U00144_10_0,2026-06-11 21:19:00,earbuds,1,legacy,6,116.0,0.5115
SU00148_10_SESS_U00148_10_0_0,U00148,SESS_U00148_10_0,2026-06-11 21:35:00,minimalist journal,2,legacy,8,108.0,0.5993
SU00152_10_SESS_U00152_10_0_0,U00152,SESS_U00152_10_0,2026-06-11 19:47:00,cheap blender,2,legacy,6,124.5,0.5882
SU00152_10_SESS_U00152_10_0_1,U00152,SESS_U00152_10_0,2026-06-11 18:03:00,cheap sleeping bag,3,legacy,7,90.3,0.5751
SU00152_10_SESS_U00152_10_1_0,U00152,SESS_U00152_10_1,2026-06-11 07:55:00,handmade photo frame,3,legacy,8,56.1,0.5129
SU00153_10_SESS_U00153_10_0_0,U00153,SESS_U00153_10_0,2026-06-11 12:38:00,charging cable noise-cnacelling,3,ai_semantic,8,197.2,0.6453999876976013
SU00153_10_SESS_U00153_10_0_1,U00153,SESS_U00153_10_0,2026-06-11 08:21:00,cheap hiking boots,3,ai_semantic,8,168.9,0.7289999723434448
SU00154_10_SESS_U00154_10_0_0,U00154,SESS_U00154_10_0,2026-06-11 07:06:00,gift hiking boots,3,ai_semantic,8,190.8,0.7329000234603882
SU00154_10_SESS_U00154_10_0_1,U00154,SESS_U00154_10_0,2026-06-11 17:23:00,engraved keychain for hiking,4,ai_semantic,8,124.2,0.7196000218391418
SU00159_10_SESS_U00159_10_0_0,U00159,SESS_U00159_10_0,2026-06-11 13:55:00,non-stick blender for rain,4,ai_semantic,8,166.0,0.5720999836921692
SU00159_10_SESS_U00159_10_1_0,U00159,SESS_U00159_10_1,2026-06-11 20:24:00,gift knife set,3,ai_semantic,8,232.2,0.6309000253677368
SU00167_10_SESS_U00167_10_0_0,U00167,SESS_U00167_10_0,2026-06-11 15:28:00,somthing for winter,3,ai_semantic,8,238.4,0.4092999994754791
SU00167_10_SESS_U00167_10_0_1,U00167,SESS_U00167_10_0,2026-06-11 14:33:00,cheap phtoo frame,3,ai_semantic,8,206.2,0.4952999949455261
SU00175_10_SESS_U00175_10_0_0,U00175,SESS_U00175_10_0,2026-06-11 14:48:00,somthing for the office,4,legacy,8,81.8,0.5952
SU00180_10_SESS_U00180_10_0_0,U00180,SESS_U00180_10_0,2026-06-11 15:01:00,steel knife set under 50 dollars,6,legacy,8,106.3,0.5718
SU00180_10_SESS_U00180_10_0_1,U00180,SESS_U00180_10_0,2026-06-11 11:45:00,backpack under 50 dollars,4,legacy,6,47.7,0.5672
SU00181_10_SESS_U00181_10_0_0,U00181,SESS_U00181_10_0,2026-06-11 15:11:00,somthing for cmaping,3,ai_semantic,8,189.9,0.21559999883174896
SU00181_10_SESS_U00181_10_0_1,U00181,SESS_U00181_10_0,2026-06-11 21:24:00,fleece-lined jacket,2,ai_semantic,8,150.2,0.8891000151634216
SU00194_10_SESS_U00194_10_0_0,U00194,SESS_U00194_10_0,2026-06-11 07:41:00,best power bank for hiking,5,ai_semantic,8,146.5,0.6805999875068665
SU00194_10_SESS_U00194_10_0_1,U00194,SESS_U00194_10_0,2026-06-11 22:46:00,somthing for my mom,4,ai_semantic,8,198.1,0.14970000088214874
SU00195_10_SESS_U00195_10_0_0,U00195,SESS_U00195_10_0,2026-06-11 21:09:00,best hammokc for rain,4,ai_semantic,8,169.8,0.7059999704360962
SU00195_10_SESS_U00195_10_1_0,U00195,SESS_U00195_10_1,2026-06-11 17:19:00,weatherproof sleeping bag for hiking,5,ai_semantic,8,234.8,0.694100022315979
SU00203_10_SESS_U00203_10_0_0,U00203,SESS_U00203_10_0,2026-06-11 20:33:00,headphones,1,legacy,6,76.5,0.5947
SU00203_10_SESS_U00203_10_1_0,U00203,SESS_U00203_10_1,2026-06-11 09:32:00,backpack,1,legacy,6,79.8,0.5858
SU00203_10_SESS_U00203_10_1_1,U00203,SESS_U00203_10_1,2026-06-11 09:47:00,somthing for rain,3,legacy,8,62.5,0.5829
SU00205_10_SESS_U00205_10_0_0,U00205,SESS_U00205_10_0,2026-06-11 15:18:00,knife set,2,legacy,8,92.9,0.5952
SU00205_10_SESS_U00205_10_0_1,U00205,SESS_U00205_10_0,2026-06-11 12:05:00,backpack under 50 dollars,4,legacy,6,86.9,0.4617
SU00206_10_SESS_U00206_10_0_0,U00206,SESS_U00206_10_0,2026-06-11 13:12:00,sleeping bag,2,ai_semantic,8,224.3,0.7472000122070312
SU00206_10_SESS_U00206_10_1_0,U00206,SESS_U00206_10_1,2026-06-11 09:29:00,cheap desk ornament,3,ai_semantic,8,182.1,0.7311999797821045
SU00206_10_SESS_U00206_10_1_1,U00206,SESS_U00206_10_1,2026-06-11 13:12:00,best earbuds for gym,4,ai_semantic,8,141.1,0.6147000193595886
SU00207_10_SESS_U00207_10_0_0,U00207,SESS_U00207_10_0,2026-06-11 22:40:00,photo frame,2,legacy,6,76.7,0.557
SU00215_10_SESS_U00215_10_0_0,U00215,SESS_U00215_10_0,2026-06-11 15:04:00,cheap charging cable,3,legacy,6,118.5,0.5189
SU00217_10_SESS_U00217_10_0_0,U00217,SESS_U00217_10_0,2026-06-11 10:17:00,backpack ultrailght,2,legacy,6,86.4,0.599
SU00217_10_SESS_U00217_10_0_1,U00217,SESS_U00217_10_0,2026-06-11 21:24:00,backpack under 50 dollars,4,legacy,6,83.6,0.5653
SU00220_10_SESS_U00220_10_0_0,U00220,SESS_U00220_10_0,2026-06-11 13:30:00,wireless smartwatch,2,ai_semantic,8,187.7,0.798799991607666
SU00222_10_SESS_U00222_10_0_0,U00222,SESS_U00222_10_0,2026-06-11 12:25:00,runinng shoes,2,legacy,8,72.8,0.5639
SU00224_10_SESS_U00224_10_0_0,U00224,SESS_U00224_10_0,2026-06-11 22:42:00,electric cookware set for rain,5,ai_semantic,8,124.8,0.6456999778747559
SU00227_10_SESS_U00227_10_0_0,U00227,SESS_U00227_10_0,2026-06-11 16:48:00,power bank bluetooht,3,legacy,6,67.3,0.5701
SU00228_10_SESS_U00228_10_0_0,U00228,SESS_U00228_10_0,2026-06-11 18:43:00,sandals,1,legacy,4,96.7,0.5683
SU00234_10_SESS_U00234_10_0_0,U00234,SESS_U00234_10_0,2026-06-11 07:54:00,winter boots isnulated,3,ai_semantic,8,177.8,0.6976000070571899
SU00234_10_SESS_U00234_10_0_1,U00234,SESS_U00234_10_0,2026-06-11 10:28:00,handmade photo fraem,3,ai_semantic,8,179.9,0.571399986743927
SU00237_10_SESS_U00237_10_0_0,U00237,SESS_U00237_10_0,2026-06-11 17:09:00,somthing for hiking,3,legacy,8,90.0,0.5771
SU00239_10_SESS_U00239_10_0_0,U00239,SESS_U00239_10_0,2026-06-11 16:59:00,gift backpack,2,legacy,8,113.9,0.5986
SU00241_10_SESS_U00241_10_0_0,U00241,SESS_U00241_10_0,2026-06-11 18:59:00,rnuning shoes,2,legacy,8,87.4,0.5896
SU00244_10_SESS_U00244_10_0_0,U00244,SESS_U00244_10_0,2026-06-11 09:04:00,somthing for gym,3,legacy,8,76.2,0.5851
SU00244_10_SESS_U00244_10_0_1,U00244,SESS_U00244_10_0,2026-06-11 12:25:00,cletas under 50 dollars,4,legacy,0,82.6,
SU00245_10_SESS_U00245_10_0_0,U00245,SESS_U00245_10_0,2026-06-11 21:50:00,camp stove undre 50 dollars,5,legacy,6,106.3,0.5821
SU00249_10_SESS_U00249_10_0_0,U00249,SESS_U00249_10_0,2026-06-11 07:03:00,cheap sweater,2,legacy,7,133.0,0.5728
SU00249_10_SESS_U00249_10_0_1,U00249,SESS_U00249_10_0,2026-06-11 10:18:00,cooler foldable,2,legacy,8,123.1,0.5677
SU00250_10_SESS_U00250_10_0_0,U00250,SESS_U00250_10_0,2026-06-11 14:31:00,camp stove,2,ai_semantic,8,178.6,0.7462000250816345
SU00250_10_SESS_U00250_10_0_1,U00250,SESS_U00250_10_0,2026-06-11 10:33:00,best loafers for camping,4,ai_semantic,8,185.5,0.6733999848365784
SU00252_10_SESS_U00252_10_0_0,U00252,SESS_U00252_10_0,2026-06-11 15:15:00,cheap sneakers,2,ai_semantic,8,249.6,0.6583999991416931
SU00253_10_SESS_U00253_10_0_0,U00253,SESS_U00253_10_0,2026-06-11 14:39:00,mixing bowl under 50 dollars,5,legacy,5,124.1,0.4925
SU00254_10_SESS_U00254_10_0_0,U00254,SESS_U00254_10_0,2026-06-11 08:42:00,personalized gift box set for hiking,6,legacy,8,57.6,0.5742
SU00254_10_SESS_U00254_10_0_1,U00254,SESS_U00254_10_0,2026-06-11 14:10:00,gift camp stove,3,legacy,8,96.8,0.4497
SU00254_10_SESS_U00254_10_1_0,U00254,SESS_U00254_10_1,2026-06-11 10:53:00,earbuds under 50 dollars,4,legacy,6,94.6,0.5986
SU00254_10_SESS_U00254_10_1_1,U00254,SESS_U00254_10_1,2026-06-11 14:24:00,sleeping bag copmact,3,legacy,7,133.2,0.5619
SU00254_10_SESS_U00254_10_1_2,U00254,SESS_U00254_10_1,2026-06-11 21:35:00,cheap sweater,2,legacy,7,109.5,0.5471
SU00257_10_SESS_U00257_10_0_0,U00257,SESS_U00257_10_0,2026-06-11 10:23:00,somthing for gym,3,ai_semantic,8,201.3,0.29350000619888306
SU00260_10_SESS_U00260_10_0_0,U00260,SESS_U00260_10_0,2026-06-11 21:16:00,cheap earbuds,2,legacy,6,124.6,0.5977
SU00260_10_SESS_U00260_10_0_1,U00260,SESS_U00260_10_0,2026-06-11 07:42:00,best beanie for winter,4,legacy,8,113.5,0.5429
SU00260_10_SESS_U00260_10_0_2,U00260,SESS_U00260_10_0,2026-06-11 12:36:00,hiking boots waterrpoof,3,legacy,8,32.7,0.5741
SU00262_10_SESS_U00262_10_0_0,U00262,SESS_U00262_10_0,2026-06-11 15:06:00,somthing for rain,3,legacy,8,69.4,0.5985
SU00263_10_SESS_U00263_10_0_0,U00263,SESS_U00263_10_0,2026-06-11 07:32:00,gift hoodie,2,legacy,8,116.7,0.5986
SU00265_10_SESS_U00265_10_0_0,U00265,SESS_U00265_10_0,2026-06-11 15:53:00,gift loafers,2,legacy,8,84.5,0.5998
SU00265_10_SESS_U00265_10_0_1,U00265,SESS_U00265_10_0,2026-06-11 22:59:00,slip-on witner boots,3,legacy,8,99.2,0.5762
SU00265_10_SESS_U00265_10_0_2,U00265,SESS_U00265_10_0,2026-06-11 18:10:00,minimalist desk ornament,3,legacy,8,62.6,0.5658
SU00266_10_SESS_U00266_10_0_0,U00266,SESS_U00266_10_0,2026-06-11 21:44:00,best blender for travel,4,legacy,8,96.3,0.5498
SU00280_10_SESS_U00280_10_0_0,U00280,SESS_U00280_10_0,2026-06-11 12:12:00,nois-ecancelling charging cable,3,legacy,6,109.7,0.5972
SU00280_10_SESS_U00280_10_0_1,U00280,SESS_U00280_10_0,2026-06-11 19:30:00,gift box set rusitc,4,legacy,8,63.1,0.5948
SU00280_10_SESS_U00280_10_0_2,U00280,SESS_U00280_10_0,2026-06-11 08:23:00,insulated hiking boots for gym,5,legacy,8,68.1,0.5146
SU00286_10_SESS_U00286_10_0_0,U00286,SESS_U00286_10_0,2026-06-11 09:28:00,cleats,1,ai_semantic,8,178.2,0.7260000109672546
SU00288_10_SESS_U00288_10_0_0,U00288,SESS_U00288_10_0,2026-06-11 09:24:00,best steel mixing bowl for camping,6,legacy,8,80.7,0.4811
SU00288_10_SESS_U00288_10_0_1,U00288,SESS_U00288_10_0,2026-06-11 12:20:00,soft hodoie for the office,5,legacy,8,82.5,0.5827
SU00288_10_SESS_U00288_10_0_2,U00288,SESS_U00288_10_0,2026-06-11 10:26:00,running shoes hgih-top,3,legacy,8,124.2,0.5722
SU00292_10_SESS_U00292_10_0_0,U00292,SESS_U00292_10_0,2026-06-11 13:21:00,sleeping bag,2,legacy,7,72.6,0.5388
SU00292_10_SESS_U00292_10_0_1,U00292,SESS_U00292_10_0,2026-06-11 13:54:00,gift webcam,2,legacy,8,76.1,0.5731
SU00292_10_SESS_U00292_10_0_2,U00292,SESS_U00292_10_0,2026-06-11 21:28:00,tent under 50 dollars,4,legacy,7,100.1,0.5565
SU00294_10_SESS_U00294_10_0_0,U00294,SESS_U00294_10_0,2026-06-11 10:33:00,camp stove insualted,3,legacy,6,113.9,0.5665
SU00295_10_SESS_U00295_10_0_0,U00295,SESS_U00295_10_0,2026-06-11 17:44:00,minimalist gift box set,4,ai_semantic,8,196.2,0.8899999856948853
SU00298_10_SESS_U00298_10_0_0,U00298,SESS_U00298_10_0,2026-06-11 16:16:00,foldable coolre for gym,4,legacy,8,107.3,0.5963
SU00300_10_SESS_U00300_10_0_0,U00300,SESS_U00300_10_0,2026-06-11 20:50:00,tent waetherproof,2,ai_semantic,8,198.5,0.6162999868392944
SU00301_10_SESS_U00301_10_0_0,U00301,SESS_U00301_10_0,2026-06-11 13:43:00,ceramic knife set for camping,5,legacy,8,120.6,0.5928
SU00308_10_SESS_U00308_10_0_0,U00308,SESS_U00308_10_0,2026-06-11 13:28:00,heavy-duty sleeping bag,3,ai_semantic,8,193.1,0.9046000242233276
SU00310_10_SESS_U00310_10_0_0,U00310,SESS_U00310_10_0,2026-06-11 07:36:00,cheap gift box set,4,ai_semantic,8,144.0,0.7789000272750854
SU00311_10_SESS_U00311_10_0_0,U00311,SESS_U00311_10_0,2026-06-11 10:04:00,cheap benaie,2,legacy,0,83.8,
SU00316_10_SESS_U00316_10_0_0,U00316,SESS_U00316_10_0,2026-06-11 22:58:00,best running shoes for a gift,6,legacy,8,87.9,0.5488
SU00319_10_SESS_U00319_10_0_0,U00319,SESS_U00319_10_0,2026-06-11 08:47:00,hoodie,1,ai_semantic,8,162.0,0.6793000102043152
SU00322_10_SESS_U00322_10_0_0,U00322,SESS_U00322_10_0,2026-06-11 21:49:00,somthing for a gift,4,legacy,8,105.1,0.598
SU00322_10_SESS_U00322_10_0_1,U00322,SESS_U00322_10_0,2026-06-11 11:55:00,kinfe set,2,legacy,8,79.1,0.587
SU00322_10_SESS_U00322_10_0_2,U00322,SESS_U00322_10_0,2026-06-11 15:39:00,hammock portabel,2,legacy,7,121.1,0.4819
SU00327_10_SESS_U00327_10_0_0,U00327,SESS_U00327_10_0,2026-06-11 08:57:00,cheap running shoes,3,legacy,8,97.2,0.5786
SU00327_10_SESS_U00327_10_0_1,U00327,SESS_U00327_10_0,2026-06-11 11:45:00,high-top hiking boots for gym,5,legacy,8,136.2,0.4897
SU00328_10_SESS_U00328_10_0_0,U00328,SESS_U00328_10_0,2026-06-11 14:21:00,breathable winter boots,3,ai_semantic,8,137.9,0.8603000044822693
SU00333_10_SESS_U00333_10_0_0,U00333,SESS_U00333_10_0,2026-06-11 09:16:00,gift beanie,2,ai_semantic,8,226.0,0.7200000286102295
SU00333_10_SESS_U00333_10_0_1,U00333,SESS_U00333_10_0,2026-06-11 15:34:00,gift cleats,2,ai_semantic,8,223.0,0.6107000112533569
SU00334_10_SESS_U00334_10_0_0,U00334,SESS_U00334_10_0,2026-06-11 19:05:00,stele toaster,2,ai_semantic,8,155.9,0.6577000021934509
SU00334_10_SESS_U00334_10_0_1,U00334,SESS_U00334_10_0,2026-06-11 14:31:00,best camp stove for hiking,5,ai_semantic,8,158.4,0.6757000088691711
SU00340_10_SESS_U00340_10_0_0,U00340,SESS_U00340_10_0,2026-06-11 17:26:00,gift camp stove,3,ai_semantic,8,150.7,0.758400022983551
SU00342_10_SESS_U00342_10_0_0,U00342,SESS_U00342_10_0,2026-06-11 18:30:00,soft hoodie,2,legacy,8,99.6,0.5979
SU00342_10_SESS_U00342_10_0_1,U00342,SESS_U00342_10_0,2026-06-11 21:09:00,waterproof running shoes for my mom,6,legacy,8,98.2,0.5609
SU00345_10_SESS_U00345_10_0_0,U00345,SESS_U00345_10_0,2026-06-11 21:57:00,somthing for rain,3,legacy,8,82.9,0.5979
SU00345_10_SESS_U00345_10_0_1,U00345,SESS_U00345_10_0,2026-06-11 21:34:00,jacekt,1,legacy,0,114.2,
SU00348_10_SESS_U00348_10_0_0,U00348,SESS_U00348_10_0,2026-06-11 14:12:00,gift fleece pullover,3,ai_semantic,8,185.4,0.8116999864578247
SU00348_10_SESS_U00348_10_0_1,U00348,SESS_U00348_10_0,2026-06-11 20:28:00,portable speaker,2,ai_semantic,8,216.0,0.8668000102043152
SU00351_10_SESS_U00351_10_0_0,U00351,SESS_U00351_10_0,2026-06-11 22:44:00,mug,1,ai_semantic,8,207.3,0.6661999821662903
SU00356_10_SESS_U00356_10_0_0,U00356,SESS_U00356_10_0,2026-06-11 09:02:00,candle handmdae,2,ai_semantic,8,189.0,0.6353999972343445
SU00356_10_SESS_U00356_10_0_1,U00356,SESS_U00356_10_0,2026-06-11 07:41:00,best winter boots for traevl,5,ai_semantic,8,197.9,0.5756000280380249
SU00356_10_SESS_U00356_10_0_2,U00356,SESS_U00356_10_0,2026-06-11 08:14:00,best webcam for the office,5,ai_semantic,8,180.6,0.6700000166893005
SU00357_10_SESS_U00357_10_0_0,U00357,SESS_U00357_10_0,2026-06-11 22:13:00,gift sleeping bag,3,legacy,8,91.1,0.5711
SU00357_10_SESS_U00357_10_0_1,U00357,SESS_U00357_10_0,2026-06-11 17:15:00,wireless headphones,2,legacy,8,83.8,0.5997
SU00358_10_SESS_U00358_10_0_0,U00358,SESS_U00358_10_0,2026-06-11 10:09:00,running shoes,2,ai_semantic,8,159.8,0.7371000051498413
SU00358_10_SESS_U00358_10_1_0,U00358,SESS_U00358_10_1,2026-06-11 20:06:00,hiking boots,2,ai_semantic,8,142.1,0.7730000019073486
SU00358_10_SESS_U00358_10_1_1,U00358,SESS_U00358_10_1,2026-06-11 12:53:00,somthing for my mom,4,ai_semantic,8,191.5,0.14970000088214874
SU00360_10_SESS_U00360_10_0_0,U00360,SESS_U00360_10_0,2026-06-11 08:34:00,foldable capm stove for gym,5,legacy,8,82.4,0.5971
SU00360_10_SESS_U00360_10_0_1,U00360,SESS_U00360_10_0,2026-06-11 11:25:00,cheap snekaers,2,legacy,0,126.6,
SU00364_10_SESS_U00364_10_0_0,U00364,SESS_U00364_10_0,2026-06-11 18:56:00,cheap camp stove,3,legacy,6,53.0,0.5341
SU00372_10_SESS_U00372_10_0_0,U00372,SESS_U00372_10_0,2026-06-11 19:57:00,somthing for capming,3,legacy,8,120.4,0.5992
SU00372_10_SESS_U00372_10_0_1,U00372,SESS_U00372_10_0,2026-06-11 11:46:00,best earbuds for gym,4,legacy,8,85.3,0.5293
SU00372_10_SESS_U00372_10_0_2,U00372,SESS_U00372_10_0,2026-06-11 09:10:00,best steel coffee maker for winter,6,legacy,8,106.3,0.5394
SU00372_10_SESS_U00372_10_1_0,U00372,SESS_U00372_10_1,2026-06-11 08:32:00,waterproof sneakers for rain,4,legacy,8,76.9,0.5504
SU00372_10_SESS_U00372_10_1_1,U00372,SESS_U00372_10_1,2026-06-11 19:11:00,gift knife set,3,legacy,8,95.8,0.5639
SU00376_10_SESS_U00376_10_0_0,U00376,SESS_U00376_10_0,2026-06-11 15:34:00,hiking boots,2,legacy,8,89.1,0.57
SU00377_10_SESS_U00377_10_0_0,U00377,SESS_U00377_10_0,2026-06-11 12:48:00,hammock flodable,2,ai_semantic,8,185.1,0.650600016117096
SU00380_10_SESS_U00380_10_0_0,U00380,SESS_U00380_10_0,2026-06-11 17:09:00,somthing for winter,3,legacy,8,86.2,0.5907
SU00380_10_SESS_U00380_10_0_1,U00380,SESS_U00380_10_0,2026-06-11 16:06:00,webcam noise-cnacelling,2,legacy,6,99.6,0.5777
SU00387_10_SESS_U00387_10_0_0,U00387,SESS_U00387_10_0,2026-06-11 09:04:00,foldable headlamp for hiking,4,ai_semantic,8,177.2,0.7421000003814697
SU00387_10_SESS_U00387_10_0_1,U00387,SESS_U00387_10_0,2026-06-11 22:14:00,knife set ceramci,3,ai_semantic,8,220.9,0.5616999864578247
SU00387_10_SESS_U00387_10_0_2,U00387,SESS_U00387_10_0,2026-06-11 19:11:00,compact hammock,2,ai_semantic,8,186.5,0.8428999781608582
SU00387_10_SESS_U00387_10_1_0,U00387,SESS_U00387_10_1,2026-06-11 09:22:00,best knife set for my mom,6,ai_semantic,8,197.4,0.6079999804496765
SU00393_10_SESS_U00393_10_0_0,U00393,SESS_U00393_10_0,2026-06-11 11:07:00,gift lofaers,2,legacy,6,59.7,0.5714
SU00393_10_SESS_U00393_10_0_1,U00393,SESS_U00393_10_0,2026-06-11 22:28:00,somthing for a gift,4,legacy,8,103.8,0.5662
SU00394_10_SESS_U00394_10_0_0,U00394,SESS_U00394_10_0,2026-06-11 20:34:00,cheap journal,2,legacy,6,127.3,0.5334
SU00396_10_SESS_U00396_10_0_0,U00396,SESS_U00396_10_0,2026-06-11 18:51:00,trail running shoes,3,legacy,8,115.5,0.541
SU00399_10_SESS_U00399_10_0_0,U00399,SESS_U00399_10_0,2026-06-11 20:19:00,ceramic mixing bowl,3,ai_semantic,8,181.9,0.8578000068664551
SU00399_10_SESS_U00399_10_0_1,U00399,SESS_U00399_10_0,2026-06-11 07:12:00,beanie,1,ai_semantic,8,190.3,0.703000009059906
SU00401_10_SESS_U00401_10_0_0,U00401,SESS_U00401_10_0,2026-06-11 15:07:00,gift box set rustci,4,ai_semantic,8,193.5,0.6654999852180481
SU00404_10_SESS_U00404_10_0_0,U00404,SESS_U00404_10_0,2026-06-11 12:39:00,candle persnoalized,2,legacy,6,68.9,0.5954
SU00406_10_SESS_U00406_10_0_0,U00406,SESS_U00406_10_0,2026-06-11 18:08:00,slip-on loafers for the office,5,legacy,8,71.3,0.5989
SU00412_10_SESS_U00412_10_0_0,U00412,SESS_U00412_10_0,2026-06-11 18:26:00,cheap rain coat,3,legacy,6,81.8,0.5025
SU00416_10_SESS_U00416_10_0_0,U00416,SESS_U00416_10_0,2026-06-11 11:25:00,cheap mug,2,legacy,6,113.2,0.5899
SU00418_10_SESS_U00418_10_0_0,U00418,SESS_U00418_10_0,2026-06-11 10:06:00,handmade journal for camping,4,legacy,8,117.1,0.56
SU00421_10_SESS_U00421_10_0_0,U00421,SESS_U00421_10_0,2026-06-11 10:13:00,hoodie windrpoof,2,legacy,7,91.1,0.5458
SU00422_10_SESS_U00422_10_0_0,U00422,SESS_U00422_10_0,2026-06-11 11:13:00,earbuds wirelses,2,ai_semantic,8,202.1,0.670199990272522
SU00422_10_SESS_U00422_10_0_1,U00422,SESS_U00422_10_0,2026-06-11 11:20:00,camp stove ultarlight,3,ai_semantic,8,167.6,0.711899995803833
SU00428_10_SESS_U00428_10_0_0,U00428,SESS_U00428_10_0,2026-06-11 19:58:00,foldable cooler for travel,4,ai_semantic,8,181.5,0.737500011920929
SU00429_10_SESS_U00429_10_0_0,U00429,SESS_U00429_10_0,2026-06-11 08:56:00,loafers unedr 50 dollars,4,legacy,6,90.7,0.526
SU00429_10_SESS_U00429_10_0_1,U00429,SESS_U00429_10_0,2026-06-11 13:25:00,cushioned sandals for the office,5,legacy,8,72.7,0.5964
SU00430_10_SESS_U00430_10_0_0,U00430,SESS_U00430_10_0,2026-06-11 11:43:00,minimalist desk ornament for the office,6,ai_semantic,8,155.0,0.8751000165939331
SU00440_10_SESS_U00440_10_0_0,U00440,SESS_U00440_10_0,2026-06-11 14:17:00,somthing for travel,3,legacy,8,84.6,0.5873
SU00442_10_SESS_U00442_10_0_0,U00442,SESS_U00442_10_0,2026-06-11 12:08:00,cheap hiking boots,3,ai_semantic,8,192.9,0.7289999723434448
SU00442_10_SESS_U00442_10_0_1,U00442,SESS_U00442_10_0,2026-06-11 21:06:00,lightweight sandals for the office,5,ai_semantic,8,174.1,0.7777000069618225
SU00442_10_SESS_U00442_10_1_0,U00442,SESS_U00442_10_1,2026-06-11 19:48:00,lightweight rain caot,3,ai_semantic,8,241.9,0.6582000255584717
SU00444_10_SESS_U00444_10_0_0,U00444,SESS_U00444_10_0,2026-06-11 11:45:00,best backpack for my mom,5,ai_semantic,8,155.0,0.5985000133514404
SU00449_10_SESS_U00449_10_0_0,U00449,SESS_U00449_10_0,2026-06-11 10:48:00,gift box set under 50 dollars,6,legacy,8,52.5,0.5541
SU00452_10_SESS_U00452_10_0_0,U00452,SESS_U00452_10_0,2026-06-11 11:48:00,gift knife set,3,legacy,8,72.3,0.5662
SU00457_10_SESS_U00457_10_0_0,U00457,SESS_U00457_10_0,2026-06-11 16:31:00,warm hoodie for a gift,5,ai_semantic,8,159.0,0.7516999840736389
SU00458_10_SESS_U00458_10_0_0,U00458,SESS_U00458_10_0,2026-06-11 15:01:00,somthing for camping,3,ai_semantic,8,111.3,0.4957999885082245
SU00458_10_SESS_U00458_10_0_1,U00458,SESS_U00458_10_0,2026-06-11 10:40:00,somthing for a gift,4,ai_semantic,8,163.8,0.38440001010894775
SU00458_10_SESS_U00458_10_0_2,U00458,SESS_U00458_10_0,2026-06-11 11:54:00,best sleeping bag for my mom,6,ai_semantic,8,172.0,0.6575000286102295
SU00460_10_SESS_U00460_10_0_0,U00460,SESS_U00460_10_0,2026-06-11 18:43:00,candle hanmadde,2,legacy,6,69.5,0.5998
SU00460_10_SESS_U00460_10_0_1,U00460,SESS_U00460_10_0,2026-06-11 14:56:00,baenie under 50 dollars,4,legacy,0,67.9,
SU00461_10_SESS_U00461_10_0_0,U00461,SESS_U00461_10_0,2026-06-11 15:12:00,coolre ultrailght,2,legacy,0,79.0,
SU00461_10_SESS_U00461_10_0_1,U00461,SESS_U00461_10_0,2026-06-11 09:09:00,electric air fryer for the office,6,legacy,8,72.4,0.5935
SU00463_10_SESS_U00463_10_0_0,U00463,SESS_U00463_10_0,2026-06-11 09:35:00,somthing for the office,4,ai_semantic,8,161.2,0.2831999957561493
SU00465_10_SESS_U00465_10_0_0,U00465,SESS_U00465_10_0,2026-06-11 10:33:00,somthing for the office,4,legacy,8,113.1,0.5917
SU00467_10_SESS_U00467_10_0_0,U00467,SESS_U00467_10_0,2026-06-11 08:03:00,jacket,1,legacy,6,127.6,0.5629
SU00467_10_SESS_U00467_10_0_1,U00467,SESS_U00467_10_0,2026-06-11 19:33:00,steel coffee maker under 50 dollars,6,legacy,8,78.4,0.5751
SU00472_10_SESS_U00472_10_0_0,U00472,SESS_U00472_10_0,2026-06-11 08:54:00,slip-on loafers,2,legacy,8,109.9,0.5884
SU00472_10_SESS_U00472_10_1_0,U00472,SESS_U00472_10_1,2026-06-11 09:51:00,camp stove under 50 dollars,5,legacy,6,118.2,0.5932
SU00476_10_SESS_U00476_10_0_0,U00476,SESS_U00476_10_0,2026-06-11 10:01:00,gift keychain,2,legacy,8,81.0,0.5727
SU00477_10_SESS_U00477_10_0_0,U00477,SESS_U00477_10_0,2026-06-11 17:07:00,somthing for gym,3,ai_semantic,8,154.4,0.29350000619888306
SU00480_10_SESS_U00480_10_0_0,U00480,SESS_U00480_10_0,2026-06-11 09:41:00,cheap cleats,2,ai_semantic,8,201.8,0.7530999779701233
SU00484_10_SESS_U00484_10_0_0,U00484,SESS_U00484_10_0,2026-06-11 21:32:00,lightweight jacket,2,ai_semantic,8,180.7,0.8489999771118164
SU00484_10_SESS_U00484_10_0_1,U00484,SESS_U00484_10_0,2026-06-11 12:06:00,foldable camp stove for a gift,6,ai_semantic,8,165.9,0.8464000225067139
SU00485_10_SESS_U00485_10_0_0,U00485,SESS_U00485_10_0,2026-06-11 11:53:00,noise-cancelling smartwatch for travel,4,ai_semantic,8,138.1,0.8513000011444092
SU00485_10_SESS_U00485_10_0_1,U00485,SESS_U00485_10_0,2026-06-11 07:48:00,camp stove,2,ai_semantic,8,170.6,0.7462000250816345
SU00487_10_SESS_U00487_10_0_0,U00487,SESS_U00487_10_0,2026-06-11 19:07:00,steel blender under 50 dollars,5,ai_semantic,8,189.4,0.5760999917984009
SU00487_10_SESS_U00487_10_0_1,U00487,SESS_U00487_10_0,2026-06-11 10:50:00,best cleats for the office,5,ai_semantic,8,195.1,0.6809999942779541
SU00488_10_SESS_U00488_10_0_0,U00488,SESS_U00488_10_0,2026-06-11 11:33:00,sleeping bag,2,legacy,7,104.1,0.5669
SU00488_10_SESS_U00488_10_0_1,U00488,SESS_U00488_10_0,2026-06-11 21:16:00,fleece-lined beanie,2,legacy,8,112.7,0.5752
SU00488_10_SESS_U00488_10_1_0,U00488,SESS_U00488_10_1,2026-06-11 16:35:00,hiking boots under 50 dollars,5,legacy,8,92.3,0.5741
SU00488_10_SESS_U00488_10_1_1,U00488,SESS_U00488_10_1,2026-06-11 21:54:00,cheap sneakers,2,legacy,7,108.3,0.5222
SU00491_10_SESS_U00491_10_0_0,U00491,SESS_U00491_10_0,2026-06-11 18:51:00,waterproof winter boots,3,ai_semantic,8,162.2,0.8611000180244446
SU00495_10_SESS_U00495_10_0_0,U00495,SESS_U00495_10_0,2026-06-11 07:52:00,non-stick coffee maker,3,legacy,8,68.0,0.5663
SU00495_10_SESS_U00495_10_0_1,U00495,SESS_U00495_10_0,2026-06-11 13:52:00,hoodie under 50 dollars,4,legacy,7,63.6,0.5739
SU00495_10_SESS_U00495_10_0_2,U00495,SESS_U00495_10_0,2026-06-11 19:07:00,mug,1,legacy,6,89.8,0.5909
SU00497_10_SESS_U00497_10_0_0,U00497,SESS_U00497_10_0,2026-06-11 09:32:00,rustic mug,2,legacy,8,99.7,0.5906
SU00501_10_SESS_U00501_10_0_0,U00501,SESS_U00501_10_0,2026-06-11 12:39:00,tosater elecrtic,2,legacy,0,77.0,
SU00503_10_SESS_U00503_10_0_0,U00503,SESS_U00503_10_0,2026-06-11 11:06:00,knife set dishwahser-safe,3,ai_semantic,8,129.3,0.6280999779701233
SU00508_10_SESS_U00508_10_0_0,U00508,SESS_U00508_10_0,2026-06-11 18:38:00,gift box set under 50 dollars,6,ai_semantic,8,230.9,0.6812999844551086
SU00510_10_SESS_U00510_10_0_0,U00510,SESS_U00510_10_0,2026-06-11 21:44:00,jouranl,1,ai_semantic,8,184.0,0.20200000703334808
SU00515_10_SESS_U00515_10_0_0,U00515,SESS_U00515_10_0,2026-06-11 08:24:00,thermal leggings,2,ai_semantic,8,162.7,0.8860999941825867
SU00515_10_SESS_U00515_10_0_1,U00515,SESS_U00515_10_0,2026-06-11 14:53:00,gift toaster,2,ai_semantic,8,126.7,0.7207000255584717
SU00518_10_SESS_U00518_10_0_0,U00518,SESS_U00518_10_0,2026-06-11 10:55:00,cleats,1,legacy,7,115.0,0.5036
SU00518_10_SESS_U00518_10_0_1,U00518,SESS_U00518_10_0,2026-06-11 11:51:00,lightweight running shoes,3,legacy,8,95.1,0.5459
SU00519_10_SESS_U00519_10_0_0,U00519,SESS_U00519_10_0,2026-06-11 16:34:00,fleece pullover,2,ai_semantic,8,157.8,0.8878999948501587
SU00521_10_SESS_U00521_10_0_0,U00521,SESS_U00521_10_0,2026-06-11 12:49:00,cheap mixing bowl,3,ai_semantic,8,218.7,0.727400004863739
SU00525_10_SESS_U00525_10_0_0,U00525,SESS_U00525_10_0,2026-06-11 08:46:00,cheap running shoes,3,legacy,8,144.5,0.5294
SU00525_10_SESS_U00525_10_0_1,U00525,SESS_U00525_10_0,2026-06-11 08:45:00,somthing for a gift,4,legacy,8,73.4,0.5121
SU00526_10_SESS_U00526_10_0_0,U00526,SESS_U00526_10_0,2026-06-11 20:26:00,mixing bowl cmopact,3,legacy,5,87.2,0.4927
SU00526_10_SESS_U00526_10_0_1,U00526,SESS_U00526_10_0,2026-06-11 09:25:00,cooler weatheprorof,2,legacy,6,104.9,0.5946
SU00530_10_SESS_U00530_10_0_0,U00530,SESS_U00530_10_0,2026-06-11 18:37:00,gift cookware set,3,legacy,8,92.5,0.5954
SU00531_10_SESS_U00531_10_0_0,U00531,SESS_U00531_10_0,2026-06-11 21:43:00,dsek ornament,2,ai_semantic,8,187.9,0.3395000100135803
SU00532_10_SESS_U00532_10_0_0,U00532,SESS_U00532_10_0,2026-06-11 16:00:00,knife set non-tsick,3,ai_semantic,8,185.2,0.6449000239372253
SU00532_10_SESS_U00532_10_0_1,U00532,SESS_U00532_10_0,2026-06-11 07:43:00,foldable headlamp for winter,4,ai_semantic,8,174.0,0.7745000123977661
SU00533_10_SESS_U00533_10_0_0,U00533,SESS_U00533_10_0,2026-06-11 19:08:00,gift box set,3,legacy,8,117.0,0.5923
SU00535_10_SESS_U00535_10_0_0,U00535,SESS_U00535_10_0,2026-06-11 09:22:00,slip-on winter boots for winter,5,ai_semantic,8,154.2,0.8959000110626221
SU00535_10_SESS_U00535_10_0_1,U00535,SESS_U00535_10_0,2026-06-11 16:32:00,best sweater for rain,4,ai_semantic,8,177.1,0.6552000045776367
SU00535_10_SESS_U00535_10_0_2,U00535,SESS_U00535_10_0,2026-06-11 19:28:00,rustic keychain,2,ai_semantic,8,128.8,0.9023000001907349
SU00536_10_SESS_U00536_10_0_0,U00536,SESS_U00536_10_0,2026-06-11 13:39:00,somthing for rain,3,ai_semantic,8,183.9,0.5149999856948853
SU00536_10_SESS_U00536_10_0_1,U00536,SESS_U00536_10_0,2026-06-11 13:28:00,dishwasher-safe knife set for a gift,6,ai_semantic,8,149.0,0.810699999332428
SU00536_10_SESS_U00536_10_1_0,U00536,SESS_U00536_10_1,2026-06-11 11:03:00,best webcam for hiking,4,ai_semantic,8,170.3,0.6033999919891357
SU00539_10_SESS_U00539_10_0_0,U00539,SESS_U00539_10_0,2026-06-11 13:13:00,handmade candle,2,legacy,8,94.1,0.5589
SU00542_10_SESS_U00542_10_0_0,U00542,SESS_U00542_10_0,2026-06-11 20:58:00,speaekr bluetotoh,2,ai_semantic,8,173.4,0.301800012588501
SU00544_10_SESS_U00544_10_0_0,U00544,SESS_U00544_10_0,2026-06-11 07:04:00,gift sleeping bag,3,legacy,8,75.8,0.5959
SU00544_10_SESS_U00544_10_0_1,U00544,SESS_U00544_10_0,2026-06-11 07:41:00,wecbam under 50 dollars,4,legacy,0,114.1,
SU00544_10_SESS_U00544_10_1_0,U00544,SESS_U00544_10_1,2026-06-11 11:09:00,best keychain for travel,4,legacy,8,77.6,0.5712
SU00548_10_SESS_U00548_10_0_0,U00548,SESS_U00548_10_0,2026-06-11 16:09:00,engraved gift box set for winter,6,legacy,8,94.3,0.4848
SU00548_10_SESS_U00548_10_1_0,U00548,SESS_U00548_10_1,2026-06-11 16:11:00,rian coat,2,legacy,6,96.3,0.5894
SU00548_10_SESS_U00548_10_1_1,U00548,SESS_U00548_10_1,2026-06-11 12:51:00,moisture-wicking rain caot,3,legacy,8,97.5,0.5793
SU00551_10_SESS_U00551_10_0_0,U00551,SESS_U00551_10_0,2026-06-11 17:05:00,insulated cleats for hiking,4,ai_semantic,8,198.4,0.711899995803833
SU00557_10_SESS_U00557_10_0_0,U00557,SESS_U00557_10_0,2026-06-11 10:27:00,gift blender,2,ai_semantic,8,168.5,0.5649999976158142
SU00560_10_SESS_U00560_10_0_0,U00560,SESS_U00560_10_0,2026-06-11 22:07:00,elgeant desk ornament for camping,5,ai_semantic,8,179.1,0.6159999966621399
SU00560_10_SESS_U00560_10_0_1,U00560,SESS_U00560_10_0,2026-06-11 18:58:00,compact cooler,2,ai_semantic,8,181.1,0.8759999871253967
SU00566_10_SESS_U00566_10_0_0,U00566,SESS_U00566_10_0,2026-06-11 10:05:00,cheap coffee maker,3,legacy,5,75.9,0.5467
SU00567_10_SESS_U00567_10_0_0,U00567,SESS_U00567_10_0,2026-06-11 13:14:00,foldable backpack,2,ai_semantic,8,197.3,0.8041999936103821
SU00569_10_SESS_U00569_10_0_0,U00569,SESS_U00569_10_0,2026-06-11 11:22:00,claets,1,ai_semantic,8,184.1,0.4961000084877014
SU00570_10_SESS_U00570_10_0_0,U00570,SESS_U00570_10_0,2026-06-11 18:44:00,gift wecbam,2,legacy,6,104.6,0.4882
SU00570_10_SESS_U00570_10_1_0,U00570,SESS_U00570_10_1,2026-06-11 13:44:00,best backpack for a gift,5,legacy,8,125.7,0.5511
SU00577_10_SESS_U00577_10_0_0,U00577,SESS_U00577_10_0,2026-06-11 08:36:00,cheap hiking boots,3,ai_semantic,8,179.2,0.7289999723434448
SU00577_10_SESS_U00577_10_0_1,U00577,SESS_U00577_10_0,2026-06-11 14:56:00,best smartwatch for camping,4,ai_semantic,8,216.2,0.5687000155448914
SU00579_10_SESS_U00579_10_0_0,U00579,SESS_U00579_10_0,2026-06-11 13:09:00,rani coat sfot,3,legacy,6,84.9,0.594
SU00581_10_SESS_U00581_10_0_0,U00581,SESS_U00581_10_0,2026-06-11 07:30:00,toaster under 50 dollars,4,ai_semantic,8,179.4,0.6606000065803528
SU00582_10_SESS_U00582_10_0_0,U00582,SESS_U00582_10_0,2026-06-11 12:53:00,gift backpack,2,ai_semantic,8,162.9,0.6812999844551086
SU00582_10_SESS_U00582_10_0_1,U00582,SESS_U00582_10_0,2026-06-11 12:53:00,toaster,1,ai_semantic,8,181.6,0.7815999984741211
SU00584_10_SESS_U00584_10_0_0,U00584,SESS_U00584_10_0,2026-06-11 08:05:00,gift fleece pullover,3,ai_semantic,8,243.4,0.8116999864578247
SU00587_10_SESS_U00587_10_0_0,U00587,SESS_U00587_10_0,2026-06-11 14:34:00,gift steel toaster,3,ai_semantic,8,150.1,0.6625000238418579
SU00588_10_SESS_U00588_10_0_0,U00588,SESS_U00588_10_0,2026-06-11 12:59:00,breathable loafers for travel,4,legacy,8,89.7,0.5749
SU00591_10_SESS_U00591_10_0_0,U00591,SESS_U00591_10_0,2026-06-11 09:07:00,smartwatch under 50 dollars,4,ai_semantic,8,175.2,0.5958999991416931
SU00591_10_SESS_U00591_10_0_1,U00591,SESS_U00591_10_0,2026-06-11 21:49:00,portable speaker,2,ai_semantic,8,202.9,0.8668000102043152
SU00592_10_SESS_U00592_10_0_0,U00592,SESS_U00592_10_0,2026-06-11 19:24:00,cushioned sneakers for the office,5,ai_semantic,8,156.2,0.8547000288963318
SU00596_10_SESS_U00596_10_0_0,U00596,SESS_U00596_10_0,2026-06-11 22:40:00,best candle for the office,5,legacy,8,99.0,0.5659
SU00596_10_SESS_U00596_10_0_1,U00596,SESS_U00596_10_0,2026-06-11 07:21:00,cheap tent,2,legacy,7,115.5,0.4773
SU00597_10_SESS_U00597_10_0_0,U00597,SESS_U00597_10_0,2026-06-11 17:05:00,somthing for a gift,4,ai_semantic,8,217.2,0.38440001010894775
SU00597_10_SESS_U00597_10_0_1,U00597,SESS_U00597_10_0,2026-06-11 12:03:00,somthing for the office,4,ai_semantic,8,185.6,0.2831999957561493
SU00597_10_SESS_U00597_10_1_0,U00597,SESS_U00597_10_1,2026-06-11 21:18:00,minimalist desk ornament for the office,6,ai_semantic,8,171.6,0.8751000165939331
SU00597_10_SESS_U00597_10_1_1,U00597,SESS_U00597_10_1,2026-06-11 18:10:00,gift headhpones,2,ai_semantic,8,187.5,0.45500001311302185
SU00599_10_SESS_U00599_10_0_0,U00599,SESS_U00599_10_0,2026-06-11 10:05:00,wireless power bank for rain,5,legacy,8,104.1,0.5953
SU00600_10_SESS_U00600_10_0_0,U00600,SESS_U00600_10_0,2026-06-11 17:20:00,keyhcain,1,legacy,0,87.5,
SU00607_10_SESS_U00607_10_0_0,U00607,SESS_U00607_10_0,2026-06-11 14:39:00,gift desk ornament,3,legacy,8,71.4,0.5101
SU00608_10_SESS_U00608_10_0_0,U00608,SESS_U00608_10_0,2026-06-11 17:25:00,electric cookware set for my mom,6,legacy,8,87.3,0.574
SU00608_10_SESS_U00608_10_1_0,U00608,SESS_U00608_10_1,2026-06-11 09:46:00,cheap cookware set,3,legacy,8,69.5,0.5236
SU00608_10_SESS_U00608_10_1_1,U00608,SESS_U00608_10_1,2026-06-11 17:47:00,somthing for travel,3,legacy,8,103.0,0.5995
SU00612_10_SESS_U00612_10_0_0,U00612,SESS_U00612_10_0,2026-06-11 15:57:00,somthing for gym,3,ai_semantic,8,114.1,0.29350000619888306
SU00612_10_SESS_U00612_10_0_1,U00612,SESS_U00612_10_0,2026-06-11 18:56:00,webcam,1,ai_semantic,8,221.1,0.755299985408783
SU00622_10_SESS_U00622_10_0_0,U00622,SESS_U00622_10_0,2026-06-11 20:32:00,compact charging cable for rain,5,legacy,8,111.6,0.4957
SU00631_10_SESS_U00631_10_0_0,U00631,SESS_U00631_10_0,2026-06-11 21:13:00,rain coat lightweihgt,3,ai_semantic,8,186.9,0.570900022983551
SU00634_10_SESS_U00634_10_0_0,U00634,SESS_U00634_10_0,2026-06-11 15:57:00,best charging cable for hiking,5,legacy,8,75.4,0.5469
SU00634_10_SESS_U00634_10_1_0,U00634,SESS_U00634_10_1,2026-06-11 15:23:00,bset tent for hiking,4,legacy,8,79.7,0.5612
SU00634_10_SESS_U00634_10_1_1,U00634,SESS_U00634_10_1,2026-06-11 08:11:00,somthing for gym,3,legacy,8,86.0,0.5712
SU00636_10_SESS_U00636_10_0_0,U00636,SESS_U00636_10_0,2026-06-11 22:51:00,sweater czoy,2,legacy,7,67.5,0.5985
SU00637_10_SESS_U00637_10_0_0,U00637,SESS_U00637_10_0,2026-06-11 21:33:00,non-stick air fryer for rain,5,ai_semantic,8,193.2,0.6256999969482422
SU00637_10_SESS_U00637_10_0_1,U00637,SESS_U00637_10_0,2026-06-11 17:08:00,portable speaker,2,ai_semantic,8,157.0,0.8668000102043152
SU00637_10_SESS_U00637_10_0_2,U00637,SESS_U00637_10_0,2026-06-11 12:30:00,gift hodoie,2,ai_semantic,8,250.1,0.36649999022483826
SU00646_10_SESS_U00646_10_0_0,U00646,SESS_U00646_10_0,2026-06-11 10:39:00,wireless earbuds for hiking,4,ai_semantic,8,217.5,0.7402999997138977
SU00654_10_SESS_U00654_10_0_0,U00654,SESS_U00654_10_0,2026-06-11 19:41:00,rustic dsek ornament,3,ai_semantic,8,200.8,0.6238999962806702
SU00654_10_SESS_U00654_10_0_1,U00654,SESS_U00654_10_0,2026-06-11 18:48:00,compact charging cable for travel,5,ai_semantic,8,242.5,0.7336000204086304
SU00654_10_SESS_U00654_10_1_0,U00654,SESS_U00654_10_1,2026-06-11 09:27:00,cooler under 50 dollars,4,ai_semantic,8,158.3,0.5360000133514404
SU00654_10_SESS_U00654_10_1_1,U00654,SESS_U00654_10_1,2026-06-11 13:01:00,best hammock for a gift,5,ai_semantic,8,173.0,0.8047000169754028
SU00658_10_SESS_U00658_10_0_0,U00658,SESS_U00658_10_0,2026-06-11 21:29:00,headlamp,1,legacy,6,63.1,0.5767
SU00659_10_SESS_U00659_10_0_0,U00659,SESS_U00659_10_0,2026-06-11 14:40:00,journal,1,ai_semantic,8,184.3,0.6930000185966492
SU00665_10_SESS_U00665_10_0_0,U00665,SESS_U00665_10_0,2026-06-11 18:40:00,foldable tent,2,ai_semantic,8,178.0,0.7885000109672546
SU00665_10_SESS_U00665_10_0_1,U00665,SESS_U00665_10_0,2026-06-11 19:54:00,gift tnet,2,ai_semantic,8,180.2,0.5236999988555908
SU00666_10_SESS_U00666_10_0_0,U00666,SESS_U00666_10_0,2026-06-11 07:19:00,best headlamp for rain,4,legacy,8,101.4,0.5906
SU00669_10_SESS_U00669_10_0_0,U00669,SESS_U00669_10_0,2026-06-11 14:25:00,insulated cleats for gym,4,ai_semantic,8,203.3,0.7139000296592712
SU00670_10_SESS_U00670_10_0_0,U00670,SESS_U00670_10_0,2026-06-11 12:47:00,cozy jacket,2,ai_semantic,8,175.0,0.8084999918937683
SU00673_10_SESS_U00673_10_0_0,U00673,SESS_U00673_10_0,2026-06-11 18:17:00,gift beanie,2,legacy,8,64.3,0.5867
SU00673_10_SESS_U00673_10_0_1,U00673,SESS_U00673_10_0,2026-06-11 12:24:00,gfit box set,3,legacy,8,79.0,0.559
SU00674_10_SESS_U00674_10_0_0,U00674,SESS_U00674_10_0,2026-06-11 17:30:00,cozy jacekt,2,ai_semantic,8,164.7,0.4706999957561493
SU00676_10_SESS_U00676_10_0_0,U00676,SESS_U00676_10_0,2026-06-11 15:17:00,air fryer electrci,3,ai_semantic,8,205.6,0.7498000264167786
SU00679_10_SESS_U00679_10_0_0,U00679,SESS_U00679_10_0,2026-06-11 10:36:00,gift headphones,2,legacy,8,52.3,0.5753
SU00680_10_SESS_U00680_10_0_0,U00680,SESS_U00680_10_0,2026-06-11 16:17:00,gift keychain,2,legacy,8,65.7,0.5581
SU00681_10_SESS_U00681_10_0_0,U00681,SESS_U00681_10_0,2026-06-11 07:25:00,sweater fleece-linde,2,legacy,7,66.8,0.5869
SU00681_10_SESS_U00681_10_0_1,U00681,SESS_U00681_10_0,2026-06-11 07:16:00,jacket coyz,2,legacy,6,126.0,0.5539
SU00681_10_SESS_U00681_10_1_0,U00681,SESS_U00681_10_1,2026-06-11 15:57:00,somthing for camping,3,legacy,8,105.8,0.5898
SU00682_10_SESS_U00682_10_0_0,U00682,SESS_U00682_10_0,2026-06-11 15:11:00,sneakers,1,legacy,7,75.5,0.5675
SU00682_10_SESS_U00682_10_0_1,U00682,SESS_U00682_10_0,2026-06-11 16:39:00,cheap hammock,2,legacy,7,101.0,0.5719
SU00683_10_SESS_U00683_10_0_0,U00683,SESS_U00683_10_0,2026-06-11 18:41:00,best running shose for gym,5,ai_semantic,8,177.6,0.5101000070571899
SU00683_10_SESS_U00683_10_0_1,U00683,SESS_U00683_10_0,2026-06-11 19:33:00,trail winter boots for hiking,5,ai_semantic,8,186.6,0.7390000224113464
SU00683_10_SESS_U00683_10_0_2,U00683,SESS_U00683_10_0,2026-06-11 20:21:00,hiking boots lightwieght,3,ai_semantic,8,184.5,0.6625000238418579
SU00684_10_SESS_U00684_10_0_0,U00684,SESS_U00684_10_0,2026-06-11 16:45:00,gift sweater,2,legacy,8,128.4,0.4563
SU00684_10_SESS_U00684_10_1_0,U00684,SESS_U00684_10_1,2026-06-11 16:07:00,bluetooth webcam for camping,4,legacy,8,79.2,0.5483
SU00691_10_SESS_U00691_10_0_0,U00691,SESS_U00691_10_0,2026-06-11 21:11:00,cheap cleats,2,legacy,7,105.7,0.5597
SU00693_10_SESS_U00693_10_0_0,U00693,SESS_U00693_10_0,2026-06-11 09:20:00,best thermal leggings for the office,6,ai_semantic,8,140.2,0.8191999793052673
SU00693_10_SESS_U00693_10_0_1,U00693,SESS_U00693_10_0,2026-06-11 17:26:00,cleats,1,ai_semantic,8,144.0,0.7260000109672546
SU00695_10_SESS_U00695_10_0_0,U00695,SESS_U00695_10_0,2026-06-11 07:23:00,headphones,1,legacy,6,89.7,0.5677
SU00696_10_SESS_U00696_10_0_0,U00696,SESS_U00696_10_0,2026-06-11 20:11:00,weatherproof hammock,2,legacy,8,61.5,0.5113
SU00696_10_SESS_U00696_10_0_1,U00696,SESS_U00696_10_0,2026-06-11 12:46:00,insulated headlamp for hiking,4,legacy,8,73.1,0.5502
SU00705_10_SESS_U00705_10_0_0,U00705,SESS_U00705_10_0,2026-06-11 18:49:00,best sweater for gym,4,ai_semantic,8,214.9,0.6654000282287598
SU00705_10_SESS_U00705_10_1_0,U00705,SESS_U00705_10_1,2026-06-11 21:36:00,gift headphoens,2,ai_semantic,8,230.4,0.4300999939441681
SU00705_10_SESS_U00705_10_1_1,U00705,SESS_U00705_10_1,2026-06-11 10:05:00,minimalist desk ornaemnt,3,ai_semantic,8,145.8,0.815500020980835
SU00706_10_SESS_U00706_10_0_0,U00706,SESS_U00706_10_0,2026-06-11 18:55:00,cheap knife set,3,ai_semantic,8,219.0,0.678600013256073
SU00708_10_SESS_U00708_10_0_0,U00708,SESS_U00708_10_0,2026-06-11 15:39:00,camp stove under 50 dollars,5,legacy,6,91.7,0.572
SU00708_10_SESS_U00708_10_1_0,U00708,SESS_U00708_10_1,2026-06-11 14:38:00,compact webcam,2,legacy,8,96.2,0.5922
SU00711_10_SESS_U00711_10_0_0,U00711,SESS_U00711_10_0,2026-06-11 08:38:00,hiking boots,2,legacy,8,78.7,0.579
SU00711_10_SESS_U00711_10_0_1,U00711,SESS_U00711_10_0,2026-06-11 09:00:00,somthing for rain,3,legacy,8,50.8,0.5962
SU00711_10_SESS_U00711_10_0_2,U00711,SESS_U00711_10_0,2026-06-11 10:27:00,rustic candle,2,legacy,8,46.5,0.5813
SU00713_10_SESS_U00713_10_0_0,U00713,SESS_U00713_10_0,2026-06-11 15:39:00,waterproof snekaers,2,ai_semantic,8,193.7,0.4805000126361847
SU00713_10_SESS_U00713_10_0_1,U00713,SESS_U00713_10_0,2026-06-11 18:15:00,cheap candle,2,ai_semantic,8,216.3,0.699400007724762
SU00716_10_SESS_U00716_10_0_0,U00716,SESS_U00716_10_0,2026-06-11 08:48:00,somthing for hiking,3,legacy,8,72.4,0.5873
SU00719_10_SESS_U00719_10_0_0,U00719,SESS_U00719_10_0,2026-06-11 14:49:00,bcakpack,1,ai_semantic,8,181.3,0.2207999974489212
SU00720_10_SESS_U00720_10_0_0,U00720,SESS_U00720_10_0,2026-06-11 16:45:00,gift blender,2,legacy,8,68.1,0.5742
SU00720_10_SESS_U00720_10_0_1,U00720,SESS_U00720_10_0,2026-06-11 22:46:00,candle pesronalized,2,legacy,6,114.4,0.5229
SU00726_10_SESS_U00726_10_0_0,U00726,SESS_U00726_10_0,2026-06-11 10:26:00,gift cleats,2,ai_semantic,8,204.1,0.6107000112533569
SU00735_10_SESS_U00735_10_0_0,U00735,SESS_U00735_10_0,2026-06-11 07:25:00,portable earbuds for gym,4,legacy,8,68.5,0.5848
SU00737_10_SESS_U00737_10_0_0,U00737,SESS_U00737_10_0,2026-06-11 15:56:00,fleece pullover under 50 dollars,5,ai_semantic,8,184.0,0.7441999912261963
SU00741_10_SESS_U00741_10_0_0,U00741,SESS_U00741_10_0,2026-06-11 15:20:00,high-top running shoes for winter,5,legacy,8,86.3,0.5667
SU00741_10_SESS_U00741_10_0_1,U00741,SESS_U00741_10_0,2026-06-11 09:37:00,minimalist mug for the office,5,legacy,8,79.8,0.5841
SU00752_10_SESS_U00752_10_0_0,U00752,SESS_U00752_10_0,2026-06-11 09:10:00,wireless earbuds,2,legacy,8,98.1,0.5937
SU00752_10_SESS_U00752_10_0_1,U00752,SESS_U00752_10_0,2026-06-11 16:15:00,candle under 50 dollars,4,legacy,6,101.0,0.5165
SU00757_10_SESS_U00757_10_0_0,U00757,SESS_U00757_10_0,2026-06-11 12:28:00,cheap headlamp,2,legacy,6,79.3,0.5942
SU00758_10_SESS_U00758_10_0_0,U00758,SESS_U00758_10_0,2026-06-11 15:10:00,best air fryer for my mom,6,legacy,8,92.7,0.5975
SU00759_10_SESS_U00759_10_0_0,U00759,SESS_U00759_10_0,2026-06-11 17:07:00,windproof sweater for gym,4,ai_semantic,8,227.6,0.8202000260353088
SU00760_10_SESS_U00760_10_0_0,U00760,SESS_U00760_10_0,2026-06-11 22:10:00,gift beanie,2,legacy,8,61.9,0.5875
SU00760_10_SESS_U00760_10_0_1,U00760,SESS_U00760_10_0,2026-06-11 14:38:00,non-stick air fryer for rain,5,legacy,8,68.2,0.5548
SU00761_10_SESS_U00761_10_0_0,U00761,SESS_U00761_10_0,2026-06-11 07:07:00,winter boots under 50 dollars,5,legacy,8,78.3,0.5921
SU00761_10_SESS_U00761_10_0_1,U00761,SESS_U00761_10_0,2026-06-11 17:50:00,weatherrpoof tent,2,legacy,7,97.9,0.5021
SU00761_10_SESS_U00761_10_0_2,U00761,SESS_U00761_10_0,2026-06-11 09:55:00,handmade candle for hiking,4,legacy,8,109.3,0.5548
SU00763_10_SESS_U00763_10_0_0,U00763,SESS_U00763_10_0,2026-06-11 08:47:00,rain coat under 50 dollars,5,ai_semantic,8,178.5,0.5964000225067139
SU00763_10_SESS_U00763_10_0_1,U00763,SESS_U00763_10_0,2026-06-11 13:49:00,somthing for hiking,3,ai_semantic,8,169.3,0.5105999708175659
SU00765_10_SESS_U00765_10_0_0,U00765,SESS_U00765_10_0,2026-06-11 19:38:00,compact mixing bwol for my mom,6,ai_semantic,8,129.8,0.560699999332428
SU00768_10_SESS_U00768_10_0_0,U00768,SESS_U00768_10_0,2026-06-11 09:19:00,portable headphones for travel,4,legacy,8,87.4,0.5703
SU00769_10_SESS_U00769_10_0_0,U00769,SESS_U00769_10_0,2026-06-11 14:10:00,gift sleeping bag,3,ai_semantic,8,161.7,0.7264999747276306
SU00776_10_SESS_U00776_10_0_0,U00776,SESS_U00776_10_0,2026-06-11 16:40:00,cozy fleece pullover,3,ai_semantic,8,185.7,0.9150999784469604
SU00777_10_SESS_U00777_10_0_0,U00777,SESS_U00777_10_0,2026-06-11 08:32:00,sotmhing for a gift,4,ai_semantic,8,111.1,0.4683000147342682
SU00777_10_SESS_U00777_10_0_1,U00777,SESS_U00777_10_0,2026-06-11 09:58:00,gift tnet,2,ai_semantic,8,191.5,0.5236999988555908
SU00780_10_SESS_U00780_10_0_0,U00780,SESS_U00780_10_0,2026-06-11 22:57:00,gfit keychain,2,legacy,6,85.0,0.5847
SU00781_10_SESS_U00781_10_0_0,U00781,SESS_U00781_10_0,2026-06-11 19:59:00,elegant desk ornament for winter,5,legacy,8,91.4,0.576
SU00782_10_SESS_U00782_10_0_0,U00782,SESS_U00782_10_0,2026-06-11 10:52:00,foldable cooler,2,legacy,8,58.5,0.5503
SU00783_10_SESS_U00783_10_0_0,U00783,SESS_U00783_10_0,2026-06-11 21:45:00,gift box set under 50 dollars,6,ai_semantic,8,219.3,0.6812999844551086
SU00790_10_SESS_U00790_10_0_0,U00790,SESS_U00790_10_0,2026-06-11 16:10:00,gift power bank,3,ai_semantic,8,207.5,0.6348000168800354
SU00791_10_SESS_U00791_10_0_0,U00791,SESS_U00791_10_0,2026-06-11 19:47:00,mug eelgatn,2,ai_semantic,8,178.8,0.4311000108718872
SU00793_10_SESS_U00793_10_0_0,U00793,SESS_U00793_10_0,2026-06-11 12:41:00,somthing for travel,3,legacy,8,83.7,0.5693
SU00793_10_SESS_U00793_10_1_0,U00793,SESS_U00793_10_1,2026-06-11 08:41:00,rustic photo frame for camping,5,legacy,8,115.3,0.5977
SU00793_10_SESS_U00793_10_1_1,U00793,SESS_U00793_10_1,2026-06-11 17:20:00,cheap sneakers,2,legacy,7,89.7,0.5958
SU00799_10_SESS_U00799_10_0_0,U00799,SESS_U00799_10_0,2026-06-11 21:45:00,power bank,2,legacy,6,100.2,0.5976
SU00799_10_SESS_U00799_10_1_0,U00799,SESS_U00799_10_1,2026-06-11 14:53:00,cozy rain coat for winter,5,legacy,8,89.6,0.5382
SU00002_11_SESS_U00002_11_0_0,U00002,SESS_U00002_11_0,2026-06-12 13:00:00,smartwatch,1,legacy,5,90.6,0.5915
SU00002_11_SESS_U00002_11_0_1,U00002,SESS_U00002_11_0,2026-06-12 17:28:00,backpack inuslated,2,legacy,6,81.1,0.5949
SU00002_11_SESS_U00002_11_1_0,U00002,SESS_U00002_11_1,2026-06-12 09:09:00,running shoes csuhioned,3,legacy,8,85.1,0.5886
SU00002_11_SESS_U00002_11_1_1,U00002,SESS_U00002_11_1,2026-06-12 21:16:00,backpack weatherproof,2,legacy,8,101.6,0.5925
SU00002_11_SESS_U00002_11_1_2,U00002,SESS_U00002_11_1,2026-06-12 10:40:00,best keychain for rani,4,legacy,8,68.4,0.5302
SU00003_11_SESS_U00003_11_0_0,U00003,SESS_U00003_11_0,2026-06-12 08:55:00,cheap jacket,2,ai_semantic,8,243.2,0.6244000196456909
SU00003_11_SESS_U00003_11_0_1,U00003,SESS_U00003_11_0,2026-06-12 07:58:00,cushioned cleats,2,ai_semantic,8,182.1,0.8906000256538391
SU00004_11_SESS_U00004_11_0_0,U00004,SESS_U00004_11_0,2026-06-12 18:46:00,beanie,1,legacy,5,32.1,0.5964
SU00005_11_SESS_U00005_11_0_0,U00005,SESS_U00005_11_0,2026-06-12 20:14:00,cheap journal,2,legacy,6,87.2,0.5291
SU00005_11_SESS_U00005_11_1_0,U00005,SESS_U00005_11_1,2026-06-12 14:07:00,gift hiking boots,3,legacy,8,74.2,0.5201
SU00005_11_SESS_U00005_11_1_1,U00005,SESS_U00005_11_1,2026-06-12 21:53:00,ultralight cooler,2,legacy,8,122.6,0.5976
SU00005_11_SESS_U00005_11_1_2,U00005,SESS_U00005_11_1,2026-06-12 20:06:00,cheap power bank,3,legacy,6,60.9,0.5354
SU00009_11_SESS_U00009_11_0_0,U00009,SESS_U00009_11_0,2026-06-12 12:52:00,winter boots,2,legacy,8,112.4,0.5741
SU00009_11_SESS_U00009_11_0_1,U00009,SESS_U00009_11_0,2026-06-12 07:03:00,somthing for winter,3,legacy,8,96.7,0.5094
SU00012_11_SESS_U00012_11_0_0,U00012,SESS_U00012_11_0,2026-06-12 19:42:00,hammock potrable,2,ai_semantic,8,100.6,0.6467999815940857
SU00017_11_SESS_U00017_11_0_0,U00017,SESS_U00017_11_0,2026-06-12 12:32:00,headlamp weathreproof,2,ai_semantic,8,153.2,0.6862000226974487
SU00017_11_SESS_U00017_11_0_1,U00017,SESS_U00017_11_0,2026-06-12 15:24:00,gift sandlas,2,ai_semantic,8,177.0,0.3452000021934509
SU00017_11_SESS_U00017_11_1_0,U00017,SESS_U00017_11_1,2026-06-12 20:07:00,somthing for travel,3,ai_semantic,8,152.6,0.3716999888420105
SU00020_11_SESS_U00020_11_0_0,U00020,SESS_U00020_11_0,2026-06-12 15:49:00,headphones wrieless,2,legacy,6,107.0,0.5889
SU00021_11_SESS_U00021_11_0_0,U00021,SESS_U00021_11_0,2026-06-12 15:57:00,cheap headphones,2,legacy,6,117.7,0.508
SU00021_11_SESS_U00021_11_0_1,U00021,SESS_U00021_11_0,2026-06-12 12:27:00,lighwteight jacket,2,legacy,6,73.6,0.5686
SU00026_11_SESS_U00026_11_0_0,U00026,SESS_U00026_11_0,2026-06-12 15:49:00,hammock,1,legacy,7,56.0,0.5631
SU00028_11_SESS_U00028_11_0_0,U00028,SESS_U00028_11_0,2026-06-12 17:33:00,gift wecbam,2,ai_semantic,8,166.7,0.47450000047683716
SU00028_11_SESS_U00028_11_0_1,U00028,SESS_U00028_11_0,2026-06-12 17:53:00,sleeping bag under 50 dollars,5,ai_semantic,8,200.1,0.6424999833106995
SU00030_11_SESS_U00030_11_0_0,U00030,SESS_U00030_11_0,2026-06-12 09:59:00,hiking boots trial,3,legacy,8,102.0,0.5378
SU00030_11_SESS_U00030_11_0_1,U00030,SESS_U00030_11_0,2026-06-12 16:07:00,mug under 50 dollars,4,legacy,6,102.7,0.5996
SU00033_11_SESS_U00033_11_0_0,U00033,SESS_U00033_11_0,2026-06-12 09:17:00,journal under 50 dollars,4,legacy,6,75.3,0.556
SU00033_11_SESS_U00033_11_0_1,U00033,SESS_U00033_11_0,2026-06-12 07:15:00,gift keychain,2,legacy,8,88.2,0.5869
SU00034_11_SESS_U00034_11_0_0,U00034,SESS_U00034_11_0,2026-06-12 14:57:00,somthing for a gift,4,legacy,8,73.1,0.5248
SU00034_11_SESS_U00034_11_0_1,U00034,SESS_U00034_11_0,2026-06-12 12:00:00,somthing for rain,3,legacy,8,95.4,0.587
SU00036_11_SESS_U00036_11_0_0,U00036,SESS_U00036_11_0,2026-06-12 14:54:00,somthing for travel,3,legacy,8,98.7,0.5292
SU00038_11_SESS_U00038_11_0_0,U00038,SESS_U00038_11_0,2026-06-12 19:35:00,cheap earbuds,2,legacy,6,83.3,0.5428
SU00038_11_SESS_U00038_11_0_1,U00038,SESS_U00038_11_0,2026-06-12 21:26:00,cheap mug,2,legacy,6,123.7,0.5209
SU00039_11_SESS_U00039_11_0_0,U00039,SESS_U00039_11_0,2026-06-12 15:56:00,photo frame handmdae,3,legacy,6,90.3,0.5261
SU00051_11_SESS_U00051_11_0_0,U00051,SESS_U00051_11_0,2026-06-12 09:22:00,best headlamp for rain,4,ai_semantic,8,152.7,0.6938999891281128
SU00052_11_SESS_U00052_11_0_0,U00052,SESS_U00052_11_0,2026-06-12 09:40:00,slip-on cleats,2,ai_semantic,8,181.6,0.881600022315979
SU00052_11_SESS_U00052_11_0_1,U00052,SESS_U00052_11_0,2026-06-12 17:05:00,dishwasher-safe blender,2,ai_semantic,8,202.2,0.89410001039505
SU00052_11_SESS_U00052_11_1_0,U00052,SESS_U00052_11_1,2026-06-12 15:39:00,somthing for travel,3,ai_semantic,8,135.0,0.3716999888420105
SU00053_11_SESS_U00053_11_0_0,U00053,SESS_U00053_11_0,2026-06-12 17:06:00,photo frame under 50 dollars,5,ai_semantic,8,194.9,0.5997999906539917
SU00053_11_SESS_U00053_11_0_1,U00053,SESS_U00053_11_0,2026-06-12 14:21:00,weatherproof hamomck,2,ai_semantic,8,168.7,0.807699978351593
SU00055_11_SESS_U00055_11_0_0,U00055,SESS_U00055_11_0,2026-06-12 18:06:00,waterproof winter boots,3,ai_semantic,8,193.2,0.8611000180244446
SU00057_11_SESS_U00057_11_0_0,U00057,SESS_U00057_11_0,2026-06-12 18:53:00,gift speaker,2,legacy,8,90.3,0.5688
SU00057_11_SESS_U00057_11_0_1,U00057,SESS_U00057_11_0,2026-06-12 20:39:00,hiking boots under 50 dollars,5,legacy,8,85.1,0.5955
SU00060_11_SESS_U00060_11_0_0,U00060,SESS_U00060_11_0,2026-06-12 07:52:00,cheap cooler,2,ai_semantic,8,165.2,0.636900007724762
SU00060_11_SESS_U00060_11_0_1,U00060,SESS_U00060_11_0,2026-06-12 19:17:00,cozy rain coat for gym,5,ai_semantic,8,179.0,0.6736999750137329
SU00061_11_SESS_U00061_11_0_0,U00061,SESS_U00061_11_0,2026-06-12 22:17:00,cheap blender,2,legacy,6,118.0,0.5894
SU00066_11_SESS_U00066_11_0_0,U00066,SESS_U00066_11_0,2026-06-12 20:48:00,bluetooth charging cable,3,ai_semantic,8,222.8,0.794700026512146
SU00066_11_SESS_U00066_11_0_1,U00066,SESS_U00066_11_0,2026-06-12 09:51:00,somthing for hkiing,3,ai_semantic,8,133.4,0.14480000734329224
SU00077_11_SESS_U00077_11_0_0,U00077,SESS_U00077_11_0,2026-06-12 16:03:00,soft rain coat,3,ai_semantic,8,166.1,0.8342999815940857
SU00081_11_SESS_U00081_11_0_0,U00081,SESS_U00081_11_0,2026-06-12 16:09:00,mug under 50 dollars,4,ai_semantic,8,181.0,0.4936999976634979
SU00086_11_SESS_U00086_11_0_0,U00086,SESS_U00086_11_0,2026-06-12 17:53:00,blender,1,legacy,6,57.2,0.5293
SU00086_11_SESS_U00086_11_0_1,U00086,SESS_U00086_11_0,2026-06-12 14:26:00,somthing for winter,3,legacy,8,85.8,0.6
SU00088_11_SESS_U00088_11_0_0,U00088,SESS_U00088_11_0,2026-06-12 13:03:00,potrable backpack,2,legacy,6,108.9,0.5747
SU00088_11_SESS_U00088_11_0_1,U00088,SESS_U00088_11_0,2026-06-12 17:32:00,gift backpack,2,legacy,8,69.9,0.5574
SU00088_11_SESS_U00088_11_1_0,U00088,SESS_U00088_11_1,2026-06-12 19:44:00,bakcpack,1,legacy,0,120.3,
SU00092_11_SESS_U00092_11_0_0,U00092,SESS_U00092_11_0,2026-06-12 14:02:00,keychain presonalized,2,legacy,6,95.8,0.5604
SU00095_11_SESS_U00095_11_0_0,U00095,SESS_U00095_11_0,2026-06-12 09:03:00,gift box set elegatn,4,ai_semantic,8,165.8,0.7595000267028809
SU00106_11_SESS_U00106_11_0_0,U00106,SESS_U00106_11_0,2026-06-12 15:05:00,cheap photo frame,3,ai_semantic,8,207.4,0.6934999823570251
SU00109_11_SESS_U00109_11_0_0,U00109,SESS_U00109_11_0,2026-06-12 18:43:00,cheap keychani,2,legacy,0,95.0,
SU00110_11_SESS_U00110_11_0_0,U00110,SESS_U00110_11_0,2026-06-12 20:19:00,backpack,1,legacy,6,92.1,0.5803
SU00110_11_SESS_U00110_11_0_1,U00110,SESS_U00110_11_0,2026-06-12 12:34:00,somthing for my mom,4,legacy,8,120.1,0.5882
SU00110_11_SESS_U00110_11_0_2,U00110,SESS_U00110_11_0,2026-06-12 07:44:00,somthing for a gift,4,legacy,8,112.0,0.5846
SU00112_11_SESS_U00112_11_0_0,U00112,SESS_U00112_11_0,2026-06-12 17:49:00,mug personailzed,2,legacy,6,84.3,0.5941
SU00115_11_SESS_U00115_11_0_0,U00115,SESS_U00115_11_0,2026-06-12 09:06:00,insulaetd hammock for rain,4,ai_semantic,8,150.5,0.696399986743927
SU00115_11_SESS_U00115_11_0_1,U00115,SESS_U00115_11_0,2026-06-12 19:39:00,running shoes bretahable,3,ai_semantic,8,150.9,0.6843000054359436
SU00115_11_SESS_U00115_11_1_0,U00115,SESS_U00115_11_1,2026-06-12 15:32:00,windproof fleece pullover,3,ai_semantic,8,188.6,0.8953999876976013
SU00115_11_SESS_U00115_11_1_1,U00115,SESS_U00115_11_1,2026-06-12 19:17:00,waterproof running shoes,3,ai_semantic,8,113.6,0.8629999756813049
SU00115_11_SESS_U00115_11_1_2,U00115,SESS_U00115_11_1,2026-06-12 11:41:00,compact earbdus for camping,4,ai_semantic,8,166.8,0.6586999893188477
SU00117_11_SESS_U00117_11_0_0,U00117,SESS_U00117_11_0,2026-06-12 08:51:00,backpack,1,ai_semantic,8,204.8,0.6915000081062317
SU00118_11_SESS_U00118_11_0_0,U00118,SESS_U00118_11_0,2026-06-12 13:26:00,keychain,1,ai_semantic,8,183.1,0.8173999786376953
SU00118_11_SESS_U00118_11_0_1,U00118,SESS_U00118_11_0,2026-06-12 16:51:00,somthing for gym,3,ai_semantic,8,125.5,0.29350000619888306
SU00118_11_SESS_U00118_11_0_2,U00118,SESS_U00118_11_0,2026-06-12 11:58:00,best blender for winter,4,ai_semantic,8,155.9,0.4950000047683716
SU00118_11_SESS_U00118_11_1_0,U00118,SESS_U00118_11_1,2026-06-12 08:00:00,gift webcam,2,ai_semantic,8,189.0,0.6531999707221985
SU00118_11_SESS_U00118_11_1_1,U00118,SESS_U00118_11_1,2026-06-12 21:57:00,minimalist journal for winter,4,ai_semantic,8,200.0,0.7626000046730042
SU00118_11_SESS_U00118_11_1_2,U00118,SESS_U00118_11_1,2026-06-12 19:29:00,sandals under 50 dollars,4,ai_semantic,8,172.8,0.5776000022888184
SU00127_11_SESS_U00127_11_0_0,U00127,SESS_U00127_11_0,2026-06-12 17:27:00,trail hiking boots,3,ai_semantic,8,181.9,0.8169000148773193
SU00128_11_SESS_U00128_11_0_0,U00128,SESS_U00128_11_0,2026-06-12 20:50:00,lightweight thermal leggings,3,ai_semantic,8,139.7,0.9139000177383423
SU00133_11_SESS_U00133_11_0_0,U00133,SESS_U00133_11_0,2026-06-12 10:39:00,cheap headphones,2,ai_semantic,8,119.3,0.6647999882698059
SU00136_11_SESS_U00136_11_0_0,U00136,SESS_U00136_11_0,2026-06-12 17:59:00,photo frame,2,legacy,6,115.2,0.5817
SU00136_11_SESS_U00136_11_0_1,U00136,SESS_U00136_11_0,2026-06-12 16:32:00,weatherproof sleeping bag for travel,5,legacy,8,95.1,0.5678
SU00136_11_SESS_U00136_11_0_2,U00136,SESS_U00136_11_0,2026-06-12 09:52:00,ceramic mixign bowl,3,legacy,8,72.9,0.5258
SU00136_11_SESS_U00136_11_1_0,U00136,SESS_U00136_11_1,2026-06-12 21:51:00,best desk ornament for my mom,6,legacy,8,116.1,0.5802
SU00140_11_SESS_U00140_11_0_0,U00140,SESS_U00140_11_0,2026-06-12 19:04:00,mug,1,legacy,6,122.4,0.5869
SU00141_11_SESS_U00141_11_0_0,U00141,SESS_U00141_11_0,2026-06-12 16:01:00,gift thermal leggings,3,ai_semantic,8,149.1,0.7843000292778015
SU00142_11_SESS_U00142_11_0_0,U00142,SESS_U00142_11_0,2026-06-12 18:19:00,keychain enrgaved,2,legacy,6,98.3,0.552
SU00142_11_SESS_U00142_11_0_1,U00142,SESS_U00142_11_0,2026-06-12 13:26:00,stainless steel air fryer for a gift,7,legacy,8,46.9,0.5835
SU00142_11_SESS_U00142_11_0_2,U00142,SESS_U00142_11_0,2026-06-12 19:41:00,somthing for the office,4,legacy,8,102.9,0.5698
SU00148_11_SESS_U00148_11_0_0,U00148,SESS_U00148_11_0,2026-06-12 21:46:00,breathalbe sneakers for camping,4,legacy,8,115.6,0.5893
SU00148_11_SESS_U00148_11_0_1,U00148,SESS_U00148_11_0,2026-06-12 18:28:00,cheap hammock,2,legacy,7,116.2,0.5888
SU00149_11_SESS_U00149_11_0_0,U00149,SESS_U00149_11_0,2026-06-12 10:49:00,somthing for winter,3,legacy,8,125.4,0.5685
SU00149_11_SESS_U00149_11_0_1,U00149,SESS_U00149_11_0,2026-06-12 22:57:00,non-stick mixing bowl,3,legacy,8,94.5,0.5806
SU00149_11_SESS_U00149_11_1_0,U00149,SESS_U00149_11_1,2026-06-12 12:33:00,compact charging cable,3,legacy,8,75.2,0.5999
SU00151_11_SESS_U00151_11_0_0,U00151,SESS_U00151_11_0,2026-06-12 16:15:00,cheap journal,2,ai_semantic,8,169.7,0.682200014591217
SU00152_11_SESS_U00152_11_0_0,U00152,SESS_U00152_11_0,2026-06-12 08:19:00,best headlamp for camping,4,legacy,8,99.5,0.5529
SU00156_11_SESS_U00156_11_0_0,U00156,SESS_U00156_11_0,2026-06-12 21:01:00,charging cable under 50 dollars,5,ai_semantic,8,207.7,0.5597000122070312
SU00157_11_SESS_U00157_11_0_0,U00157,SESS_U00157_11_0,2026-06-12 07:52:00,somthnig for hiking,3,legacy,8,92.0,0.4773
SU00158_11_SESS_U00158_11_0_0,U00158,SESS_U00158_11_0,2026-06-12 17:06:00,best hammock for a gift,5,legacy,8,88.0,0.5841
SU00158_11_SESS_U00158_11_1_0,U00158,SESS_U00158_11_1,2026-06-12 11:12:00,heavy-duty hammock,2,legacy,8,101.0,0.5712
SU00158_11_SESS_U00158_11_1_1,U00158,SESS_U00158_11_1,2026-06-12 15:15:00,non-stick blender for the office,5,legacy,8,88.0,0.5562
SU00159_11_SESS_U00159_11_0_0,U00159,SESS_U00159_11_0,2026-06-12 16:49:00,headphones rechargealbe,2,ai_semantic,8,205.7,0.7110999822616577
SU00159_11_SESS_U00159_11_0_1,U00159,SESS_U00159_11_0,2026-06-12 11:04:00,hammock under 50 dollars,4,ai_semantic,8,173.2,0.7077000141143799
SU00159_11_SESS_U00159_11_0_2,U00159,SESS_U00159_11_0,2026-06-12 21:57:00,sweater,1,ai_semantic,8,230.9,0.7430999875068665
SU00161_11_SESS_U00161_11_0_0,U00161,SESS_U00161_11_0,2026-06-12 10:33:00,gfit sleeping bag,3,ai_semantic,8,223.6,0.6015999913215637
SU00165_11_SESS_U00165_11_0_0,U00165,SESS_U00165_11_0,2026-06-12 10:52:00,cheap fleece pullover,3,legacy,7,101.4,0.5994
SU00166_11_SESS_U00166_11_0_0,U00166,SESS_U00166_11_0,2026-06-12 10:06:00,cheap charging cable,3,legacy,6,96.0,0.5753
SU00170_11_SESS_U00170_11_0_0,U00170,SESS_U00170_11_0,2026-06-12 22:20:00,fleece-lined jacket,2,legacy,8,68.0,0.5584
SU00170_11_SESS_U00170_11_0_1,U00170,SESS_U00170_11_0,2026-06-12 18:01:00,hammock,1,legacy,7,107.2,0.5827
SU00171_11_SESS_U00171_11_0_0,U00171,SESS_U00171_11_0,2026-06-12 15:56:00,soft thermal leggings,3,legacy,8,58.5,0.5873
SU00176_11_SESS_U00176_11_0_0,U00176,SESS_U00176_11_0,2026-06-12 18:30:00,best photo frame for winter,5,ai_semantic,8,175.6,0.6218000054359436
SU00176_11_SESS_U00176_11_0_1,U00176,SESS_U00176_11_0,2026-06-12 08:22:00,hoodie,1,ai_semantic,8,211.9,0.6793000102043152
SU00181_11_SESS_U00181_11_0_0,U00181,SESS_U00181_11_0,2026-06-12 11:53:00,cheap gift box set,4,ai_semantic,8,104.5,0.7789000272750854
SU00183_11_SESS_U00183_11_0_0,U00183,SESS_U00183_11_0,2026-06-12 18:59:00,headphnoes,1,ai_semantic,8,192.2,0.3785000145435333
SU00188_11_SESS_U00188_11_0_0,U00188,SESS_U00188_11_0,2026-06-12 15:43:00,hoodie,1,legacy,7,127.6,0.5909
SU00194_11_SESS_U00194_11_0_0,U00194,SESS_U00194_11_0,2026-06-12 19:57:00,gift earbuds,2,ai_semantic,8,183.6,0.6978999972343445
SU00198_11_SESS_U00198_11_0_0,U00198,SESS_U00198_11_0,2026-06-12 14:40:00,steel blender,2,ai_semantic,8,166.0,0.6780999898910522
SU00199_11_SESS_U00199_11_0_0,U00199,SESS_U00199_11_0,2026-06-12 18:07:00,cheap mug,2,ai_semantic,8,150.7,0.6538000106811523
SU00204_11_SESS_U00204_11_0_0,U00204,SESS_U00204_11_0,2026-06-12 19:38:00,winter boots,2,legacy,8,89.4,0.5904
SU00204_11_SESS_U00204_11_0_1,U00204,SESS_U00204_11_0,2026-06-12 20:09:00,personalized gift box set for my mom,7,legacy,8,102.6,0.5871
SU00209_11_SESS_U00209_11_0_0,U00209,SESS_U00209_11_0,2026-06-12 16:12:00,hoodie czoy,2,legacy,7,114.9,0.5927
SU00209_11_SESS_U00209_11_1_0,U00209,SESS_U00209_11_1,2026-06-12 13:10:00,charging cable bluetooth,3,legacy,8,113.3,0.5515
SU00209_11_SESS_U00209_11_1_1,U00209,SESS_U00209_11_1,2026-06-12 10:26:00,best air fryer for travel,5,legacy,8,93.8,0.5912
SU00210_11_SESS_U00210_11_0_0,U00210,SESS_U00210_11_0,2026-06-12 11:17:00,somthing for rain,3,ai_semantic,8,190.7,0.5149999856948853
SU00210_11_SESS_U00210_11_0_1,U00210,SESS_U00210_11_0,2026-06-12 13:37:00,cozy jacket for winter,4,ai_semantic,8,134.1,0.7764999866485596
SU00213_11_SESS_U00213_11_0_0,U00213,SESS_U00213_11_0,2026-06-12 15:22:00,somthing for my mom,4,ai_semantic,8,166.8,0.14970000088214874
SU00213_11_SESS_U00213_11_0_1,U00213,SESS_U00213_11_0,2026-06-12 13:02:00,cushioned sandlas,2,ai_semantic,8,187.2,0.46700000762939453
SU00213_11_SESS_U00213_11_1_0,U00213,SESS_U00213_11_1,2026-06-12 09:03:00,gift capm stove,3,ai_semantic,8,173.5,0.5311999917030334
SU00214_11_SESS_U00214_11_0_0,U00214,SESS_U00214_11_0,2026-06-12 07:56:00,coffee maker compcat,3,legacy,5,98.1,0.5786
SU00214_11_SESS_U00214_11_0_1,U00214,SESS_U00214_11_0,2026-06-12 18:43:00,somthing for travel,3,legacy,8,91.8,0.5412
SU00214_11_SESS_U00214_11_0_2,U00214,SESS_U00214_11_0,2026-06-12 19:09:00,earbuds under 50 dollars,4,legacy,6,91.3,0.5757
SU00216_11_SESS_U00216_11_0_0,U00216,SESS_U00216_11_0,2026-06-12 13:06:00,best cleats for the office,5,ai_semantic,8,183.9,0.6809999942779541
SU00218_11_SESS_U00218_11_0_0,U00218,SESS_U00218_11_0,2026-06-12 22:31:00,gift box set,3,ai_semantic,8,119.7,0.8151000142097473
SU00219_11_SESS_U00219_11_0_0,U00219,SESS_U00219_11_0,2026-06-12 09:36:00,hihg-top loafers for gym,4,legacy,8,146.1,0.561
SU00220_11_SESS_U00220_11_0_0,U00220,SESS_U00220_11_0,2026-06-12 12:33:00,cozy hoodie for hiking,4,ai_semantic,8,152.7,0.7445999979972839
SU00220_11_SESS_U00220_11_0_1,U00220,SESS_U00220_11_0,2026-06-12 20:22:00,sweater winpdroof,2,ai_semantic,8,189.8,0.5465999841690063
SU00221_11_SESS_U00221_11_0_0,U00221,SESS_U00221_11_0,2026-06-12 21:57:00,air fryer under 50 dollars,5,ai_semantic,8,191.9,0.641700029373169
SU00222_11_SESS_U00222_11_0_0,U00222,SESS_U00222_11_0,2026-06-12 19:08:00,gift running shoes,3,legacy,8,105.7,0.5838
SU00222_11_SESS_U00222_11_1_0,U00222,SESS_U00222_11_1,2026-06-12 10:56:00,camp stove,2,legacy,6,118.8,0.5934
SU00224_11_SESS_U00224_11_0_0,U00224,SESS_U00224_11_0,2026-06-12 19:18:00,gift keychain,2,ai_semantic,8,165.9,0.6830999851226807
SU00224_11_SESS_U00224_11_1_0,U00224,SESS_U00224_11_1,2026-06-12 10:57:00,gift blender,2,ai_semantic,8,142.3,0.5649999976158142
SU00226_11_SESS_U00226_11_0_0,U00226,SESS_U00226_11_0,2026-06-12 08:16:00,cheap steel air fryer,4,legacy,8,90.0,0.5564
SU00226_11_SESS_U00226_11_1_0,U00226,SESS_U00226_11_1,2026-06-12 07:57:00,gift mug,2,legacy,8,95.3,0.558
SU00230_11_SESS_U00230_11_0_0,U00230,SESS_U00230_11_0,2026-06-12 21:53:00,wireless smartwatch for hiking,4,legacy,8,82.1,0.5723
SU00236_11_SESS_U00236_11_0_0,U00236,SESS_U00236_11_0,2026-06-12 09:49:00,gift box set,3,legacy,8,82.5,0.4967
SU00237_11_SESS_U00237_11_0_0,U00237,SESS_U00237_11_0,2026-06-12 11:06:00,speaker under 50 dollars,4,legacy,5,41.2,0.5449
SU00237_11_SESS_U00237_11_1_0,U00237,SESS_U00237_11_1,2026-06-12 21:27:00,best thermal leggings for rain,5,legacy,8,81.1,0.5907
SU00237_11_SESS_U00237_11_1_1,U00237,SESS_U00237_11_1,2026-06-12 18:34:00,running shoes under 50 dollars,5,legacy,8,102.8,0.5644
SU00241_11_SESS_U00241_11_0_0,U00241,SESS_U00241_11_0,2026-06-12 19:16:00,weatherproof headlamp,2,legacy,8,93.6,0.5096
SU00244_11_SESS_U00244_11_0_0,U00244,SESS_U00244_11_0,2026-06-12 22:32:00,best toaster for gym,4,legacy,8,80.7,0.5528
SU00246_11_SESS_U00246_11_0_0,U00246,SESS_U00246_11_0,2026-06-12 12:01:00,ultralight tent,2,ai_semantic,8,203.7,0.8621000051498413
SU00246_11_SESS_U00246_11_0_1,U00246,SESS_U00246_11_0,2026-06-12 10:11:00,somthing for a gift,4,ai_semantic,8,134.2,0.38440001010894775
SU00247_11_SESS_U00247_11_0_0,U00247,SESS_U00247_11_0,2026-06-12 14:59:00,camp stove under 50 dollars,5,legacy,6,98.7,0.5675
SU00251_11_SESS_U00251_11_0_0,U00251,SESS_U00251_11_0,2026-06-12 07:24:00,compact blender for travel,4,ai_semantic,8,181.4,0.7281000018119812
SU00251_11_SESS_U00251_11_0_1,U00251,SESS_U00251_11_0,2026-06-12 21:57:00,gift desk ornament,3,ai_semantic,8,178.2,0.7340999841690063
SU00252_11_SESS_U00252_11_0_0,U00252,SESS_U00252_11_0,2026-06-12 08:31:00,ceramic coffee maker,3,ai_semantic,8,138.3,0.8658999800682068
SU00252_11_SESS_U00252_11_0_1,U00252,SESS_U00252_11_0,2026-06-12 22:03:00,best sneakers for my mom,5,ai_semantic,8,189.1,0.5652999877929688
SU00252_11_SESS_U00252_11_0_2,U00252,SESS_U00252_11_0,2026-06-12 12:17:00,power bank bluetooth,3,ai_semantic,8,202.1,0.8033000230789185
SU00253_11_SESS_U00253_11_0_0,U00253,SESS_U00253_11_0,2026-06-12 08:15:00,breathable hiking boots,3,legacy,8,90.8,0.5877
SU00253_11_SESS_U00253_11_0_1,U00253,SESS_U00253_11_0,2026-06-12 07:43:00,cooler under 50 dollars,4,legacy,6,94.7,0.5574
SU00255_11_SESS_U00255_11_0_0,U00255,SESS_U00255_11_0,2026-06-12 17:56:00,camp stove under 50 dollars,5,ai_semantic,8,219.8,0.6337000131607056
SU00256_11_SESS_U00256_11_0_0,U00256,SESS_U00256_11_0,2026-06-12 21:36:00,gift headphones,2,ai_semantic,8,182.1,0.6919000148773193
SU00262_11_SESS_U00262_11_0_0,U00262,SESS_U00262_11_0,2026-06-12 17:52:00,cheap cleats,2,legacy,7,77.8,0.4089
SU00262_11_SESS_U00262_11_0_1,U00262,SESS_U00262_11_0,2026-06-12 21:59:00,best steel coffee maker for my mom,7,legacy,8,98.5,0.5821
SU00265_11_SESS_U00265_11_0_0,U00265,SESS_U00265_11_0,2026-06-12 18:45:00,best mug for a gift,5,legacy,8,119.0,0.5862
SU00270_11_SESS_U00270_11_0_0,U00270,SESS_U00270_11_0,2026-06-12 20:25:00,insulated hiking boost,3,ai_semantic,8,183.9,0.6373000144958496
SU00271_11_SESS_U00271_11_0_0,U00271,SESS_U00271_11_0,2026-06-12 19:55:00,gift loafers,2,ai_semantic,8,199.4,0.6323000192642212
SU00271_11_SESS_U00271_11_0_1,U00271,SESS_U00271_11_0,2026-06-12 20:04:00,somthing for a gift,4,ai_semantic,8,167.3,0.38440001010894775
SU00271_11_SESS_U00271_11_0_2,U00271,SESS_U00271_11_0,2026-06-12 19:59:00,cleats under 50 dollars,4,ai_semantic,8,187.4,0.6420999765396118
SU00279_11_SESS_U00279_11_0_0,U00279,SESS_U00279_11_0,2026-06-12 13:41:00,electric air fryer for hiking,5,ai_semantic,8,265.1,0.6693000197410583
SU00279_11_SESS_U00279_11_0_1,U00279,SESS_U00279_11_0,2026-06-12 15:29:00,best hammock for winter,4,ai_semantic,8,172.1,0.7056999802589417
SU00284_11_SESS_U00284_11_0_0,U00284,SESS_U00284_11_0,2026-06-12 10:06:00,insultaed hammock,2,legacy,7,101.1,0.5654
SU00287_11_SESS_U00287_11_0_0,U00287,SESS_U00287_11_0,2026-06-12 14:11:00,chaep smartwatch,2,ai_semantic,8,226.4,0.565500020980835
SU00287_11_SESS_U00287_11_0_1,U00287,SESS_U00287_11_0,2026-06-12 09:10:00,high-top winter boots,3,ai_semantic,8,165.7,0.8560000061988831
SU00287_11_SESS_U00287_11_1_0,U00287,SESS_U00287_11_1,2026-06-12 17:18:00,best winter boots for rain,5,ai_semantic,8,145.1,0.7024999856948853
SU00292_11_SESS_U00292_11_0_0,U00292,SESS_U00292_11_0,2026-06-12 21:23:00,cleats,1,legacy,7,75.4,0.5809
SU00293_11_SESS_U00293_11_0_0,U00293,SESS_U00293_11_0,2026-06-12 22:23:00,webcam,1,ai_semantic,8,170.4,0.755299985408783
SU00293_11_SESS_U00293_11_0_1,U00293,SESS_U00293_11_0,2026-06-12 16:18:00,cheap cookware set,3,ai_semantic,8,211.6,0.7125999927520752
SU00293_11_SESS_U00293_11_0_2,U00293,SESS_U00293_11_0,2026-06-12 12:54:00,somthing for rain,3,ai_semantic,8,185.1,0.5149999856948853
SU00295_11_SESS_U00295_11_0_0,U00295,SESS_U00295_11_0,2026-06-12 11:42:00,charging cable wireless,3,ai_semantic,8,162.1,0.7681000232696533
SU00298_11_SESS_U00298_11_0_0,U00298,SESS_U00298_11_0,2026-06-12 19:12:00,somthing for camping,3,legacy,8,115.1,0.5917
SU00298_11_SESS_U00298_11_0_1,U00298,SESS_U00298_11_0,2026-06-12 17:51:00,chaep speaker,2,legacy,5,105.7,0.5228
SU00299_11_SESS_U00299_11_0_0,U00299,SESS_U00299_11_0,2026-06-12 14:08:00,webcam under 50 dollars,4,legacy,6,111.4,0.5217
SU00299_11_SESS_U00299_11_0_1,U00299,SESS_U00299_11_0,2026-06-12 17:31:00,bluetooth webcam for gym,4,legacy,8,74.8,0.497
SU00299_11_SESS_U00299_11_0_2,U00299,SESS_U00299_11_0,2026-06-12 10:49:00,somthing for a gift,4,legacy,8,79.5,0.5539
SU00302_11_SESS_U00302_11_0_0,U00302,SESS_U00302_11_0,2026-06-12 16:48:00,loafers,1,legacy,6,85.9,0.4976
SU00303_11_SESS_U00303_11_0_0,U00303,SESS_U00303_11_0,2026-06-12 09:53:00,cheap tent,2,ai_semantic,8,156.8,0.711899995803833
SU00303_11_SESS_U00303_11_0_1,U00303,SESS_U00303_11_0,2026-06-12 08:15:00,somthing for gym,3,ai_semantic,8,174.8,0.29350000619888306
SU00303_11_SESS_U00303_11_0_2,U00303,SESS_U00303_11_0,2026-06-12 19:05:00,toaster under 50 dollars,4,ai_semantic,8,179.2,0.6606000065803528
SU00305_11_SESS_U00305_11_0_0,U00305,SESS_U00305_11_0,2026-06-12 07:54:00,wireless earbuds,2,legacy,8,116.4,0.584
SU00305_11_SESS_U00305_11_0_1,U00305,SESS_U00305_11_0,2026-06-12 17:18:00,somthing for camping,3,legacy,8,58.6,0.5638
SU00309_11_SESS_U00309_11_0_0,U00309,SESS_U00309_11_0,2026-06-12 21:59:00,chaep power bank,3,legacy,6,80.1,0.5528
SU00310_11_SESS_U00310_11_0_0,U00310,SESS_U00310_11_0,2026-06-12 07:16:00,minimalist cadnle,2,ai_semantic,8,197.1,0.555400013923645
SU00310_11_SESS_U00310_11_0_1,U00310,SESS_U00310_11_0,2026-06-12 15:01:00,hammock floadble,2,ai_semantic,8,174.6,0.5605999827384949
SU00319_11_SESS_U00319_11_0_0,U00319,SESS_U00319_11_0,2026-06-12 15:41:00,best camp stove for the office,6,ai_semantic,8,182.0,0.7379000186920166
SU00321_11_SESS_U00321_11_0_0,U00321,SESS_U00321_11_0,2026-06-12 07:26:00,gift rain coat,3,ai_semantic,8,173.5,0.6583999991416931
SU00330_11_SESS_U00330_11_0_0,U00330,SESS_U00330_11_0,2026-06-12 09:52:00,cheap jacket,2,ai_semantic,8,160.8,0.6244000196456909
SU00333_11_SESS_U00333_11_0_0,U00333,SESS_U00333_11_0,2026-06-12 18:27:00,thermal leggings lightwegiht,3,ai_semantic,8,103.4,0.7785999774932861
SU00333_11_SESS_U00333_11_1_0,U00333,SESS_U00333_11_1,2026-06-12 13:25:00,tent,1,ai_semantic,8,158.5,0.6639999747276306
SU00333_11_SESS_U00333_11_1_1,U00333,SESS_U00333_11_1,2026-06-12 17:27:00,fleec-elined thermal leggings for travel,5,ai_semantic,8,230.2,0.8500999808311462
SU00337_11_SESS_U00337_11_0_0,U00337,SESS_U00337_11_0,2026-06-12 22:37:00,somthing for hiking,3,legacy,8,84.0,0.5647
SU00339_11_SESS_U00339_11_0_0,U00339,SESS_U00339_11_0,2026-06-12 07:44:00,cheap hiking boots,3,legacy,8,79.7,0.5978
SU00340_11_SESS_U00340_11_0_0,U00340,SESS_U00340_11_0,2026-06-12 16:14:00,charging cable bluteooth,3,ai_semantic,8,173.3,0.6489999890327454
SU00340_11_SESS_U00340_11_0_1,U00340,SESS_U00340_11_0,2026-06-12 22:10:00,non-stick toaster for winter,4,ai_semantic,8,114.7,0.8021000027656555
SU00341_11_SESS_U00341_11_0_0,U00341,SESS_U00341_11_0,2026-06-12 20:32:00,minimalist candle for travel,4,ai_semantic,8,201.5,0.7908999919891357
SU00343_11_SESS_U00343_11_0_0,U00343,SESS_U00343_11_0,2026-06-12 20:41:00,compact earbuds for hiking,4,legacy,8,92.6,0.5615
SU00344_11_SESS_U00344_11_0_0,U00344,SESS_U00344_11_0,2026-06-12 17:31:00,best smartwatch for travel,4,ai_semantic,8,168.9,0.6252999901771545
SU00348_11_SESS_U00348_11_0_0,U00348,SESS_U00348_11_0,2026-06-12 19:59:00,power bank,2,ai_semantic,8,223.4,0.7757999897003174
SU00351_11_SESS_U00351_11_0_0,U00351,SESS_U00351_11_0,2026-06-12 16:26:00,somthing for a gift,4,ai_semantic,8,164.8,0.38440001010894775
SU00351_11_SESS_U00351_11_1_0,U00351,SESS_U00351_11_1,2026-06-12 22:25:00,insulated cleats,2,ai_semantic,8,158.2,0.8313999772071838
SU00354_11_SESS_U00354_11_0_0,U00354,SESS_U00354_11_0,2026-06-12 19:43:00,somthing for the office,4,legacy,8,103.0,0.5362
SU00355_11_SESS_U00355_11_0_0,U00355,SESS_U00355_11_0,2026-06-12 10:00:00,running shoes slpi-on,3,legacy,8,65.9,0.5758
SU00358_11_SESS_U00358_11_0_0,U00358,SESS_U00358_11_0,2026-06-12 08:52:00,waterproof sneakesr for camping,4,ai_semantic,8,144.2,0.6187000274658203
SU00370_11_SESS_U00370_11_0_0,U00370,SESS_U00370_11_0,2026-06-12 12:17:00,moisture-wicking jacket for a gift,5,ai_semantic,8,204.1,0.8705000281333923
SU00371_11_SESS_U00371_11_0_0,U00371,SESS_U00371_11_0,2026-06-12 22:06:00,keychain under 50 dollars,4,ai_semantic,8,139.7,0.574999988079071
SU00374_11_SESS_U00374_11_0_0,U00374,SESS_U00374_11_0,2026-06-12 17:57:00,insulated backpack for rani,4,legacy,8,79.9,0.5846
SU00375_11_SESS_U00375_11_0_0,U00375,SESS_U00375_11_0,2026-06-12 15:01:00,coffee maker dishawsher-safe,3,legacy,5,145.2,0.532
SU00379_11_SESS_U00379_11_0_0,U00379,SESS_U00379_11_0,2026-06-12 18:32:00,chepa sneakers,2,legacy,7,119.9,0.5833
SU00379_11_SESS_U00379_11_0_1,U00379,SESS_U00379_11_0,2026-06-12 13:05:00,desk ornament,2,legacy,5,96.9,0.524
SU00383_11_SESS_U00383_11_0_0,U00383,SESS_U00383_11_0,2026-06-12 12:37:00,cheap loafers,2,legacy,6,75.2,0.5069
SU00387_11_SESS_U00387_11_0_0,U00387,SESS_U00387_11_0,2026-06-12 07:38:00,power bank,2,ai_semantic,8,144.5,0.7757999897003174
SU00394_11_SESS_U00394_11_0_0,U00394,SESS_U00394_11_0,2026-06-12 17:32:00,warm sweater for travel,4,legacy,8,78.7,0.5507
SU00395_11_SESS_U00395_11_0_0,U00395,SESS_U00395_11_0,2026-06-12 19:07:00,laofers,1,ai_semantic,8,156.5,0.21960000693798065
SU00395_11_SESS_U00395_11_1_0,U00395,SESS_U00395_11_1,2026-06-12 20:42:00,gift backpack,2,ai_semantic,8,177.1,0.6812999844551086
SU00395_11_SESS_U00395_11_1_1,U00395,SESS_U00395_11_1,2026-06-12 08:56:00,cozy sweater for witner,4,ai_semantic,8,180.8,0.6865000128746033
SU00395_11_SESS_U00395_11_1_2,U00395,SESS_U00395_11_1,2026-06-12 20:14:00,best wintre boots for the office,6,ai_semantic,8,144.3,0.48350000381469727
SU00396_11_SESS_U00396_11_0_0,U00396,SESS_U00396_11_0,2026-06-12 11:10:00,best gift box set for the office,7,legacy,8,91.1,0.5782
SU00396_11_SESS_U00396_11_0_1,U00396,SESS_U00396_11_0,2026-06-12 17:54:00,blender under 50 dollars,4,legacy,6,101.0,0.5977
SU00396_11_SESS_U00396_11_0_2,U00396,SESS_U00396_11_0,2026-06-12 11:01:00,somthing for camping,3,legacy,8,97.1,0.584
SU00398_11_SESS_U00398_11_0_0,U00398,SESS_U00398_11_0,2026-06-12 12:40:00,gift box set under 50 dollars,6,legacy,8,97.9,0.5599
SU00399_11_SESS_U00399_11_0_0,U00399,SESS_U00399_11_0,2026-06-12 09:54:00,insulated running shoes for my mom,6,ai_semantic,8,190.5,0.8337000012397766
SU00400_11_SESS_U00400_11_0_0,U00400,SESS_U00400_11_0,2026-06-12 19:29:00,thermal leggings undre 50 dollars,5,ai_semantic,8,166.7,0.7196000218391418
SU00400_11_SESS_U00400_11_0_1,U00400,SESS_U00400_11_0,2026-06-12 19:22:00,best sweater for the office,5,ai_semantic,8,146.1,0.6798999905586243
SU00405_11_SESS_U00405_11_0_0,U00405,SESS_U00405_11_0,2026-06-12 11:28:00,best smartwatch for camping,4,ai_semantic,8,235.7,0.5687000155448914
SU00405_11_SESS_U00405_11_1_0,U00405,SESS_U00405_11_1,2026-06-12 09:48:00,winter boots,2,ai_semantic,8,249.3,0.7364000082015991
SU00406_11_SESS_U00406_11_0_0,U00406,SESS_U00406_11_0,2026-06-12 11:33:00,cheap journal,2,legacy,6,87.3,0.5957
SU00407_11_SESS_U00407_11_0_0,U00407,SESS_U00407_11_0,2026-06-12 08:25:00,breathable cleats for a gift,5,legacy,8,74.2,0.5361
SU00409_11_SESS_U00409_11_0_0,U00409,SESS_U00409_11_0,2026-06-12 13:23:00,gift power bank,3,ai_semantic,8,195.4,0.6348000168800354
SU00411_11_SESS_U00411_11_0_0,U00411,SESS_U00411_11_0,2026-06-12 09:53:00,best photo frame for hiking,5,legacy,8,91.9,0.5713
SU00412_11_SESS_U00412_11_0_0,U00412,SESS_U00412_11_0,2026-06-12 11:25:00,best photo frame for a gift,6,legacy,8,97.5,0.5887
SU00412_11_SESS_U00412_11_0_1,U00412,SESS_U00412_11_0,2026-06-12 14:58:00,minimalist gift box set for a gift,7,legacy,8,96.6,0.5278
SU00412_11_SESS_U00412_11_1_0,U00412,SESS_U00412_11_1,2026-06-12 12:29:00,hiking botos waterrpoof,3,legacy,7,52.9,0.5694
SU00412_11_SESS_U00412_11_1_1,U00412,SESS_U00412_11_1,2026-06-12 18:39:00,cooler under 50 dollars,4,legacy,6,95.5,0.541
SU00415_11_SESS_U00415_11_0_0,U00415,SESS_U00415_11_0,2026-06-12 17:10:00,gift camp stove,3,ai_semantic,8,214.1,0.758400022983551
SU00415_11_SESS_U00415_11_0_1,U00415,SESS_U00415_11_0,2026-06-12 17:41:00,noise-cancelling speaker for travel,4,ai_semantic,8,149.6,0.6588000059127808
SU00416_11_SESS_U00416_11_0_0,U00416,SESS_U00416_11_0,2026-06-12 13:02:00,cookware set,2,legacy,8,79.7,0.5726
SU00416_11_SESS_U00416_11_1_0,U00416,SESS_U00416_11_1,2026-06-12 16:44:00,somthing for camping,3,legacy,8,95.3,0.5872
SU00417_11_SESS_U00417_11_0_0,U00417,SESS_U00417_11_0,2026-06-12 07:07:00,gfit steel coffee maker,4,legacy,8,58.6,0.5419
SU00420_11_SESS_U00420_11_0_0,U00420,SESS_U00420_11_0,2026-06-12 08:54:00,cheap cleats,2,ai_semantic,8,245.0,0.7530999779701233
SU00420_11_SESS_U00420_11_0_1,U00420,SESS_U00420_11_0,2026-06-12 12:22:00,gift rain coat,3,ai_semantic,8,188.7,0.6583999991416931
SU00420_11_SESS_U00420_11_1_0,U00420,SESS_U00420_11_1,2026-06-12 22:31:00,cheap hoodie,2,ai_semantic,8,166.3,0.6844000220298767
SU00420_11_SESS_U00420_11_1_1,U00420,SESS_U00420_11_1,2026-06-12 16:45:00,hiking boots under 50 dollars,5,ai_semantic,8,202.7,0.6265000104904175
SU00422_11_SESS_U00422_11_0_0,U00422,SESS_U00422_11_0,2026-06-12 20:25:00,mug,1,ai_semantic,8,183.0,0.6661999821662903
SU00422_11_SESS_U00422_11_0_1,U00422,SESS_U00422_11_0,2026-06-12 08:39:00,loafers slipo-n,2,ai_semantic,8,167.7,0.7836999893188477
SU00424_11_SESS_U00424_11_0_0,U00424,SESS_U00424_11_0,2026-06-12 21:10:00,electric toaster for a gift,5,ai_semantic,8,215.4,0.8673999905586243
SU00425_11_SESS_U00425_11_0_0,U00425,SESS_U00425_11_0,2026-06-12 10:00:00,hoodie,1,legacy,7,63.5,0.5388
SU00430_11_SESS_U00430_11_0_0,U00430,SESS_U00430_11_0,2026-06-12 19:02:00,power bank bluetooth,3,ai_semantic,8,152.2,0.8033000230789185
SU00430_11_SESS_U00430_11_0_1,U00430,SESS_U00430_11_0,2026-06-12 07:04:00,cushionde sandals,2,ai_semantic,8,214.1,0.8447999954223633
SU00432_11_SESS_U00432_11_0_0,U00432,SESS_U00432_11_0,2026-06-12 14:40:00,best loafers for travel,4,ai_semantic,8,160.0,0.6574000120162964
SU00434_11_SESS_U00434_11_0_0,U00434,SESS_U00434_11_0,2026-06-12 20:19:00,somthing for travel,3,legacy,8,77.2,0.5624
SU00436_11_SESS_U00436_11_0_0,U00436,SESS_U00436_11_0,2026-06-12 15:39:00,sneakers under 50 dollars,4,ai_semantic,8,136.8,0.6071000099182129
SU00436_11_SESS_U00436_11_0_1,U00436,SESS_U00436_11_0,2026-06-12 17:52:00,somtihng for travel,3,ai_semantic,8,178.8,0.33320000767707825
SU00442_11_SESS_U00442_11_0_0,U00442,SESS_U00442_11_0,2026-06-12 07:59:00,wireless earbuds,2,ai_semantic,8,185.8,0.8665000200271606
SU00442_11_SESS_U00442_11_0_1,U00442,SESS_U00442_11_0,2026-06-12 10:32:00,best tnet for travel,4,ai_semantic,8,186.1,0.3490000069141388
SU00442_11_SESS_U00442_11_0_2,U00442,SESS_U00442_11_0,2026-06-12 12:47:00,theraml leggings wram,3,ai_semantic,8,182.4,0.652400016784668
SU00442_11_SESS_U00442_11_1_0,U00442,SESS_U00442_11_1,2026-06-12 13:24:00,coowkare set,2,ai_semantic,8,136.6,0.3617999851703644
SU00445_11_SESS_U00445_11_0_0,U00445,SESS_U00445_11_0,2026-06-12 16:42:00,somthing for gym,3,ai_semantic,8,110.0,0.29350000619888306
SU00449_11_SESS_U00449_11_0_0,U00449,SESS_U00449_11_0,2026-06-12 20:09:00,cheap blender,2,legacy,6,90.1,0.5495
SU00458_11_SESS_U00458_11_0_0,U00458,SESS_U00458_11_0,2026-06-12 17:13:00,cheap cleats,2,ai_semantic,8,153.7,0.7530999779701233
SU00459_11_SESS_U00459_11_0_0,U00459,SESS_U00459_11_0,2026-06-12 11:45:00,gift candle,2,legacy,8,68.3,0.5956
SU00462_11_SESS_U00462_11_0_0,U00462,SESS_U00462_11_0,2026-06-12 13:56:00,cozy thermal leggings for rain,5,ai_semantic,8,128.7,0.7476000189781189
SU00464_11_SESS_U00464_11_0_0,U00464,SESS_U00464_11_0,2026-06-12 14:20:00,somthing for my mom,4,ai_semantic,8,136.9,0.14970000088214874
SU00466_11_SESS_U00466_11_0_0,U00466,SESS_U00466_11_0,2026-06-12 15:02:00,cheap keychain,2,ai_semantic,8,247.6,0.7838000059127808
SU00466_11_SESS_U00466_11_0_1,U00466,SESS_U00466_11_0,2026-06-12 09:14:00,engraved desk ornament,3,ai_semantic,8,139.5,0.8747000098228455
SU00467_11_SESS_U00467_11_0_0,U00467,SESS_U00467_11_0,2026-06-12 21:16:00,dishwasher-safe air fryer for winter,5,legacy,8,76.5,0.5796
SU00469_11_SESS_U00469_11_0_0,U00469,SESS_U00469_11_0,2026-06-12 14:02:00,webcam,1,ai_semantic,8,159.0,0.755299985408783
SU00469_11_SESS_U00469_11_0_1,U00469,SESS_U00469_11_0,2026-06-12 19:56:00,somthing for winter,3,ai_semantic,8,176.8,0.4092999994754791
SU00469_11_SESS_U00469_11_0_2,U00469,SESS_U00469_11_0,2026-06-12 19:28:00,thermal legginsg,2,ai_semantic,8,233.1,0.6444000005722046
SU00478_11_SESS_U00478_11_0_0,U00478,SESS_U00478_11_0,2026-06-12 13:56:00,knife set cermaic,3,legacy,8,79.0,0.547
SU00478_11_SESS_U00478_11_0_1,U00478,SESS_U00478_11_0,2026-06-12 14:38:00,running shoes,2,legacy,8,106.9,0.5297
SU00478_11_SESS_U00478_11_0_2,U00478,SESS_U00478_11_0,2026-06-12 18:49:00,charging cable copmact,3,legacy,6,118.1,0.5333
SU00480_11_SESS_U00480_11_0_0,U00480,SESS_U00480_11_0,2026-06-12 20:34:00,somthing for a gift,4,ai_semantic,8,216.2,0.38440001010894775
SU00480_11_SESS_U00480_11_0_1,U00480,SESS_U00480_11_0,2026-06-12 12:12:00,gift charging cable,3,ai_semantic,8,140.3,0.6168000102043152
SU00480_11_SESS_U00480_11_0_2,U00480,SESS_U00480_11_0,2026-06-12 09:45:00,gift backpack,2,ai_semantic,8,202.7,0.6812999844551086
SU00486_11_SESS_U00486_11_0_0,U00486,SESS_U00486_11_0,2026-06-12 07:25:00,gift toaster,2,legacy,8,136.0,0.5704
SU00490_11_SESS_U00490_11_0_0,U00490,SESS_U00490_11_0,2026-06-12 10:26:00,elegant desk ornament for camping,5,legacy,8,80.1,0.5261
SU00491_11_SESS_U00491_11_0_0,U00491,SESS_U00491_11_0,2026-06-12 21:07:00,bets hiking boots for travel,5,ai_semantic,8,194.4,0.6840000152587891
SU00491_11_SESS_U00491_11_0_1,U00491,SESS_U00491_11_0,2026-06-12 16:12:00,gift webcam,2,ai_semantic,8,170.7,0.6531999707221985
SU00493_11_SESS_U00493_11_0_0,U00493,SESS_U00493_11_0,2026-06-12 15:54:00,lightweight beanie,2,legacy,8,85.0,0.5676
SU00493_11_SESS_U00493_11_0_1,U00493,SESS_U00493_11_0,2026-06-12 08:29:00,trail sneakers,2,legacy,8,80.2,0.5742
SU00493_11_SESS_U00493_11_0_2,U00493,SESS_U00493_11_0,2026-06-12 09:43:00,blenedr dsihwasher-safe,2,legacy,0,95.1,
SU00499_11_SESS_U00499_11_0_0,U00499,SESS_U00499_11_0,2026-06-12 21:22:00,beanie lighwteight,2,ai_semantic,8,232.9,0.5888000130653381
SU00499_11_SESS_U00499_11_0_1,U00499,SESS_U00499_11_0,2026-06-12 13:45:00,somthing for gym,3,ai_semantic,8,196.3,0.29350000619888306
SU00502_11_SESS_U00502_11_0_0,U00502,SESS_U00502_11_0,2026-06-12 10:45:00,running shoes,2,ai_semantic,8,206.2,0.7371000051498413
SU00503_11_SESS_U00503_11_0_0,U00503,SESS_U00503_11_0,2026-06-12 14:28:00,photo frame rsutic,3,ai_semantic,8,146.1,0.529699981212616
SU00513_11_SESS_U00513_11_0_0,U00513,SESS_U00513_11_0,2026-06-12 10:56:00,best hammock for hiking,4,ai_semantic,8,232.2,0.6985999941825867
SU00515_11_SESS_U00515_11_0_0,U00515,SESS_U00515_11_0,2026-06-12 21:12:00,best journal for my mom,5,ai_semantic,8,160.8,0.5936999917030334
SU00515_11_SESS_U00515_11_0_1,U00515,SESS_U00515_11_0,2026-06-12 20:45:00,best backpack for travel,4,ai_semantic,8,171.6,0.6858999729156494
SU00522_11_SESS_U00522_11_0_0,U00522,SESS_U00522_11_0,2026-06-12 19:16:00,hmamock weatherrpoof,2,ai_semantic,8,203.2,0.40059998631477356
SU00522_11_SESS_U00522_11_0_1,U00522,SESS_U00522_11_0,2026-06-12 07:40:00,hoodie,1,ai_semantic,8,192.2,0.6793000102043152
SU00522_11_SESS_U00522_11_0_2,U00522,SESS_U00522_11_0,2026-06-12 14:15:00,cheap toaster,2,ai_semantic,8,206.7,0.7468000054359436
SU00529_11_SESS_U00529_11_0_0,U00529,SESS_U00529_11_0,2026-06-12 19:16:00,candle rsutic,2,ai_semantic,8,182.8,0.5684999823570251
SU00530_11_SESS_U00530_11_0_0,U00530,SESS_U00530_11_0,2026-06-12 07:25:00,mug under 50 dollars,4,legacy,6,85.4,0.5698
SU00530_11_SESS_U00530_11_1_0,U00530,SESS_U00530_11_1,2026-06-12 20:49:00,hammock insualted,2,legacy,7,123.1,0.5596
SU00532_11_SESS_U00532_11_0_0,U00532,SESS_U00532_11_0,2026-06-12 15:41:00,cooler foldabel,2,ai_semantic,8,192.4,0.59170001745224
SU00532_11_SESS_U00532_11_0_1,U00532,SESS_U00532_11_0,2026-06-12 12:13:00,chraging cable wireless,3,ai_semantic,8,142.4,0.5169000029563904
SU00535_11_SESS_U00535_11_0_0,U00535,SESS_U00535_11_0,2026-06-12 12:28:00,best coffee maker for a gift,6,ai_semantic,8,151.9,0.5627999901771545
SU00537_11_SESS_U00537_11_0_0,U00537,SESS_U00537_11_0,2026-06-12 22:12:00,hammock foldbale,2,legacy,7,80.4,0.5979
SU00537_11_SESS_U00537_11_0_1,U00537,SESS_U00537_11_0,2026-06-12 09:15:00,somthing for gym,3,legacy,8,70.7,0.5824
SU00538_11_SESS_U00538_11_0_0,U00538,SESS_U00538_11_0,2026-06-12 22:59:00,cheap air fryer,3,legacy,6,90.8,0.4548
SU00539_11_SESS_U00539_11_0_0,U00539,SESS_U00539_11_0,2026-06-12 15:28:00,journal under 50 dollars,4,legacy,6,79.5,0.546
SU00539_11_SESS_U00539_11_0_1,U00539,SESS_U00539_11_0,2026-06-12 07:31:00,best sneakers for my mom,5,legacy,8,107.2,0.4929
SU00546_11_SESS_U00546_11_0_0,U00546,SESS_U00546_11_0,2026-06-12 11:02:00,cheap beanie,2,legacy,5,69.8,0.5304
SU00547_11_SESS_U00547_11_0_0,U00547,SESS_U00547_11_0,2026-06-12 12:00:00,insulated loafers for a gift,5,ai_semantic,8,176.3,0.9241999983787537
SU00547_11_SESS_U00547_11_0_1,U00547,SESS_U00547_11_0,2026-06-12 11:48:00,somthing for hiking,3,ai_semantic,8,140.5,0.5105999708175659
SU00547_11_SESS_U00547_11_1_0,U00547,SESS_U00547_11_1,2026-06-12 09:12:00,cheap power bank,3,ai_semantic,8,198.9,0.7488999962806702
SU00550_11_SESS_U00550_11_0_0,U00550,SESS_U00550_11_0,2026-06-12 07:26:00,headphones rehcargeable,2,ai_semantic,8,138.4,0.6218000054359436
SU00555_11_SESS_U00555_11_0_0,U00555,SESS_U00555_11_0,2026-06-12 17:01:00,cheap sneakers,2,ai_semantic,8,162.3,0.6583999991416931
SU00555_11_SESS_U00555_11_0_1,U00555,SESS_U00555_11_0,2026-06-12 20:01:00,candle under 50 dollars,4,ai_semantic,8,191.3,0.5745999813079834
SU00560_11_SESS_U00560_11_0_0,U00560,SESS_U00560_11_0,2026-06-12 22:18:00,photo frame,2,ai_semantic,8,156.9,0.7457000017166138
SU00560_11_SESS_U00560_11_0_1,U00560,SESS_U00560_11_0,2026-06-12 16:23:00,gift knife set,3,ai_semantic,8,215.0,0.6309000253677368
SU00562_11_SESS_U00562_11_0_0,U00562,SESS_U00562_11_0,2026-06-12 21:10:00,running shoes,2,ai_semantic,8,152.2,0.7371000051498413
SU00563_11_SESS_U00563_11_0_0,U00563,SESS_U00563_11_0,2026-06-12 14:42:00,coffee maker dishwasher-saef,3,ai_semantic,8,165.4,0.7368000149726868
SU00563_11_SESS_U00563_11_0_1,U00563,SESS_U00563_11_0,2026-06-12 15:58:00,winter boots,2,ai_semantic,8,174.3,0.7364000082015991
SU00563_11_SESS_U00563_11_1_0,U00563,SESS_U00563_11_1,2026-06-12 17:40:00,gift sneakers,2,ai_semantic,8,143.7,0.6984000205993652
SU00564_11_SESS_U00564_11_0_0,U00564,SESS_U00564_11_0,2026-06-12 19:48:00,cheap blender,2,legacy,6,105.2,0.5051
SU00564_11_SESS_U00564_11_0_1,U00564,SESS_U00564_11_0,2026-06-12 20:28:00,somthing for rain,3,legacy,8,78.0,0.4832
SU00567_11_SESS_U00567_11_0_0,U00567,SESS_U00567_11_0,2026-06-12 17:24:00,somthing for the office,4,ai_semantic,8,161.4,0.2831999957561493
SU00569_11_SESS_U00569_11_0_0,U00569,SESS_U00569_11_0,2026-06-12 09:04:00,heavy-duty backpack for the office,5,ai_semantic,8,172.7,0.8396999835968018
SU00569_11_SESS_U00569_11_0_1,U00569,SESS_U00569_11_0,2026-06-12 19:38:00,cleats taril,2,ai_semantic,8,179.8,0.5898000001907349
SU00570_11_SESS_U00570_11_0_0,U00570,SESS_U00570_11_0,2026-06-12 21:48:00,sleeping bag under 50 dollars,5,legacy,7,54.9,0.5808
SU00572_11_SESS_U00572_11_0_0,U00572,SESS_U00572_11_0,2026-06-12 22:12:00,windproof hoodie for hiking,4,legacy,8,112.8,0.4797
SU00572_11_SESS_U00572_11_0_1,U00572,SESS_U00572_11_0,2026-06-12 09:05:00,breathable hiking boots for rain,5,legacy,8,85.0,0.4725
SU00573_11_SESS_U00573_11_0_0,U00573,SESS_U00573_11_0,2026-06-12 14:32:00,somthing for camping,3,ai_semantic,8,200.8,0.4957999885082245
SU00574_11_SESS_U00574_11_0_0,U00574,SESS_U00574_11_0,2026-06-12 18:51:00,best rain coat for the office,6,ai_semantic,8,132.7,0.6471999883651733
SU00578_11_SESS_U00578_11_0_0,U00578,SESS_U00578_11_0,2026-06-12 08:21:00,loafers slipn-o,2,ai_semantic,8,168.6,0.785099983215332
SU00583_11_SESS_U00583_11_0_0,U00583,SESS_U00583_11_0,2026-06-12 11:08:00,breathable laofers,2,legacy,7,91.8,0.5761
SU00583_11_SESS_U00583_11_1_0,U00583,SESS_U00583_11_1,2026-06-12 09:25:00,gift running shoes,3,legacy,8,101.1,0.5458
SU00594_11_SESS_U00594_11_0_0,U00594,SESS_U00594_11_0,2026-06-12 15:52:00,somthing for travel,3,ai_semantic,8,168.5,0.3716999888420105
SU00594_11_SESS_U00594_11_1_0,U00594,SESS_U00594_11_1,2026-06-12 22:05:00,insulated headlamp,2,ai_semantic,8,141.4,0.8195000290870667
SU00594_11_SESS_U00594_11_1_1,U00594,SESS_U00594_11_1,2026-06-12 18:12:00,photo frame under 50 dollars,5,ai_semantic,8,153.3,0.5997999906539917
SU00597_11_SESS_U00597_11_0_0,U00597,SESS_U00597_11_0,2026-06-12 10:58:00,cheap candle,2,ai_semantic,8,193.5,0.699400007724762
SU00597_11_SESS_U00597_11_0_1,U00597,SESS_U00597_11_0,2026-06-12 20:45:00,best loafers for my mom,5,ai_semantic,8,196.0,0.6004999876022339
SU00600_11_SESS_U00600_11_0_0,U00600,SESS_U00600_11_0,2026-06-12 14:20:00,gift cooler,2,legacy,8,90.3,0.557
SU00600_11_SESS_U00600_11_0_1,U00600,SESS_U00600_11_0,2026-06-12 17:01:00,cheap mixing bowl,3,legacy,5,114.6,0.5484
SU00602_11_SESS_U00602_11_0_0,U00602,SESS_U00602_11_0,2026-06-12 08:28:00,foldable sleeping bag for camping,5,ai_semantic,8,163.3,0.8215000033378601
SU00604_11_SESS_U00604_11_0_0,U00604,SESS_U00604_11_0,2026-06-12 21:05:00,hiking boots hihg-top,3,ai_semantic,8,130.5,0.7825000286102295
SU00611_11_SESS_U00611_11_0_0,U00611,SESS_U00611_11_0,2026-06-12 09:31:00,trail hiking boost,3,ai_semantic,8,147.5,0.5633999705314636
SU00611_11_SESS_U00611_11_1_0,U00611,SESS_U00611_11_1,2026-06-12 12:37:00,cleats under 50 dollars,4,ai_semantic,8,256.2,0.6420999765396118
SU00611_11_SESS_U00611_11_1_1,U00611,SESS_U00611_11_1,2026-06-12 08:24:00,gift loafers,2,ai_semantic,8,161.5,0.6323000192642212
SU00614_11_SESS_U00614_11_0_0,U00614,SESS_U00614_11_0,2026-06-12 11:06:00,rain cota under 50 dollars,5,ai_semantic,8,180.2,0.37630000710487366
SU00618_11_SESS_U00618_11_0_0,U00618,SESS_U00618_11_0,2026-06-12 08:56:00,insulated camp stove for camping,5,ai_semantic,8,160.6,0.7472000122070312
SU00618_11_SESS_U00618_11_1_0,U00618,SESS_U00618_11_1,2026-06-12 17:31:00,best sneakers for the office,5,ai_semantic,8,153.7,0.6391000151634216
SU00618_11_SESS_U00618_11_1_1,U00618,SESS_U00618_11_1,2026-06-12 08:27:00,fleece-lined jacket,2,ai_semantic,8,202.8,0.8891000151634216
SU00619_11_SESS_U00619_11_0_0,U00619,SESS_U00619_11_0,2026-06-12 19:29:00,cheap sneakers,2,ai_semantic,8,226.6,0.6583999991416931
SU00635_11_SESS_U00635_11_0_0,U00635,SESS_U00635_11_0,2026-06-12 20:11:00,somthing for winter,3,legacy,8,79.9,0.5488
SU00637_11_SESS_U00637_11_0_0,U00637,SESS_U00637_11_0,2026-06-12 15:50:00,somthing for my mom,4,ai_semantic,8,186.2,0.14970000088214874
SU00639_11_SESS_U00639_11_0_0,U00639,SESS_U00639_11_0,2026-06-12 10:35:00,lightweight sandals for gym,4,ai_semantic,8,140.9,0.7436000108718872
SU00643_11_SESS_U00643_11_0_0,U00643,SESS_U00643_11_0,2026-06-12 07:54:00,high-top winter boots,3,legacy,8,128.2,0.5961
SU00647_11_SESS_U00647_11_0_0,U00647,SESS_U00647_11_0,2026-06-12 16:19:00,beanie under 50 dollars,4,ai_semantic,8,227.1,0.6413000226020813
SU00649_11_SESS_U00649_11_0_0,U00649,SESS_U00649_11_0,2026-06-12 16:02:00,gift box set handmaed,4,ai_semantic,8,164.2,0.7437999844551086
SU00649_11_SESS_U00649_11_0_1,U00649,SESS_U00649_11_0,2026-06-12 10:15:00,gfit rain coat,3,ai_semantic,8,170.2,0.6173999905586243
SU00655_11_SESS_U00655_11_0_0,U00655,SESS_U00655_11_0,2026-06-12 19:10:00,somthing for winter,3,ai_semantic,8,165.8,0.4092999994754791
SU00655_11_SESS_U00655_11_0_1,U00655,SESS_U00655_11_0,2026-06-12 11:29:00,gift box set,3,ai_semantic,8,135.1,0.8151000142097473
SU00662_11_SESS_U00662_11_0_0,U00662,SESS_U00662_11_0,2026-06-12 16:32:00,gift backpack,2,ai_semantic,8,190.5,0.6812999844551086
SU00662_11_SESS_U00662_11_0_1,U00662,SESS_U00662_11_0,2026-06-12 22:29:00,waterproof running shoes,3,ai_semantic,8,157.7,0.8629999756813049
SU00665_11_SESS_U00665_11_0_0,U00665,SESS_U00665_11_0,2026-06-12 12:52:00,best gfit box set for travel,6,ai_semantic,8,190.2,0.42669999599456787
SU00665_11_SESS_U00665_11_0_1,U00665,SESS_U00665_11_0,2026-06-12 19:37:00,charging cable,2,ai_semantic,8,176.7,0.7164999842643738
SU00667_11_SESS_U00667_11_0_0,U00667,SESS_U00667_11_0,2026-06-12 16:34:00,minimalist photo frame for hiking,5,legacy,8,98.7,0.5816
SU00667_11_SESS_U00667_11_1_0,U00667,SESS_U00667_11_1,2026-06-12 08:04:00,somthing for camping,3,legacy,8,103.8,0.5667
SU00670_11_SESS_U00670_11_0_0,U00670,SESS_U00670_11_0,2026-06-12 19:17:00,noise-cancelling webcam,2,ai_semantic,8,261.6,0.7990000247955322
SU00679_11_SESS_U00679_11_0_0,U00679,SESS_U00679_11_0,2026-06-12 10:32:00,somthing for my mom,4,legacy,8,49.9,0.5235
SU00681_11_SESS_U00681_11_0_0,U00681,SESS_U00681_11_0,2026-06-12 14:37:00,best thermal leggings for my mom,6,legacy,8,101.7,0.5937
SU00681_11_SESS_U00681_11_0_1,U00681,SESS_U00681_11_0,2026-06-12 08:57:00,best tent for rain,4,legacy,8,91.7,0.588
SU00684_11_SESS_U00684_11_0_0,U00684,SESS_U00684_11_0,2026-06-12 13:45:00,moisture-wicking hoodie for rain,4,legacy,8,93.8,0.5969
SU00688_11_SESS_U00688_11_0_0,U00688,SESS_U00688_11_0,2026-06-12 10:04:00,running shoes under 50 dollars,5,legacy,8,92.7,0.57
SU00688_11_SESS_U00688_11_0_1,U00688,SESS_U00688_11_0,2026-06-12 20:20:00,hiking boots under 50 dollars,5,legacy,8,126.8,0.4866
SU00689_11_SESS_U00689_11_0_0,U00689,SESS_U00689_11_0,2026-06-12 12:09:00,candle mniimalist,2,legacy,6,100.4,0.461
SU00691_11_SESS_U00691_11_0_0,U00691,SESS_U00691_11_0,2026-06-12 15:24:00,loafers sli-pon,2,legacy,6,78.4,0.5972
SU00694_11_SESS_U00694_11_0_0,U00694,SESS_U00694_11_0,2026-06-12 20:33:00,best hiking boots for travel,5,legacy,8,96.8,0.5949
SU00695_11_SESS_U00695_11_0_0,U00695,SESS_U00695_11_0,2026-06-12 17:09:00,somthing for my mom,4,legacy,8,90.3,0.5677
SU00695_11_SESS_U00695_11_0_1,U00695,SESS_U00695_11_0,2026-06-12 12:23:00,minimalist gift box set,4,legacy,8,98.0,0.5838
SU00696_11_SESS_U00696_11_0_0,U00696,SESS_U00696_11_0,2026-06-12 11:01:00,rain coat sfot,3,legacy,6,108.1,0.5828
SU00699_11_SESS_U00699_11_0_0,U00699,SESS_U00699_11_0,2026-06-12 07:46:00,bluetooth speaker,2,ai_semantic,8,197.1,0.7404000163078308
SU00705_11_SESS_U00705_11_0_0,U00705,SESS_U00705_11_0,2026-06-12 18:35:00,best winter boots for gym,5,ai_semantic,8,225.4,0.6309000253677368
SU00707_11_SESS_U00707_11_0_0,U00707,SESS_U00707_11_0,2026-06-12 09:35:00,non-stick knife set for the office,6,ai_semantic,8,203.1,0.76910001039505
SU00707_11_SESS_U00707_11_0_1,U00707,SESS_U00707_11_0,2026-06-12 20:58:00,gitf photo frame,3,ai_semantic,8,168.9,0.5774999856948853
SU00707_11_SESS_U00707_11_1_0,U00707,SESS_U00707_11_1,2026-06-12 14:56:00,mug eleagnt,2,ai_semantic,8,227.4,0.5544000267982483
SU00708_11_SESS_U00708_11_0_0,U00708,SESS_U00708_11_0,2026-06-12 11:04:00,speaker,1,legacy,5,144.4,0.5929
SU00715_11_SESS_U00715_11_0_0,U00715,SESS_U00715_11_0,2026-06-12 16:03:00,best cookware set for my mom,6,legacy,8,122.0,0.5123
SU00715_11_SESS_U00715_11_0_1,U00715,SESS_U00715_11_0,2026-06-12 07:36:00,best tent for camping,4,legacy,8,67.2,0.5638
SU00715_11_SESS_U00715_11_1_0,U00715,SESS_U00715_11_1,2026-06-12 22:48:00,best jacket for rain,4,legacy,8,94.4,0.5736
SU00717_11_SESS_U00717_11_0_0,U00717,SESS_U00717_11_0,2026-06-12 09:23:00,somthing for travle,3,legacy,8,85.6,0.4761
SU00720_11_SESS_U00720_11_0_0,U00720,SESS_U00720_11_0,2026-06-12 12:51:00,cheap cleats,2,legacy,7,94.8,0.5659
SU00720_11_SESS_U00720_11_1_0,U00720,SESS_U00720_11_1,2026-06-12 12:13:00,smartwatch,1,legacy,5,74.6,0.5437
SU00720_11_SESS_U00720_11_1_1,U00720,SESS_U00720_11_1,2026-06-12 16:43:00,cookware set electrci,3,legacy,8,93.4,0.5923
SU00722_11_SESS_U00722_11_0_0,U00722,SESS_U00722_11_0,2026-06-12 13:50:00,journal under 50 dollars,4,legacy,6,133.0,0.5715
SU00722_11_SESS_U00722_11_0_1,U00722,SESS_U00722_11_0,2026-06-12 12:34:00,toaster dishwasehr-safe,2,legacy,4,68.5,0.4799
SU00726_11_SESS_U00726_11_0_0,U00726,SESS_U00726_11_0,2026-06-12 17:27:00,smartwatch under 50 dollars,4,ai_semantic,8,89.6,0.5958999991416931
SU00728_11_SESS_U00728_11_0_0,U00728,SESS_U00728_11_0,2026-06-12 21:43:00,cheap smartwatch,2,ai_semantic,8,173.8,0.6635000109672546
SU00728_11_SESS_U00728_11_0_1,U00728,SESS_U00728_11_0,2026-06-12 19:32:00,somthing for hiking,3,ai_semantic,8,193.3,0.5105999708175659
SU00733_11_SESS_U00733_11_0_0,U00733,SESS_U00733_11_0,2026-06-12 21:27:00,electric toaster,2,legacy,8,73.7,0.5429
SU00735_11_SESS_U00735_11_0_0,U00735,SESS_U00735_11_0,2026-06-12 18:33:00,winter boots under 50 dollars,5,legacy,8,107.2,0.5425
SU00738_11_SESS_U00738_11_0_0,U00738,SESS_U00738_11_0,2026-06-12 08:47:00,sneakers under 50 dollars,4,legacy,7,99.0,0.5805
SU00740_11_SESS_U00740_11_0_0,U00740,SESS_U00740_11_0,2026-06-12 14:23:00,cheap thermal leggings,3,legacy,7,97.6,0.5946
SU00741_11_SESS_U00741_11_0_0,U00741,SESS_U00741_11_0,2026-06-12 12:51:00,somthing for travel,3,legacy,8,73.3,0.5927
SU00741_11_SESS_U00741_11_0_1,U00741,SESS_U00741_11_0,2026-06-12 19:41:00,cleast under 50 dollars,4,legacy,0,111.9,
SU00743_11_SESS_U00743_11_0_0,U00743,SESS_U00743_11_0,2026-06-12 13:11:00,cheap sweater,2,legacy,7,53.5,0.5964
SU00743_11_SESS_U00743_11_1_0,U00743,SESS_U00743_11_1,2026-06-12 21:00:00,somthing for the office,4,legacy,8,84.1,0.5941
SU00745_11_SESS_U00745_11_0_0,U00745,SESS_U00745_11_0,2026-06-12 12:06:00,hammcok,1,ai_semantic,8,237.0,0.49540001153945923
SU00746_11_SESS_U00746_11_0_0,U00746,SESS_U00746_11_0,2026-06-12 21:19:00,somthing for the office,4,legacy,8,64.3,0.5625
SU00746_11_SESS_U00746_11_0_1,U00746,SESS_U00746_11_0,2026-06-12 11:45:00,best hammock for a gift,5,legacy,8,107.5,0.589
SU00746_11_SESS_U00746_11_1_0,U00746,SESS_U00746_11_1,2026-06-12 15:10:00,dishwashre-safe air fryer,3,legacy,6,64.8,0.5913
SU00746_11_SESS_U00746_11_1_1,U00746,SESS_U00746_11_1,2026-06-12 11:20:00,moisture-wicking thermal leggings,3,legacy,8,80.3,0.5751
SU00747_11_SESS_U00747_11_0_0,U00747,SESS_U00747_11_0,2026-06-12 13:42:00,thermal leggnigs,2,ai_semantic,8,141.4,0.6169999837875366
SU00747_11_SESS_U00747_11_0_1,U00747,SESS_U00747_11_0,2026-06-12 21:15:00,wireless power bank for a gift,6,ai_semantic,8,146.7,0.7513999938964844
SU00749_11_SESS_U00749_11_0_0,U00749,SESS_U00749_11_0,2026-06-12 14:29:00,gift stele knife set,4,legacy,8,75.1,0.581
SU00750_11_SESS_U00750_11_0_0,U00750,SESS_U00750_11_0,2026-06-12 07:34:00,moisture-wicking fleece pullover,3,ai_semantic,8,156.8,0.8310999870300293
SU00756_11_SESS_U00756_11_0_0,U00756,SESS_U00756_11_0,2026-06-12 12:50:00,best cookware set for winter,5,legacy,8,54.6,0.5865
SU00759_11_SESS_U00759_11_0_0,U00759,SESS_U00759_11_0,2026-06-12 17:38:00,sweater under 50 dollars,4,ai_semantic,8,195.3,0.5741000175476074
SU00760_11_SESS_U00760_11_0_0,U00760,SESS_U00760_11_0,2026-06-12 09:16:00,insulated sneakers,2,legacy,8,105.2,0.5823
SU00760_11_SESS_U00760_11_0_1,U00760,SESS_U00760_11_0,2026-06-12 19:10:00,cleats under 50 dollars,4,legacy,7,84.4,0.5937
SU00762_11_SESS_U00762_11_0_0,U00762,SESS_U00762_11_0,2026-06-12 21:30:00,coyz sweater,2,legacy,7,101.5,0.575
SU00765_11_SESS_U00765_11_0_0,U00765,SESS_U00765_11_0,2026-06-12 09:48:00,best tent for rain,4,ai_semantic,8,191.7,0.6416000127792358
SU00767_11_SESS_U00767_11_0_0,U00767,SESS_U00767_11_0,2026-06-12 15:43:00,somthing for camping,3,legacy,8,78.9,0.5765
SU00771_11_SESS_U00771_11_0_0,U00771,SESS_U00771_11_0,2026-06-12 09:03:00,thermla leggings fleeec-lined,3,legacy,7,65.2,0.5935
SU00773_11_SESS_U00773_11_0_0,U00773,SESS_U00773_11_0,2026-06-12 13:07:00,thermal leggings wnidproof,3,legacy,7,89.7,0.5589
SU00775_11_SESS_U00775_11_0_0,U00775,SESS_U00775_11_0,2026-06-12 21:36:00,best webcam for camping,4,ai_semantic,8,124.8,0.635200023651123
SU00776_11_SESS_U00776_11_0_0,U00776,SESS_U00776_11_0,2026-06-12 09:37:00,journal under 50 dollars,4,ai_semantic,8,164.1,0.5771999955177307
SU00777_11_SESS_U00777_11_0_0,U00777,SESS_U00777_11_0,2026-06-12 16:44:00,candle rusitc,2,ai_semantic,8,142.7,0.5687999725341797
SU00779_11_SESS_U00779_11_0_0,U00779,SESS_U00779_11_0,2026-06-12 11:10:00,somthing for the office,4,legacy,8,75.6,0.5677
SU00780_11_SESS_U00780_11_0_0,U00780,SESS_U00780_11_0,2026-06-12 11:45:00,rain coat under 50 dollars,5,legacy,6,111.3,0.5398
SU00780_11_SESS_U00780_11_0_1,U00780,SESS_U00780_11_0,2026-06-12 16:06:00,best sweater for a gift,5,legacy,8,118.0,0.5863
SU00782_11_SESS_U00782_11_0_0,U00782,SESS_U00782_11_0,2026-06-12 16:25:00,gift headlamp,2,legacy,8,46.5,0.5735
SU00782_11_SESS_U00782_11_0_1,U00782,SESS_U00782_11_0,2026-06-12 21:18:00,running sheos,2,legacy,8,74.2,0.5861
SU00782_11_SESS_U00782_11_0_2,U00782,SESS_U00782_11_0,2026-06-12 13:51:00,lightweight cleats,2,legacy,8,84.5,0.5804
SU00782_11_SESS_U00782_11_1_0,U00782,SESS_U00782_11_1,2026-06-12 15:35:00,thermal leggings coyz,3,legacy,7,105.0,0.5842
SU00783_11_SESS_U00783_11_0_0,U00783,SESS_U00783_11_0,2026-06-12 19:33:00,backpack udner 50 dollars,4,ai_semantic,8,190.8,0.5210000276565552
SU00783_11_SESS_U00783_11_0_1,U00783,SESS_U00783_11_0,2026-06-12 16:43:00,best air fryer for winter,5,ai_semantic,8,207.8,0.6987000107765198
SU00793_11_SESS_U00793_11_0_0,U00793,SESS_U00793_11_0,2026-06-12 08:44:00,cleats,1,legacy,7,80.8,0.5856
SU00793_11_SESS_U00793_11_0_1,U00793,SESS_U00793_11_0,2026-06-12 19:39:00,trail running shoes,3,legacy,8,97.3,0.5806
SU00797_11_SESS_U00797_11_0_0,U00797,SESS_U00797_11_0,2026-06-12 11:24:00,headlamp,1,ai_semantic,8,179.6,0.7141000032424927
SU00797_11_SESS_U00797_11_0_1,U00797,SESS_U00797_11_0,2026-06-12 11:04:00,somthing for gym,3,ai_semantic,8,157.4,0.29350000619888306
SU00797_11_SESS_U00797_11_0_2,U00797,SESS_U00797_11_0,2026-06-12 20:11:00,cleast,1,ai_semantic,8,145.4,0.5540000200271606
SU00002_12_SESS_U00002_12_0_0,U00002,SESS_U00002_12_0,2026-06-13 15:32:00,best cookware set for travel,5,legacy,8,67.4,0.5534
SU00011_12_SESS_U00011_12_0_0,U00011,SESS_U00011_12_0,2026-06-13 09:25:00,fleece pullover wamr,3,legacy,7,103.4,0.5599
SU00011_12_SESS_U00011_12_0_1,U00011,SESS_U00011_12_0,2026-06-13 17:42:00,somthing for rain,3,legacy,8,89.1,0.5566
SU00013_12_SESS_U00013_12_0_0,U00013,SESS_U00013_12_0,2026-06-13 14:33:00,mixing bowl,2,ai_semantic,8,164.0,0.7674999833106995
SU00015_12_SESS_U00015_12_0_0,U00015,SESS_U00015_12_0,2026-06-13 13:54:00,headphones,1,legacy,6,92.8,0.5814
SU00016_12_SESS_U00016_12_0_0,U00016,SESS_U00016_12_0,2026-06-13 20:26:00,cheap mixing bowl,3,legacy,5,113.0,0.5211
SU00016_12_SESS_U00016_12_1_0,U00016,SESS_U00016_12_1,2026-06-13 22:25:00,sweater under 50 dollars,4,legacy,7,70.4,0.5452
SU00018_12_SESS_U00018_12_0_0,U00018,SESS_U00018_12_0,2026-06-13 21:58:00,gift sneakers,2,legacy,8,94.9,0.535
SU00021_12_SESS_U00021_12_0_0,U00021,SESS_U00021_12_0,2026-06-13 08:01:00,somthing for my mom,4,legacy,8,83.3,0.5819
SU00022_12_SESS_U00022_12_0_0,U00022,SESS_U00022_12_0,2026-06-13 17:31:00,high-top hiking boots,3,ai_semantic,8,173.3,0.8837000131607056
SU00022_12_SESS_U00022_12_0_1,U00022,SESS_U00022_12_0,2026-06-13 14:25:00,gift box set under 50 dollars,6,ai_semantic,8,169.3,0.6812999844551086
SU00025_12_SESS_U00025_12_0_0,U00025,SESS_U00025_12_0,2026-06-13 10:51:00,somthing for rain,3,legacy,8,109.8,0.5523
SU00026_12_SESS_U00026_12_0_0,U00026,SESS_U00026_12_0,2026-06-13 17:57:00,headlamp utlralight,2,legacy,6,75.2,0.5924
SU00033_12_SESS_U00033_12_0_0,U00033,SESS_U00033_12_0,2026-06-13 19:12:00,best smartwatch for my mom,5,legacy,8,84.0,0.5723
SU00033_12_SESS_U00033_12_1_0,U00033,SESS_U00033_12_1,2026-06-13 22:52:00,coffee maker creamic,3,legacy,5,92.4,0.5892
SU00034_12_SESS_U00034_12_0_0,U00034,SESS_U00034_12_0,2026-06-13 20:09:00,gift fleece pullover,3,legacy,8,103.7,0.5911
SU00041_12_SESS_U00041_12_0_0,U00041,SESS_U00041_12_0,2026-06-13 16:41:00,dishwasher-safe knife set,3,ai_semantic,8,175.9,0.8518000245094299
SU00041_12_SESS_U00041_12_0_1,U00041,SESS_U00041_12_0,2026-06-13 13:52:00,cleats high-top,2,ai_semantic,8,148.5,0.8403000235557556
SU00041_12_SESS_U00041_12_1_0,U00041,SESS_U00041_12_1,2026-06-13 18:35:00,best mixing bowl for gym,5,ai_semantic,8,208.9,0.6836000084877014
SU00041_12_SESS_U00041_12_1_1,U00041,SESS_U00041_12_1,2026-06-13 15:46:00,thermal leggings under 50 dollars,5,ai_semantic,8,192.1,0.7555000185966492
SU00043_12_SESS_U00043_12_0_0,U00043,SESS_U00043_12_0,2026-06-13 18:04:00,gift hammock,2,ai_semantic,8,181.7,0.7508000135421753
SU00045_12_SESS_U00045_12_0_0,U00045,SESS_U00045_12_0,2026-06-13 17:46:00,hmamock,1,ai_semantic,8,221.5,0.31349998712539673
SU00045_12_SESS_U00045_12_0_1,U00045,SESS_U00045_12_0,2026-06-13 20:21:00,somthing for winter,3,ai_semantic,8,217.0,0.4092999994754791
SU00049_12_SESS_U00049_12_0_0,U00049,SESS_U00049_12_0,2026-06-13 11:49:00,engraved photo frame,3,legacy,8,105.0,0.5507
SU00051_12_SESS_U00051_12_0_0,U00051,SESS_U00051_12_0,2026-06-13 14:55:00,cehap thermal leggings,3,ai_semantic,8,228.9,0.7882999777793884
SU00056_12_SESS_U00056_12_0_0,U00056,SESS_U00056_12_0,2026-06-13 14:26:00,cheap photo frame,3,legacy,6,57.5,0.5636
SU00056_12_SESS_U00056_12_0_1,U00056,SESS_U00056_12_0,2026-06-13 21:59:00,best journal for winter,4,legacy,8,74.2,0.5837
SU00057_12_SESS_U00057_12_0_0,U00057,SESS_U00057_12_0,2026-06-13 19:57:00,gift knfie set,3,legacy,8,99.1,0.5813
SU00059_12_SESS_U00059_12_0_0,U00059,SESS_U00059_12_0,2026-06-13 20:45:00,cheap camp stove,3,legacy,6,51.0,0.5757
SU00059_12_SESS_U00059_12_1_0,U00059,SESS_U00059_12_1,2026-06-13 08:15:00,best desk ornament for camping,5,legacy,8,97.2,0.5761
SU00059_12_SESS_U00059_12_1_1,U00059,SESS_U00059_12_1,2026-06-13 21:03:00,cookware set,2,legacy,8,74.2,0.5646
SU00060_12_SESS_U00060_12_0_0,U00060,SESS_U00060_12_0,2026-06-13 20:54:00,smartwatch under 50 dollars,4,ai_semantic,8,110.4,0.5958999991416931
SU00060_12_SESS_U00060_12_0_1,U00060,SESS_U00060_12_0,2026-06-13 18:49:00,webcam buletooth,2,ai_semantic,8,221.5,0.6141999959945679
SU00060_12_SESS_U00060_12_0_2,U00060,SESS_U00060_12_0,2026-06-13 10:19:00,best backpack for winter,4,ai_semantic,8,198.3,0.6248000264167786
SU00087_12_SESS_U00087_12_0_0,U00087,SESS_U00087_12_0,2026-06-13 09:50:00,sandals,1,ai_semantic,8,165.1,0.7052000164985657
SU00089_12_SESS_U00089_12_0_0,U00089,SESS_U00089_12_0,2026-06-13 18:20:00,witner boots hight-op,3,legacy,8,131.7,0.5898
SU00091_12_SESS_U00091_12_0_0,U00091,SESS_U00091_12_0,2026-06-13 09:52:00,candle under 50 dollars,4,legacy,6,87.1,0.594
SU00092_12_SESS_U00092_12_0_0,U00092,SESS_U00092_12_0,2026-06-13 07:08:00,desk ornament under 50 dollars,5,legacy,5,102.6,0.5142
SU00093_12_SESS_U00093_12_0_0,U00093,SESS_U00093_12_0,2026-06-13 12:00:00,gift speaker,2,ai_semantic,8,166.1,0.6934999823570251
SU00093_12_SESS_U00093_12_0_1,U00093,SESS_U00093_12_0,2026-06-13 16:44:00,engraved journal for rain,4,ai_semantic,8,183.8,0.6827999949455261
SU00093_12_SESS_U00093_12_0_2,U00093,SESS_U00093_12_0,2026-06-13 07:37:00,cheap candle,2,ai_semantic,8,170.9,0.699400007724762
SU00096_12_SESS_U00096_12_0_0,U00096,SESS_U00096_12_0,2026-06-13 16:34:00,headphones noise-cacnelling,2,legacy,6,111.6,0.5611
SU00096_12_SESS_U00096_12_0_1,U00096,SESS_U00096_12_0,2026-06-13 11:58:00,hammock under 50 dollars,4,legacy,7,84.6,0.5944
SU00096_12_SESS_U00096_12_0_2,U00096,SESS_U00096_12_0,2026-06-13 21:01:00,best tent for my mom,5,legacy,8,92.2,0.5878
SU00098_12_SESS_U00098_12_0_0,U00098,SESS_U00098_12_0,2026-06-13 12:18:00,best fleece pullover for rain,5,ai_semantic,8,209.6,0.7730000019073486
SU00098_12_SESS_U00098_12_1_0,U00098,SESS_U00098_12_1,2026-06-13 10:23:00,foldable cooler,2,ai_semantic,8,156.8,0.8100000023841858
SU00101_12_SESS_U00101_12_0_0,U00101,SESS_U00101_12_0,2026-06-13 20:43:00,portable backpack,2,legacy,8,100.4,0.5873
SU00102_12_SESS_U00102_12_0_0,U00102,SESS_U00102_12_0,2026-06-13 15:39:00,hoodie fleecel-ined,2,ai_semantic,8,179.7,0.7613999843597412
SU00102_12_SESS_U00102_12_1_0,U00102,SESS_U00102_12_1,2026-06-13 11:22:00,hammock compcat,2,ai_semantic,8,243.2,0.6195999979972839
SU00103_12_SESS_U00103_12_0_0,U00103,SESS_U00103_12_0,2026-06-13 10:33:00,somthing for camping,3,ai_semantic,8,141.4,0.4957999885082245
SU00103_12_SESS_U00103_12_0_1,U00103,SESS_U00103_12_0,2026-06-13 22:54:00,handmade keychain,2,ai_semantic,8,183.7,0.8952999711036682
SU00103_12_SESS_U00103_12_0_2,U00103,SESS_U00103_12_0,2026-06-13 21:10:00,gitf running shoes,3,ai_semantic,8,207.2,0.5480999946594238
SU00106_12_SESS_U00106_12_0_0,U00106,SESS_U00106_12_0,2026-06-13 11:41:00,gift bcakpack,2,ai_semantic,8,169.0,0.4429999887943268
SU00108_12_SESS_U00108_12_0_0,U00108,SESS_U00108_12_0,2026-06-13 08:10:00,charging cable udner 50 dollars,5,legacy,6,85.8,0.5928
SU00108_12_SESS_U00108_12_0_1,U00108,SESS_U00108_12_0,2026-06-13 19:36:00,candle engrvaed,2,legacy,6,88.8,0.5903
SU00112_12_SESS_U00112_12_0_0,U00112,SESS_U00112_12_0,2026-06-13 18:19:00,best sleeping bag for rain,5,legacy,8,99.0,0.5183
SU00116_12_SESS_U00116_12_0_0,U00116,SESS_U00116_12_0,2026-06-13 14:25:00,cleats,1,legacy,7,79.6,0.5743
SU00117_12_SESS_U00117_12_0_0,U00117,SESS_U00117_12_0,2026-06-13 11:04:00,somthing for hiking,3,ai_semantic,8,173.8,0.5105999708175659
SU00121_12_SESS_U00121_12_0_0,U00121,SESS_U00121_12_0,2026-06-13 22:51:00,thermal leggings,2,ai_semantic,8,177.2,0.8860999941825867
SU00122_12_SESS_U00122_12_0_0,U00122,SESS_U00122_12_0,2026-06-13 21:09:00,sandals under 50 dollars,4,ai_semantic,8,132.0,0.5776000022888184
SU00122_12_SESS_U00122_12_0_1,U00122,SESS_U00122_12_0,2026-06-13 07:47:00,fleece-lined sweater,2,ai_semantic,8,201.0,0.8906000256538391
SU00136_12_SESS_U00136_12_0_0,U00136,SESS_U00136_12_0,2026-06-13 14:44:00,speaker under 50 dollars,4,legacy,5,101.4,0.5185
SU00138_12_SESS_U00138_12_0_0,U00138,SESS_U00138_12_0,2026-06-13 14:34:00,somthing for a gift,4,ai_semantic,8,199.6,0.38440001010894775
SU00141_12_SESS_U00141_12_0_0,U00141,SESS_U00141_12_0,2026-06-13 21:03:00,best speaker for the office,5,ai_semantic,8,173.3,0.5076000094413757
SU00141_12_SESS_U00141_12_0_1,U00141,SESS_U00141_12_0,2026-06-13 07:53:00,gift box set presonalized,4,ai_semantic,8,203.0,0.727400004863739
SU00142_12_SESS_U00142_12_0_0,U00142,SESS_U00142_12_0,2026-06-13 09:15:00,minimalist gift box set,4,legacy,8,111.4,0.5895
SU00142_12_SESS_U00142_12_0_1,U00142,SESS_U00142_12_0,2026-06-13 15:01:00,webcam under 50 dollars,4,legacy,6,76.5,0.5851
SU00143_12_SESS_U00143_12_0_0,U00143,SESS_U00143_12_0,2026-06-13 22:11:00,ultralight tent for rain,4,legacy,8,85.1,0.5864
SU00145_12_SESS_U00145_12_0_0,U00145,SESS_U00145_12_0,2026-06-13 07:39:00,gift beanie,2,legacy,8,107.7,0.5948
SU00145_12_SESS_U00145_12_0_1,U00145,SESS_U00145_12_0,2026-06-13 07:11:00,somthing for hiking,3,legacy,8,99.3,0.5721
SU00145_12_SESS_U00145_12_1_0,U00145,SESS_U00145_12_1,2026-06-13 18:53:00,journal under 50 dollars,4,legacy,6,83.8,0.549
SU00145_12_SESS_U00145_12_1_1,U00145,SESS_U00145_12_1,2026-06-13 11:00:00,sweater,1,legacy,7,67.1,0.5945
SU00151_12_SESS_U00151_12_0_0,U00151,SESS_U00151_12_0,2026-06-13 09:21:00,wamr jacket,2,ai_semantic,8,161.4,0.5026999711990356
SU00151_12_SESS_U00151_12_0_1,U00151,SESS_U00151_12_0,2026-06-13 13:33:00,fleece-lined fleece pullover for rian,5,ai_semantic,8,138.0,0.7928000092506409
SU00152_12_SESS_U00152_12_0_0,U00152,SESS_U00152_12_0,2026-06-13 15:58:00,heavy-duty sleeping bag,3,legacy,8,90.1,0.5649
SU00154_12_SESS_U00154_12_0_0,U00154,SESS_U00154_12_0,2026-06-13 20:53:00,gitf keychain,2,ai_semantic,8,204.2,0.6409000158309937
SU00155_12_SESS_U00155_12_0_0,U00155,SESS_U00155_12_0,2026-06-13 15:47:00,gift mug,2,ai_semantic,8,187.4,0.6347000002861023
SU00156_12_SESS_U00156_12_0_0,U00156,SESS_U00156_12_0,2026-06-13 15:16:00,somthing for rain,3,ai_semantic,8,170.4,0.5149999856948853
SU00157_12_SESS_U00157_12_0_0,U00157,SESS_U00157_12_0,2026-06-13 20:46:00,cozy thermal leggings,3,legacy,8,91.3,0.5707
SU00169_12_SESS_U00169_12_0_0,U00169,SESS_U00169_12_0,2026-06-13 17:48:00,cheap power bank,3,ai_semantic,8,170.8,0.7488999962806702
SU00169_12_SESS_U00169_12_1_0,U00169,SESS_U00169_12_1,2026-06-13 17:20:00,headlamp insultaed,2,ai_semantic,8,252.2,0.6517999768257141
SU00179_12_SESS_U00179_12_0_0,U00179,SESS_U00179_12_0,2026-06-13 17:27:00,best journal for a gift,5,ai_semantic,8,181.6,0.6693000197410583
SU00180_12_SESS_U00180_12_0_0,U00180,SESS_U00180_12_0,2026-06-13 11:04:00,trail hiking boots for camping,5,legacy,8,96.4,0.5982
SU00180_12_SESS_U00180_12_0_1,U00180,SESS_U00180_12_0,2026-06-13 07:28:00,best steel knife set for the office,7,legacy,8,113.1,0.5592
SU00180_12_SESS_U00180_12_0_2,U00180,SESS_U00180_12_0,2026-06-13 07:18:00,gift rain cota,3,legacy,8,71.1,0.5796
SU00183_12_SESS_U00183_12_0_0,U00183,SESS_U00183_12_0,2026-06-13 16:08:00,somthing for travel,3,ai_semantic,8,276.7,0.3716999888420105
SU00183_12_SESS_U00183_12_0_1,U00183,SESS_U00183_12_0,2026-06-13 17:28:00,bluetooth webcam for winter,4,ai_semantic,8,216.0,0.7013000249862671
SU00183_12_SESS_U00183_12_0_2,U00183,SESS_U00183_12_0,2026-06-13 13:52:00,compact mixing bowl,3,ai_semantic,8,187.8,0.8702999949455261
SU00184_12_SESS_U00184_12_0_0,U00184,SESS_U00184_12_0,2026-06-13 20:33:00,cheap cleats,2,legacy,7,96.6,0.5698
SU00185_12_SESS_U00185_12_0_0,U00185,SESS_U00185_12_0,2026-06-13 16:33:00,rain coat cozy,3,legacy,8,90.9,0.5676
SU00185_12_SESS_U00185_12_0_1,U00185,SESS_U00185_12_0,2026-06-13 07:04:00,best charging cable for my mom,6,legacy,8,96.9,0.5805
SU00186_12_SESS_U00186_12_0_0,U00186,SESS_U00186_12_0,2026-06-13 17:20:00,gift rain coat,3,legacy,8,101.7,0.5636
SU00192_12_SESS_U00192_12_0_0,U00192,SESS_U00192_12_0,2026-06-13 15:53:00,best cleats for rain,4,legacy,8,77.9,0.5633
SU00192_12_SESS_U00192_12_0_1,U00192,SESS_U00192_12_0,2026-06-13 07:42:00,benaie sotf,2,legacy,0,52.9,
SU00198_12_SESS_U00198_12_0_0,U00198,SESS_U00198_12_0,2026-06-13 11:59:00,somthing for a gift,4,ai_semantic,8,187.1,0.38440001010894775
SU00198_12_SESS_U00198_12_0_1,U00198,SESS_U00198_12_0,2026-06-13 11:40:00,lightweight thermal leggings,3,ai_semantic,8,184.9,0.9139000177383423
SU00198_12_SESS_U00198_12_1_0,U00198,SESS_U00198_12_1,2026-06-13 21:00:00,fleece-lined beaine for rain,4,ai_semantic,8,169.6,0.70169997215271
SU00200_12_SESS_U00200_12_0_0,U00200,SESS_U00200_12_0,2026-06-13 22:26:00,cheap tnet,2,ai_semantic,8,150.6,0.27810001373291016
SU00202_12_SESS_U00202_12_0_0,U00202,SESS_U00202_12_0,2026-06-13 16:32:00,power bank under 50 dollars,5,legacy,6,121.1,0.5716
SU00215_12_SESS_U00215_12_0_0,U00215,SESS_U00215_12_0,2026-06-13 13:23:00,chaep backpack,2,legacy,6,68.8,0.4323
SU00215_12_SESS_U00215_12_0_1,U00215,SESS_U00215_12_0,2026-06-13 13:38:00,soft thermal leggings for winter,5,legacy,8,72.2,0.5864
SU00220_12_SESS_U00220_12_0_0,U00220,SESS_U00220_12_0,2026-06-13 17:14:00,sandals under 50 dollars,4,ai_semantic,8,144.9,0.5776000022888184
SU00222_12_SESS_U00222_12_0_0,U00222,SESS_U00222_12_0,2026-06-13 17:33:00,non-stick air fryer for travel,5,legacy,8,86.1,0.5725
SU00222_12_SESS_U00222_12_1_0,U00222,SESS_U00222_12_1,2026-06-13 17:37:00,smartwatch rechargebale,2,legacy,5,107.2,0.5526
SU00222_12_SESS_U00222_12_1_1,U00222,SESS_U00222_12_1,2026-06-13 10:46:00,camp stove,2,legacy,6,95.5,0.5221
SU00222_12_SESS_U00222_12_1_2,U00222,SESS_U00222_12_1,2026-06-13 12:43:00,camp stove,2,legacy,6,105.6,0.5699
SU00227_12_SESS_U00227_12_0_0,U00227,SESS_U00227_12_0,2026-06-13 09:38:00,best sneakesr for travel,4,legacy,8,59.6,0.511
SU00227_12_SESS_U00227_12_0_1,U00227,SESS_U00227_12_0,2026-06-13 09:14:00,best hoodie for winter,4,legacy,8,58.0,0.5641
SU00228_12_SESS_U00228_12_0_0,U00228,SESS_U00228_12_0,2026-06-13 09:20:00,best thermal leggings for a gift,6,legacy,8,106.6,0.5874
SU00228_12_SESS_U00228_12_0_1,U00228,SESS_U00228_12_0,2026-06-13 18:19:00,gift power bank,3,legacy,8,77.0,0.5965
SU00232_12_SESS_U00232_12_0_0,U00232,SESS_U00232_12_0,2026-06-13 16:26:00,cheap beanie,2,ai_semantic,8,143.1,0.7346000075340271
SU00234_12_SESS_U00234_12_0_0,U00234,SESS_U00234_12_0,2026-06-13 16:27:00,somthing for hiking,3,ai_semantic,8,126.1,0.5105999708175659
SU00234_12_SESS_U00234_12_0_1,U00234,SESS_U00234_12_0,2026-06-13 13:53:00,fleece pullover under 50 dollars,5,ai_semantic,8,191.2,0.7441999912261963
SU00236_12_SESS_U00236_12_0_0,U00236,SESS_U00236_12_0,2026-06-13 19:37:00,compact mixing bowl for rain,5,legacy,8,69.0,0.5369
SU00236_12_SESS_U00236_12_1_0,U00236,SESS_U00236_12_1,2026-06-13 08:41:00,tent under 50 dollars,4,legacy,7,114.7,0.5993
SU00237_12_SESS_U00237_12_0_0,U00237,SESS_U00237_12_0,2026-06-13 20:58:00,foldable backpack for rain,4,legacy,8,90.4,0.5804
SU00242_12_SESS_U00242_12_0_0,U00242,SESS_U00242_12_0,2026-06-13 22:41:00,cheap candle,2,ai_semantic,8,173.1,0.699400007724762
SU00245_12_SESS_U00245_12_0_0,U00245,SESS_U00245_12_0,2026-06-13 11:53:00,keychain udner 50 dollars,4,legacy,6,57.4,0.5533
SU00245_12_SESS_U00245_12_0_1,U00245,SESS_U00245_12_0,2026-06-13 15:50:00,gift winter boots,3,legacy,8,69.7,0.5761
SU00245_12_SESS_U00245_12_1_0,U00245,SESS_U00245_12_1,2026-06-13 08:21:00,sleeping bag,2,legacy,7,78.7,0.5633
SU00245_12_SESS_U00245_12_1_1,U00245,SESS_U00245_12_1,2026-06-13 20:49:00,knife set,2,legacy,8,107.9,0.5608
SU00245_12_SESS_U00245_12_1_2,U00245,SESS_U00245_12_1,2026-06-13 14:29:00,speaker under 50 dollars,4,legacy,5,64.0,0.5433
SU00246_12_SESS_U00246_12_0_0,U00246,SESS_U00246_12_0,2026-06-13 10:14:00,best desk oranment for a gift,6,ai_semantic,8,200.5,0.6295999884605408
SU00249_12_SESS_U00249_12_0_0,U00249,SESS_U00249_12_0,2026-06-13 14:29:00,electric toaster for camping,4,legacy,8,95.0,0.5889
SU00249_12_SESS_U00249_12_0_1,U00249,SESS_U00249_12_0,2026-06-13 09:38:00,cheap toaster,2,legacy,4,53.9,0.5998
SU00249_12_SESS_U00249_12_1_0,U00249,SESS_U00249_12_1,2026-06-13 14:59:00,best hiikng boots for gym,5,legacy,8,84.8,0.5975
SU00270_12_SESS_U00270_12_0_0,U00270,SESS_U00270_12_0,2026-06-13 22:57:00,gift beanie,2,ai_semantic,8,249.5,0.7200000286102295
SU00270_12_SESS_U00270_12_0_1,U00270,SESS_U00270_12_0,2026-06-13 19:29:00,gift runnign shoes,3,ai_semantic,8,172.0,0.5947999954223633
SU00270_12_SESS_U00270_12_1_0,U00270,SESS_U00270_12_1,2026-06-13 21:41:00,jacket wram,2,ai_semantic,8,204.6,0.5949000120162964
SU00276_12_SESS_U00276_12_0_0,U00276,SESS_U00276_12_0,2026-06-13 11:46:00,gift knife set,3,ai_semantic,8,143.3,0.6309000253677368
SU00279_12_SESS_U00279_12_0_0,U00279,SESS_U00279_12_0,2026-06-13 16:13:00,somthing for a gift,4,ai_semantic,8,189.4,0.38440001010894775
SU00279_12_SESS_U00279_12_0_1,U00279,SESS_U00279_12_0,2026-06-13 22:59:00,somthing for travel,3,ai_semantic,8,186.7,0.3716999888420105
SU00279_12_SESS_U00279_12_0_2,U00279,SESS_U00279_12_0,2026-06-13 18:19:00,somthing for camping,3,ai_semantic,8,174.3,0.4957999885082245
SU00279_12_SESS_U00279_12_1_0,U00279,SESS_U00279_12_1,2026-06-13 12:36:00,best photo frame for a gift,6,ai_semantic,8,187.2,0.6934000253677368
SU00279_12_SESS_U00279_12_1_1,U00279,SESS_U00279_12_1,2026-06-13 16:46:00,somthing for a gift,4,ai_semantic,8,180.1,0.38440001010894775
SU00282_12_SESS_U00282_12_0_0,U00282,SESS_U00282_12_0,2026-06-13 21:38:00,somthing for travel,3,ai_semantic,8,209.8,0.3716999888420105
SU00282_12_SESS_U00282_12_0_1,U00282,SESS_U00282_12_0,2026-06-13 14:09:00,thermal leggings,2,ai_semantic,8,192.4,0.8860999941825867
SU00287_12_SESS_U00287_12_0_0,U00287,SESS_U00287_12_0,2026-06-13 13:07:00,sneakers,1,ai_semantic,8,197.0,0.7318000197410583
SU00290_12_SESS_U00290_12_0_0,U00290,SESS_U00290_12_0,2026-06-13 18:23:00,best knife set for the office,6,legacy,8,88.8,0.5997
SU00290_12_SESS_U00290_12_0_1,U00290,SESS_U00290_12_0,2026-06-13 21:08:00,candle under 50 dollars,4,legacy,6,95.9,0.5928
SU00291_12_SESS_U00291_12_0_0,U00291,SESS_U00291_12_0,2026-06-13 11:59:00,dishwasher-safe air fryer,3,ai_semantic,8,182.8,0.8934000134468079
SU00291_12_SESS_U00291_12_0_1,U00291,SESS_U00291_12_0,2026-06-13 15:57:00,somthing for hiking,3,ai_semantic,8,136.4,0.5105999708175659
SU00293_12_SESS_U00293_12_0_0,U00293,SESS_U00293_12_0,2026-06-13 13:05:00,cheap gitf box set,4,ai_semantic,8,168.8,0.5242000222206116
SU00293_12_SESS_U00293_12_0_1,U00293,SESS_U00293_12_0,2026-06-13 22:00:00,cheap pohto frame,3,ai_semantic,8,189.1,0.51910001039505
SU00296_12_SESS_U00296_12_0_0,U00296,SESS_U00296_12_0,2026-06-13 19:32:00,tent ultralgiht,2,ai_semantic,8,197.0,0.6866999864578247
SU00297_12_SESS_U00297_12_0_0,U00297,SESS_U00297_12_0,2026-06-13 14:13:00,somthing for a gift,4,ai_semantic,8,220.7,0.38440001010894775
SU00297_12_SESS_U00297_12_0_1,U00297,SESS_U00297_12_0,2026-06-13 21:51:00,stainless steel coffee maker for hiking,6,ai_semantic,8,195.3,0.6338000297546387
SU00297_12_SESS_U00297_12_0_2,U00297,SESS_U00297_12_0,2026-06-13 10:28:00,cheap sleeping bag,3,ai_semantic,8,192.6,0.7495999932289124
SU00297_12_SESS_U00297_12_1_0,U00297,SESS_U00297_12_1,2026-06-13 15:56:00,bluetooth earbuds,2,ai_semantic,8,119.2,0.786899983882904
SU00298_12_SESS_U00298_12_0_0,U00298,SESS_U00298_12_0,2026-06-13 16:52:00,chaep charging cable,3,legacy,6,86.9,0.5804
SU00299_12_SESS_U00299_12_0_0,U00299,SESS_U00299_12_0,2026-06-13 15:13:00,cleats under 50 dollars,4,legacy,7,111.2,0.5699
SU00301_12_SESS_U00301_12_0_0,U00301,SESS_U00301_12_0,2026-06-13 09:14:00,gift backpack,2,legacy,8,75.2,0.5213
SU00305_12_SESS_U00305_12_0_0,U00305,SESS_U00305_12_0,2026-06-13 15:03:00,gift sweater,2,legacy,8,59.5,0.5967
SU00305_12_SESS_U00305_12_0_1,U00305,SESS_U00305_12_0,2026-06-13 14:18:00,cozy jacket for gym,4,legacy,8,105.6,0.5885
SU00306_12_SESS_U00306_12_0_0,U00306,SESS_U00306_12_0,2026-06-13 16:30:00,gift keychain,2,ai_semantic,8,169.4,0.6830999851226807
SU00308_12_SESS_U00308_12_0_0,U00308,SESS_U00308_12_0,2026-06-13 12:09:00,heavy-duty cooler for the office,5,ai_semantic,8,140.9,0.8202000260353088
SU00308_12_SESS_U00308_12_0_1,U00308,SESS_U00308_12_0,2026-06-13 17:33:00,lightweight hoodie,2,ai_semantic,8,149.7,0.8474000096321106
SU00310_12_SESS_U00310_12_0_0,U00310,SESS_U00310_12_0,2026-06-13 08:13:00,portable cooler for winter,4,ai_semantic,8,164.7,0.7950999736785889
SU00311_12_SESS_U00311_12_0_0,U00311,SESS_U00311_12_0,2026-06-13 10:56:00,journal,1,legacy,6,57.6,0.5561
SU00313_12_SESS_U00313_12_0_0,U00313,SESS_U00313_12_0,2026-06-13 10:24:00,rain coat,2,ai_semantic,8,153.6,0.7587000131607056
SU00320_12_SESS_U00320_12_0_0,U00320,SESS_U00320_12_0,2026-06-13 16:23:00,somthing for camping,3,ai_semantic,8,160.4,0.4957999885082245
SU00321_12_SESS_U00321_12_0_0,U00321,SESS_U00321_12_0,2026-06-13 10:42:00,somthing for camping,3,ai_semantic,8,175.8,0.4957999885082245
SU00321_12_SESS_U00321_12_0_1,U00321,SESS_U00321_12_0,2026-06-13 10:07:00,cheap jacket,2,ai_semantic,8,114.9,0.6244000196456909
SU00321_12_SESS_U00321_12_0_2,U00321,SESS_U00321_12_0,2026-06-13 20:37:00,coffee maker under 50 dollars,5,ai_semantic,8,197.2,0.4555000066757202
SU00323_12_SESS_U00323_12_0_0,U00323,SESS_U00323_12_0,2026-06-13 18:34:00,foldable headlamp,2,ai_semantic,8,178.0,0.866100013256073
SU00327_12_SESS_U00327_12_0_0,U00327,SESS_U00327_12_0,2026-06-13 12:20:00,journal under 50 dollars,4,legacy,6,97.6,0.5823
SU00330_12_SESS_U00330_12_0_0,U00330,SESS_U00330_12_0,2026-06-13 08:46:00,engraved mug,2,ai_semantic,8,230.8,0.8682000041007996
SU00332_12_SESS_U00332_12_0_0,U00332,SESS_U00332_12_0,2026-06-13 19:28:00,mxiing bowl under 50 dollars,5,ai_semantic,8,202.2,0.5023000240325928
SU00335_12_SESS_U00335_12_0_0,U00335,SESS_U00335_12_0,2026-06-13 08:10:00,headlapm inuslated,2,legacy,0,96.1,
SU00338_12_SESS_U00338_12_0_0,U00338,SESS_U00338_12_0,2026-06-13 07:38:00,cheap gift box set,4,legacy,8,88.2,0.5648
SU00341_12_SESS_U00341_12_0_0,U00341,SESS_U00341_12_0,2026-06-13 09:07:00,gift headphones,2,ai_semantic,8,174.9,0.6919000148773193
SU00342_12_SESS_U00342_12_0_0,U00342,SESS_U00342_12_0,2026-06-13 17:55:00,gitf headlamp,2,legacy,6,72.5,0.5416
SU00342_12_SESS_U00342_12_0_1,U00342,SESS_U00342_12_0,2026-06-13 17:39:00,cushioned winter boots,3,legacy,8,84.2,0.5988
SU00343_12_SESS_U00343_12_0_0,U00343,SESS_U00343_12_0,2026-06-13 08:13:00,somthing for winter,3,legacy,8,97.1,0.5549
SU00343_12_SESS_U00343_12_0_1,U00343,SESS_U00343_12_0,2026-06-13 17:54:00,cozy jacket,2,legacy,8,81.7,0.5574
SU00358_12_SESS_U00358_12_0_0,U00358,SESS_U00358_12_0,2026-06-13 17:55:00,camp stove under 50 dollars,5,ai_semantic,8,226.9,0.6337000131607056
SU00359_12_SESS_U00359_12_0_0,U00359,SESS_U00359_12_0,2026-06-13 13:35:00,insulated camp stove,3,legacy,8,107.5,0.5197
SU00360_12_SESS_U00360_12_0_0,U00360,SESS_U00360_12_0,2026-06-13 18:21:00,gift photo frame,3,legacy,8,94.8,0.5192
SU00364_12_SESS_U00364_12_0_0,U00364,SESS_U00364_12_0,2026-06-13 16:02:00,rechargeable power bank for travel,5,legacy,8,103.8,0.5936
SU00367_12_SESS_U00367_12_0_0,U00367,SESS_U00367_12_0,2026-06-13 21:08:00,rechargeable headphones,2,ai_semantic,8,151.9,0.8482000231742859
SU00370_12_SESS_U00370_12_0_0,U00370,SESS_U00370_12_0,2026-06-13 21:22:00,hoodie under 50 dollars,4,ai_semantic,8,204.2,0.5626000165939331
SU00371_12_SESS_U00371_12_0_0,U00371,SESS_U00371_12_0,2026-06-13 22:18:00,running shoes,2,ai_semantic,8,265.5,0.7371000051498413
SU00371_12_SESS_U00371_12_0_1,U00371,SESS_U00371_12_0,2026-06-13 07:21:00,dishwasher-safe cookware set,3,ai_semantic,8,178.3,0.859499990940094
SU00371_12_SESS_U00371_12_0_2,U00371,SESS_U00371_12_0,2026-06-13 19:46:00,electric toaster,2,ai_semantic,8,179.5,0.9006999731063843
SU00372_12_SESS_U00372_12_0_0,U00372,SESS_U00372_12_0,2026-06-13 12:30:00,webcam under 50 dollars,4,legacy,6,102.1,0.5503
SU00378_12_SESS_U00378_12_0_0,U00378,SESS_U00378_12_0,2026-06-13 12:01:00,felece pullover coyz,3,legacy,7,127.9,0.5529
SU00378_12_SESS_U00378_12_0_1,U00378,SESS_U00378_12_0,2026-06-13 21:12:00,cheap journal,2,legacy,6,114.8,0.589
SU00378_12_SESS_U00378_12_0_2,U00378,SESS_U00378_12_0,2026-06-13 16:32:00,breathable winter boots,3,legacy,8,96.7,0.5954
SU00379_12_SESS_U00379_12_0_0,U00379,SESS_U00379_12_0,2026-06-13 14:53:00,somthing for a gift,4,legacy,8,122.8,0.5911
SU00379_12_SESS_U00379_12_0_1,U00379,SESS_U00379_12_0,2026-06-13 16:25:00,gitf coffee maker,3,legacy,5,78.1,0.6
SU00380_12_SESS_U00380_12_0_0,U00380,SESS_U00380_12_0,2026-06-13 11:01:00,best webcam for my mom,5,legacy,8,75.4,0.5551
SU00380_12_SESS_U00380_12_0_1,U00380,SESS_U00380_12_0,2026-06-13 20:03:00,somthing for rain,3,legacy,8,170.5,0.5958
SU00383_12_SESS_U00383_12_0_0,U00383,SESS_U00383_12_0,2026-06-13 15:58:00,best jacket for my mom,5,legacy,8,95.0,0.5948
SU00388_12_SESS_U00388_12_0_0,U00388,SESS_U00388_12_0,2026-06-13 13:25:00,cheap webcam,2,ai_semantic,8,177.1,0.6915000081062317
SU00388_12_SESS_U00388_12_1_0,U00388,SESS_U00388_12_1,2026-06-13 19:34:00,noise-cancelling power bank for hiking,5,ai_semantic,8,180.7,0.7045000195503235
SU00390_12_SESS_U00390_12_0_0,U00390,SESS_U00390_12_0,2026-06-13 13:51:00,cheap headlamp,2,ai_semantic,8,250.4,0.7418000102043152
SU00393_12_SESS_U00393_12_0_0,U00393,SESS_U00393_12_0,2026-06-13 07:53:00,toaster under 50 dollars,4,legacy,4,95.2,0.5938
SU00393_12_SESS_U00393_12_0_1,U00393,SESS_U00393_12_0,2026-06-13 17:45:00,best thermal leggings for travel,5,legacy,8,67.0,0.5448
SU00394_12_SESS_U00394_12_0_0,U00394,SESS_U00394_12_0,2026-06-13 08:54:00,best smartwatch for the office,5,legacy,8,121.1,0.5869
SU00395_12_SESS_U00395_12_0_0,U00395,SESS_U00395_12_0,2026-06-13 10:14:00,rustic journal for rian,4,ai_semantic,8,106.8,0.7204999923706055
SU00408_12_SESS_U00408_12_0_0,U00408,SESS_U00408_12_0,2026-06-13 22:31:00,loafers trali,2,ai_semantic,8,185.6,0.5805000066757202
SU00409_12_SESS_U00409_12_0_0,U00409,SESS_U00409_12_0,2026-06-13 17:01:00,somthing for the office,4,ai_semantic,8,156.7,0.2831999957561493
SU00409_12_SESS_U00409_12_0_1,U00409,SESS_U00409_12_0,2026-06-13 14:46:00,trail cleats for hiking,4,ai_semantic,8,211.2,0.8327999711036682
SU00409_12_SESS_U00409_12_1_0,U00409,SESS_U00409_12_1,2026-06-13 20:25:00,winter boots,2,ai_semantic,8,157.4,0.7364000082015991
SU00410_12_SESS_U00410_12_0_0,U00410,SESS_U00410_12_0,2026-06-13 07:15:00,gift box set,3,legacy,8,88.2,0.5924
SU00410_12_SESS_U00410_12_1_0,U00410,SESS_U00410_12_1,2026-06-13 11:33:00,hammock under 50 dollars,4,legacy,7,84.1,0.5983
SU00416_12_SESS_U00416_12_0_0,U00416,SESS_U00416_12_0,2026-06-13 16:27:00,portable webcam for gym,4,legacy,8,99.4,0.5961
SU00417_12_SESS_U00417_12_0_0,U00417,SESS_U00417_12_0,2026-06-13 08:03:00,somthing for travel,3,legacy,8,85.5,0.4874
SU00419_12_SESS_U00419_12_0_0,U00419,SESS_U00419_12_0,2026-06-13 10:13:00,gift speaker,2,ai_semantic,8,176.0,0.6934999823570251
SU00420_12_SESS_U00420_12_0_0,U00420,SESS_U00420_12_0,2026-06-13 22:47:00,cheap knife set,3,ai_semantic,8,188.4,0.678600013256073
SU00421_12_SESS_U00421_12_0_0,U00421,SESS_U00421_12_0,2026-06-13 16:44:00,sweater,1,legacy,7,84.6,0.5998
SU00429_12_SESS_U00429_12_0_0,U00429,SESS_U00429_12_0,2026-06-13 11:50:00,best candle for the office,5,legacy,8,60.7,0.5289
SU00431_12_SESS_U00431_12_0_0,U00431,SESS_U00431_12_0,2026-06-13 15:07:00,gift speaker,2,ai_semantic,8,141.4,0.6934999823570251
SU00431_12_SESS_U00431_12_0_1,U00431,SESS_U00431_12_0,2026-06-13 21:17:00,best power bank for hiking,5,ai_semantic,8,167.3,0.6805999875068665
SU00432_12_SESS_U00432_12_0_0,U00432,SESS_U00432_12_0,2026-06-13 19:42:00,dishwasher-safe knife set for travel,5,ai_semantic,8,213.7,0.7817000150680542
SU00436_12_SESS_U00436_12_0_0,U00436,SESS_U00436_12_0,2026-06-13 21:34:00,minimalist keychain for winter,4,ai_semantic,8,132.0,0.7735000252723694
SU00436_12_SESS_U00436_12_0_1,U00436,SESS_U00436_12_0,2026-06-13 10:20:00,waterproof hiking boots for the office,6,ai_semantic,8,248.7,0.7901999950408936
SU00437_12_SESS_U00437_12_0_0,U00437,SESS_U00437_12_0,2026-06-13 16:19:00,gift photo frame,3,legacy,8,60.4,0.5667
SU00437_12_SESS_U00437_12_0_1,U00437,SESS_U00437_12_0,2026-06-13 09:58:00,cheap hoodie,2,legacy,7,89.2,0.555
SU00438_12_SESS_U00438_12_0_0,U00438,SESS_U00438_12_0,2026-06-13 14:35:00,handmade desk ornament,3,ai_semantic,8,119.1,0.8971999883651733
SU00444_12_SESS_U00444_12_0_0,U00444,SESS_U00444_12_0,2026-06-13 12:44:00,knief set,2,ai_semantic,8,139.9,0.39410001039505005
SU00454_12_SESS_U00454_12_0_0,U00454,SESS_U00454_12_0,2026-06-13 11:54:00,gift toaster,2,legacy,8,100.3,0.5956
SU00456_12_SESS_U00456_12_0_0,U00456,SESS_U00456_12_0,2026-06-13 18:23:00,tnet,1,legacy,0,103.1,
SU00460_12_SESS_U00460_12_0_0,U00460,SESS_U00460_12_0,2026-06-13 11:34:00,journal handmaed,2,legacy,6,86.0,0.5882
SU00460_12_SESS_U00460_12_0_1,U00460,SESS_U00460_12_0,2026-06-13 16:11:00,somthing for hiikng,3,legacy,8,75.9,0.5908
SU00463_12_SESS_U00463_12_0_0,U00463,SESS_U00463_12_0,2026-06-13 08:39:00,cheap hiking boots,3,ai_semantic,8,188.8,0.7289999723434448
SU00463_12_SESS_U00463_12_0_1,U00463,SESS_U00463_12_0,2026-06-13 18:06:00,foldable hammock for rain,4,ai_semantic,8,166.8,0.7107999920845032
SU00463_12_SESS_U00463_12_1_0,U00463,SESS_U00463_12_1,2026-06-13 07:50:00,somthing for winter,3,ai_semantic,8,178.4,0.4092999994754791
SU00463_12_SESS_U00463_12_1_1,U00463,SESS_U00463_12_1,2026-06-13 13:15:00,candle,1,ai_semantic,8,220.7,0.6956999897956848
SU00465_12_SESS_U00465_12_0_0,U00465,SESS_U00465_12_0,2026-06-13 15:13:00,best running shoes for hiking,5,legacy,8,107.2,0.5365
SU00465_12_SESS_U00465_12_0_1,U00465,SESS_U00465_12_0,2026-06-13 10:00:00,tent under 50 dollars,4,legacy,7,63.8,0.5566
SU00465_12_SESS_U00465_12_0_2,U00465,SESS_U00465_12_0,2026-06-13 15:53:00,gift keychain,2,legacy,8,112.0,0.4695
SU00471_12_SESS_U00471_12_0_0,U00471,SESS_U00471_12_0,2026-06-13 20:15:00,mug,1,legacy,6,116.2,0.5552
SU00472_12_SESS_U00472_12_0_0,U00472,SESS_U00472_12_0,2026-06-13 12:32:00,somthing for the office,4,legacy,8,83.3,0.5644
SU00473_12_SESS_U00473_12_0_0,U00473,SESS_U00473_12_0,2026-06-13 13:32:00,best mug for winter,4,legacy,8,87.5,0.5871
SU00473_12_SESS_U00473_12_0_1,U00473,SESS_U00473_12_0,2026-06-13 12:14:00,somthing for hiking,3,legacy,8,63.1,0.597
SU00477_12_SESS_U00477_12_0_0,U00477,SESS_U00477_12_0,2026-06-13 16:33:00,best sneakers for a gift,5,ai_semantic,8,210.4,0.6844000220298767
SU00481_12_SESS_U00481_12_0_0,U00481,SESS_U00481_12_0,2026-06-13 12:42:00,running shoes taril,3,legacy,8,95.0,0.5646
SU00481_12_SESS_U00481_12_0_1,U00481,SESS_U00481_12_0,2026-06-13 14:08:00,cheap cooler,2,legacy,6,109.1,0.5824
SU00490_12_SESS_U00490_12_0_0,U00490,SESS_U00490_12_0,2026-06-13 15:30:00,somthing for camping,3,legacy,8,120.3,0.5947
SU00491_12_SESS_U00491_12_0_0,U00491,SESS_U00491_12_0,2026-06-13 15:56:00,copmact air fryer,3,ai_semantic,8,172.6,0.7267000079154968
SU00498_12_SESS_U00498_12_0_0,U00498,SESS_U00498_12_0,2026-06-13 07:14:00,gift sandals,2,ai_semantic,8,182.3,0.661300003528595
SU00500_12_SESS_U00500_12_0_0,U00500,SESS_U00500_12_0,2026-06-13 07:52:00,somthing for a gift,4,ai_semantic,8,126.9,0.38440001010894775
SU00503_12_SESS_U00503_12_0_0,U00503,SESS_U00503_12_0,2026-06-13 17:25:00,ceramic cookware set for the office,6,ai_semantic,8,171.5,0.7979000210762024
SU00507_12_SESS_U00507_12_0_0,U00507,SESS_U00507_12_0,2026-06-13 22:13:00,insulated loafers for winter,4,legacy,8,52.3,0.5355
SU00510_12_SESS_U00510_12_0_0,U00510,SESS_U00510_12_0,2026-06-13 14:49:00,cheap cooler,2,ai_semantic,8,160.7,0.636900007724762
SU00510_12_SESS_U00510_12_0_1,U00510,SESS_U00510_12_0,2026-06-13 16:49:00,cushioned running shoes for rain,5,ai_semantic,8,154.6,0.7045999765396118
SU00516_12_SESS_U00516_12_0_0,U00516,SESS_U00516_12_0,2026-06-13 15:54:00,cheap hoodie,2,ai_semantic,8,152.5,0.6844000220298767
SU00520_12_SESS_U00520_12_0_0,U00520,SESS_U00520_12_0,2026-06-13 09:35:00,best sneakers for my mom,5,ai_semantic,8,185.1,0.5652999877929688
SU00520_12_SESS_U00520_12_0_1,U00520,SESS_U00520_12_0,2026-06-13 18:22:00,portable tnet for hiking,4,ai_semantic,8,201.0,0.46380001306533813
SU00520_12_SESS_U00520_12_0_2,U00520,SESS_U00520_12_0,2026-06-13 09:42:00,beanie under 50 dollars,4,ai_semantic,8,172.8,0.6413000226020813
SU00521_12_SESS_U00521_12_0_0,U00521,SESS_U00521_12_0,2026-06-13 14:23:00,somthing for travel,3,ai_semantic,8,191.5,0.3716999888420105
SU00523_12_SESS_U00523_12_0_0,U00523,SESS_U00523_12_0,2026-06-13 13:32:00,somthing for gym,3,ai_semantic,8,180.6,0.29350000619888306
SU00529_12_SESS_U00529_12_0_0,U00529,SESS_U00529_12_0,2026-06-13 08:15:00,thermal legigngs,2,ai_semantic,8,184.7,0.5644999742507935
SU00535_12_SESS_U00535_12_0_0,U00535,SESS_U00535_12_0,2026-06-13 11:59:00,loafers under 50 dollars,4,ai_semantic,8,176.7,0.5924999713897705
SU00542_12_SESS_U00542_12_0_0,U00542,SESS_U00542_12_0,2026-06-13 08:52:00,somthing for the office,4,ai_semantic,8,166.8,0.2831999957561493
SU00542_12_SESS_U00542_12_1_0,U00542,SESS_U00542_12_1,2026-06-13 15:06:00,soft thermal leggings for a gift,6,ai_semantic,8,173.5,0.925599992275238
SU00544_12_SESS_U00544_12_0_0,U00544,SESS_U00544_12_0,2026-06-13 19:41:00,ultralight backpack for winter,4,legacy,8,106.5,0.5959
SU00556_12_SESS_U00556_12_0_0,U00556,SESS_U00556_12_0,2026-06-13 10:50:00,hoodie wram,2,ai_semantic,8,221.1,0.6373999714851379
SU00557_12_SESS_U00557_12_0_0,U00557,SESS_U00557_12_0,2026-06-13 13:31:00,best earbuds for camping,4,ai_semantic,8,193.3,0.6266000270843506
SU00561_12_SESS_U00561_12_0_0,U00561,SESS_U00561_12_0,2026-06-13 10:53:00,somthing for my mom,4,ai_semantic,8,227.3,0.14970000088214874
SU00563_12_SESS_U00563_12_0_0,U00563,SESS_U00563_12_0,2026-06-13 20:28:00,somthing for a gift,4,ai_semantic,8,202.2,0.38440001010894775
SU00563_12_SESS_U00563_12_0_1,U00563,SESS_U00563_12_0,2026-06-13 17:46:00,speaker,1,ai_semantic,8,190.4,0.6450999975204468
SU00566_12_SESS_U00566_12_0_0,U00566,SESS_U00566_12_0,2026-06-13 19:15:00,portable hammock,2,legacy,8,61.5,0.5633
SU00575_12_SESS_U00575_12_0_0,U00575,SESS_U00575_12_0,2026-06-13 21:23:00,best hoodie for the office,5,ai_semantic,8,133.2,0.6349999904632568
SU00575_12_SESS_U00575_12_0_1,U00575,SESS_U00575_12_0,2026-06-13 16:37:00,sandasl under 50 dollars,4,ai_semantic,8,172.2,0.21629999577999115
SU00575_12_SESS_U00575_12_0_2,U00575,SESS_U00575_12_0,2026-06-13 10:48:00,compact tent,2,ai_semantic,8,202.4,0.8187999725341797
SU00578_12_SESS_U00578_12_0_0,U00578,SESS_U00578_12_0,2026-06-13 19:38:00,compact power bank for winter,5,ai_semantic,8,185.8,0.7659000158309937
SU00578_12_SESS_U00578_12_0_1,U00578,SESS_U00578_12_0,2026-06-13 10:35:00,beanie soft,2,ai_semantic,8,156.8,0.8614000082015991
SU00579_12_SESS_U00579_12_0_0,U00579,SESS_U00579_12_0,2026-06-13 22:22:00,sweater,1,legacy,7,99.6,0.5745
SU00584_12_SESS_U00584_12_0_0,U00584,SESS_U00584_12_0,2026-06-13 22:11:00,rechargeable smartwatch,2,ai_semantic,8,235.0,0.8360000252723694
SU00585_12_SESS_U00585_12_0_0,U00585,SESS_U00585_12_0,2026-06-13 11:09:00,mug under 50 dollars,4,legacy,6,81.4,0.577
SU00589_12_SESS_U00589_12_0_0,U00589,SESS_U00589_12_0,2026-06-13 10:34:00,loafers,1,legacy,6,74.0,0.5715
SU00591_12_SESS_U00591_12_0_0,U00591,SESS_U00591_12_0,2026-06-13 19:03:00,ultralight camp stove for hiking,5,ai_semantic,8,239.9,0.8015000224113464
SU00597_12_SESS_U00597_12_0_0,U00597,SESS_U00597_12_0,2026-06-13 10:32:00,somthing for the office,4,ai_semantic,8,201.8,0.2831999957561493
SU00600_12_SESS_U00600_12_0_0,U00600,SESS_U00600_12_0,2026-06-13 08:38:00,somthing for travel,3,legacy,8,117.0,0.5606
SU00603_12_SESS_U00603_12_0_0,U00603,SESS_U00603_12_0,2026-06-13 13:58:00,gift running shoes,3,legacy,8,51.3,0.5741
SU00603_12_SESS_U00603_12_1_0,U00603,SESS_U00603_12_1,2026-06-13 08:29:00,charging cable,2,legacy,6,73.2,0.5927
SU00603_12_SESS_U00603_12_1_1,U00603,SESS_U00603_12_1,2026-06-13 07:50:00,knife set under 50 dollars,5,legacy,8,89.7,0.5759
SU00610_12_SESS_U00610_12_0_0,U00610,SESS_U00610_12_0,2026-06-13 18:16:00,best snadals for hiking,4,ai_semantic,8,216.3,0.5637000203132629
SU00616_12_SESS_U00616_12_0_0,U00616,SESS_U00616_12_0,2026-06-13 19:43:00,coffee maker udner 50 dollars,5,ai_semantic,8,154.7,0.3776000142097473
SU00616_12_SESS_U00616_12_0_1,U00616,SESS_U00616_12_0,2026-06-13 15:31:00,hiking boots hight-op,3,ai_semantic,8,197.9,0.7954999804496765
SU00616_12_SESS_U00616_12_1_0,U00616,SESS_U00616_12_1,2026-06-13 16:03:00,wireless smartwatch for rain,4,ai_semantic,8,213.0,0.5658000111579895
SU00616_12_SESS_U00616_12_1_1,U00616,SESS_U00616_12_1,2026-06-13 19:02:00,somthing for camping,3,ai_semantic,8,158.3,0.4957999885082245
SU00617_12_SESS_U00617_12_0_0,U00617,SESS_U00617_12_0,2026-06-13 09:14:00,best tent for rani,4,legacy,8,70.1,0.5718
SU00617_12_SESS_U00617_12_1_0,U00617,SESS_U00617_12_1,2026-06-13 13:14:00,rustic mug,2,legacy,8,106.5,0.4811
SU00622_12_SESS_U00622_12_0_0,U00622,SESS_U00622_12_0,2026-06-13 10:06:00,engraved gift box set for my mom,7,legacy,8,89.5,0.4926
SU00623_12_SESS_U00623_12_0_0,U00623,SESS_U00623_12_0,2026-06-13 17:55:00,gift camp stove,3,legacy,8,94.3,0.5978
SU00627_12_SESS_U00627_12_0_0,U00627,SESS_U00627_12_0,2026-06-13 14:49:00,minimalist jounral for hiking,4,legacy,8,87.0,0.5459
SU00632_12_SESS_U00632_12_0_0,U00632,SESS_U00632_12_0,2026-06-13 13:14:00,gift sneakesr,2,legacy,6,99.5,0.5831
SU00632_12_SESS_U00632_12_0_1,U00632,SESS_U00632_12_0,2026-06-13 11:40:00,cheap mixing bowl,3,legacy,5,110.3,0.5597
SU00634_12_SESS_U00634_12_0_0,U00634,SESS_U00634_12_0,2026-06-13 13:23:00,handmade gitf box set,4,legacy,8,64.0,0.5881
SU00634_12_SESS_U00634_12_0_1,U00634,SESS_U00634_12_0,2026-06-13 22:21:00,sleeping bag,2,legacy,7,57.8,0.5806
SU00636_12_SESS_U00636_12_0_0,U00636,SESS_U00636_12_0,2026-06-13 15:47:00,best rain coat for the office,6,legacy,8,77.3,0.5947
SU00638_12_SESS_U00638_12_0_0,U00638,SESS_U00638_12_0,2026-06-13 19:32:00,headphones noise-cancellign,2,legacy,6,108.4,0.5099
SU00640_12_SESS_U00640_12_0_0,U00640,SESS_U00640_12_0,2026-06-13 18:19:00,sandals under 50 dollars,4,legacy,4,84.2,0.428
SU00640_12_SESS_U00640_12_1_0,U00640,SESS_U00640_12_1,2026-06-13 10:27:00,jacket lightweihgt,2,legacy,6,94.1,0.5908
SU00641_12_SESS_U00641_12_0_0,U00641,SESS_U00641_12_0,2026-06-13 12:06:00,best journal for the office,5,ai_semantic,8,196.6,0.6452999711036682
SU00642_12_SESS_U00642_12_0_0,U00642,SESS_U00642_12_0,2026-06-13 15:56:00,sweater,1,ai_semantic,8,216.8,0.7430999875068665
SU00642_12_SESS_U00642_12_0_1,U00642,SESS_U00642_12_0,2026-06-13 08:11:00,gift journal,2,ai_semantic,8,155.6,0.5812000036239624
SU00642_12_SESS_U00642_12_0_2,U00642,SESS_U00642_12_0,2026-06-13 08:53:00,cheap speaker,2,ai_semantic,8,168.7,0.6797000169754028
SU00646_12_SESS_U00646_12_0_0,U00646,SESS_U00646_12_0,2026-06-13 12:42:00,cehap sweater,2,ai_semantic,8,193.8,0.545799970626831
SU00646_12_SESS_U00646_12_0_1,U00646,SESS_U00646_12_0,2026-06-13 16:32:00,smartwatch,1,ai_semantic,8,216.9,0.7368999719619751
SU00650_12_SESS_U00650_12_0_0,U00650,SESS_U00650_12_0,2026-06-13 17:00:00,cheap backpack,2,ai_semantic,8,169.3,0.7013000249862671
SU00650_12_SESS_U00650_12_0_1,U00650,SESS_U00650_12_0,2026-06-13 10:30:00,running shoes,2,ai_semantic,8,159.3,0.7371000051498413
SU00650_12_SESS_U00650_12_0_2,U00650,SESS_U00650_12_0,2026-06-13 11:41:00,somthing for travel,3,ai_semantic,8,147.2,0.3716999888420105
SU00653_12_SESS_U00653_12_0_0,U00653,SESS_U00653_12_0,2026-06-13 16:52:00,gift toaster,2,ai_semantic,8,171.5,0.7207000255584717
SU00656_12_SESS_U00656_12_0_0,U00656,SESS_U00656_12_0,2026-06-13 15:41:00,gift winter boots,3,legacy,8,75.8,0.5618
SU00659_12_SESS_U00659_12_0_0,U00659,SESS_U00659_12_0,2026-06-13 19:17:00,cheap photo frame,3,ai_semantic,8,182.5,0.6934999823570251
SU00659_12_SESS_U00659_12_0_1,U00659,SESS_U00659_12_0,2026-06-13 15:12:00,best tent for winter,4,ai_semantic,8,132.3,0.6462000012397766
SU00659_12_SESS_U00659_12_0_2,U00659,SESS_U00659_12_0,2026-06-13 16:04:00,beanie wamr,2,ai_semantic,8,152.3,0.5422999858856201
SU00663_12_SESS_U00663_12_0_0,U00663,SESS_U00663_12_0,2026-06-13 13:42:00,best backpack for camping,4,ai_semantic,8,142.4,0.6283000111579895
SU00664_12_SESS_U00664_12_0_0,U00664,SESS_U00664_12_0,2026-06-13 07:30:00,headphoens,1,ai_semantic,8,135.9,0.32260000705718994
SU00664_12_SESS_U00664_12_0_1,U00664,SESS_U00664_12_0,2026-06-13 11:46:00,cheap charging cable,3,ai_semantic,8,208.9,0.650600016117096
SU00664_12_SESS_U00664_12_0_2,U00664,SESS_U00664_12_0,2026-06-13 19:53:00,tent under 50 dollars,4,ai_semantic,8,191.8,0.6215999722480774
SU00668_12_SESS_U00668_12_0_0,U00668,SESS_U00668_12_0,2026-06-13 22:41:00,breathable cleats for camping,4,legacy,8,115.2,0.5605
SU00671_12_SESS_U00671_12_0_0,U00671,SESS_U00671_12_0,2026-06-13 18:06:00,somthing for rain,3,ai_semantic,8,174.5,0.5149999856948853
SU00671_12_SESS_U00671_12_1_0,U00671,SESS_U00671_12_1,2026-06-13 17:20:00,best speaker for travel,4,ai_semantic,8,202.5,0.6126999855041504
SU00671_12_SESS_U00671_12_1_1,U00671,SESS_U00671_12_1,2026-06-13 18:46:00,air fryre under 50 dollars,5,ai_semantic,8,231.1,0.5737000107765198
SU00676_12_SESS_U00676_12_0_0,U00676,SESS_U00676_12_0,2026-06-13 22:53:00,cheap headphones,2,ai_semantic,8,189.6,0.6647999882698059
SU00676_12_SESS_U00676_12_1_0,U00676,SESS_U00676_12_1,2026-06-13 09:54:00,non-stick cookware set for rain,5,ai_semantic,8,139.4,0.6252999901771545
SU00676_12_SESS_U00676_12_1_1,U00676,SESS_U00676_12_1,2026-06-13 09:52:00,backpack ultraligth,2,ai_semantic,8,169.3,0.7414000034332275
SU00676_12_SESS_U00676_12_1_2,U00676,SESS_U00676_12_1,2026-06-13 18:53:00,somthing for hiking,3,ai_semantic,8,224.7,0.5105999708175659
SU00677_12_SESS_U00677_12_0_0,U00677,SESS_U00677_12_0,2026-06-13 16:25:00,cheap earbuds,2,legacy,6,75.4,0.5781
SU00682_12_SESS_U00682_12_0_0,U00682,SESS_U00682_12_0,2026-06-13 14:56:00,hiking boots,2,legacy,8,89.0,0.5998
SU00682_12_SESS_U00682_12_0_1,U00682,SESS_U00682_12_0,2026-06-13 22:52:00,thermal leggings moisturew-icking,3,legacy,7,65.6,0.5441
SU00698_12_SESS_U00698_12_0_0,U00698,SESS_U00698_12_0,2026-06-13 15:44:00,camp sotve,2,legacy,6,85.2,0.5773
SU00706_12_SESS_U00706_12_0_0,U00706,SESS_U00706_12_0,2026-06-13 07:28:00,fleece-lined jacket,2,ai_semantic,8,163.6,0.8891000151634216
SU00707_12_SESS_U00707_12_0_0,U00707,SESS_U00707_12_0,2026-06-13 09:50:00,best headlamp for my mom,5,ai_semantic,8,182.3,0.6273999810218811
SU00714_12_SESS_U00714_12_0_0,U00714,SESS_U00714_12_0,2026-06-13 17:11:00,noise-cancelling webcam,2,ai_semantic,8,162.3,0.7990000247955322
SU00715_12_SESS_U00715_12_0_0,U00715,SESS_U00715_12_0,2026-06-13 11:19:00,electirc air fryer for travel,5,legacy,8,68.8,0.5686
SU00720_12_SESS_U00720_12_0_0,U00720,SESS_U00720_12_0,2026-06-13 11:11:00,headphones rechrageable,2,legacy,6,80.9,0.5707
SU00720_12_SESS_U00720_12_0_1,U00720,SESS_U00720_12_0,2026-06-13 08:43:00,cheap cooler,2,legacy,6,75.8,0.5423
SU00722_12_SESS_U00722_12_0_0,U00722,SESS_U00722_12_0,2026-06-13 19:37:00,sneakers taril,2,legacy,7,93.8,0.5324
SU00726_12_SESS_U00726_12_0_0,U00726,SESS_U00726_12_0,2026-06-13 19:33:00,cooler heavyd-uty,2,ai_semantic,8,171.2,0.5685999989509583
SU00726_12_SESS_U00726_12_0_1,U00726,SESS_U00726_12_0,2026-06-13 20:29:00,cheap jacket,2,ai_semantic,8,166.0,0.6244000196456909
SU00726_12_SESS_U00726_12_0_2,U00726,SESS_U00726_12_0,2026-06-13 20:12:00,headlamp heavy-duyt,2,ai_semantic,8,215.8,0.7257999777793884
SU00728_12_SESS_U00728_12_0_0,U00728,SESS_U00728_12_0,2026-06-13 22:52:00,gift sweater,2,ai_semantic,8,175.5,0.7267000079154968
SU00737_12_SESS_U00737_12_0_0,U00737,SESS_U00737_12_0,2026-06-13 11:46:00,sotmhing for winter,3,ai_semantic,8,198.1,0.4147999882698059
SU00739_12_SESS_U00739_12_0_0,U00739,SESS_U00739_12_0,2026-06-13 09:52:00,sotmhing for hiking,3,ai_semantic,8,185.6,0.49470001459121704
SU00739_12_SESS_U00739_12_1_0,U00739,SESS_U00739_12_1,2026-06-13 13:11:00,cookware set nons-tick,3,ai_semantic,8,157.4,0.6535999774932861
SU00745_12_SESS_U00745_12_0_0,U00745,SESS_U00745_12_0,2026-06-13 12:11:00,fleece pullover fleec-elined,3,ai_semantic,8,164.3,0.8212000131607056
SU00746_12_SESS_U00746_12_0_0,U00746,SESS_U00746_12_0,2026-06-13 19:17:00,mixing bowl,2,legacy,5,64.9,0.5809
SU00748_12_SESS_U00748_12_0_0,U00748,SESS_U00748_12_0,2026-06-13 16:51:00,windproof thermal leggings for rain,5,legacy,8,98.0,0.5822
SU00753_12_SESS_U00753_12_0_0,U00753,SESS_U00753_12_0,2026-06-13 16:14:00,keyhcain,1,legacy,0,103.1,
SU00755_12_SESS_U00755_12_0_0,U00755,SESS_U00755_12_0,2026-06-13 07:54:00,rustic mug for a gift,5,legacy,8,69.9,0.5887
SU00757_12_SESS_U00757_12_0_0,U00757,SESS_U00757_12_0,2026-06-13 22:14:00,power bnak,2,legacy,6,83.4,0.5948
SU00758_12_SESS_U00758_12_0_0,U00758,SESS_U00758_12_0,2026-06-13 17:38:00,running shoes sli-pon,3,legacy,8,104.1,0.5003
SU00758_12_SESS_U00758_12_0_1,U00758,SESS_U00758_12_0,2026-06-13 14:17:00,somthing for camping,3,legacy,8,85.8,0.5867
SU00759_12_SESS_U00759_12_0_0,U00759,SESS_U00759_12_0,2026-06-13 17:31:00,slip-on running shoes for my mom,6,ai_semantic,8,194.8,0.7134000062942505
SU00759_12_SESS_U00759_12_1_0,U00759,SESS_U00759_12_1,2026-06-13 17:13:00,gfit mug,2,ai_semantic,8,236.6,0.548799991607666
SU00760_12_SESS_U00760_12_0_0,U00760,SESS_U00760_12_0,2026-06-13 17:20:00,hadnmade photo frame,3,legacy,6,64.5,0.5376
SU00762_12_SESS_U00762_12_0_0,U00762,SESS_U00762_12_0,2026-06-13 08:44:00,cheap steel mixing bowl,4,legacy,8,92.2,0.5568
SU00767_12_SESS_U00767_12_0_0,U00767,SESS_U00767_12_0,2026-06-13 10:17:00,best tent for rain,4,legacy,8,99.6,0.5677
SU00768_12_SESS_U00768_12_0_0,U00768,SESS_U00768_12_0,2026-06-13 14:22:00,best power bank for gym,5,legacy,8,126.1,0.5186
SU00768_12_SESS_U00768_12_0_1,U00768,SESS_U00768_12_0,2026-06-13 21:55:00,journal under 50 dollars,4,legacy,6,75.6,0.5723
SU00773_12_SESS_U00773_12_0_0,U00773,SESS_U00773_12_0,2026-06-13 17:56:00,somthing for my mom,4,legacy,8,108.0,0.5635
SU00774_12_SESS_U00774_12_0_0,U00774,SESS_U00774_12_0,2026-06-13 12:23:00,cheap hoodie,2,ai_semantic,8,183.8,0.6844000220298767
SU00774_12_SESS_U00774_12_0_1,U00774,SESS_U00774_12_0,2026-06-13 11:53:00,somthing for rain,3,ai_semantic,8,209.2,0.5149999856948853
SU00775_12_SESS_U00775_12_0_0,U00775,SESS_U00775_12_0,2026-06-13 17:38:00,sneakers,1,ai_semantic,8,172.6,0.7318000197410583
SU00775_12_SESS_U00775_12_0_1,U00775,SESS_U00775_12_0,2026-06-13 15:57:00,noise-cancelling smartwatch for the office,5,ai_semantic,8,174.9,0.8604000210762024
SU00775_12_SESS_U00775_12_0_2,U00775,SESS_U00775_12_0,2026-06-13 21:15:00,handmade keychain for rain,4,ai_semantic,8,149.2,0.6531000137329102
SU00775_12_SESS_U00775_12_1_0,U00775,SESS_U00775_12_1,2026-06-13 19:29:00,cheap pohto frame,3,ai_semantic,8,149.5,0.51910001039505
SU00775_12_SESS_U00775_12_1_1,U00775,SESS_U00775_12_1,2026-06-13 17:30:00,gift sleeping bag,3,ai_semantic,8,154.6,0.7264999747276306
SU00777_12_SESS_U00777_12_0_0,U00777,SESS_U00777_12_0,2026-06-13 21:55:00,gift steel coffee maker,4,ai_semantic,8,153.2,0.5561000108718872
SU00784_12_SESS_U00784_12_0_0,U00784,SESS_U00784_12_0,2026-06-13 22:20:00,best gitf box set for travel,6,legacy,8,67.4,0.5366
SU00786_12_SESS_U00786_12_0_0,U00786,SESS_U00786_12_0,2026-06-13 13:40:00,best power bank for hiking,5,ai_semantic,8,176.8,0.6805999875068665
SU00786_12_SESS_U00786_12_0_1,U00786,SESS_U00786_12_0,2026-06-13 19:14:00,sneakers insultaed,2,ai_semantic,8,132.0,0.6593000292778015
SU00790_12_SESS_U00790_12_0_0,U00790,SESS_U00790_12_0,2026-06-13 17:26:00,gift charging cable,3,ai_semantic,8,159.2,0.6168000102043152
SU00794_12_SESS_U00794_12_0_0,U00794,SESS_U00794_12_0,2026-06-13 18:54:00,best knife set for gym,5,legacy,8,59.5,0.5781
SU00798_12_SESS_U00798_12_0_0,U00798,SESS_U00798_12_0,2026-06-13 14:05:00,coffee maker,2,ai_semantic,8,160.3,0.6291000247001648
SU00002_13_SESS_U00002_13_0_0,U00002,SESS_U00002_13_0,2026-06-14 17:29:00,non-stick mixing bowl for hiking,5,legacy,8,90.9,0.5255
SU00003_13_SESS_U00003_13_0_0,U00003,SESS_U00003_13_0,2026-06-14 17:37:00,elegant gift box set,4,ai_semantic,8,186.6,0.8952999711036682
SU00028_13_SESS_U00028_13_0_0,U00028,SESS_U00028_13_0,2026-06-14 21:54:00,charging cable noise-cancellign,3,ai_semantic,8,176.2,0.8123000264167786
SU00033_13_SESS_U00033_13_0_0,U00033,SESS_U00033_13_0,2026-06-14 17:25:00,gift backpack,2,legacy,8,88.0,0.5617
SU00039_13_SESS_U00039_13_0_0,U00039,SESS_U00039_13_0,2026-06-14 20:53:00,cheap winter boots,3,legacy,8,72.8,0.5664
SU00039_13_SESS_U00039_13_1_0,U00039,SESS_U00039_13_1,2026-06-14 22:13:00,power bank,2,legacy,6,103.1,0.5864
SU00053_13_SESS_U00053_13_0_0,U00053,SESS_U00053_13_0,2026-06-14 09:35:00,gift cookware set,3,ai_semantic,8,192.0,0.644599974155426
SU00056_13_SESS_U00056_13_0_0,U00056,SESS_U00056_13_0,2026-06-14 22:26:00,gift candle,2,legacy,8,95.4,0.5791
SU00058_13_SESS_U00058_13_0_0,U00058,SESS_U00058_13_0,2026-06-14 09:19:00,non-stick blender for the office,5,ai_semantic,8,196.9,0.7935000061988831
SU00058_13_SESS_U00058_13_0_1,U00058,SESS_U00058_13_0,2026-06-14 13:08:00,best sleeping bag for a gift,6,ai_semantic,8,155.6,0.7440999746322632
SU00058_13_SESS_U00058_13_1_0,U00058,SESS_U00058_13_1,2026-06-14 18:20:00,gift cookware set,3,ai_semantic,8,205.6,0.644599974155426
SU00058_13_SESS_U00058_13_1_1,U00058,SESS_U00058_13_1,2026-06-14 14:43:00,weatherproof hammock for a gift,5,ai_semantic,8,176.1,0.822700023651123
SU00062_13_SESS_U00062_13_0_0,U00062,SESS_U00062_13_0,2026-06-14 12:18:00,sandals lightwieght,2,ai_semantic,8,201.3,0.5946000218391418
SU00065_13_SESS_U00065_13_0_0,U00065,SESS_U00065_13_0,2026-06-14 21:11:00,ceramic cookware set for the office,6,legacy,8,51.9,0.595
SU00065_13_SESS_U00065_13_0_1,U00065,SESS_U00065_13_0,2026-06-14 19:44:00,sleeping bag portabel,3,legacy,7,105.0,0.5837
SU00066_13_SESS_U00066_13_0_0,U00066,SESS_U00066_13_0,2026-06-14 21:22:00,photo frame,2,ai_semantic,8,184.3,0.7457000017166138
SU00067_13_SESS_U00067_13_0_0,U00067,SESS_U00067_13_0,2026-06-14 18:58:00,gift thermal leggings,3,ai_semantic,8,196.6,0.7843000292778015
SU00068_13_SESS_U00068_13_0_0,U00068,SESS_U00068_13_0,2026-06-14 19:05:00,webcam noise-cancellnig,2,ai_semantic,8,185.6,0.8205000162124634
SU00069_13_SESS_U00069_13_0_0,U00069,SESS_U00069_13_0,2026-06-14 20:24:00,cheap speakre,2,ai_semantic,8,170.3,0.27810001373291016
SU00076_13_SESS_U00076_13_0_0,U00076,SESS_U00076_13_0,2026-06-14 15:33:00,webcam,1,legacy,6,88.7,0.4714
SU00076_13_SESS_U00076_13_0_1,U00076,SESS_U00076_13_0,2026-06-14 07:37:00,cheap cooler,2,legacy,6,99.6,0.5258
SU00082_13_SESS_U00082_13_0_0,U00082,SESS_U00082_13_0,2026-06-14 19:55:00,fodlable camp stove,3,legacy,6,109.3,0.5818
SU00082_13_SESS_U00082_13_0_1,U00082,SESS_U00082_13_0,2026-06-14 20:36:00,jacket,1,legacy,6,71.1,0.5421
SU00082_13_SESS_U00082_13_0_2,U00082,SESS_U00082_13_0,2026-06-14 20:42:00,somthing for rain,3,legacy,8,77.0,0.55
SU00085_13_SESS_U00085_13_0_0,U00085,SESS_U00085_13_0,2026-06-14 10:24:00,power bank,2,legacy,6,95.4,0.5843
SU00085_13_SESS_U00085_13_0_1,U00085,SESS_U00085_13_0,2026-06-14 11:00:00,cheap sleeping bag,3,legacy,7,95.2,0.5612
SU00089_13_SESS_U00089_13_0_0,U00089,SESS_U00089_13_0,2026-06-14 12:04:00,toaster dishwasher-saef,2,legacy,4,109.0,0.5702
SU00090_13_SESS_U00090_13_0_0,U00090,SESS_U00090_13_0,2026-06-14 14:05:00,sneakers wateprroof,2,ai_semantic,8,221.3,0.6503999829292297
SU00093_13_SESS_U00093_13_0_0,U00093,SESS_U00093_13_0,2026-06-14 21:14:00,high-top loafers,2,ai_semantic,8,181.8,0.8866000175476074
SU00093_13_SESS_U00093_13_0_1,U00093,SESS_U00093_13_0,2026-06-14 08:47:00,webcam,1,ai_semantic,8,190.3,0.755299985408783
SU00094_13_SESS_U00094_13_0_0,U00094,SESS_U00094_13_0,2026-06-14 11:28:00,backpack,1,ai_semantic,8,268.6,0.6915000081062317
SU00094_13_SESS_U00094_13_0_1,U00094,SESS_U00094_13_0,2026-06-14 12:20:00,best winter boots for travel,5,ai_semantic,8,184.3,0.6780999898910522
SU00105_13_SESS_U00105_13_0_0,U00105,SESS_U00105_13_0,2026-06-14 17:40:00,cheap knife set,3,ai_semantic,8,199.8,0.678600013256073
SU00111_13_SESS_U00111_13_0_0,U00111,SESS_U00111_13_0,2026-06-14 20:36:00,somthing for winter,3,legacy,8,68.5,0.586
SU00114_13_SESS_U00114_13_0_0,U00114,SESS_U00114_13_0,2026-06-14 10:46:00,gift air fryer,3,legacy,8,56.0,0.5862
SU00116_13_SESS_U00116_13_0_0,U00116,SESS_U00116_13_0,2026-06-14 13:38:00,lightweight sandals for the office,5,legacy,8,95.8,0.5091
SU00119_13_SESS_U00119_13_0_0,U00119,SESS_U00119_13_0,2026-06-14 09:53:00,somhting for gym,3,legacy,8,48.1,0.5554
SU00119_13_SESS_U00119_13_0_1,U00119,SESS_U00119_13_0,2026-06-14 21:12:00,winter boots,2,legacy,8,134.1,0.5339
SU00124_13_SESS_U00124_13_0_0,U00124,SESS_U00124_13_0,2026-06-14 11:06:00,somthing for a gift,4,legacy,8,91.4,0.5881
SU00127_13_SESS_U00127_13_0_0,U00127,SESS_U00127_13_0,2026-06-14 07:06:00,hammock,1,ai_semantic,8,179.1,0.7300999760627747
SU00129_13_SESS_U00129_13_0_0,U00129,SESS_U00129_13_0,2026-06-14 10:46:00,cooler haevy-duty,2,ai_semantic,8,171.9,0.5485000014305115
SU00132_13_SESS_U00132_13_0_0,U00132,SESS_U00132_13_0,2026-06-14 08:43:00,gift beanie,2,ai_semantic,8,142.9,0.7200000286102295
SU00134_13_SESS_U00134_13_0_0,U00134,SESS_U00134_13_0,2026-06-14 09:25:00,cheap keychain,2,legacy,6,107.9,0.5466
SU00134_13_SESS_U00134_13_0_1,U00134,SESS_U00134_13_0,2026-06-14 19:27:00,hoodie lightewight,2,legacy,7,93.1,0.5346
SU00134_13_SESS_U00134_13_0_2,U00134,SESS_U00134_13_0,2026-06-14 09:45:00,elegant gift box set,4,legacy,8,124.2,0.5665
SU00134_13_SESS_U00134_13_1_0,U00134,SESS_U00134_13_1,2026-06-14 09:40:00,somthing for the ofifce,4,legacy,8,70.2,0.5717
SU00140_13_SESS_U00140_13_0_0,U00140,SESS_U00140_13_0,2026-06-14 07:21:00,electric knife set,3,legacy,8,86.1,0.5486
SU00145_13_SESS_U00145_13_0_0,U00145,SESS_U00145_13_0,2026-06-14 20:34:00,speaker,1,legacy,5,87.6,0.5803
SU00145_13_SESS_U00145_13_0_1,U00145,SESS_U00145_13_0,2026-06-14 11:33:00,gift smartwatch,2,legacy,8,101.0,0.555
SU00149_13_SESS_U00149_13_0_0,U00149,SESS_U00149_13_0,2026-06-14 09:58:00,moisture-wicking sweater for the office,5,legacy,8,107.4,0.4957
SU00149_13_SESS_U00149_13_0_1,U00149,SESS_U00149_13_0,2026-06-14 08:50:00,steel knife set stainelss,4,legacy,8,100.9,0.5368
SU00149_13_SESS_U00149_13_0_2,U00149,SESS_U00149_13_0,2026-06-14 21:21:00,gift winter boots,3,legacy,8,62.7,0.5964
SU00151_13_SESS_U00151_13_0_0,U00151,SESS_U00151_13_0,2026-06-14 17:13:00,cookware set,2,ai_semantic,8,162.4,0.8016999959945679
SU00162_13_SESS_U00162_13_0_0,U00162,SESS_U00162_13_0,2026-06-14 14:25:00,heavy-duty hammock for rain,4,ai_semantic,8,159.0,0.7332000136375427
SU00166_13_SESS_U00166_13_0_0,U00166,SESS_U00166_13_0,2026-06-14 22:11:00,somthing for hiking,3,legacy,8,76.0,0.5304
SU00166_13_SESS_U00166_13_1_0,U00166,SESS_U00166_13_1,2026-06-14 08:15:00,compact cooler,2,legacy,8,60.4,0.5135
SU00166_13_SESS_U00166_13_1_1,U00166,SESS_U00166_13_1,2026-06-14 07:51:00,cheap toaster,2,legacy,4,103.6,0.5795
SU00170_13_SESS_U00170_13_0_0,U00170,SESS_U00170_13_0,2026-06-14 21:31:00,portable earbuds for gym,4,legacy,8,69.2,0.5804
SU00172_13_SESS_U00172_13_0_0,U00172,SESS_U00172_13_0,2026-06-14 19:22:00,gift winter boots,3,legacy,8,100.7,0.5739
SU00172_13_SESS_U00172_13_0_1,U00172,SESS_U00172_13_0,2026-06-14 12:47:00,cheap thermal leggings,3,legacy,7,71.8,0.5925
SU00173_13_SESS_U00173_13_0_0,U00173,SESS_U00173_13_0,2026-06-14 16:07:00,best cooler for winter,4,ai_semantic,8,198.9,0.6003999710083008
SU00174_13_SESS_U00174_13_0_0,U00174,SESS_U00174_13_0,2026-06-14 11:33:00,headlamp inuslated,2,legacy,6,135.5,0.5847
SU00174_13_SESS_U00174_13_0_1,U00174,SESS_U00174_13_0,2026-06-14 07:17:00,high-top winter boots,3,legacy,8,49.5,0.5972
SU00175_13_SESS_U00175_13_0_0,U00175,SESS_U00175_13_0,2026-06-14 07:37:00,beanie under 50 dollars,4,legacy,5,72.4,0.5016
SU00176_13_SESS_U00176_13_0_0,U00176,SESS_U00176_13_0,2026-06-14 21:31:00,gift backpack,2,ai_semantic,8,163.5,0.6812999844551086
SU00176_13_SESS_U00176_13_0_1,U00176,SESS_U00176_13_0,2026-06-14 15:58:00,cheap rain coat,3,ai_semantic,8,219.3,0.7279000282287598
SU00179_13_SESS_U00179_13_0_0,U00179,SESS_U00179_13_0,2026-06-14 14:15:00,best fleece pullover for winter,5,ai_semantic,8,272.4,0.8443999886512756
SU00180_13_SESS_U00180_13_0_0,U00180,SESS_U00180_13_0,2026-06-14 11:38:00,speaker under 50 dollars,4,legacy,5,107.9,0.5245
SU00180_13_SESS_U00180_13_0_1,U00180,SESS_U00180_13_0,2026-06-14 16:37:00,cheap mxiing bowl,3,legacy,5,116.3,0.5922
SU00184_13_SESS_U00184_13_0_0,U00184,SESS_U00184_13_0,2026-06-14 21:17:00,bluetooth charging cable,3,legacy,8,86.1,0.5571
SU00185_13_SESS_U00185_13_0_0,U00185,SESS_U00185_13_0,2026-06-14 18:29:00,sadnals,1,legacy,0,136.0,
SU00187_13_SESS_U00187_13_0_0,U00187,SESS_U00187_13_0,2026-06-14 07:37:00,cheap coffee maker,3,ai_semantic,8,214.7,0.5216000080108643
SU00187_13_SESS_U00187_13_0_1,U00187,SESS_U00187_13_0,2026-06-14 17:55:00,tent under 50 dollars,4,ai_semantic,8,193.1,0.6215999722480774
SU00188_13_SESS_U00188_13_0_0,U00188,SESS_U00188_13_0,2026-06-14 21:42:00,somthing for my mom,4,legacy,8,104.0,0.5573
SU00196_13_SESS_U00196_13_0_0,U00196,SESS_U00196_13_0,2026-06-14 12:31:00,best cokoware set for the office,6,ai_semantic,8,187.5,0.3950999975204468
SU00196_13_SESS_U00196_13_1_0,U00196,SESS_U00196_13_1,2026-06-14 18:57:00,gift tent,2,ai_semantic,8,180.6,0.6816999912261963
SU00196_13_SESS_U00196_13_1_1,U00196,SESS_U00196_13_1,2026-06-14 10:21:00,best candle for gym,4,ai_semantic,8,142.7,0.6639999747276306
SU00200_13_SESS_U00200_13_0_0,U00200,SESS_U00200_13_0,2026-06-14 16:40:00,sweater under 50 dollars,4,ai_semantic,8,161.4,0.5741000175476074
SU00202_13_SESS_U00202_13_0_0,U00202,SESS_U00202_13_0,2026-06-14 14:35:00,candle under 50 dollars,4,legacy,6,109.7,0.4443
SU00214_13_SESS_U00214_13_0_0,U00214,SESS_U00214_13_0,2026-06-14 19:37:00,portable headphones for rain,4,legacy,8,125.7,0.598
SU00216_13_SESS_U00216_13_0_0,U00216,SESS_U00216_13_0,2026-06-14 13:52:00,smartwatch bluetooth,2,ai_semantic,8,191.9,0.7419999837875366
SU00221_13_SESS_U00221_13_0_0,U00221,SESS_U00221_13_0,2026-06-14 16:33:00,gift mixing bowl,3,ai_semantic,8,194.0,0.6541000008583069
SU00221_13_SESS_U00221_13_1_0,U00221,SESS_U00221_13_1,2026-06-14 16:13:00,backpack foldalbe,2,ai_semantic,8,205.9,0.6625999808311462
SU00229_13_SESS_U00229_13_0_0,U00229,SESS_U00229_13_0,2026-06-14 19:02:00,rustic desk ornament for winter,5,legacy,8,105.2,0.5703
SU00232_13_SESS_U00232_13_0_0,U00232,SESS_U00232_13_0,2026-06-14 22:31:00,running shoes,2,ai_semantic,8,167.8,0.7371000051498413
SU00232_13_SESS_U00232_13_0_1,U00232,SESS_U00232_13_0,2026-06-14 11:16:00,warm fleece pullover for the office,6,ai_semantic,8,149.9,0.8166000247001648
SU00232_13_SESS_U00232_13_1_0,U00232,SESS_U00232_13_1,2026-06-14 16:14:00,elegant desk ornament,3,ai_semantic,8,189.0,0.9072999954223633
SU00232_13_SESS_U00232_13_1_1,U00232,SESS_U00232_13_1,2026-06-14 22:31:00,backpack under 50 dollars,4,ai_semantic,8,147.4,0.5867000222206116
SU00232_13_SESS_U00232_13_1_2,U00232,SESS_U00232_13_1,2026-06-14 16:27:00,compact air fryer for travel,5,ai_semantic,8,128.3,0.7727000117301941
SU00233_13_SESS_U00233_13_0_0,U00233,SESS_U00233_13_0,2026-06-14 10:10:00,somthing for camping,3,legacy,8,98.7,0.5964
SU00233_13_SESS_U00233_13_0_1,U00233,SESS_U00233_13_0,2026-06-14 14:13:00,fleece pullover,2,legacy,7,67.7,0.5604
SU00237_13_SESS_U00237_13_0_0,U00237,SESS_U00237_13_0,2026-06-14 17:00:00,breathable running shoes,3,legacy,8,86.6,0.5999
SU00239_13_SESS_U00239_13_0_0,U00239,SESS_U00239_13_0,2026-06-14 10:21:00,best speaker for rain,4,legacy,8,67.8,0.5901
SU00239_13_SESS_U00239_13_0_1,U00239,SESS_U00239_13_0,2026-06-14 22:24:00,hoodie under 50 dollars,4,legacy,7,63.1,0.5663
SU00239_13_SESS_U00239_13_0_2,U00239,SESS_U00239_13_0,2026-06-14 10:07:00,dishwasher-safe knife set,3,legacy,8,87.9,0.5589
SU00240_13_SESS_U00240_13_0_0,U00240,SESS_U00240_13_0,2026-06-14 15:56:00,windproof thermal leggings,3,legacy,8,91.0,0.5753
SU00243_13_SESS_U00243_13_0_0,U00243,SESS_U00243_13_0,2026-06-14 10:00:00,dishwasher-safe coffee maker,3,legacy,8,79.0,0.5801
SU00246_13_SESS_U00246_13_0_0,U00246,SESS_U00246_13_0,2026-06-14 10:30:00,somthing for winter,3,ai_semantic,8,196.3,0.4092999994754791
SU00246_13_SESS_U00246_13_1_0,U00246,SESS_U00246_13_1,2026-06-14 14:30:00,headphones bluetotoh,2,ai_semantic,8,192.3,0.660099983215332
SU00254_13_SESS_U00254_13_0_0,U00254,SESS_U00254_13_0,2026-06-14 20:39:00,high-top cleats,2,legacy,8,53.8,0.5695
SU00261_13_SESS_U00261_13_0_0,U00261,SESS_U00261_13_0,2026-06-14 07:43:00,rechargeable power bank,3,ai_semantic,8,166.4,0.8579999804496765
SU00261_13_SESS_U00261_13_0_1,U00261,SESS_U00261_13_0,2026-06-14 12:45:00,winter boots under 50 dollars,5,ai_semantic,8,202.0,0.5630000233650208
SU00263_13_SESS_U00263_13_0_0,U00263,SESS_U00263_13_0,2026-06-14 17:48:00,portable earbuds for gym,4,legacy,8,116.5,0.5986
SU00263_13_SESS_U00263_13_0_1,U00263,SESS_U00263_13_0,2026-06-14 13:52:00,breathable sandals,2,legacy,8,62.5,0.5782
SU00263_13_SESS_U00263_13_1_0,U00263,SESS_U00263_13_1,2026-06-14 08:39:00,somthing for winter,3,legacy,8,87.3,0.5794
SU00269_13_SESS_U00269_13_0_0,U00269,SESS_U00269_13_0,2026-06-14 16:35:00,gitf smartwatch,2,legacy,5,102.1,0.5283
SU00269_13_SESS_U00269_13_0_1,U00269,SESS_U00269_13_0,2026-06-14 11:10:00,moisture-wicking thermal leggings for rani,5,legacy,8,95.1,0.584
SU00272_13_SESS_U00272_13_0_0,U00272,SESS_U00272_13_0,2026-06-14 12:47:00,blender cearmic,2,legacy,6,107.9,0.5976
SU00272_13_SESS_U00272_13_0_1,U00272,SESS_U00272_13_0,2026-06-14 21:33:00,somthing for a gift,4,legacy,8,95.3,0.5704
SU00276_13_SESS_U00276_13_0_0,U00276,SESS_U00276_13_0,2026-06-14 19:32:00,bets steel blender for gym,5,ai_semantic,8,128.3,0.5314000248908997
SU00279_13_SESS_U00279_13_0_0,U00279,SESS_U00279_13_0,2026-06-14 09:09:00,gfit box set under 50 dollars,6,ai_semantic,8,190.3,0.4189999997615814
SU00279_13_SESS_U00279_13_1_0,U00279,SESS_U00279_13_1,2026-06-14 21:45:00,heavy-duty backpack for rain,4,ai_semantic,8,132.4,0.7124999761581421
SU00279_13_SESS_U00279_13_1_1,U00279,SESS_U00279_13_1,2026-06-14 08:45:00,somthing for camping,3,ai_semantic,8,202.5,0.4957999885082245
SU00279_13_SESS_U00279_13_1_2,U00279,SESS_U00279_13_1,2026-06-14 22:18:00,noise-cancelling power bank,3,ai_semantic,8,194.1,0.8472999930381775
SU00280_13_SESS_U00280_13_0_0,U00280,SESS_U00280_13_0,2026-06-14 08:18:00,headlmap cmopact,2,legacy,0,98.1,
SU00282_13_SESS_U00282_13_0_0,U00282,SESS_U00282_13_0,2026-06-14 12:34:00,cheap wbecam,2,ai_semantic,8,225.3,0.24300000071525574
SU00282_13_SESS_U00282_13_0_1,U00282,SESS_U00282_13_0,2026-06-14 09:34:00,sweater wnidproof,2,ai_semantic,8,168.8,0.5651999711990356
SU00286_13_SESS_U00286_13_0_0,U00286,SESS_U00286_13_0,2026-06-14 09:33:00,gift desk ornament,3,ai_semantic,8,190.0,0.7340999841690063
SU00290_13_SESS_U00290_13_0_0,U00290,SESS_U00290_13_0,2026-06-14 13:45:00,electric mixing bowl,3,legacy,8,70.0,0.5957
SU00293_13_SESS_U00293_13_0_0,U00293,SESS_U00293_13_0,2026-06-14 08:20:00,waterproof running shoes,3,ai_semantic,8,130.5,0.8629999756813049
SU00301_13_SESS_U00301_13_0_0,U00301,SESS_U00301_13_0,2026-06-14 15:49:00,portable webcam,2,legacy,8,68.4,0.5685
SU00310_13_SESS_U00310_13_0_0,U00310,SESS_U00310_13_0,2026-06-14 15:55:00,coffee maker diswhasher-safe,3,ai_semantic,8,185.0,0.5774000287055969
SU00310_13_SESS_U00310_13_0_1,U00310,SESS_U00310_13_0,2026-06-14 17:44:00,mug minimalist,2,ai_semantic,8,166.1,0.8410999774932861
SU00310_13_SESS_U00310_13_1_0,U00310,SESS_U00310_13_1,2026-06-14 19:35:00,somthing for winter,3,ai_semantic,8,231.3,0.4092999994754791
SU00311_13_SESS_U00311_13_0_0,U00311,SESS_U00311_13_0,2026-06-14 16:07:00,gift cooler,2,legacy,8,89.3,0.5364
SU00313_13_SESS_U00313_13_0_0,U00313,SESS_U00313_13_0,2026-06-14 12:10:00,wireless smartwatch,2,ai_semantic,8,185.5,0.798799991607666
SU00313_13_SESS_U00313_13_0_1,U00313,SESS_U00313_13_0,2026-06-14 20:07:00,trail loafers for witner,4,ai_semantic,8,151.7,0.6335999965667725
SU00314_13_SESS_U00314_13_0_0,U00314,SESS_U00314_13_0,2026-06-14 21:31:00,earbuds bleutooth,2,ai_semantic,8,174.2,0.6593999862670898
SU00314_13_SESS_U00314_13_0_1,U00314,SESS_U00314_13_0,2026-06-14 13:08:00,gift box set under 50 dollars,6,ai_semantic,8,119.8,0.6812999844551086
SU00316_13_SESS_U00316_13_0_0,U00316,SESS_U00316_13_0,2026-06-14 13:25:00,fleece pullover moitsure-wicking,3,legacy,7,82.0,0.5908
SU00316_13_SESS_U00316_13_0_1,U00316,SESS_U00316_13_0,2026-06-14 17:13:00,best charging cable for rani,5,legacy,8,74.7,0.5494
SU00316_13_SESS_U00316_13_0_2,U00316,SESS_U00316_13_0,2026-06-14 19:46:00,somthing for rain,3,legacy,8,78.7,0.5946
SU00321_13_SESS_U00321_13_0_0,U00321,SESS_U00321_13_0,2026-06-14 07:35:00,hammock,1,ai_semantic,8,137.1,0.7300999760627747
SU00326_13_SESS_U00326_13_0_0,U00326,SESS_U00326_13_0,2026-06-14 17:42:00,sleeping bag,2,ai_semantic,8,187.5,0.7472000122070312
SU00330_13_SESS_U00330_13_0_0,U00330,SESS_U00330_13_0,2026-06-14 22:12:00,slip-on sneakers for winter,4,ai_semantic,8,174.1,0.8122000098228455
SU00331_13_SESS_U00331_13_0_0,U00331,SESS_U00331_13_0,2026-06-14 13:25:00,somthing for winter,3,legacy,8,109.3,0.5125
SU00339_13_SESS_U00339_13_0_0,U00339,SESS_U00339_13_0,2026-06-14 22:13:00,power bank,2,legacy,6,41.5,0.5998
SU00344_13_SESS_U00344_13_0_0,U00344,SESS_U00344_13_0,2026-06-14 21:55:00,compatc sleeping bag for rain,5,ai_semantic,8,113.1,0.6050999760627747
SU00345_13_SESS_U00345_13_0_0,U00345,SESS_U00345_13_0,2026-06-14 12:24:00,photo frame,2,legacy,6,116.4,0.5504
SU00345_13_SESS_U00345_13_0_1,U00345,SESS_U00345_13_0,2026-06-14 10:36:00,cheap sneakers,2,legacy,7,81.7,0.5963
SU00352_13_SESS_U00352_13_0_0,U00352,SESS_U00352_13_0,2026-06-14 09:24:00,somthing for rain,3,legacy,8,118.6,0.561
SU00357_13_SESS_U00357_13_0_0,U00357,SESS_U00357_13_0,2026-06-14 10:35:00,lightweight loafers,2,legacy,8,71.7,0.5431
SU00357_13_SESS_U00357_13_0_1,U00357,SESS_U00357_13_0,2026-06-14 09:24:00,sneakers,1,legacy,7,103.6,0.573
SU00357_13_SESS_U00357_13_0_2,U00357,SESS_U00357_13_0,2026-06-14 11:39:00,gift photo frame,3,legacy,8,129.3,0.5601
SU00364_13_SESS_U00364_13_0_0,U00364,SESS_U00364_13_0,2026-06-14 13:52:00,gift beanie,2,legacy,8,113.0,0.5952
SU00364_13_SESS_U00364_13_0_1,U00364,SESS_U00364_13_0,2026-06-14 12:22:00,backpack under 50 dollars,4,legacy,6,94.2,0.5825
SU00364_13_SESS_U00364_13_1_0,U00364,SESS_U00364_13_1,2026-06-14 08:35:00,tent under 50 dollasr,4,legacy,7,105.6,0.5824
SU00365_13_SESS_U00365_13_0_0,U00365,SESS_U00365_13_0,2026-06-14 16:34:00,power bank under 50 dollars,5,ai_semantic,8,219.1,0.6040999889373779
SU00367_13_SESS_U00367_13_0_0,U00367,SESS_U00367_13_0,2026-06-14 07:13:00,winter boots under 50 dollars,5,ai_semantic,8,190.1,0.5630000233650208
SU00367_13_SESS_U00367_13_0_1,U00367,SESS_U00367_13_0,2026-06-14 17:10:00,rustic journal,2,ai_semantic,8,126.6,0.9065999984741211
SU00378_13_SESS_U00378_13_0_0,U00378,SESS_U00378_13_0,2026-06-14 21:44:00,hoodie wnidproof,2,legacy,7,93.0,0.5552
SU00380_13_SESS_U00380_13_0_0,U00380,SESS_U00380_13_0,2026-06-14 11:48:00,best camp stove for winter,5,legacy,8,72.8,0.581
SU00380_13_SESS_U00380_13_0_1,U00380,SESS_U00380_13_0,2026-06-14 09:51:00,ceramic mixing bwol,3,legacy,8,106.5,0.4607
SU00384_13_SESS_U00384_13_0_0,U00384,SESS_U00384_13_0,2026-06-14 16:16:00,best sleeping bag for travel,5,ai_semantic,8,170.0,0.7059999704360962
SU00384_13_SESS_U00384_13_0_1,U00384,SESS_U00384_13_0,2026-06-14 12:30:00,charging cable under 50 dollars,5,ai_semantic,8,200.4,0.5597000122070312
SU00384_13_SESS_U00384_13_1_0,U00384,SESS_U00384_13_1,2026-06-14 09:49:00,cheap sweater,2,ai_semantic,8,212.3,0.7432000041007996
SU00385_13_SESS_U00385_13_0_0,U00385,SESS_U00385_13_0,2026-06-14 17:38:00,beanei,1,ai_semantic,8,168.6,0.4781000018119812
SU00385_13_SESS_U00385_13_0_1,U00385,SESS_U00385_13_0,2026-06-14 17:18:00,somthing for camping,3,ai_semantic,8,196.9,0.4957999885082245
SU00390_13_SESS_U00390_13_0_0,U00390,SESS_U00390_13_0,2026-06-14 18:01:00,best tent for travel,4,ai_semantic,8,139.5,0.6938999891281128
SU00390_13_SESS_U00390_13_0_1,U00390,SESS_U00390_13_0,2026-06-14 12:05:00,somthing for my mom,4,ai_semantic,8,200.4,0.14970000088214874
SU00391_13_SESS_U00391_13_0_0,U00391,SESS_U00391_13_0,2026-06-14 08:23:00,non-stick mixing bowl for travel,5,legacy,8,89.5,0.5927
SU00391_13_SESS_U00391_13_0_1,U00391,SESS_U00391_13_0,2026-06-14 14:50:00,winter boots under 50 dollars,5,legacy,8,91.0,0.5225
SU00392_13_SESS_U00392_13_0_0,U00392,SESS_U00392_13_0,2026-06-14 12:41:00,backpack under 50 dollars,4,legacy,6,93.1,0.5951
SU00399_13_SESS_U00399_13_0_0,U00399,SESS_U00399_13_0,2026-06-14 08:06:00,somthing for my mom,4,ai_semantic,8,186.1,0.14970000088214874
SU00400_13_SESS_U00400_13_0_0,U00400,SESS_U00400_13_0,2026-06-14 10:12:00,gift hoodie,2,ai_semantic,8,197.0,0.6448000073432922
SU00403_13_SESS_U00403_13_0_0,U00403,SESS_U00403_13_0,2026-06-14 18:15:00,ultralight cooler,2,legacy,8,64.6,0.5137
SU00404_13_SESS_U00404_13_0_0,U00404,SESS_U00404_13_0,2026-06-14 22:47:00,cheap journal,2,legacy,6,91.4,0.5989
SU00404_13_SESS_U00404_13_0_1,U00404,SESS_U00404_13_0,2026-06-14 11:02:00,compact tent,2,legacy,8,68.8,0.5935
SU00405_13_SESS_U00405_13_0_0,U00405,SESS_U00405_13_0,2026-06-14 10:53:00,non-stick air fryer for hiking,5,ai_semantic,8,201.5,0.661300003528595
SU00406_13_SESS_U00406_13_0_0,U00406,SESS_U00406_13_0,2026-06-14 10:18:00,cheap running shoes,3,legacy,8,96.3,0.597
SU00410_13_SESS_U00410_13_0_0,U00410,SESS_U00410_13_0,2026-06-14 15:11:00,gift cookware set,3,legacy,8,67.7,0.56
SU00410_13_SESS_U00410_13_0_1,U00410,SESS_U00410_13_0,2026-06-14 17:30:00,speaker,1,legacy,5,54.1,0.5379
SU00410_13_SESS_U00410_13_1_0,U00410,SESS_U00410_13_1,2026-06-14 15:27:00,somthing for winter,3,legacy,8,77.3,0.5935
SU00411_13_SESS_U00411_13_0_0,U00411,SESS_U00411_13_0,2026-06-14 17:03:00,sleeping bag,2,legacy,7,93.5,0.5989
SU00413_13_SESS_U00413_13_0_0,U00413,SESS_U00413_13_0,2026-06-14 17:42:00,portable hammock for camping,4,legacy,8,74.1,0.5684
SU00414_13_SESS_U00414_13_0_0,U00414,SESS_U00414_13_0,2026-06-14 07:02:00,wirleess speaker,2,ai_semantic,8,169.9,0.770799994468689
SU00416_13_SESS_U00416_13_0_0,U00416,SESS_U00416_13_0,2026-06-14 18:07:00,electric air fryer,3,legacy,8,85.6,0.5859
SU00417_13_SESS_U00417_13_0_0,U00417,SESS_U00417_13_0,2026-06-14 13:26:00,breathable hiking boots,3,legacy,8,89.2,0.5858
SU00419_13_SESS_U00419_13_0_0,U00419,SESS_U00419_13_0,2026-06-14 20:59:00,gift candle,2,ai_semantic,8,162.3,0.6509000062942505
SU00421_13_SESS_U00421_13_0_0,U00421,SESS_U00421_13_0,2026-06-14 14:19:00,electric air fyrer,3,legacy,8,76.0,0.5277
SU00421_13_SESS_U00421_13_0_1,U00421,SESS_U00421_13_0,2026-06-14 13:48:00,gift tnet,2,legacy,6,122.9,0.5458
SU00422_13_SESS_U00422_13_0_0,U00422,SESS_U00422_13_0,2026-06-14 19:46:00,journal under 50 dollars,4,ai_semantic,8,170.1,0.5771999955177307
SU00422_13_SESS_U00422_13_1_0,U00422,SESS_U00422_13_1,2026-06-14 10:43:00,somthing for my mom,4,ai_semantic,8,213.4,0.14970000088214874
SU00428_13_SESS_U00428_13_0_0,U00428,SESS_U00428_13_0,2026-06-14 11:01:00,cooler,1,ai_semantic,8,148.3,0.5070000290870667
SU00432_13_SESS_U00432_13_0_0,U00432,SESS_U00432_13_0,2026-06-14 15:01:00,best photo frame for travel,5,ai_semantic,8,160.8,0.6365000009536743
SU00433_13_SESS_U00433_13_0_0,U00433,SESS_U00433_13_0,2026-06-14 17:14:00,portable earbuds,2,ai_semantic,8,213.6,0.8671000003814697
SU00439_13_SESS_U00439_13_0_0,U00439,SESS_U00439_13_0,2026-06-14 11:52:00,foldable hammock for travel,4,legacy,8,95.3,0.5532
SU00439_13_SESS_U00439_13_0_1,U00439,SESS_U00439_13_0,2026-06-14 08:52:00,best rain coat for my mom,6,legacy,8,71.5,0.5965
SU00439_13_SESS_U00439_13_1_0,U00439,SESS_U00439_13_1,2026-06-14 20:55:00,electric knife set for rain,5,legacy,8,87.7,0.5637
SU00440_13_SESS_U00440_13_0_0,U00440,SESS_U00440_13_0,2026-06-14 19:46:00,earbuds under 50 dollars,4,legacy,6,84.9,0.5478
SU00441_13_SESS_U00441_13_0_0,U00441,SESS_U00441_13_0,2026-06-14 18:38:00,dsek ornament enrgaved,3,ai_semantic,8,124.9,0.2849999964237213
SU00441_13_SESS_U00441_13_1_0,U00441,SESS_U00441_13_1,2026-06-14 12:43:00,somthing for gym,3,ai_semantic,8,120.9,0.29350000619888306
SU00447_13_SESS_U00447_13_0_0,U00447,SESS_U00447_13_0,2026-06-14 11:04:00,charging cable portbale,3,legacy,6,97.3,0.5816
SU00449_13_SESS_U00449_13_0_0,U00449,SESS_U00449_13_0,2026-06-14 12:41:00,cheap steel toaster,3,legacy,8,80.9,0.5697
SU00457_13_SESS_U00457_13_0_0,U00457,SESS_U00457_13_0,2026-06-14 07:14:00,air fryer elcetric,3,ai_semantic,8,152.9,0.7490000128746033
SU00459_13_SESS_U00459_13_0_0,U00459,SESS_U00459_13_0,2026-06-14 18:37:00,foldable tent for the office,5,legacy,8,107.8,0.5311
SU00459_13_SESS_U00459_13_0_1,U00459,SESS_U00459_13_0,2026-06-14 14:07:00,hammcok,1,legacy,0,77.4,
SU00463_13_SESS_U00463_13_0_0,U00463,SESS_U00463_13_0,2026-06-14 13:51:00,hiking boots,2,ai_semantic,8,198.1,0.7730000019073486
SU00463_13_SESS_U00463_13_0_1,U00463,SESS_U00463_13_0,2026-06-14 11:53:00,best hammock for travel,4,ai_semantic,8,162.0,0.7361999750137329
SU00467_13_SESS_U00467_13_0_0,U00467,SESS_U00467_13_0,2026-06-14 19:21:00,best desk ornament for hiknig,5,legacy,8,88.1,0.5714
SU00467_13_SESS_U00467_13_0_1,U00467,SESS_U00467_13_0,2026-06-14 15:51:00,ultralight hammock,2,legacy,8,91.3,0.5951
SU00468_13_SESS_U00468_13_0_0,U00468,SESS_U00468_13_0,2026-06-14 13:20:00,cleats,1,legacy,7,113.1,0.5972
SU00470_13_SESS_U00470_13_0_0,U00470,SESS_U00470_13_0,2026-06-14 09:42:00,wintre boots silp-on,3,legacy,8,119.9,0.5958
SU00470_13_SESS_U00470_13_0_1,U00470,SESS_U00470_13_0,2026-06-14 15:07:00,compact coffee maker for gym,5,legacy,8,100.3,0.5773
SU00470_13_SESS_U00470_13_0_2,U00470,SESS_U00470_13_0,2026-06-14 10:01:00,hammock,1,legacy,7,110.5,0.5995
SU00471_13_SESS_U00471_13_0_0,U00471,SESS_U00471_13_0,2026-06-14 17:56:00,cozy rain coat for rain,5,legacy,8,107.9,0.5254
SU00471_13_SESS_U00471_13_1_0,U00471,SESS_U00471_13_1,2026-06-14 09:15:00,gift sweater,2,legacy,8,115.2,0.4687
SU00473_13_SESS_U00473_13_0_0,U00473,SESS_U00473_13_0,2026-06-14 21:18:00,wireless charging cable,3,legacy,8,75.7,0.5791
SU00477_13_SESS_U00477_13_0_0,U00477,SESS_U00477_13_0,2026-06-14 13:07:00,windproof hoodie for my mom,5,ai_semantic,8,140.3,0.7347999811172485
SU00477_13_SESS_U00477_13_0_1,U00477,SESS_U00477_13_0,2026-06-14 18:18:00,cheap sleeping bag,3,ai_semantic,8,137.4,0.7495999932289124
SU00482_13_SESS_U00482_13_0_0,U00482,SESS_U00482_13_0,2026-06-14 18:36:00,gift sleeping bag,3,legacy,8,87.7,0.5432
SU00483_13_SESS_U00483_13_0_0,U00483,SESS_U00483_13_0,2026-06-14 16:33:00,cheap hiking boots,3,legacy,8,77.8,0.5404
SU00483_13_SESS_U00483_13_0_1,U00483,SESS_U00483_13_0,2026-06-14 22:13:00,coffee maker under 50 dollars,5,legacy,5,100.6,0.5714
SU00483_13_SESS_U00483_13_0_2,U00483,SESS_U00483_13_0,2026-06-14 19:58:00,minimalist journal for hiking,4,legacy,8,91.6,0.5792
SU00484_13_SESS_U00484_13_0_0,U00484,SESS_U00484_13_0,2026-06-14 21:03:00,compact knife set for gym,5,ai_semantic,8,149.9,0.6791999936103821
SU00486_13_SESS_U00486_13_0_0,U00486,SESS_U00486_13_0,2026-06-14 18:23:00,best cleats for hiking,4,legacy,8,86.3,0.5918
SU00487_13_SESS_U00487_13_0_0,U00487,SESS_U00487_13_0,2026-06-14 21:59:00,gift hiking boots,3,ai_semantic,8,151.3,0.7329000234603882
SU00488_13_SESS_U00488_13_0_0,U00488,SESS_U00488_13_0,2026-06-14 10:25:00,engraved desk ornament for rain,5,legacy,8,88.0,0.5836
SU00489_13_SESS_U00489_13_0_0,U00489,SESS_U00489_13_0,2026-06-14 09:48:00,winter boots waterrpoof,3,legacy,8,78.5,0.583
SU00489_13_SESS_U00489_13_0_1,U00489,SESS_U00489_13_0,2026-06-14 17:24:00,tent,1,legacy,7,106.7,0.5472
SU00489_13_SESS_U00489_13_0_2,U00489,SESS_U00489_13_0,2026-06-14 20:59:00,backpack weatheprroof,2,legacy,6,90.8,0.5746
SU00490_13_SESS_U00490_13_0_0,U00490,SESS_U00490_13_0,2026-06-14 19:49:00,gift knife set,3,legacy,8,82.2,0.584
SU00491_13_SESS_U00491_13_0_0,U00491,SESS_U00491_13_0,2026-06-14 16:08:00,cheap beanie,2,ai_semantic,8,162.8,0.7346000075340271
SU00491_13_SESS_U00491_13_0_1,U00491,SESS_U00491_13_0,2026-06-14 10:39:00,gift camp stove,3,ai_semantic,8,193.4,0.758400022983551
SU00495_13_SESS_U00495_13_0_0,U00495,SESS_U00495_13_0,2026-06-14 07:29:00,warm thermal leggings for my mom,6,legacy,8,97.8,0.4882
SU00495_13_SESS_U00495_13_1_0,U00495,SESS_U00495_13_1,2026-06-14 15:25:00,headphones,1,legacy,6,72.5,0.5837
SU00507_13_SESS_U00507_13_0_0,U00507,SESS_U00507_13_0,2026-06-14 21:51:00,fleece pullover fleec-elined,3,legacy,7,112.6,0.5865
SU00507_13_SESS_U00507_13_1_0,U00507,SESS_U00507_13_1,2026-06-14 09:17:00,cheap sneakers,2,legacy,7,83.5,0.599
SU00518_13_SESS_U00518_13_0_0,U00518,SESS_U00518_13_0,2026-06-14 15:51:00,cheap cleats,2,legacy,7,123.2,0.5664
SU00518_13_SESS_U00518_13_0_1,U00518,SESS_U00518_13_0,2026-06-14 22:41:00,fleece pullvoer,2,legacy,7,60.8,0.574
SU00519_13_SESS_U00519_13_0_0,U00519,SESS_U00519_13_0,2026-06-14 09:47:00,cheap cleats,2,ai_semantic,8,126.7,0.7530999779701233
SU00519_13_SESS_U00519_13_1_0,U00519,SESS_U00519_13_1,2026-06-14 09:12:00,compact sleeping bag for winter,5,ai_semantic,8,262.2,0.7717999815940857
SU00524_13_SESS_U00524_13_0_0,U00524,SESS_U00524_13_0,2026-06-14 18:45:00,air fryer dishwasehr-safe,3,ai_semantic,8,167.1,0.7182000279426575
SU00525_13_SESS_U00525_13_0_0,U00525,SESS_U00525_13_0,2026-06-14 15:31:00,somthing for a gift,4,legacy,8,77.7,0.5946
SU00527_13_SESS_U00527_13_0_0,U00527,SESS_U00527_13_0,2026-06-14 14:20:00,mug,1,ai_semantic,8,199.6,0.6661999821662903
SU00531_13_SESS_U00531_13_0_0,U00531,SESS_U00531_13_0,2026-06-14 12:31:00,slip-on hiking boots for winter,5,ai_semantic,8,197.7,0.8454999923706055
SU00534_13_SESS_U00534_13_0_0,U00534,SESS_U00534_13_0,2026-06-14 16:44:00,steel air fryer,3,ai_semantic,8,169.2,0.7907999753952026
SU00534_13_SESS_U00534_13_0_1,U00534,SESS_U00534_13_0,2026-06-14 09:12:00,gift spaeker,2,ai_semantic,8,157.9,0.4004000127315521
SU00537_13_SESS_U00537_13_0_0,U00537,SESS_U00537_13_0,2026-06-14 09:59:00,best sleeping bag for a gift,6,legacy,8,122.3,0.5552
SU00537_13_SESS_U00537_13_1_0,U00537,SESS_U00537_13_1,2026-06-14 21:28:00,best mixing bowl for gym,5,legacy,8,71.0,0.5989
SU00542_13_SESS_U00542_13_0_0,U00542,SESS_U00542_13_0,2026-06-14 07:47:00,somthing for hiking,3,ai_semantic,8,205.5,0.5105999708175659
SU00544_13_SESS_U00544_13_0_0,U00544,SESS_U00544_13_0,2026-06-14 17:19:00,thermal leggings,2,legacy,7,96.2,0.5315
SU00545_13_SESS_U00545_13_0_0,U00545,SESS_U00545_13_0,2026-06-14 17:13:00,best speaker for hiking,4,ai_semantic,8,193.3,0.4805999994277954
SU00545_13_SESS_U00545_13_0_1,U00545,SESS_U00545_13_0,2026-06-14 20:03:00,gift sandals,2,ai_semantic,8,183.2,0.661300003528595
SU00545_13_SESS_U00545_13_0_2,U00545,SESS_U00545_13_0,2026-06-14 14:06:00,portable webcam for hiking,4,ai_semantic,8,181.7,0.7278000116348267
SU00545_13_SESS_U00545_13_1_0,U00545,SESS_U00545_13_1,2026-06-14 21:35:00,earubds compcat,2,ai_semantic,8,130.7,0.5582000017166138
SU00545_13_SESS_U00545_13_1_1,U00545,SESS_U00545_13_1,2026-06-14 19:24:00,webcam,1,ai_semantic,8,194.8,0.755299985408783
SU00546_13_SESS_U00546_13_0_0,U00546,SESS_U00546_13_0,2026-06-14 12:22:00,moisture-wicking jacket for camping,4,legacy,8,121.9,0.4954
SU00548_13_SESS_U00548_13_0_0,U00548,SESS_U00548_13_0,2026-06-14 11:19:00,trail celats,2,legacy,6,58.8,0.5345
SU00548_13_SESS_U00548_13_0_1,U00548,SESS_U00548_13_0,2026-06-14 21:21:00,loafers under 50 dollars,4,legacy,6,69.4,0.5922
SU00549_13_SESS_U00549_13_0_0,U00549,SESS_U00549_13_0,2026-06-14 18:54:00,power bank under 50 dollars,5,ai_semantic,8,242.0,0.6040999889373779
SU00557_13_SESS_U00557_13_0_0,U00557,SESS_U00557_13_0,2026-06-14 08:01:00,wireless earbuds for my mom,5,ai_semantic,8,202.5,0.7820000052452087
SU00557_13_SESS_U00557_13_0_1,U00557,SESS_U00557_13_0,2026-06-14 19:50:00,tent under 50 dollars,4,ai_semantic,8,182.1,0.6215999722480774
SU00557_13_SESS_U00557_13_0_2,U00557,SESS_U00557_13_0,2026-06-14 16:57:00,best headphones for hiking,4,ai_semantic,8,160.5,0.5476999878883362
SU00559_13_SESS_U00559_13_0_0,U00559,SESS_U00559_13_0,2026-06-14 09:08:00,running shoes waterproof,3,legacy,8,103.2,0.5838
SU00562_13_SESS_U00562_13_0_0,U00562,SESS_U00562_13_0,2026-06-14 08:31:00,cooler comapct,2,ai_semantic,8,163.3,0.48170000314712524
SU00564_13_SESS_U00564_13_0_0,U00564,SESS_U00564_13_0,2026-06-14 15:07:00,air fryre copmact,3,legacy,6,107.9,0.5864
SU00565_13_SESS_U00565_13_0_0,U00565,SESS_U00565_13_0,2026-06-14 19:51:00,gitf smartwatch,2,ai_semantic,8,167.9,0.6115000247955322
SU00565_13_SESS_U00565_13_1_0,U00565,SESS_U00565_13_1,2026-06-14 13:35:00,flecee-lined sweater,2,ai_semantic,8,222.5,0.6970000267028809
SU00577_13_SESS_U00577_13_0_0,U00577,SESS_U00577_13_0,2026-06-14 15:51:00,cookware set non-stcik,3,ai_semantic,8,131.1,0.6000000238418579
SU00577_13_SESS_U00577_13_0_1,U00577,SESS_U00577_13_0,2026-06-14 07:07:00,high-top running shoes,3,ai_semantic,8,168.8,0.8959000110626221
SU00577_13_SESS_U00577_13_0_2,U00577,SESS_U00577_13_0,2026-06-14 20:18:00,portable charging cable for a gift,6,ai_semantic,8,143.8,0.7354999780654907
SU00582_13_SESS_U00582_13_0_0,U00582,SESS_U00582_13_0,2026-06-14 14:55:00,charigng cable potrable,3,ai_semantic,8,185.2,0.44110000133514404
SU00582_13_SESS_U00582_13_0_1,U00582,SESS_U00582_13_0,2026-06-14 18:49:00,best tent for gym,4,ai_semantic,8,126.2,0.5741000175476074
SU00585_13_SESS_U00585_13_0_0,U00585,SESS_U00585_13_0,2026-06-14 09:45:00,foldable camp stove,3,legacy,8,49.8,0.5527
SU00588_13_SESS_U00588_13_0_0,U00588,SESS_U00588_13_0,2026-06-14 18:57:00,best cooler for camping,4,legacy,8,109.0,0.4978
SU00589_13_SESS_U00589_13_0_0,U00589,SESS_U00589_13_0,2026-06-14 09:49:00,insulated backpack for travel,4,legacy,8,86.6,0.5252
SU00595_13_SESS_U00595_13_0_0,U00595,SESS_U00595_13_0,2026-06-14 20:50:00,compact webcam for the office,5,ai_semantic,8,161.5,0.8424000144004822
SU00595_13_SESS_U00595_13_0_1,U00595,SESS_U00595_13_0,2026-06-14 18:43:00,warm jacket for my mom,5,ai_semantic,8,152.0,0.6377999782562256
SU00601_13_SESS_U00601_13_0_0,U00601,SESS_U00601_13_0,2026-06-14 14:18:00,heavy-duty hammock,2,ai_semantic,8,107.4,0.9067999720573425
SU00606_13_SESS_U00606_13_0_0,U00606,SESS_U00606_13_0,2026-06-14 17:37:00,earbuds,1,legacy,6,70.2,0.5067
SU00607_13_SESS_U00607_13_0_0,U00607,SESS_U00607_13_0,2026-06-14 14:27:00,gift winter boots,3,legacy,8,74.9,0.5751
SU00607_13_SESS_U00607_13_0_1,U00607,SESS_U00607_13_0,2026-06-14 21:10:00,sleeping bag compatc,3,legacy,7,127.0,0.5991
SU00608_13_SESS_U00608_13_0_0,U00608,SESS_U00608_13_0,2026-06-14 07:09:00,best backpack for the office,5,legacy,8,105.4,0.5523
SU00608_13_SESS_U00608_13_0_1,U00608,SESS_U00608_13_0,2026-06-14 08:56:00,compact wbecam,2,legacy,8,96.4,0.5882
SU00611_13_SESS_U00611_13_0_0,U00611,SESS_U00611_13_0,2026-06-14 17:50:00,gift camp stove,3,ai_semantic,8,221.0,0.758400022983551
SU00618_13_SESS_U00618_13_0_0,U00618,SESS_U00618_13_0,2026-06-14 21:08:00,backpack inuslated,2,ai_semantic,8,242.2,0.5511999726295471
SU00618_13_SESS_U00618_13_0_1,U00618,SESS_U00618_13_0,2026-06-14 18:29:00,electric air freyr,3,ai_semantic,8,233.6,0.6291999816894531
SU00618_13_SESS_U00618_13_1_0,U00618,SESS_U00618_13_1,2026-06-14 16:53:00,mug,1,ai_semantic,8,201.7,0.6661999821662903
SU00618_13_SESS_U00618_13_1_1,U00618,SESS_U00618_13_1,2026-06-14 21:10:00,smartwatch under 50 dollars,4,ai_semantic,8,135.7,0.5958999991416931
SU00620_13_SESS_U00620_13_0_0,U00620,SESS_U00620_13_0,2026-06-14 17:00:00,somthing for gym,3,ai_semantic,8,164.9,0.29350000619888306
SU00620_13_SESS_U00620_13_0_1,U00620,SESS_U00620_13_0,2026-06-14 22:19:00,coffee maker,2,ai_semantic,8,176.2,0.6291000247001648
SU00620_13_SESS_U00620_13_1_0,U00620,SESS_U00620_13_1,2026-06-14 09:44:00,webcam,1,ai_semantic,8,150.3,0.755299985408783
SU00620_13_SESS_U00620_13_1_1,U00620,SESS_U00620_13_1,2026-06-14 21:21:00,cmap stove,2,ai_semantic,8,192.7,0.46619999408721924
SU00624_13_SESS_U00624_13_0_0,U00624,SESS_U00624_13_0,2026-06-14 15:52:00,best headphones for my mom,5,legacy,8,135.3,0.5421
SU00626_13_SESS_U00626_13_0_0,U00626,SESS_U00626_13_0,2026-06-14 14:17:00,insulated tent for rain,4,ai_semantic,8,158.7,0.6758999824523926
SU00632_13_SESS_U00632_13_0_0,U00632,SESS_U00632_13_0,2026-06-14 19:22:00,blender cearmic,2,legacy,6,64.7,0.463
SU00632_13_SESS_U00632_13_0_1,U00632,SESS_U00632_13_0,2026-06-14 16:29:00,compact power bank for travel,5,legacy,8,110.6,0.5723
SU00632_13_SESS_U00632_13_0_2,U00632,SESS_U00632_13_0,2026-06-14 19:41:00,power bank under 50 dollars,5,legacy,6,60.2,0.5086
SU00635_13_SESS_U00635_13_0_0,U00635,SESS_U00635_13_0,2026-06-14 20:48:00,sleeping bag inuslated,3,legacy,7,101.1,0.591
SU00638_13_SESS_U00638_13_0_0,U00638,SESS_U00638_13_0,2026-06-14 21:24:00,power bank under 50 dollras,5,legacy,6,87.6,0.5298
SU00638_13_SESS_U00638_13_0_1,U00638,SESS_U00638_13_0,2026-06-14 10:35:00,wireless headphones,2,legacy,8,106.0,0.5727
SU00640_13_SESS_U00640_13_0_0,U00640,SESS_U00640_13_0,2026-06-14 11:52:00,best fleece pullover for hiking,5,legacy,8,106.7,0.5876
SU00641_13_SESS_U00641_13_0_0,U00641,SESS_U00641_13_0,2026-06-14 10:43:00,mug,1,ai_semantic,8,213.2,0.6661999821662903
SU00641_13_SESS_U00641_13_0_1,U00641,SESS_U00641_13_0,2026-06-14 09:23:00,somthing for hiking,3,ai_semantic,8,188.3,0.5105999708175659
SU00642_13_SESS_U00642_13_0_0,U00642,SESS_U00642_13_0,2026-06-14 14:46:00,best speaker for camping,4,ai_semantic,8,187.2,0.5544999837875366
SU00642_13_SESS_U00642_13_0_1,U00642,SESS_U00642_13_0,2026-06-14 08:53:00,running shoes lightwieght,3,ai_semantic,8,215.6,0.6680999994277954
SU00645_13_SESS_U00645_13_0_0,U00645,SESS_U00645_13_0,2026-06-14 07:34:00,somthing for camping,3,ai_semantic,8,155.2,0.4957999885082245
SU00645_13_SESS_U00645_13_0_1,U00645,SESS_U00645_13_0,2026-06-14 20:18:00,gift knife set,3,ai_semantic,8,127.7,0.6309000253677368
SU00646_13_SESS_U00646_13_0_0,U00646,SESS_U00646_13_0,2026-06-14 09:17:00,lightweight thermal leggings,3,ai_semantic,8,232.9,0.9139000177383423
SU00649_13_SESS_U00649_13_0_0,U00649,SESS_U00649_13_0,2026-06-14 09:00:00,best knife set for hiking,5,ai_semantic,8,158.6,0.5565999746322632
SU00650_13_SESS_U00650_13_0_0,U00650,SESS_U00650_13_0,2026-06-14 20:36:00,sleeping bag under 50 dollars,5,ai_semantic,8,185.7,0.6424999833106995
SU00650_13_SESS_U00650_13_0_1,U00650,SESS_U00650_13_0,2026-06-14 15:51:00,somthing for my mom,4,ai_semantic,8,182.3,0.14970000088214874
SU00654_13_SESS_U00654_13_0_0,U00654,SESS_U00654_13_0,2026-06-14 12:11:00,best beanie for travel,4,ai_semantic,8,163.2,0.7017999887466431
SU00659_13_SESS_U00659_13_0_0,U00659,SESS_U00659_13_0,2026-06-14 11:47:00,candle rsutic,2,ai_semantic,8,177.1,0.5684999823570251
SU00659_13_SESS_U00659_13_0_1,U00659,SESS_U00659_13_0,2026-06-14 14:15:00,chepa sneakers,2,ai_semantic,8,179.3,0.61080002784729
SU00661_13_SESS_U00661_13_0_0,U00661,SESS_U00661_13_0,2026-06-14 11:16:00,knife set under 50 dollars,5,ai_semantic,8,188.2,0.5576000213623047
SU00661_13_SESS_U00661_13_0_1,U00661,SESS_U00661_13_0,2026-06-14 18:26:00,non-stick blender for gym,4,ai_semantic,8,132.0,0.7443000078201294
SU00661_13_SESS_U00661_13_1_0,U00661,SESS_U00661_13_1,2026-06-14 07:15:00,pwoer bank,2,ai_semantic,8,157.9,0.40230000019073486
SU00661_13_SESS_U00661_13_1_1,U00661,SESS_U00661_13_1,2026-06-14 13:23:00,thermal leggings wram,3,ai_semantic,8,165.3,0.8256999850273132
SU00662_13_SESS_U00662_13_0_0,U00662,SESS_U00662_13_0,2026-06-14 16:27:00,gift running shoes,3,ai_semantic,8,165.1,0.6808000206947327
SU00662_13_SESS_U00662_13_0_1,U00662,SESS_U00662_13_0,2026-06-14 16:14:00,somthing for the office,4,ai_semantic,8,183.8,0.2831999957561493
SU00662_13_SESS_U00662_13_1_0,U00662,SESS_U00662_13_1,2026-06-14 10:01:00,cheap toaster,2,ai_semantic,8,203.7,0.7468000054359436
SU00671_13_SESS_U00671_13_0_0,U00671,SESS_U00671_13_0,2026-06-14 20:32:00,cheap wniter boots,3,ai_semantic,8,163.0,0.5170999765396118
SU00672_13_SESS_U00672_13_0_0,U00672,SESS_U00672_13_0,2026-06-14 12:06:00,chepa headlamp,2,legacy,6,96.6,0.5914
SU00672_13_SESS_U00672_13_1_0,U00672,SESS_U00672_13_1,2026-06-14 15:08:00,rechargeable charging cable for the office,6,legacy,8,65.1,0.5992
SU00673_13_SESS_U00673_13_0_0,U00673,SESS_U00673_13_0,2026-06-14 18:05:00,gift winter boots,3,legacy,8,76.1,0.5792
SU00673_13_SESS_U00673_13_0_1,U00673,SESS_U00673_13_0,2026-06-14 09:22:00,cozy fleece pullover for the office,6,legacy,8,75.7,0.5938
SU00678_13_SESS_U00678_13_0_0,U00678,SESS_U00678_13_0,2026-06-14 21:15:00,gift loafers,2,legacy,8,119.8,0.487
SU00678_13_SESS_U00678_13_0_1,U00678,SESS_U00678_13_0,2026-06-14 07:02:00,gift cookware set,3,legacy,8,105.0,0.592
SU00679_13_SESS_U00679_13_0_0,U00679,SESS_U00679_13_0,2026-06-14 17:51:00,cheap hiking boots,3,legacy,8,91.1,0.5944
SU00679_13_SESS_U00679_13_0_1,U00679,SESS_U00679_13_0,2026-06-14 14:09:00,somthing for winter,3,legacy,8,112.5,0.5821
SU00683_13_SESS_U00683_13_0_0,U00683,SESS_U00683_13_0,2026-06-14 15:41:00,engraved candel,2,ai_semantic,8,171.3,0.5705999732017517
SU00684_13_SESS_U00684_13_0_0,U00684,SESS_U00684_13_0,2026-06-14 07:21:00,headlamp insluated,2,legacy,6,101.9,0.5738
SU00684_13_SESS_U00684_13_0_1,U00684,SESS_U00684_13_0,2026-06-14 07:59:00,tent foldalbe,2,legacy,7,72.7,0.5476
SU00684_13_SESS_U00684_13_1_0,U00684,SESS_U00684_13_1,2026-06-14 17:57:00,somthing for winter,3,legacy,8,119.4,0.5938
SU00692_13_SESS_U00692_13_0_0,U00692,SESS_U00692_13_0,2026-06-14 13:39:00,waterproof running shoes,3,ai_semantic,8,162.2,0.8629999756813049
SU00692_13_SESS_U00692_13_1_0,U00692,SESS_U00692_13_1,2026-06-14 12:08:00,best fleece pullover for hiking,5,ai_semantic,8,177.0,0.8141999840736389
SU00698_13_SESS_U00698_13_0_0,U00698,SESS_U00698_13_0,2026-06-14 18:23:00,desk ornament,2,legacy,5,136.3,0.5693
SU00699_13_SESS_U00699_13_0_0,U00699,SESS_U00699_13_0,2026-06-14 14:56:00,cheap desk ornament,3,ai_semantic,8,188.2,0.7311999797821045
SU00699_13_SESS_U00699_13_0_1,U00699,SESS_U00699_13_0,2026-06-14 09:00:00,best running shoes for rain,5,ai_semantic,8,163.8,0.7139999866485596
SU00703_13_SESS_U00703_13_0_0,U00703,SESS_U00703_13_0,2026-06-14 19:45:00,hiking boots under 50 dollars,5,legacy,8,64.3,0.5824
SU00704_13_SESS_U00704_13_0_0,U00704,SESS_U00704_13_0,2026-06-14 12:55:00,windproof fleece pullover for rain,5,ai_semantic,8,225.7,0.8154000043869019
SU00704_13_SESS_U00704_13_1_0,U00704,SESS_U00704_13_1,2026-06-14 08:57:00,hiking boots,2,ai_semantic,8,168.5,0.7730000019073486
SU00704_13_SESS_U00704_13_1_1,U00704,SESS_U00704_13_1,2026-06-14 12:21:00,desk ornament elgeant,3,ai_semantic,8,179.2,0.7458000183105469
SU00712_13_SESS_U00712_13_0_0,U00712,SESS_U00712_13_0,2026-06-14 21:37:00,insulated wniter boots for the office,6,legacy,8,88.5,0.5439
SU00712_13_SESS_U00712_13_0_1,U00712,SESS_U00712_13_0,2026-06-14 07:09:00,elegant candle for my mom,5,legacy,8,146.1,0.5805
SU00712_13_SESS_U00712_13_0_2,U00712,SESS_U00712_13_0,2026-06-14 11:42:00,smartwatch,1,legacy,5,87.5,0.5981
SU00714_13_SESS_U00714_13_0_0,U00714,SESS_U00714_13_0,2026-06-14 09:06:00,somthing for a gift,4,ai_semantic,8,234.2,0.38440001010894775
SU00715_13_SESS_U00715_13_0_0,U00715,SESS_U00715_13_0,2026-06-14 09:15:00,high-top loafers,2,legacy,8,101.9,0.4923
SU00715_13_SESS_U00715_13_1_0,U00715,SESS_U00715_13_1,2026-06-14 12:58:00,ceramic blender,2,legacy,8,77.8,0.5849
SU00715_13_SESS_U00715_13_1_1,U00715,SESS_U00715_13_1,2026-06-14 09:12:00,sleeping bag undre 50 dollars,5,legacy,7,116.1,0.5947
SU00715_13_SESS_U00715_13_1_2,U00715,SESS_U00715_13_1,2026-06-14 09:06:00,cheap headlamp,2,legacy,6,120.8,0.5721
SU00717_13_SESS_U00717_13_0_0,U00717,SESS_U00717_13_0,2026-06-14 13:23:00,gift webcam,2,legacy,8,101.3,0.5982
SU00718_13_SESS_U00718_13_0_0,U00718,SESS_U00718_13_0,2026-06-14 18:31:00,somthing for camipng,3,ai_semantic,8,212.6,0.38449999690055847
SU00719_13_SESS_U00719_13_0_0,U00719,SESS_U00719_13_0,2026-06-14 13:15:00,somthing for winter,3,ai_semantic,8,198.1,0.4092999994754791
SU00719_13_SESS_U00719_13_1_0,U00719,SESS_U00719_13_1,2026-06-14 07:13:00,backpack,1,ai_semantic,8,171.9,0.6915000081062317
SU00725_13_SESS_U00725_13_0_0,U00725,SESS_U00725_13_0,2026-06-14 08:41:00,sandals,1,legacy,4,59.3,0.5518
SU00726_13_SESS_U00726_13_0_0,U00726,SESS_U00726_13_0,2026-06-14 17:12:00,noise-cancelling charging cable for camping,5,ai_semantic,8,168.8,0.7566999793052673
SU00726_13_SESS_U00726_13_0_1,U00726,SESS_U00726_13_0,2026-06-14 08:28:00,gift sneakers,2,ai_semantic,8,170.3,0.6984000205993652
SU00726_13_SESS_U00726_13_0_2,U00726,SESS_U00726_13_0,2026-06-14 07:22:00,cooler comapct,2,ai_semantic,8,186.7,0.48170000314712524
SU00727_13_SESS_U00727_13_0_0,U00727,SESS_U00727_13_0,2026-06-14 07:45:00,handmade keychain for gym,4,legacy,8,109.4,0.5924
SU00727_13_SESS_U00727_13_0_1,U00727,SESS_U00727_13_0,2026-06-14 18:46:00,gift hammock,2,legacy,8,123.9,0.5928
SU00731_13_SESS_U00731_13_0_0,U00731,SESS_U00731_13_0,2026-06-14 20:43:00,coyz fleece pullover,3,ai_semantic,8,208.6,0.762499988079071
SU00731_13_SESS_U00731_13_0_1,U00731,SESS_U00731_13_0,2026-06-14 15:33:00,best blender for camping,4,ai_semantic,8,156.7,0.5188999772071838
SU00731_13_SESS_U00731_13_1_0,U00731,SESS_U00731_13_1,2026-06-14 22:38:00,elegant journal for gym,4,ai_semantic,8,163.2,0.6930000185966492
SU00736_13_SESS_U00736_13_0_0,U00736,SESS_U00736_13_0,2026-06-14 18:09:00,somthing for gym,3,legacy,8,83.7,0.5247
SU00749_13_SESS_U00749_13_0_0,U00749,SESS_U00749_13_0,2026-06-14 18:20:00,cheap loafres,2,legacy,0,100.6,
SU00749_13_SESS_U00749_13_0_1,U00749,SESS_U00749_13_0,2026-06-14 13:23:00,gift sneakers,2,legacy,8,119.4,0.5899
SU00753_13_SESS_U00753_13_0_0,U00753,SESS_U00753_13_0,2026-06-14 16:45:00,tent,1,legacy,7,73.8,0.5907
SU00754_13_SESS_U00754_13_0_0,U00754,SESS_U00754_13_0,2026-06-14 14:19:00,cheap headphones,2,ai_semantic,8,185.2,0.6647999882698059
SU00756_13_SESS_U00756_13_0_0,U00756,SESS_U00756_13_0,2026-06-14 08:01:00,best tent for my mom,5,legacy,8,101.9,0.5717
SU00760_13_SESS_U00760_13_0_0,U00760,SESS_U00760_13_0,2026-06-14 15:18:00,best webcam for travle,4,legacy,8,86.7,0.5695
SU00760_13_SESS_U00760_13_1_0,U00760,SESS_U00760_13_1,2026-06-14 17:40:00,portable speaker,2,legacy,8,69.2,0.5059
SU00762_13_SESS_U00762_13_0_0,U00762,SESS_U00762_13_0,2026-06-14 07:52:00,best stele blender for travel,5,legacy,8,56.7,0.5738
SU00763_13_SESS_U00763_13_0_0,U00763,SESS_U00763_13_0,2026-06-14 16:13:00,running shoes under 50 dollars,5,ai_semantic,8,163.9,0.6256999969482422
SU00763_13_SESS_U00763_13_0_1,U00763,SESS_U00763_13_0,2026-06-14 08:24:00,stainless steel coffee maker for hiking,6,ai_semantic,8,126.8,0.6338000297546387
SU00764_13_SESS_U00764_13_0_0,U00764,SESS_U00764_13_0,2026-06-14 12:08:00,best wintre boots for hiking,5,ai_semantic,8,172.3,0.6243000030517578
SU00765_13_SESS_U00765_13_0_0,U00765,SESS_U00765_13_0,2026-06-14 15:51:00,wireless smartwatch for gym,4,ai_semantic,8,146.6,0.6851000189781189
SU00770_13_SESS_U00770_13_0_0,U00770,SESS_U00770_13_0,2026-06-14 12:09:00,somthing for hiking,3,legacy,8,77.6,0.5283
SU00775_13_SESS_U00775_13_0_0,U00775,SESS_U00775_13_0,2026-06-14 22:40:00,jacket under 50 dollars,4,ai_semantic,8,218.5,0.5066999793052673
SU00775_13_SESS_U00775_13_0_1,U00775,SESS_U00775_13_0,2026-06-14 08:37:00,best loafers for camping,4,ai_semantic,8,161.9,0.6733999848365784
SU00776_13_SESS_U00776_13_0_0,U00776,SESS_U00776_13_0,2026-06-14 13:59:00,compact speaker for the office,5,ai_semantic,8,181.5,0.7368999719619751
SU00776_13_SESS_U00776_13_0_1,U00776,SESS_U00776_13_0,2026-06-14 17:50:00,best blender for hiking,4,ai_semantic,8,142.7,0.5029000043869019
SU00781_13_SESS_U00781_13_0_0,U00781,SESS_U00781_13_0,2026-06-14 11:53:00,knife set under 50 dollars,5,legacy,8,86.9,0.5944
SU00787_13_SESS_U00787_13_0_0,U00787,SESS_U00787_13_0,2026-06-14 20:20:00,rain coat under 50 dollars,5,legacy,6,72.7,0.5355
SU00787_13_SESS_U00787_13_0_1,U00787,SESS_U00787_13_0,2026-06-14 13:25:00,steel blender,2,legacy,8,102.0,0.5859
SU00795_13_SESS_U00795_13_0_0,U00795,SESS_U00795_13_0,2026-06-14 17:43:00,gift steel knife set,4,ai_semantic,8,225.5,0.6256999969482422
SU00795_13_SESS_U00795_13_1_0,U00795,SESS_U00795_13_1,2026-06-14 16:02:00,candel engravde,2,ai_semantic,8,187.7,0.258899986743927
SU00795_13_SESS_U00795_13_1_1,U00795,SESS_U00795_13_1,2026-06-14 18:16:00,engraved photo frame,3,ai_semantic,8,173.8,0.878000020980835
SU00795_13_SESS_U00795_13_1_2,U00795,SESS_U00795_13_1,2026-06-14 12:23:00,handmade photo frame for hiking,5,ai_semantic,8,189.6,0.6460999846458435
SU00798_13_SESS_U00798_13_0_0,U00798,SESS_U00798_13_0,2026-06-14 21:15:00,portable headphones,2,ai_semantic,8,161.2,0.7926999926567078
SU00798_13_SESS_U00798_13_0_1,U00798,SESS_U00798_13_0,2026-06-14 11:49:00,best gift box set for the office,7,ai_semantic,8,141.9,0.7609999775886536
SU00798_13_SESS_U00798_13_0_2,U00798,SESS_U00798_13_0,2026-06-14 13:20:00,somthing for the office,4,ai_semantic,8,166.2,0.2831999957561493
SU00800_13_SESS_U00800_13_0_0,U00800,SESS_U00800_13_0,2026-06-14 21:56:00,cheap jacket,2,ai_semantic,8,178.6,0.6244000196456909
