session_id,user_id,timestamp,device_type
SESS_U00003_0_0,U00003,2026-06-01 21:00:00,mobile
SESS_U00007_0_0,U00007,2026-06-01 12:00:00,desktop
SESS_U00008_0_0,U00008,2026-06-01 09:00:00,mobile
SESS_U00009_0_0,U00009,2026-06-01 14:00:00,mobile
SESS_U00011_0_0,U00011,2026-06-01 07:00:00,desktop
SESS_U00015_0_0,U00015,2026-06-01 21:00:00,mobile
SESS_U00018_0_0,U00018,2026-06-01 21:00:00,desktop
SESS_U00021_0_0,U00021,2026-06-01 08:00:00,desktop
SESS_U00022_0_0,U00022,2026-06-01 22:00:00,mobile
SESS_U00027_0_0,U00027,2026-06-01 17:00:00,desktop
SESS_U00028_0_0,U00028,2026-06-01 21:00:00,mobile
SESS_U00033_0_0,U00033,2026-06-01 08:00:00,mobile
SESS_U00037_0_0,U00037,2026-06-01 15:00:00,tablet
SESS_U00037_0_1,U00037,2026-06-01 09:00:00,mobile
SESS_U00047_0_0,U00047,2026-06-01 08:00:00,desktop
SESS_U00048_0_0,U00048,2026-06-01 16:00:00,desktop
SESS_U00050_0_0,U00050,2026-06-01 21:00:00,desktop
SESS_U00051_0_0,U00051,2026-06-01 09:00:00,desktop
SESS_U00052_0_0,U00052,2026-06-01 14:00:00,mobile
SESS_U00058_0_0,U00058,2026-06-01 12:00:00,mobile
SESS_U00058_0_1,U00058,2026-06-01 20:00:00,tablet
SESS_U00059_0_0,U00059,2026-06-01 14:00:00,mobile
SESS_U00060_0_0,U00060,2026-06-01 16:00:00,mobile
SESS_U00064_0_0,U00064,2026-06-01 17:00:00,desktop
SESS_U00071_0_0,U00071,2026-06-01 15:00:00,mobile
SESS_U00073_0_0,U00073,2026-06-01 14:00:00,mobile
SESS_U00077_0_0,U00077,2026-06-01 11:00:00,mobile
SESS_U00078_0_0,U00078,2026-06-01 20:00:00,mobile
SESS_U00079_0_0,U00079,2026-06-01 17:00:00,desktop
SESS_U00080_0_0,U00080,2026-06-01 20:00:00,mobile
SESS_U00080_0_1,U00080,2026-06-01 15:00:00,desktop
SESS_U00087_0_0,U00087,2026-06-01 15:00:00,mobile
SESS_U00091_0_0,U00091,2026-06-01 19:00:00,mobile
SESS_U00096_0_0,U00096,2026-06-01 07:00:00,desktop
SESS_U00097_0_0,U00097,2026-06-01 14:00:00,mobile
SESS_U00098_0_0,U00098,2026-06-01 15:00:00,desktop
SESS_U00099_0_0,U00099,2026-06-01 10:00:00,mobile
SESS_U00106_0_0,U00106,2026-06-01 16:00:00,desktop
SESS_U00109_0_0,U00109,2026-06-01 20:00:00,desktop
SESS_U00112_0_0,U00112,2026-06-01 14:00:00,desktop
SESS_U00114_0_0,U00114,2026-06-01 20:00:00,mobile
SESS_U00115_0_0,U00115,2026-06-01 07:00:00,mobile
SESS_U00116_0_0,U00116,2026-06-01 17:00:00,tablet
SESS_U00119_0_0,U00119,2026-06-01 10:00:00,mobile
SESS_U00120_0_0,U00120,2026-06-01 10:00:00,desktop
SESS_U00123_0_0,U00123,2026-06-01 15:00:00,desktop
SESS_U00125_0_0,U00125,2026-06-01 21:00:00,mobile
SESS_U00128_0_0,U00128,2026-06-01 08:00:00,mobile
SESS_U00129_0_0,U00129,2026-06-01 16:00:00,desktop
SESS_U00129_0_1,U00129,2026-06-01 20:00:00,tablet
SESS_U00133_0_0,U00133,2026-06-01 11:00:00,mobile
SESS_U00134_0_0,U00134,2026-06-01 16:00:00,mobile
SESS_U00137_0_0,U00137,2026-06-01 18:00:00,mobile
SESS_U00137_0_1,U00137,2026-06-01 09:00:00,mobile
SESS_U00147_0_0,U00147,2026-06-01 16:00:00,mobile
SESS_U00149_0_0,U00149,2026-06-01 16:00:00,mobile
SESS_U00150_0_0,U00150,2026-06-01 14:00:00,desktop
SESS_U00157_0_0,U00157,2026-06-01 12:00:00,desktop
SESS_U00158_0_0,U00158,2026-06-01 07:00:00,mobile
SESS_U00162_0_0,U00162,2026-06-01 17:00:00,mobile
SESS_U00166_0_0,U00166,2026-06-01 09:00:00,mobile
SESS_U00167_0_0,U00167,2026-06-01 11:00:00,desktop
SESS_U00170_0_0,U00170,2026-06-01 14:00:00,tablet
SESS_U00174_0_0,U00174,2026-06-01 22:00:00,mobile
SESS_U00175_0_0,U00175,2026-06-01 10:00:00,mobile
SESS_U00179_0_0,U00179,2026-06-01 19:00:00,desktop
SESS_U00179_0_1,U00179,2026-06-01 09:00:00,desktop
SESS_U00185_0_0,U00185,2026-06-01 12:00:00,desktop
SESS_U00187_0_0,U00187,2026-06-01 18:00:00,mobile
SESS_U00187_0_1,U00187,2026-06-01 14:00:00,mobile
SESS_U00191_0_0,U00191,2026-06-01 22:00:00,desktop
SESS_U00192_0_0,U00192,2026-06-01 20:00:00,desktop
SESS_U00196_0_0,U00196,2026-06-01 11:00:00,desktop
SESS_U00197_0_0,U00197,2026-06-01 07:00:00,mobile
SESS_U00197_0_1,U00197,2026-06-01 20:00:00,mobile
SESS_U00200_0_0,U00200,2026-06-01 15:00:00,mobile
SESS_U00203_0_0,U00203,2026-06-01 20:00:00,mobile
SESS_U00205_0_0,U00205,2026-06-01 21:00:00,tablet
SESS_U00216_0_0,U00216,2026-06-01 10:00:00,mobile
SESS_U00219_0_0,U00219,2026-06-01 14:00:00,mobile
SESS_U00223_0_0,U00223,2026-06-01 07:00:00,mobile
SESS_U00225_0_0,U00225,2026-06-01 15:00:00,desktop
SESS_U00226_0_0,U00226,2026-06-01 21:00:00,tablet
SESS_U00228_0_0,U00228,2026-06-01 11:00:00,mobile
SESS_U00231_0_0,U00231,2026-06-01 18:00:00,mobile
SESS_U00231_0_1,U00231,2026-06-01 11:00:00,mobile
SESS_U00233_0_0,U00233,2026-06-01 16:00:00,mobile
SESS_U00237_0_0,U00237,2026-06-01 22:00:00,desktop
SESS_U00241_0_0,U00241,2026-06-01 09:00:00,desktop
SESS_U00246_0_0,U00246,2026-06-01 09:00:00,mobile
SESS_U00246_0_1,U00246,2026-06-01 09:00:00,desktop
SESS_U00251_0_0,U00251,2026-06-01 13:00:00,desktop
SESS_U00254_0_0,U00254,2026-06-01 08:00:00,mobile
SESS_U00257_0_0,U00257,2026-06-01 11:00:00,mobile
SESS_U00259_0_0,U00259,2026-06-01 18:00:00,desktop
SESS_U00261_0_0,U00261,2026-06-01 12:00:00,mobile
SESS_U00264_0_0,U00264,2026-06-01 17:00:00,mobile
SESS_U00264_0_1,U00264,2026-06-01 18:00:00,mobile
SESS_U00265_0_0,U00265,2026-06-01 22:00:00,mobile
SESS_U00268_0_0,U00268,2026-06-01 17:00:00,mobile
SESS_U00269_0_0,U00269,2026-06-01 21:00:00,mobile
SESS_U00270_0_0,U00270,2026-06-01 12:00:00,mobile
SESS_U00270_0_1,U00270,2026-06-01 10:00:00,mobile
SESS_U00274_0_0,U00274,2026-06-01 15:00:00,tablet
SESS_U00276_0_0,U00276,2026-06-01 11:00:00,mobile
SESS_U00284_0_0,U00284,2026-06-01 15:00:00,desktop
SESS_U00289_0_0,U00289,2026-06-01 08:00:00,mobile
SESS_U00295_0_0,U00295,2026-06-01 15:00:00,mobile
SESS_U00295_0_1,U00295,2026-06-01 22:00:00,mobile
SESS_U00297_0_0,U00297,2026-06-01 18:00:00,mobile
SESS_U00297_0_1,U00297,2026-06-01 08:00:00,desktop
SESS_U00299_0_0,U00299,2026-06-01 16:00:00,mobile
SESS_U00305_0_0,U00305,2026-06-01 11:00:00,mobile
SESS_U00306_0_0,U00306,2026-06-01 15:00:00,desktop
SESS_U00307_0_0,U00307,2026-06-01 20:00:00,tablet
SESS_U00312_0_0,U00312,2026-06-01 20:00:00,mobile
SESS_U00312_0_1,U00312,2026-06-01 20:00:00,desktop
SESS_U00313_0_0,U00313,2026-06-01 19:00:00,mobile
SESS_U00315_0_0,U00315,2026-06-01 08:00:00,tablet
SESS_U00316_0_0,U00316,2026-06-01 19:00:00,mobile
SESS_U00318_0_0,U00318,2026-06-01 18:00:00,mobile
SESS_U00320_0_0,U00320,2026-06-01 08:00:00,desktop
SESS_U00323_0_0,U00323,2026-06-01 19:00:00,desktop
SESS_U00326_0_0,U00326,2026-06-01 21:00:00,mobile
SESS_U00326_0_1,U00326,2026-06-01 14:00:00,mobile
SESS_U00328_0_0,U00328,2026-06-01 18:00:00,mobile
SESS_U00329_0_0,U00329,2026-06-01 13:00:00,desktop
SESS_U00330_0_0,U00330,2026-06-01 18:00:00,mobile
SESS_U00335_0_0,U00335,2026-06-01 10:00:00,mobile
SESS_U00335_0_1,U00335,2026-06-01 18:00:00,mobile
SESS_U00336_0_0,U00336,2026-06-01 08:00:00,mobile
SESS_U00344_0_0,U00344,2026-06-01 14:00:00,tablet
SESS_U00346_0_0,U00346,2026-06-01 13:00:00,mobile
SESS_U00346_0_1,U00346,2026-06-01 10:00:00,mobile
SESS_U00349_0_0,U00349,2026-06-01 21:00:00,mobile
SESS_U00350_0_0,U00350,2026-06-01 18:00:00,mobile
SESS_U00352_0_0,U00352,2026-06-01 09:00:00,desktop
SESS_U00355_0_0,U00355,2026-06-01 10:00:00,mobile
SESS_U00356_0_0,U00356,2026-06-01 19:00:00,mobile
SESS_U00361_0_0,U00361,2026-06-01 20:00:00,mobile
SESS_U00364_0_0,U00364,2026-06-01 21:00:00,mobile
SESS_U00368_0_0,U00368,2026-06-01 16:00:00,tablet
SESS_U00374_0_0,U00374,2026-06-01 07:00:00,mobile
SESS_U00375_0_0,U00375,2026-06-01 20:00:00,desktop
SESS_U00376_0_0,U00376,2026-06-01 17:00:00,mobile
SESS_U00377_0_0,U00377,2026-06-01 09:00:00,mobile
SESS_U00383_0_0,U00383,2026-06-01 11:00:00,mobile
SESS_U00388_0_0,U00388,2026-06-01 12:00:00,tablet
SESS_U00391_0_0,U00391,2026-06-01 21:00:00,desktop
SESS_U00393_0_0,U00393,2026-06-01 09:00:00,desktop
SESS_U00393_0_1,U00393,2026-06-01 10:00:00,desktop
SESS_U00394_0_0,U00394,2026-06-01 14:00:00,mobile
SESS_U00395_0_0,U00395,2026-06-01 13:00:00,mobile
SESS_U00402_0_0,U00402,2026-06-01 11:00:00,desktop
SESS_U00416_0_0,U00416,2026-06-01 15:00:00,desktop
SESS_U00416_0_1,U00416,2026-06-01 17:00:00,mobile
SESS_U00418_0_0,U00418,2026-06-01 08:00:00,mobile
SESS_U00420_0_0,U00420,2026-06-01 07:00:00,desktop
SESS_U00420_0_1,U00420,2026-06-01 19:00:00,mobile
SESS_U00421_0_0,U00421,2026-06-01 22:00:00,mobile
SESS_U00422_0_0,U00422,2026-06-01 07:00:00,mobile
SESS_U00422_0_1,U00422,2026-06-01 15:00:00,desktop
SESS_U00425_0_0,U00425,2026-06-01 07:00:00,mobile
SESS_U00426_0_0,U00426,2026-06-01 17:00:00,tablet
SESS_U00426_0_1,U00426,2026-06-01 13:00:00,mobile
SESS_U00427_0_0,U00427,2026-06-01 07:00:00,mobile
SESS_U00432_0_0,U00432,2026-06-01 09:00:00,mobile
SESS_U00438_0_0,U00438,2026-06-01 07:00:00,desktop
SESS_U00442_0_0,U00442,2026-06-01 14:00:00,mobile
SESS_U00443_0_0,U00443,2026-06-01 08:00:00,desktop
SESS_U00444_0_0,U00444,2026-06-01 20:00:00,mobile
SESS_U00445_0_0,U00445,2026-06-01 10:00:00,desktop
SESS_U00451_0_0,U00451,2026-06-01 07:00:00,mobile
SESS_U00452_0_0,U00452,2026-06-01 12:00:00,mobile
SESS_U00453_0_0,U00453,2026-06-01 18:00:00,mobile
SESS_U00455_0_0,U00455,2026-06-01 13:00:00,mobile
SESS_U00458_0_0,U00458,2026-06-01 17:00:00,mobile
SESS_U00459_0_0,U00459,2026-06-01 12:00:00,desktop
SESS_U00460_0_0,U00460,2026-06-01 20:00:00,mobile
SESS_U00468_0_0,U00468,2026-06-01 15:00:00,desktop
SESS_U00475_0_0,U00475,2026-06-01 09:00:00,desktop
SESS_U00477_0_0,U00477,2026-06-01 09:00:00,mobile
SESS_U00479_0_0,U00479,2026-06-01 19:00:00,mobile
SESS_U00480_0_0,U00480,2026-06-01 14:00:00,desktop
SESS_U00481_0_0,U00481,2026-06-01 20:00:00,desktop
SESS_U00484_0_0,U00484,2026-06-01 19:00:00,mobile
SESS_U00488_0_0,U00488,2026-06-01 07:00:00,mobile
SESS_U00492_0_0,U00492,2026-06-01 11:00:00,desktop
SESS_U00494_0_0,U00494,2026-06-01 14:00:00,mobile
SESS_U00495_0_0,U00495,2026-06-01 16:00:00,desktop
SESS_U00498_0_0,U00498,2026-06-01 22:00:00,mobile
SESS_U00500_0_0,U00500,2026-06-01 14:00:00,mobile
SESS_U00500_0_1,U00500,2026-06-01 11:00:00,mobile
SESS_U00509_0_0,U00509,2026-06-01 07:00:00,mobile
SESS_U00511_0_0,U00511,2026-06-01 10:00:00,desktop
SESS_U00512_0_0,U00512,2026-06-01 20:00:00,mobile
SESS_U00513_0_0,U00513,2026-06-01 22:00:00,mobile
SESS_U00513_0_1,U00513,2026-06-01 11:00:00,desktop
SESS_U00518_0_0,U00518,2026-06-01 20:00:00,mobile
SESS_U00526_0_0,U00526,2026-06-01 15:00:00,mobile
SESS_U00530_0_0,U00530,2026-06-01 20:00:00,mobile
SESS_U00534_0_0,U00534,2026-06-01 22:00:00,mobile
SESS_U00537_0_0,U00537,2026-06-01 08:00:00,mobile
SESS_U00538_0_0,U00538,2026-06-01 17:00:00,mobile
SESS_U00542_0_0,U00542,2026-06-01 16:00:00,desktop
SESS_U00543_0_0,U00543,2026-06-01 18:00:00,desktop
SESS_U00544_0_0,U00544,2026-06-01 20:00:00,desktop
SESS_U00547_0_0,U00547,2026-06-01 08:00:00,mobile
SESS_U00549_0_0,U00549,2026-06-01 17:00:00,desktop
SESS_U00552_0_0,U00552,2026-06-01 10:00:00,mobile
SESS_U00554_0_0,U00554,2026-06-01 13:00:00,mobile
SESS_U00560_0_0,U00560,2026-06-01 17:00:00,desktop
SESS_U00562_0_0,U00562,2026-06-01 07:00:00,mobile
SESS_U00563_0_0,U00563,2026-06-01 14:00:00,desktop
SESS_U00563_0_1,U00563,2026-06-01 16:00:00,mobile
SESS_U00565_0_0,U00565,2026-06-01 17:00:00,mobile
SESS_U00572_0_0,U00572,2026-06-01 09:00:00,mobile
SESS_U00581_0_0,U00581,2026-06-01 21:00:00,mobile
SESS_U00592_0_0,U00592,2026-06-01 22:00:00,desktop
SESS_U00597_0_0,U00597,2026-06-01 13:00:00,mobile
SESS_U00597_0_1,U00597,2026-06-01 20:00:00,mobile
SESS_U00604_0_0,U00604,2026-06-01 09:00:00,mobile
SESS_U00610_0_0,U00610,2026-06-01 07:00:00,mobile
SESS_U00612_0_0,U00612,2026-06-01 20:00:00,desktop
SESS_U00616_0_0,U00616,2026-06-01 12:00:00,desktop
SESS_U00616_0_1,U00616,2026-06-01 13:00:00,desktop
SESS_U00626_0_0,U00626,2026-06-01 07:00:00,mobile
SESS_U00630_0_0,U00630,2026-06-01 14:00:00,mobile
SESS_U00633_0_0,U00633,2026-06-01 16:00:00,mobile
SESS_U00634_0_0,U00634,2026-06-01 22:00:00,mobile
SESS_U00634_0_1,U00634,2026-06-01 07:00:00,desktop
SESS_U00636_0_0,U00636,2026-06-01 19:00:00,mobile
SESS_U00636_0_1,U00636,2026-06-01 15:00:00,desktop
SESS_U00641_0_0,U00641,2026-06-01 10:00:00,mobile
SESS_U00642_0_0,U00642,2026-06-01 22:00:00,mobile
SESS_U00646_0_0,U00646,2026-06-01 12:00:00,desktop
SESS_U00649_0_0,U00649,2026-06-01 10:00:00,mobile
SESS_U00650_0_0,U00650,2026-06-01 08:00:00,mobile
SESS_U00656_0_0,U00656,2026-06-01 07:00:00,mobile
SESS_U00663_0_0,U00663,2026-06-01 22:00:00,mobile
SESS_U00665_0_0,U00665,2026-06-01 17:00:00,mobile
SESS_U00669_0_0,U00669,2026-06-01 11:00:00,desktop
SESS_U00671_0_0,U00671,2026-06-01 10:00:00,desktop
SESS_U00671_0_1,U00671,2026-06-01 20:00:00,mobile
SESS_U00673_0_0,U00673,2026-06-01 18:00:00,desktop
SESS_U00674_0_0,U00674,2026-06-01 08:00:00,mobile
SESS_U00674_0_1,U00674,2026-06-01 15:00:00,mobile
SESS_U00676_0_0,U00676,2026-06-01 10:00:00,mobile
SESS_U00677_0_0,U00677,2026-06-01 13:00:00,mobile
SESS_U00686_0_0,U00686,2026-06-01 10:00:00,mobile
SESS_U00690_0_0,U00690,2026-06-01 07:00:00,mobile
SESS_U00690_0_1,U00690,2026-06-01 09:00:00,mobile
SESS_U00693_0_0,U00693,2026-06-01 10:00:00,desktop
SESS_U00694_0_0,U00694,2026-06-01 17:00:00,desktop
SESS_U00697_0_0,U00697,2026-06-01 11:00:00,mobile
SESS_U00698_0_0,U00698,2026-06-01 22:00:00,mobile
SESS_U00698_0_1,U00698,2026-06-01 08:00:00,tablet
SESS_U00699_0_0,U00699,2026-06-01 09:00:00,mobile
SESS_U00700_0_0,U00700,2026-06-01 20:00:00,mobile
SESS_U00703_0_0,U00703,2026-06-01 08:00:00,desktop
SESS_U00706_0_0,U00706,2026-06-01 19:00:00,desktop
SESS_U00714_0_0,U00714,2026-06-01 20:00:00,mobile
SESS_U00714_0_1,U00714,2026-06-01 09:00:00,mobile
SESS_U00721_0_0,U00721,2026-06-01 12:00:00,mobile
SESS_U00722_0_0,U00722,2026-06-01 21:00:00,mobile
SESS_U00723_0_0,U00723,2026-06-01 10:00:00,desktop
SESS_U00725_0_0,U00725,2026-06-01 21:00:00,mobile
SESS_U00727_0_0,U00727,2026-06-01 15:00:00,tablet
SESS_U00732_0_0,U00732,2026-06-01 19:00:00,desktop
SESS_U00741_0_0,U00741,2026-06-01 18:00:00,mobile
SESS_U00744_0_0,U00744,2026-06-01 14:00:00,mobile
SESS_U00753_0_0,U00753,2026-06-01 20:00:00,desktop
SESS_U00762_0_0,U00762,2026-06-01 13:00:00,mobile
SESS_U00767_0_0,U00767,2026-06-01 19:00:00,tablet
SESS_U00771_0_0,U00771,2026-06-01 08:00:00,mobile
SESS_U00778_0_0,U00778,2026-06-01 14:00:00,mobile
SESS_U00782_0_0,U00782,2026-06-01 19:00:00,mobile
SESS_U00786_0_0,U00786,2026-06-01 10:00:00,mobile
SESS_U00788_0_0,U00788,2026-06-01 18:00:00,mobile
SESS_U00789_0_0,U00789,2026-06-01 19:00:00,mobile
SESS_U00003_1_0,U00003,2026-06-02 20:00:00,mobile
SESS_U00003_1_1,U00003,2026-06-02 08:00:00,mobile
SESS_U00008_1_0,U00008,2026-06-02 08:00:00,mobile
SESS_U00014_1_0,U00014,2026-06-02 19:00:00,mobile
SESS_U00014_1_1,U00014,2026-06-02 18:00:00,mobile
SESS_U00015_1_0,U00015,2026-06-02 13:00:00,mobile
SESS_U00021_1_0,U00021,2026-06-02 13:00:00,mobile
SESS_U00022_1_0,U00022,2026-06-02 12:00:00,mobile
SESS_U00022_1_1,U00022,2026-06-02 17:00:00,mobile
SESS_U00025_1_0,U00025,2026-06-02 21:00:00,mobile
SESS_U00027_1_0,U00027,2026-06-02 17:00:00,mobile
SESS_U00029_1_0,U00029,2026-06-02 08:00:00,desktop
SESS_U00033_1_0,U00033,2026-06-02 12:00:00,mobile
SESS_U00036_1_0,U00036,2026-06-02 18:00:00,mobile
SESS_U00043_1_0,U00043,2026-06-02 14:00:00,desktop
SESS_U00053_1_0,U00053,2026-06-02 15:00:00,mobile
SESS_U00055_1_0,U00055,2026-06-02 09:00:00,mobile
SESS_U00059_1_0,U00059,2026-06-02 07:00:00,mobile
SESS_U00061_1_0,U00061,2026-06-02 08:00:00,mobile
SESS_U00064_1_0,U00064,2026-06-02 11:00:00,mobile
SESS_U00071_1_0,U00071,2026-06-02 09:00:00,mobile
SESS_U00074_1_0,U00074,2026-06-02 21:00:00,mobile
SESS_U00076_1_0,U00076,2026-06-02 11:00:00,desktop
SESS_U00077_1_0,U00077,2026-06-02 19:00:00,mobile
SESS_U00079_1_0,U00079,2026-06-02 14:00:00,mobile
SESS_U00080_1_0,U00080,2026-06-02 15:00:00,mobile
SESS_U00081_1_0,U00081,2026-06-02 22:00:00,mobile
SESS_U00082_1_0,U00082,2026-06-02 09:00:00,mobile
SESS_U00089_1_0,U00089,2026-06-02 11:00:00,mobile
SESS_U00093_1_0,U00093,2026-06-02 15:00:00,mobile
SESS_U00093_1_1,U00093,2026-06-02 22:00:00,mobile
SESS_U00094_1_0,U00094,2026-06-02 17:00:00,mobile
SESS_U00099_1_0,U00099,2026-06-02 21:00:00,tablet
SESS_U00104_1_0,U00104,2026-06-02 09:00:00,mobile
SESS_U00106_1_0,U00106,2026-06-02 15:00:00,mobile
SESS_U00109_1_0,U00109,2026-06-02 19:00:00,desktop
SESS_U00112_1_0,U00112,2026-06-02 19:00:00,mobile
SESS_U00113_1_0,U00113,2026-06-02 16:00:00,desktop
SESS_U00118_1_0,U00118,2026-06-02 20:00:00,mobile
SESS_U00123_1_0,U00123,2026-06-02 07:00:00,desktop
SESS_U00129_1_0,U00129,2026-06-02 20:00:00,desktop
SESS_U00134_1_0,U00134,2026-06-02 18:00:00,mobile
SESS_U00138_1_0,U00138,2026-06-02 20:00:00,mobile
SESS_U00138_1_1,U00138,2026-06-02 17:00:00,desktop
SESS_U00139_1_0,U00139,2026-06-02 18:00:00,mobile
SESS_U00139_1_1,U00139,2026-06-02 16:00:00,desktop
SESS_U00144_1_0,U00144,2026-06-02 07:00:00,desktop
SESS_U00146_1_0,U00146,2026-06-02 14:00:00,mobile
SESS_U00148_1_0,U00148,2026-06-02 17:00:00,mobile
SESS_U00153_1_0,U00153,2026-06-02 22:00:00,desktop
SESS_U00155_1_0,U00155,2026-06-02 13:00:00,desktop
SESS_U00163_1_0,U00163,2026-06-02 19:00:00,mobile
SESS_U00164_1_0,U00164,2026-06-02 09:00:00,mobile
SESS_U00167_1_0,U00167,2026-06-02 19:00:00,desktop
SESS_U00168_1_0,U00168,2026-06-02 17:00:00,mobile
SESS_U00171_1_0,U00171,2026-06-02 21:00:00,desktop
SESS_U00171_1_1,U00171,2026-06-02 08:00:00,mobile
SESS_U00172_1_0,U00172,2026-06-02 21:00:00,mobile
SESS_U00174_1_0,U00174,2026-06-02 09:00:00,mobile
SESS_U00180_1_0,U00180,2026-06-02 17:00:00,mobile
SESS_U00182_1_0,U00182,2026-06-02 20:00:00,desktop
SESS_U00183_1_0,U00183,2026-06-02 12:00:00,desktop
SESS_U00187_1_0,U00187,2026-06-02 18:00:00,mobile
SESS_U00191_1_0,U00191,2026-06-02 17:00:00,desktop
SESS_U00196_1_0,U00196,2026-06-02 07:00:00,tablet
SESS_U00199_1_0,U00199,2026-06-02 21:00:00,desktop
SESS_U00202_1_0,U00202,2026-06-02 09:00:00,mobile
SESS_U00205_1_0,U00205,2026-06-02 09:00:00,desktop
SESS_U00206_1_0,U00206,2026-06-02 17:00:00,mobile
SESS_U00207_1_0,U00207,2026-06-02 16:00:00,mobile
SESS_U00208_1_0,U00208,2026-06-02 08:00:00,mobile
SESS_U00209_1_0,U00209,2026-06-02 21:00:00,mobile
SESS_U00211_1_0,U00211,2026-06-02 18:00:00,mobile
SESS_U00217_1_0,U00217,2026-06-02 07:00:00,mobile
SESS_U00218_1_0,U00218,2026-06-02 16:00:00,mobile
SESS_U00219_1_0,U00219,2026-06-02 19:00:00,tablet
SESS_U00221_1_0,U00221,2026-06-02 14:00:00,mobile
SESS_U00225_1_0,U00225,2026-06-02 10:00:00,desktop
SESS_U00226_1_0,U00226,2026-06-02 20:00:00,mobile
SESS_U00232_1_0,U00232,2026-06-02 08:00:00,desktop
SESS_U00232_1_1,U00232,2026-06-02 22:00:00,mobile
SESS_U00240_1_0,U00240,2026-06-02 17:00:00,mobile
SESS_U00248_1_0,U00248,2026-06-02 08:00:00,mobile
SESS_U00251_1_0,U00251,2026-06-02 15:00:00,tablet
SESS_U00255_1_0,U00255,2026-06-02 12:00:00,mobile
SESS_U00260_1_0,U00260,2026-06-02 10:00:00,desktop
SESS_U00264_1_0,U00264,2026-06-02 11:00:00,tablet
SESS_U00268_1_0,U00268,2026-06-02 21:00:00,mobile
SESS_U00273_1_0,U00273,2026-06-02 12:00:00,mobile
SESS_U00273_1_1,U00273,2026-06-02 18:00:00,tablet
SESS_U00275_1_0,U00275,2026-06-02 17:00:00,mobile
SESS_U00280_1_0,U00280,2026-06-02 10:00:00,mobile
SESS_U00282_1_0,U00282,2026-06-02 18:00:00,mobile
SESS_U00284_1_0,U00284,2026-06-02 09:00:00,desktop
SESS_U00287_1_0,U00287,2026-06-02 14:00:00,desktop
SESS_U00287_1_1,U00287,2026-06-02 16:00:00,mobile
SESS_U00291_1_0,U00291,2026-06-02 22:00:00,mobile
SESS_U00297_1_0,U00297,2026-06-02 07:00:00,mobile
SESS_U00304_1_0,U00304,2026-06-02 18:00:00,mobile
SESS_U00305_1_0,U00305,2026-06-02 17:00:00,desktop
SESS_U00306_1_0,U00306,2026-06-02 11:00:00,desktop
SESS_U00309_1_0,U00309,2026-06-02 16:00:00,mobile
SESS_U00312_1_0,U00312,2026-06-02 20:00:00,tablet
SESS_U00313_1_0,U00313,2026-06-02 21:00:00,mobile
SESS_U00318_1_0,U00318,2026-06-02 12:00:00,desktop
SESS_U00318_1_1,U00318,2026-06-02 18:00:00,mobile
SESS_U00321_1_0,U00321,2026-06-02 10:00:00,mobile
SESS_U00327_1_0,U00327,2026-06-02 17:00:00,mobile
SESS_U00329_1_0,U00329,2026-06-02 07:00:00,mobile
SESS_U00332_1_0,U00332,2026-06-02 12:00:00,tablet
SESS_U00334_1_0,U00334,2026-06-02 12:00:00,mobile
SESS_U00336_1_0,U00336,2026-06-02 08:00:00,mobile
SESS_U00337_1_0,U00337,2026-06-02 18:00:00,mobile
SESS_U00337_1_1,U00337,2026-06-02 20:00:00,mobile
SESS_U00338_1_0,U00338,2026-06-02 17:00:00,mobile
SESS_U00339_1_0,U00339,2026-06-02 21:00:00,desktop
SESS_U00340_1_0,U00340,2026-06-02 18:00:00,mobile
SESS_U00341_1_0,U00341,2026-06-02 11:00:00,mobile
SESS_U00343_1_0,U00343,2026-06-02 22:00:00,tablet
SESS_U00346_1_0,U00346,2026-06-02 08:00:00,mobile
SESS_U00347_1_0,U00347,2026-06-02 10:00:00,mobile
SESS_U00349_1_0,U00349,2026-06-02 13:00:00,mobile
SESS_U00351_1_0,U00351,2026-06-02 15:00:00,mobile
SESS_U00356_1_0,U00356,2026-06-02 21:00:00,desktop
SESS_U00357_1_0,U00357,2026-06-02 10:00:00,mobile
SESS_U00361_1_0,U00361,2026-06-02 18:00:00,mobile
SESS_U00363_1_0,U00363,2026-06-02 09:00:00,mobile
SESS_U00365_1_0,U00365,2026-06-02 22:00:00,desktop
SESS_U00365_1_1,U00365,2026-06-02 22:00:00,desktop
SESS_U00367_1_0,U00367,2026-06-02 12:00:00,mobile
SESS_U00367_1_1,U00367,2026-06-02 08:00:00,mobile
SESS_U00368_1_0,U00368,2026-06-02 09:00:00,mobile
SESS_U00370_1_0,U00370,2026-06-02 20:00:00,mobile
SESS_U00373_1_0,U00373,2026-06-02 07:00:00,mobile
SESS_U00374_1_0,U00374,2026-06-02 11:00:00,mobile
SESS_U00374_1_1,U00374,2026-06-02 18:00:00,mobile
SESS_U00381_1_0,U00381,2026-06-02 18:00:00,mobile
SESS_U00381_1_1,U00381,2026-06-02 19:00:00,desktop
SESS_U00386_1_0,U00386,2026-06-02 09:00:00,mobile
SESS_U00389_1_0,U00389,2026-06-02 18:00:00,desktop
SESS_U00394_1_0,U00394,2026-06-02 09:00:00,desktop
SESS_U00396_1_0,U00396,2026-06-02 17:00:00,mobile
SESS_U00397_1_0,U00397,2026-06-02 07:00:00,mobile
SESS_U00399_1_0,U00399,2026-06-02 20:00:00,mobile
SESS_U00399_1_1,U00399,2026-06-02 09:00:00,mobile
SESS_U00402_1_0,U00402,2026-06-02 11:00:00,mobile
SESS_U00404_1_0,U00404,2026-06-02 16:00:00,mobile
SESS_U00408_1_0,U00408,2026-06-02 18:00:00,desktop
SESS_U00409_1_0,U00409,2026-06-02 11:00:00,mobile
SESS_U00420_1_0,U00420,2026-06-02 08:00:00,desktop
SESS_U00427_1_0,U00427,2026-06-02 13:00:00,mobile
SESS_U00433_1_0,U00433,2026-06-02 21:00:00,tablet
SESS_U00442_1_0,U00442,2026-06-02 16:00:00,mobile
SESS_U00443_1_0,U00443,2026-06-02 18:00:00,desktop
SESS_U00445_1_0,U00445,2026-06-02 14:00:00,desktop
SESS_U00447_1_0,U00447,2026-06-02 14:00:00,desktop
SESS_U00448_1_0,U00448,2026-06-02 12:00:00,mobile
SESS_U00450_1_0,U00450,2026-06-02 16:00:00,mobile
SESS_U00455_1_0,U00455,2026-06-02 08:00:00,mobile
SESS_U00455_1_1,U00455,2026-06-02 18:00:00,mobile
SESS_U00457_1_0,U00457,2026-06-02 13:00:00,tablet
SESS_U00460_1_0,U00460,2026-06-02 10:00:00,mobile
SESS_U00463_1_0,U00463,2026-06-02 15:00:00,mobile
SESS_U00465_1_0,U00465,2026-06-02 09:00:00,mobile
SESS_U00466_1_0,U00466,2026-06-02 18:00:00,mobile
SESS_U00466_1_1,U00466,2026-06-02 09:00:00,mobile
SESS_U00467_1_0,U00467,2026-06-02 19:00:00,mobile
SESS_U00468_1_0,U00468,2026-06-02 19:00:00,desktop
SESS_U00472_1_0,U00472,2026-06-02 13:00:00,mobile
SESS_U00473_1_0,U00473,2026-06-02 10:00:00,tablet
SESS_U00478_1_0,U00478,2026-06-02 09:00:00,mobile
SESS_U00480_1_0,U00480,2026-06-02 13:00:00,mobile
SESS_U00486_1_0,U00486,2026-06-02 11:00:00,mobile
SESS_U00488_1_0,U00488,2026-06-02 22:00:00,mobile
SESS_U00490_1_0,U00490,2026-06-02 11:00:00,desktop
SESS_U00502_1_0,U00502,2026-06-02 17:00:00,mobile
SESS_U00514_1_0,U00514,2026-06-02 17:00:00,mobile
SESS_U00517_1_0,U00517,2026-06-02 18:00:00,mobile
SESS_U00520_1_0,U00520,2026-06-02 22:00:00,mobile
SESS_U00520_1_1,U00520,2026-06-02 13:00:00,desktop
SESS_U00521_1_0,U00521,2026-06-02 13:00:00,desktop
SESS_U00521_1_1,U00521,2026-06-02 14:00:00,mobile
SESS_U00529_1_0,U00529,2026-06-02 20:00:00,desktop
SESS_U00531_1_0,U00531,2026-06-02 12:00:00,mobile
SESS_U00532_1_0,U00532,2026-06-02 11:00:00,desktop
SESS_U00534_1_0,U00534,2026-06-02 22:00:00,mobile
SESS_U00542_1_0,U00542,2026-06-02 11:00:00,desktop
SESS_U00551_1_0,U00551,2026-06-02 17:00:00,mobile
SESS_U00553_1_0,U00553,2026-06-02 16:00:00,mobile
SESS_U00554_1_0,U00554,2026-06-02 21:00:00,mobile
SESS_U00554_1_1,U00554,2026-06-02 15:00:00,mobile
SESS_U00555_1_0,U00555,2026-06-02 21:00:00,mobile
SESS_U00555_1_1,U00555,2026-06-02 09:00:00,desktop
SESS_U00563_1_0,U00563,2026-06-02 09:00:00,tablet
SESS_U00565_1_0,U00565,2026-06-02 09:00:00,desktop
SESS_U00567_1_0,U00567,2026-06-02 17:00:00,mobile
SESS_U00572_1_0,U00572,2026-06-02 08:00:00,mobile
SESS_U00576_1_0,U00576,2026-06-02 09:00:00,mobile
SESS_U00581_1_0,U00581,2026-06-02 17:00:00,desktop
SESS_U00584_1_0,U00584,2026-06-02 08:00:00,desktop
SESS_U00588_1_0,U00588,2026-06-02 13:00:00,desktop
SESS_U00588_1_1,U00588,2026-06-02 14:00:00,tablet
SESS_U00591_1_0,U00591,2026-06-02 22:00:00,mobile
SESS_U00591_1_1,U00591,2026-06-02 16:00:00,mobile
SESS_U00601_1_0,U00601,2026-06-02 21:00:00,desktop
SESS_U00612_1_0,U00612,2026-06-02 13:00:00,tablet
SESS_U00615_1_0,U00615,2026-06-02 20:00:00,mobile
SESS_U00617_1_0,U00617,2026-06-02 12:00:00,desktop
SESS_U00620_1_0,U00620,2026-06-02 15:00:00,mobile
SESS_U00622_1_0,U00622,2026-06-02 21:00:00,desktop
SESS_U00631_1_0,U00631,2026-06-02 17:00:00,mobile
SESS_U00636_1_0,U00636,2026-06-02 19:00:00,desktop
SESS_U00636_1_1,U00636,2026-06-02 10:00:00,mobile
SESS_U00640_1_0,U00640,2026-06-02 19:00:00,mobile
SESS_U00641_1_0,U00641,2026-06-02 16:00:00,mobile
SESS_U00644_1_0,U00644,2026-06-02 10:00:00,mobile
SESS_U00649_1_0,U00649,2026-06-02 08:00:00,mobile
SESS_U00651_1_0,U00651,2026-06-02 13:00:00,mobile
SESS_U00652_1_0,U00652,2026-06-02 12:00:00,mobile
SESS_U00652_1_1,U00652,2026-06-02 09:00:00,mobile
SESS_U00656_1_0,U00656,2026-06-02 22:00:00,desktop
SESS_U00659_1_0,U00659,2026-06-02 19:00:00,desktop
SESS_U00659_1_1,U00659,2026-06-02 08:00:00,mobile
SESS_U00662_1_0,U00662,2026-06-02 10:00:00,mobile
SESS_U00665_1_0,U00665,2026-06-02 19:00:00,mobile
SESS_U00666_1_0,U00666,2026-06-02 17:00:00,mobile
SESS_U00669_1_0,U00669,2026-06-02 11:00:00,desktop
SESS_U00683_1_0,U00683,2026-06-02 20:00:00,desktop
SESS_U00684_1_0,U00684,2026-06-02 09:00:00,desktop
SESS_U00686_1_0,U00686,2026-06-02 10:00:00,mobile
SESS_U00689_1_0,U00689,2026-06-02 10:00:00,mobile
SESS_U00692_1_0,U00692,2026-06-02 19:00:00,desktop
SESS_U00696_1_0,U00696,2026-06-02 21:00:00,desktop
SESS_U00696_1_1,U00696,2026-06-02 08:00:00,desktop
SESS_U00697_1_0,U00697,2026-06-02 07:00:00,desktop
SESS_U00701_1_0,U00701,2026-06-02 21:00:00,mobile
SESS_U00702_1_0,U00702,2026-06-02 11:00:00,mobile
SESS_U00702_1_1,U00702,2026-06-02 20:00:00,desktop
SESS_U00705_1_0,U00705,2026-06-02 09:00:00,mobile
SESS_U00705_1_1,U00705,2026-06-02 07:00:00,desktop
SESS_U00706_1_0,U00706,2026-06-02 09:00:00,mobile
SESS_U00706_1_1,U00706,2026-06-02 14:00:00,mobile
SESS_U00708_1_0,U00708,2026-06-02 14:00:00,mobile
SESS_U00710_1_0,U00710,2026-06-02 21:00:00,desktop
SESS_U00711_1_0,U00711,2026-06-02 09:00:00,mobile
SESS_U00716_1_0,U00716,2026-06-02 07:00:00,mobile
SESS_U00718_1_0,U00718,2026-06-02 15:00:00,mobile
SESS_U00724_1_0,U00724,2026-06-02 07:00:00,mobile
SESS_U00726_1_0,U00726,2026-06-02 19:00:00,mobile
SESS_U00727_1_0,U00727,2026-06-02 18:00:00,mobile
SESS_U00729_1_0,U00729,2026-06-02 21:00:00,desktop
SESS_U00731_1_0,U00731,2026-06-02 17:00:00,mobile
SESS_U00741_1_0,U00741,2026-06-02 17:00:00,mobile
SESS_U00742_1_0,U00742,2026-06-02 11:00:00,mobile
SESS_U00743_1_0,U00743,2026-06-02 17:00:00,mobile
SESS_U00746_1_0,U00746,2026-06-02 14:00:00,mobile
SESS_U00754_1_0,U00754,2026-06-02 10:00:00,mobile
SESS_U00761_1_0,U00761,2026-06-02 19:00:00,mobile
SESS_U00761_1_1,U00761,2026-06-02 12:00:00,desktop
SESS_U00769_1_0,U00769,2026-06-02 10:00:00,desktop
SESS_U00775_1_0,U00775,2026-06-02 15:00:00,mobile
SESS_U00780_1_0,U00780,2026-06-02 19:00:00,desktop
SESS_U00784_1_0,U00784,2026-06-02 10:00:00,desktop
SESS_U00787_1_0,U00787,2026-06-02 14:00:00,mobile
SESS_U00789_1_0,U00789,2026-06-02 14:00:00,mobile
SESS_U00789_1_1,U00789,2026-06-02 21:00:00,mobile
SESS_U00797_1_0,U00797,2026-06-02 19:00:00,mobile
SESS_U00798_1_0,U00798,2026-06-02 21:00:00,mobile
SESS_U00006_2_0,U00006,2026-06-03 10:00:00,mobile
SESS_U00009_2_0,U00009,2026-06-03 08:00:00,tablet
SESS_U00009_2_1,U00009,2026-06-03 16:00:00,mobile
SESS_U00012_2_0,U00012,2026-06-03 20:00:00,desktop
SESS_U00012_2_1,U00012,2026-06-03 15:00:00,desktop
SESS_U00013_2_0,U00013,2026-06-03 11:00:00,mobile
SESS_U00017_2_0,U00017,2026-06-03 20:00:00,mobile
SESS_U00020_2_0,U00020,2026-06-03 12:00:00,mobile
SESS_U00023_2_0,U00023,2026-06-03 13:00:00,mobile
SESS_U00024_2_0,U00024,2026-06-03 10:00:00,mobile
SESS_U00027_2_0,U00027,2026-06-03 19:00:00,mobile
SESS_U00027_2_1,U00027,2026-06-03 07:00:00,tablet
SESS_U00029_2_0,U00029,2026-06-03 21:00:00,mobile
SESS_U00029_2_1,U00029,2026-06-03 22:00:00,mobile
SESS_U00032_2_0,U00032,2026-06-03 21:00:00,desktop
SESS_U00033_2_0,U00033,2026-06-03 11:00:00,desktop
SESS_U00035_2_0,U00035,2026-06-03 17:00:00,tablet
SESS_U00038_2_0,U00038,2026-06-03 12:00:00,desktop
SESS_U00039_2_0,U00039,2026-06-03 07:00:00,mobile
SESS_U00041_2_0,U00041,2026-06-03 13:00:00,mobile
SESS_U00048_2_0,U00048,2026-06-03 15:00:00,mobile
SESS_U00048_2_1,U00048,2026-06-03 12:00:00,mobile
SESS_U00049_2_0,U00049,2026-06-03 18:00:00,tablet
SESS_U00053_2_0,U00053,2026-06-03 15:00:00,mobile
SESS_U00055_2_0,U00055,2026-06-03 21:00:00,desktop
SESS_U00056_2_0,U00056,2026-06-03 15:00:00,mobile
SESS_U00059_2_0,U00059,2026-06-03 12:00:00,mobile
SESS_U00064_2_0,U00064,2026-06-03 08:00:00,desktop
SESS_U00065_2_0,U00065,2026-06-03 08:00:00,mobile
SESS_U00071_2_0,U00071,2026-06-03 17:00:00,desktop
SESS_U00072_2_0,U00072,2026-06-03 21:00:00,mobile
SESS_U00072_2_1,U00072,2026-06-03 21:00:00,mobile
SESS_U00075_2_0,U00075,2026-06-03 18:00:00,mobile
SESS_U00078_2_0,U00078,2026-06-03 11:00:00,mobile
SESS_U00079_2_0,U00079,2026-06-03 14:00:00,desktop
SESS_U00083_2_0,U00083,2026-06-03 19:00:00,mobile
SESS_U00084_2_0,U00084,2026-06-03 08:00:00,mobile
SESS_U00087_2_0,U00087,2026-06-03 14:00:00,desktop
SESS_U00089_2_0,U00089,2026-06-03 13:00:00,mobile
SESS_U00089_2_1,U00089,2026-06-03 10:00:00,mobile
SESS_U00091_2_0,U00091,2026-06-03 07:00:00,mobile
SESS_U00091_2_1,U00091,2026-06-03 09:00:00,desktop
SESS_U00094_2_0,U00094,2026-06-03 17:00:00,desktop
SESS_U00098_2_0,U00098,2026-06-03 21:00:00,mobile
SESS_U00098_2_1,U00098,2026-06-03 11:00:00,mobile
SESS_U00099_2_0,U00099,2026-06-03 08:00:00,mobile
SESS_U00102_2_0,U00102,2026-06-03 13:00:00,mobile
SESS_U00105_2_0,U00105,2026-06-03 09:00:00,mobile
SESS_U00108_2_0,U00108,2026-06-03 16:00:00,mobile
SESS_U00111_2_0,U00111,2026-06-03 15:00:00,desktop
SESS_U00112_2_0,U00112,2026-06-03 13:00:00,mobile
SESS_U00118_2_0,U00118,2026-06-03 12:00:00,mobile
SESS_U00120_2_0,U00120,2026-06-03 19:00:00,mobile
SESS_U00121_2_0,U00121,2026-06-03 19:00:00,desktop
SESS_U00122_2_0,U00122,2026-06-03 11:00:00,mobile
SESS_U00126_2_0,U00126,2026-06-03 19:00:00,desktop
SESS_U00128_2_0,U00128,2026-06-03 12:00:00,mobile
SESS_U00132_2_0,U00132,2026-06-03 08:00:00,desktop
SESS_U00135_2_0,U00135,2026-06-03 21:00:00,mobile
SESS_U00136_2_0,U00136,2026-06-03 14:00:00,desktop
SESS_U00136_2_1,U00136,2026-06-03 21:00:00,mobile
SESS_U00143_2_0,U00143,2026-06-03 22:00:00,mobile
SESS_U00143_2_1,U00143,2026-06-03 16:00:00,mobile
SESS_U00149_2_0,U00149,2026-06-03 13:00:00,desktop
SESS_U00154_2_0,U00154,2026-06-03 07:00:00,mobile
SESS_U00156_2_0,U00156,2026-06-03 11:00:00,desktop
SESS_U00164_2_0,U00164,2026-06-03 20:00:00,desktop
SESS_U00164_2_1,U00164,2026-06-03 21:00:00,desktop
SESS_U00168_2_0,U00168,2026-06-03 21:00:00,mobile
SESS_U00168_2_1,U00168,2026-06-03 22:00:00,desktop
SESS_U00172_2_0,U00172,2026-06-03 16:00:00,mobile
SESS_U00172_2_1,U00172,2026-06-03 12:00:00,mobile
SESS_U00176_2_0,U00176,2026-06-03 20:00:00,desktop
SESS_U00191_2_0,U00191,2026-06-03 07:00:00,desktop
SESS_U00199_2_0,U00199,2026-06-03 17:00:00,tablet
SESS_U00199_2_1,U00199,2026-06-03 19:00:00,desktop
SESS_U00202_2_0,U00202,2026-06-03 19:00:00,desktop
SESS_U00217_2_0,U00217,2026-06-03 16:00:00,mobile
SESS_U00217_2_1,U00217,2026-06-03 15:00:00,mobile
SESS_U00220_2_0,U00220,2026-06-03 09:00:00,mobile
SESS_U00222_2_0,U00222,2026-06-03 14:00:00,mobile
SESS_U00225_2_0,U00225,2026-06-03 15:00:00,mobile
SESS_U00225_2_1,U00225,2026-06-03 13:00:00,mobile
SESS_U00227_2_0,U00227,2026-06-03 14:00:00,desktop
SESS_U00227_2_1,U00227,2026-06-03 16:00:00,mobile
SESS_U00229_2_0,U00229,2026-06-03 09:00:00,desktop
SESS_U00234_2_0,U00234,2026-06-03 15:00:00,mobile
SESS_U00238_2_0,U00238,2026-06-03 09:00:00,mobile
SESS_U00244_2_0,U00244,2026-06-03 21:00:00,mobile
SESS_U00244_2_1,U00244,2026-06-03 20:00:00,desktop
SESS_U00246_2_0,U00246,2026-06-03 18:00:00,desktop
SESS_U00246_2_1,U00246,2026-06-03 16:00:00,mobile
SESS_U00247_2_0,U00247,2026-06-03 13:00:00,desktop
SESS_U00256_2_0,U00256,2026-06-03 20:00:00,mobile
SESS_U00259_2_0,U00259,2026-06-03 18:00:00,mobile
SESS_U00260_2_0,U00260,2026-06-03 15:00:00,desktop
SESS_U00260_2_1,U00260,2026-06-03 07:00:00,mobile
SESS_U00262_2_0,U00262,2026-06-03 11:00:00,mobile
SESS_U00268_2_0,U00268,2026-06-03 14:00:00,mobile
SESS_U00269_2_0,U00269,2026-06-03 20:00:00,mobile
SESS_U00274_2_0,U00274,2026-06-03 11:00:00,mobile
SESS_U00274_2_1,U00274,2026-06-03 17:00:00,desktop
SESS_U00276_2_0,U00276,2026-06-03 18:00:00,desktop
SESS_U00279_2_0,U00279,2026-06-03 12:00:00,mobile
SESS_U00290_2_0,U00290,2026-06-03 07:00:00,desktop
SESS_U00292_2_0,U00292,2026-06-03 13:00:00,mobile
SESS_U00294_2_0,U00294,2026-06-03 16:00:00,desktop
SESS_U00298_2_0,U00298,2026-06-03 16:00:00,mobile
SESS_U00299_2_0,U00299,2026-06-03 19:00:00,desktop
SESS_U00299_2_1,U00299,2026-06-03 17:00:00,mobile
SESS_U00302_2_0,U00302,2026-06-03 12:00:00,mobile
SESS_U00303_2_0,U00303,2026-06-03 11:00:00,mobile
SESS_U00305_2_0,U00305,2026-06-03 10:00:00,tablet
SESS_U00309_2_0,U00309,2026-06-03 08:00:00,mobile
SESS_U00316_2_0,U00316,2026-06-03 16:00:00,mobile
SESS_U00318_2_0,U00318,2026-06-03 14:00:00,mobile
SESS_U00321_2_0,U00321,2026-06-03 09:00:00,mobile
SESS_U00328_2_0,U00328,2026-06-03 11:00:00,mobile
SESS_U00329_2_0,U00329,2026-06-03 19:00:00,mobile
SESS_U00333_2_0,U00333,2026-06-03 12:00:00,desktop
SESS_U00334_2_0,U00334,2026-06-03 09:00:00,desktop
SESS_U00336_2_0,U00336,2026-06-03 20:00:00,mobile
SESS_U00337_2_0,U00337,2026-06-03 11:00:00,mobile
SESS_U00343_2_0,U00343,2026-06-03 22:00:00,mobile
SESS_U00348_2_0,U00348,2026-06-03 17:00:00,mobile
SESS_U00348_2_1,U00348,2026-06-03 09:00:00,mobile
SESS_U00350_2_0,U00350,2026-06-03 07:00:00,desktop
SESS_U00350_2_1,U00350,2026-06-03 13:00:00,mobile
SESS_U00351_2_0,U00351,2026-06-03 07:00:00,desktop
SESS_U00352_2_0,U00352,2026-06-03 12:00:00,mobile
SESS_U00354_2_0,U00354,2026-06-03 15:00:00,desktop
SESS_U00354_2_1,U00354,2026-06-03 22:00:00,mobile
SESS_U00356_2_0,U00356,2026-06-03 18:00:00,desktop
SESS_U00358_2_0,U00358,2026-06-03 08:00:00,desktop
SESS_U00359_2_0,U00359,2026-06-03 20:00:00,mobile
SESS_U00359_2_1,U00359,2026-06-03 11:00:00,mobile
SESS_U00365_2_0,U00365,2026-06-03 13:00:00,mobile
SESS_U00378_2_0,U00378,2026-06-03 09:00:00,mobile
SESS_U00381_2_0,U00381,2026-06-03 17:00:00,mobile
SESS_U00381_2_1,U00381,2026-06-03 15:00:00,mobile
SESS_U00385_2_0,U00385,2026-06-03 10:00:00,mobile
SESS_U00386_2_0,U00386,2026-06-03 20:00:00,mobile
SESS_U00387_2_0,U00387,2026-06-03 12:00:00,mobile
SESS_U00392_2_0,U00392,2026-06-03 21:00:00,mobile
SESS_U00399_2_0,U00399,2026-06-03 18:00:00,mobile
SESS_U00400_2_0,U00400,2026-06-03 08:00:00,mobile
SESS_U00405_2_0,U00405,2026-06-03 08:00:00,mobile
SESS_U00406_2_0,U00406,2026-06-03 22:00:00,desktop
SESS_U00407_2_0,U00407,2026-06-03 19:00:00,desktop
SESS_U00410_2_0,U00410,2026-06-03 07:00:00,mobile
SESS_U00416_2_0,U00416,2026-06-03 10:00:00,mobile
SESS_U00421_2_0,U00421,2026-06-03 19:00:00,desktop
SESS_U00423_2_0,U00423,2026-06-03 10:00:00,mobile
SESS_U00426_2_0,U00426,2026-06-03 18:00:00,mobile
SESS_U00427_2_0,U00427,2026-06-03 18:00:00,mobile
SESS_U00430_2_0,U00430,2026-06-03 21:00:00,mobile
SESS_U00435_2_0,U00435,2026-06-03 09:00:00,mobile
SESS_U00436_2_0,U00436,2026-06-03 11:00:00,desktop
SESS_U00437_2_0,U00437,2026-06-03 22:00:00,desktop
SESS_U00439_2_0,U00439,2026-06-03 14:00:00,desktop
SESS_U00440_2_0,U00440,2026-06-03 08:00:00,mobile
SESS_U00442_2_0,U00442,2026-06-03 12:00:00,tablet
SESS_U00454_2_0,U00454,2026-06-03 20:00:00,desktop
SESS_U00456_2_0,U00456,2026-06-03 22:00:00,desktop
SESS_U00457_2_0,U00457,2026-06-03 15:00:00,mobile
SESS_U00458_2_0,U00458,2026-06-03 11:00:00,mobile
SESS_U00459_2_0,U00459,2026-06-03 14:00:00,desktop
SESS_U00460_2_0,U00460,2026-06-03 17:00:00,mobile
SESS_U00463_2_0,U00463,2026-06-03 18:00:00,mobile
SESS_U00463_2_1,U00463,2026-06-03 08:00:00,desktop
SESS_U00468_2_0,U00468,2026-06-03 18:00:00,desktop
SESS_U00469_2_0,U00469,2026-06-03 17:00:00,mobile
SESS_U00471_2_0,U00471,2026-06-03 09:00:00,mobile
SESS_U00472_2_0,U00472,2026-06-03 09:00:00,mobile
SESS_U00472_2_1,U00472,2026-06-03 18:00:00,mobile
SESS_U00479_2_0,U00479,2026-06-03 15:00:00,mobile
SESS_U00480_2_0,U00480,2026-06-03 10:00:00,mobile
SESS_U00484_2_0,U00484,2026-06-03 17:00:00,mobile
SESS_U00487_2_0,U00487,2026-06-03 16:00:00,mobile
SESS_U00487_2_1,U00487,2026-06-03 14:00:00,mobile
SESS_U00490_2_0,U00490,2026-06-03 16:00:00,mobile
SESS_U00491_2_0,U00491,2026-06-03 17:00:00,mobile
SESS_U00494_2_0,U00494,2026-06-03 15:00:00,desktop
SESS_U00494_2_1,U00494,2026-06-03 14:00:00,mobile
SESS_U00497_2_0,U00497,2026-06-03 17:00:00,mobile
SESS_U00497_2_1,U00497,2026-06-03 11:00:00,mobile
SESS_U00507_2_0,U00507,2026-06-03 07:00:00,mobile
SESS_U00508_2_0,U00508,2026-06-03 09:00:00,mobile
SESS_U00513_2_0,U00513,2026-06-03 11:00:00,mobile
SESS_U00515_2_0,U00515,2026-06-03 11:00:00,mobile
SESS_U00517_2_0,U00517,2026-06-03 10:00:00,mobile
SESS_U00520_2_0,U00520,2026-06-03 09:00:00,mobile
SESS_U00527_2_0,U00527,2026-06-03 13:00:00,mobile
SESS_U00530_2_0,U00530,2026-06-03 10:00:00,desktop
SESS_U00533_2_0,U00533,2026-06-03 10:00:00,mobile
SESS_U00534_2_0,U00534,2026-06-03 08:00:00,desktop
SESS_U00534_2_1,U00534,2026-06-03 07:00:00,desktop
SESS_U00536_2_0,U00536,2026-06-03 08:00:00,mobile
SESS_U00538_2_0,U00538,2026-06-03 07:00:00,mobile
SESS_U00539_2_0,U00539,2026-06-03 15:00:00,desktop
SESS_U00547_2_0,U00547,2026-06-03 21:00:00,mobile
SESS_U00547_2_1,U00547,2026-06-03 13:00:00,mobile
SESS_U00548_2_0,U00548,2026-06-03 14:00:00,mobile
SESS_U00550_2_0,U00550,2026-06-03 14:00:00,desktop
SESS_U00551_2_0,U00551,2026-06-03 12:00:00,mobile
SESS_U00555_2_0,U00555,2026-06-03 07:00:00,mobile
SESS_U00555_2_1,U00555,2026-06-03 13:00:00,mobile
SESS_U00558_2_0,U00558,2026-06-03 17:00:00,mobile
SESS_U00560_2_0,U00560,2026-06-03 14:00:00,mobile
SESS_U00569_2_0,U00569,2026-06-03 11:00:00,desktop
SESS_U00578_2_0,U00578,2026-06-03 18:00:00,desktop
SESS_U00579_2_0,U00579,2026-06-03 15:00:00,mobile
SESS_U00580_2_0,U00580,2026-06-03 13:00:00,mobile
SESS_U00586_2_0,U00586,2026-06-03 08:00:00,desktop
SESS_U00589_2_0,U00589,2026-06-03 16:00:00,tablet
SESS_U00590_2_0,U00590,2026-06-03 22:00:00,desktop
SESS_U00595_2_0,U00595,2026-06-03 18:00:00,mobile
SESS_U00596_2_0,U00596,2026-06-03 14:00:00,mobile
SESS_U00597_2_0,U00597,2026-06-03 09:00:00,mobile
SESS_U00602_2_0,U00602,2026-06-03 20:00:00,desktop
SESS_U00603_2_0,U00603,2026-06-03 22:00:00,desktop
SESS_U00606_2_0,U00606,2026-06-03 17:00:00,mobile
SESS_U00607_2_0,U00607,2026-06-03 17:00:00,mobile
SESS_U00607_2_1,U00607,2026-06-03 08:00:00,desktop
SESS_U00611_2_0,U00611,2026-06-03 22:00:00,mobile
SESS_U00612_2_0,U00612,2026-06-03 17:00:00,desktop
SESS_U00617_2_0,U00617,2026-06-03 10:00:00,mobile
SESS_U00618_2_0,U00618,2026-06-03 19:00:00,mobile
SESS_U00619_2_0,U00619,2026-06-03 15:00:00,tablet
SESS_U00620_2_0,U00620,2026-06-03 13:00:00,desktop
SESS_U00622_2_0,U00622,2026-06-03 16:00:00,mobile
SESS_U00635_2_0,U00635,2026-06-03 09:00:00,mobile
SESS_U00636_2_0,U00636,2026-06-03 11:00:00,mobile
SESS_U00637_2_0,U00637,2026-06-03 19:00:00,mobile
SESS_U00640_2_0,U00640,2026-06-03 14:00:00,mobile
SESS_U00647_2_0,U00647,2026-06-03 17:00:00,desktop
SESS_U00650_2_0,U00650,2026-06-03 11:00:00,desktop
SESS_U00653_2_0,U00653,2026-06-03 09:00:00,desktop
SESS_U00656_2_0,U00656,2026-06-03 08:00:00,desktop
SESS_U00657_2_0,U00657,2026-06-03 16:00:00,mobile
SESS_U00677_2_0,U00677,2026-06-03 17:00:00,mobile
SESS_U00680_2_0,U00680,2026-06-03 13:00:00,mobile
SESS_U00688_2_0,U00688,2026-06-03 13:00:00,desktop
SESS_U00694_2_0,U00694,2026-06-03 20:00:00,desktop
SESS_U00695_2_0,U00695,2026-06-03 18:00:00,mobile
SESS_U00697_2_0,U00697,2026-06-03 09:00:00,mobile
SESS_U00700_2_0,U00700,2026-06-03 15:00:00,tablet
SESS_U00703_2_0,U00703,2026-06-03 13:00:00,desktop
SESS_U00709_2_0,U00709,2026-06-03 13:00:00,mobile
SESS_U00713_2_0,U00713,2026-06-03 19:00:00,desktop
SESS_U00715_2_0,U00715,2026-06-03 16:00:00,mobile
SESS_U00717_2_0,U00717,2026-06-03 19:00:00,mobile
SESS_U00721_2_0,U00721,2026-06-03 07:00:00,mobile
SESS_U00722_2_0,U00722,2026-06-03 15:00:00,mobile
SESS_U00723_2_0,U00723,2026-06-03 14:00:00,mobile
SESS_U00723_2_1,U00723,2026-06-03 18:00:00,desktop
SESS_U00730_2_0,U00730,2026-06-03 20:00:00,desktop
SESS_U00732_2_0,U00732,2026-06-03 17:00:00,mobile
SESS_U00740_2_0,U00740,2026-06-03 12:00:00,mobile
SESS_U00742_2_0,U00742,2026-06-03 07:00:00,mobile
SESS_U00742_2_1,U00742,2026-06-03 08:00:00,mobile
SESS_U00744_2_0,U00744,2026-06-03 11:00:00,mobile
SESS_U00747_2_0,U00747,2026-06-03 22:00:00,desktop
SESS_U00748_2_0,U00748,2026-06-03 12:00:00,desktop
SESS_U00753_2_0,U00753,2026-06-03 15:00:00,mobile
SESS_U00754_2_0,U00754,2026-06-03 11:00:00,mobile
SESS_U00760_2_0,U00760,2026-06-03 19:00:00,desktop
SESS_U00760_2_1,U00760,2026-06-03 15:00:00,desktop
SESS_U00765_2_0,U00765,2026-06-03 09:00:00,mobile
SESS_U00767_2_0,U00767,2026-06-03 12:00:00,mobile
SESS_U00768_2_0,U00768,2026-06-03 17:00:00,tablet
SESS_U00768_2_1,U00768,2026-06-03 09:00:00,mobile
SESS_U00781_2_0,U00781,2026-06-03 16:00:00,mobile
SESS_U00782_2_0,U00782,2026-06-03 12:00:00,desktop
SESS_U00783_2_0,U00783,2026-06-03 19:00:00,mobile
SESS_U00786_2_0,U00786,2026-06-03 09:00:00,mobile
SESS_U00787_2_0,U00787,2026-06-03 17:00:00,desktop
SESS_U00787_2_1,U00787,2026-06-03 22:00:00,mobile
SESS_U00790_2_0,U00790,2026-06-03 07:00:00,tablet
SESS_U00797_2_0,U00797,2026-06-03 09:00:00,mobile
SESS_U00799_2_0,U00799,2026-06-03 19:00:00,mobile
SESS_U00004_3_0,U00004,2026-06-04 08:00:00,desktop
SESS_U00012_3_0,U00012,2026-06-04 20:00:00,tablet
SESS_U00016_3_0,U00016,2026-06-04 08:00:00,mobile
SESS_U00017_3_0,U00017,2026-06-04 17:00:00,mobile
SESS_U00018_3_0,U00018,2026-06-04 10:00:00,mobile
SESS_U00021_3_0,U00021,2026-06-04 15:00:00,mobile
SESS_U00027_3_0,U00027,2026-06-04 20:00:00,desktop
SESS_U00027_3_1,U00027,2026-06-04 12:00:00,desktop
SESS_U00029_3_0,U00029,2026-06-04 14:00:00,desktop
SESS_U00029_3_1,U00029,2026-06-04 09:00:00,desktop
SESS_U00036_3_0,U00036,2026-06-04 12:00:00,mobile
SESS_U00038_3_0,U00038,2026-06-04 10:00:00,desktop
SESS_U00038_3_1,U00038,2026-06-04 14:00:00,mobile
SESS_U00046_3_0,U00046,2026-06-04 10:00:00,desktop
SESS_U00051_3_0,U00051,2026-06-04 20:00:00,mobile
SESS_U00053_3_0,U00053,2026-06-04 15:00:00,mobile
SESS_U00055_3_0,U00055,2026-06-04 09:00:00,desktop
SESS_U00055_3_1,U00055,2026-06-04 21:00:00,desktop
SESS_U00062_3_0,U00062,2026-06-04 12:00:00,desktop
SESS_U00063_3_0,U00063,2026-06-04 17:00:00,desktop
SESS_U00064_3_0,U00064,2026-06-04 07:00:00,mobile
SESS_U00065_3_0,U00065,2026-06-04 20:00:00,mobile
SESS_U00074_3_0,U00074,2026-06-04 08:00:00,desktop
SESS_U00078_3_0,U00078,2026-06-04 17:00:00,tablet
SESS_U00083_3_0,U00083,2026-06-04 22:00:00,desktop
SESS_U00085_3_0,U00085,2026-06-04 13:00:00,desktop
SESS_U00089_3_0,U00089,2026-06-04 22:00:00,mobile
SESS_U00092_3_0,U00092,2026-06-04 18:00:00,mobile
SESS_U00096_3_0,U00096,2026-06-04 15:00:00,desktop
SESS_U00098_3_0,U00098,2026-06-04 22:00:00,mobile
SESS_U00099_3_0,U00099,2026-06-04 11:00:00,desktop
SESS_U00100_3_0,U00100,2026-06-04 20:00:00,desktop
SESS_U00101_3_0,U00101,2026-06-04 09:00:00,mobile
SESS_U00104_3_0,U00104,2026-06-04 19:00:00,mobile
SESS_U00104_3_1,U00104,2026-06-04 09:00:00,tablet
SESS_U00108_3_0,U00108,2026-06-04 13:00:00,mobile
SESS_U00108_3_1,U00108,2026-06-04 18:00:00,mobile
SESS_U00116_3_0,U00116,2026-06-04 19:00:00,desktop
SESS_U00118_3_0,U00118,2026-06-04 13:00:00,mobile
SESS_U00119_3_0,U00119,2026-06-04 07:00:00,mobile
SESS_U00120_3_0,U00120,2026-06-04 15:00:00,mobile
SESS_U00125_3_0,U00125,2026-06-04 10:00:00,mobile
SESS_U00125_3_1,U00125,2026-06-04 20:00:00,mobile
SESS_U00129_3_0,U00129,2026-06-04 22:00:00,desktop
SESS_U00133_3_0,U00133,2026-06-04 17:00:00,desktop
SESS_U00136_3_0,U00136,2026-06-04 11:00:00,mobile
SESS_U00138_3_0,U00138,2026-06-04 10:00:00,mobile
SESS_U00139_3_0,U00139,2026-06-04 18:00:00,desktop
SESS_U00143_3_0,U00143,2026-06-04 21:00:00,mobile
SESS_U00143_3_1,U00143,2026-06-04 19:00:00,mobile
SESS_U00144_3_0,U00144,2026-06-04 09:00:00,desktop
SESS_U00145_3_0,U00145,2026-06-04 15:00:00,mobile
SESS_U00147_3_0,U00147,2026-06-04 17:00:00,desktop
SESS_U00149_3_0,U00149,2026-06-04 15:00:00,mobile
SESS_U00150_3_0,U00150,2026-06-04 19:00:00,desktop
SESS_U00153_3_0,U00153,2026-06-04 08:00:00,mobile
SESS_U00155_3_0,U00155,2026-06-04 17:00:00,desktop
SESS_U00157_3_0,U00157,2026-06-04 18:00:00,desktop
SESS_U00161_3_0,U00161,2026-06-04 15:00:00,desktop
SESS_U00163_3_0,U00163,2026-06-04 18:00:00,mobile
SESS_U00163_3_1,U00163,2026-06-04 08:00:00,mobile
SESS_U00164_3_0,U00164,2026-06-04 16:00:00,desktop
SESS_U00166_3_0,U00166,2026-06-04 13:00:00,tablet
SESS_U00166_3_1,U00166,2026-06-04 14:00:00,desktop
SESS_U00168_3_0,U00168,2026-06-04 10:00:00,tablet
SESS_U00169_3_0,U00169,2026-06-04 21:00:00,mobile
SESS_U00170_3_0,U00170,2026-06-04 07:00:00,desktop
SESS_U00173_3_0,U00173,2026-06-04 17:00:00,desktop
SESS_U00173_3_1,U00173,2026-06-04 12:00:00,desktop
SESS_U00180_3_0,U00180,2026-06-04 21:00:00,desktop
SESS_U00181_3_0,U00181,2026-06-04 18:00:00,mobile
SESS_U00184_3_0,U00184,2026-06-04 12:00:00,mobile
SESS_U00190_3_0,U00190,2026-06-04 11:00:00,mobile
SESS_U00192_3_0,U00192,2026-06-04 21:00:00,desktop
SESS_U00199_3_0,U00199,2026-06-04 19:00:00,mobile
SESS_U00203_3_0,U00203,2026-06-04 14:00:00,desktop
SESS_U00207_3_0,U00207,2026-06-04 10:00:00,mobile
SESS_U00209_3_0,U00209,2026-06-04 10:00:00,desktop
SESS_U00220_3_0,U00220,2026-06-04 11:00:00,mobile
SESS_U00222_3_0,U00222,2026-06-04 16:00:00,mobile
SESS_U00226_3_0,U00226,2026-06-04 14:00:00,desktop
SESS_U00230_3_0,U00230,2026-06-04 14:00:00,mobile
SESS_U00230_3_1,U00230,2026-06-04 14:00:00,mobile
SESS_U00234_3_0,U00234,2026-06-04 09:00:00,mobile
SESS_U00234_3_1,U00234,2026-06-04 15:00:00,desktop
SESS_U00237_3_0,U00237,2026-06-04 11:00:00,mobile
SESS_U00239_3_0,U00239,2026-06-04 21:00:00,desktop
SESS_U00239_3_1,U00239,2026-06-04 12:00:00,desktop
SESS_U00241_3_0,U00241,2026-06-04 19:00:00,mobile
SESS_U00245_3_0,U00245,2026-06-04 19:00:00,mobile
SESS_U00252_3_0,U00252,2026-06-04 16:00:00,mobile
SESS_U00259_3_0,U00259,2026-06-04 11:00:00,mobile
SESS_U00262_3_0,U00262,2026-06-04 12:00:00,mobile
SESS_U00264_3_0,U00264,2026-06-04 10:00:00,desktop
SESS_U00268_3_0,U00268,2026-06-04 08:00:00,desktop
SESS_U00268_3_1,U00268,2026-06-04 13:00:00,tablet
SESS_U00269_3_0,U00269,2026-06-04 16:00:00,mobile
SESS_U00269_3_1,U00269,2026-06-04 14:00:00,desktop
SESS_U00270_3_0,U00270,2026-06-04 18:00:00,mobile
SESS_U00277_3_0,U00277,2026-06-04 17:00:00,desktop
SESS_U00279_3_0,U00279,2026-06-04 16:00:00,mobile
SESS_U00282_3_0,U00282,2026-06-04 14:00:00,mobile
SESS_U00288_3_0,U00288,2026-06-04 17:00:00,desktop
SESS_U00291_3_0,U00291,2026-06-04 19:00:00,mobile
SESS_U00291_3_1,U00291,2026-06-04 09:00:00,desktop
SESS_U00292_3_0,U00292,2026-06-04 22:00:00,mobile
SESS_U00297_3_0,U00297,2026-06-04 12:00:00,mobile
SESS_U00305_3_0,U00305,2026-06-04 21:00:00,mobile
SESS_U00306_3_0,U00306,2026-06-04 22:00:00,mobile
SESS_U00306_3_1,U00306,2026-06-04 22:00:00,mobile
SESS_U00307_3_0,U00307,2026-06-04 17:00:00,mobile
SESS_U00310_3_0,U00310,2026-06-04 19:00:00,mobile
SESS_U00319_3_0,U00319,2026-06-04 16:00:00,tablet
SESS_U00322_3_0,U00322,2026-06-04 08:00:00,tablet
SESS_U00325_3_0,U00325,2026-06-04 16:00:00,mobile
SESS_U00326_3_0,U00326,2026-06-04 12:00:00,desktop
SESS_U00326_3_1,U00326,2026-06-04 09:00:00,mobile
SESS_U00327_3_0,U00327,2026-06-04 18:00:00,tablet
SESS_U00329_3_0,U00329,2026-06-04 12:00:00,desktop
SESS_U00329_3_1,U00329,2026-06-04 19:00:00,mobile
SESS_U00330_3_0,U00330,2026-06-04 08:00:00,desktop
SESS_U00332_3_0,U00332,2026-06-04 10:00:00,mobile
SESS_U00335_3_0,U00335,2026-06-04 16:00:00,mobile
SESS_U00343_3_0,U00343,2026-06-04 19:00:00,desktop
SESS_U00346_3_0,U00346,2026-06-04 15:00:00,mobile
SESS_U00347_3_0,U00347,2026-06-04 12:00:00,mobile
SESS_U00347_3_1,U00347,2026-06-04 21:00:00,desktop
SESS_U00349_3_0,U00349,2026-06-04 19:00:00,desktop
SESS_U00349_3_1,U00349,2026-06-04 07:00:00,desktop
SESS_U00351_3_0,U00351,2026-06-04 13:00:00,desktop
SESS_U00354_3_0,U00354,2026-06-04 21:00:00,mobile
SESS_U00356_3_0,U00356,2026-06-04 09:00:00,desktop
SESS_U00359_3_0,U00359,2026-06-04 14:00:00,mobile
SESS_U00361_3_0,U00361,2026-06-04 09:00:00,desktop
SESS_U00381_3_0,U00381,2026-06-04 17:00:00,mobile
SESS_U00382_3_0,U00382,2026-06-04 21:00:00,mobile
SESS_U00382_3_1,U00382,2026-06-04 12:00:00,mobile
SESS_U00385_3_0,U00385,2026-06-04 14:00:00,mobile
SESS_U00386_3_0,U00386,2026-06-04 09:00:00,mobile
SESS_U00388_3_0,U00388,2026-06-04 22:00:00,desktop
SESS_U00389_3_0,U00389,2026-06-04 15:00:00,desktop
SESS_U00391_3_0,U00391,2026-06-04 08:00:00,mobile
SESS_U00393_3_0,U00393,2026-06-04 22:00:00,desktop
SESS_U00398_3_0,U00398,2026-06-04 16:00:00,mobile
SESS_U00398_3_1,U00398,2026-06-04 21:00:00,mobile
SESS_U00401_3_0,U00401,2026-06-04 12:00:00,mobile
SESS_U00408_3_0,U00408,2026-06-04 10:00:00,mobile
SESS_U00413_3_0,U00413,2026-06-04 22:00:00,mobile
SESS_U00415_3_0,U00415,2026-06-04 07:00:00,mobile
SESS_U00421_3_0,U00421,2026-06-04 17:00:00,mobile
SESS_U00423_3_0,U00423,2026-06-04 09:00:00,mobile
SESS_U00436_3_0,U00436,2026-06-04 20:00:00,mobile
SESS_U00438_3_0,U00438,2026-06-04 18:00:00,mobile
SESS_U00442_3_0,U00442,2026-06-04 16:00:00,tablet
SESS_U00442_3_1,U00442,2026-06-04 12:00:00,desktop
SESS_U00443_3_0,U00443,2026-06-04 20:00:00,desktop
SESS_U00446_3_0,U00446,2026-06-04 09:00:00,desktop
SESS_U00454_3_0,U00454,2026-06-04 17:00:00,desktop
SESS_U00458_3_0,U00458,2026-06-04 21:00:00,desktop
SESS_U00459_3_0,U00459,2026-06-04 18:00:00,mobile
SESS_U00466_3_0,U00466,2026-06-04 13:00:00,desktop
SESS_U00471_3_0,U00471,2026-06-04 11:00:00,mobile
SESS_U00473_3_0,U00473,2026-06-04 10:00:00,desktop
SESS_U00475_3_0,U00475,2026-06-04 13:00:00,mobile
SESS_U00477_3_0,U00477,2026-06-04 19:00:00,mobile
SESS_U00483_3_0,U00483,2026-06-04 12:00:00,mobile
SESS_U00484_3_0,U00484,2026-06-04 16:00:00,desktop
SESS_U00488_3_0,U00488,2026-06-04 10:00:00,mobile
SESS_U00489_3_0,U00489,2026-06-04 16:00:00,mobile
SESS_U00490_3_0,U00490,2026-06-04 14:00:00,mobile
SESS_U00494_3_0,U00494,2026-06-04 07:00:00,mobile
SESS_U00498_3_0,U00498,2026-06-04 07:00:00,mobile
SESS_U00500_3_0,U00500,2026-06-04 14:00:00,desktop
SESS_U00502_3_0,U00502,2026-06-04 11:00:00,mobile
SESS_U00506_3_0,U00506,2026-06-04 17:00:00,tablet
SESS_U00507_3_0,U00507,2026-06-04 20:00:00,tablet
SESS_U00508_3_0,U00508,2026-06-04 17:00:00,mobile
SESS_U00513_3_0,U00513,2026-06-04 14:00:00,mobile
SESS_U00514_3_0,U00514,2026-06-04 18:00:00,tablet
SESS_U00517_3_0,U00517,2026-06-04 18:00:00,mobile
SESS_U00522_3_0,U00522,2026-06-04 21:00:00,desktop
SESS_U00531_3_0,U00531,2026-06-04 18:00:00,mobile
SESS_U00533_3_0,U00533,2026-06-04 11:00:00,desktop
SESS_U00535_3_0,U00535,2026-06-04 17:00:00,desktop
SESS_U00537_3_0,U00537,2026-06-04 21:00:00,desktop
SESS_U00543_3_0,U00543,2026-06-04 08:00:00,mobile
SESS_U00544_3_0,U00544,2026-06-04 13:00:00,mobile
SESS_U00548_3_0,U00548,2026-06-04 14:00:00,mobile
SESS_U00548_3_1,U00548,2026-06-04 12:00:00,mobile
SESS_U00551_3_0,U00551,2026-06-04 16:00:00,desktop
SESS_U00551_3_1,U00551,2026-06-04 09:00:00,tablet
SESS_U00555_3_0,U00555,2026-06-04 07:00:00,desktop
SESS_U00557_3_0,U00557,2026-06-04 07:00:00,desktop
SESS_U00561_3_0,U00561,2026-06-04 22:00:00,mobile
SESS_U00565_3_0,U00565,2026-06-04 08:00:00,tablet
SESS_U00571_3_0,U00571,2026-06-04 13:00:00,mobile
SESS_U00572_3_0,U00572,2026-06-04 14:00:00,desktop
SESS_U00576_3_0,U00576,2026-06-04 17:00:00,mobile
SESS_U00577_3_0,U00577,2026-06-04 17:00:00,desktop
SESS_U00579_3_0,U00579,2026-06-04 12:00:00,mobile
SESS_U00581_3_0,U00581,2026-06-04 07:00:00,desktop
SESS_U00587_3_0,U00587,2026-06-04 09:00:00,desktop
SESS_U00593_3_0,U00593,2026-06-04 13:00:00,mobile
SESS_U00606_3_0,U00606,2026-06-04 12:00:00,mobile
SESS_U00606_3_1,U00606,2026-06-04 12:00:00,mobile
SESS_U00608_3_0,U00608,2026-06-04 22:00:00,desktop
SESS_U00610_3_0,U00610,2026-06-04 07:00:00,desktop
SESS_U00611_3_0,U00611,2026-06-04 10:00:00,mobile
SESS_U00614_3_0,U00614,2026-06-04 19:00:00,mobile
SESS_U00620_3_0,U00620,2026-06-04 09:00:00,mobile
SESS_U00621_3_0,U00621,2026-06-04 22:00:00,mobile
SESS_U00621_3_1,U00621,2026-06-04 10:00:00,mobile
SESS_U00627_3_0,U00627,2026-06-04 13:00:00,mobile
SESS_U00628_3_0,U00628,2026-06-04 17:00:00,desktop
SESS_U00639_3_0,U00639,2026-06-04 17:00:00,mobile
SESS_U00639_3_1,U00639,2026-06-04 16:00:00,mobile
SESS_U00645_3_0,U00645,2026-06-04 12:00:00,mobile
SESS_U00647_3_0,U00647,2026-06-04 08:00:00,mobile
SESS_U00649_3_0,U00649,2026-06-04 15:00:00,mobile
SESS_U00651_3_0,U00651,2026-06-04 08:00:00,mobile
SESS_U00660_3_0,U00660,2026-06-04 14:00:00,desktop
SESS_U00665_3_0,U00665,2026-06-04 11:00:00,mobile
SESS_U00666_3_0,U00666,2026-06-04 21:00:00,desktop
SESS_U00668_3_0,U00668,2026-06-04 10:00:00,mobile
SESS_U00670_3_0,U00670,2026-06-04 22:00:00,desktop
SESS_U00671_3_0,U00671,2026-06-04 20:00:00,desktop
SESS_U00674_3_0,U00674,2026-06-04 12:00:00,desktop
SESS_U00677_3_0,U00677,2026-06-04 13:00:00,mobile
SESS_U00679_3_0,U00679,2026-06-04 08:00:00,mobile
SESS_U00679_3_1,U00679,2026-06-04 10:00:00,mobile
SESS_U00692_3_0,U00692,2026-06-04 10:00:00,mobile
SESS_U00693_3_0,U00693,2026-06-04 22:00:00,desktop
SESS_U00698_3_0,U00698,2026-06-04 07:00:00,mobile
SESS_U00703_3_0,U00703,2026-06-04 09:00:00,desktop
SESS_U00704_3_0,U00704,2026-06-04 10:00:00,mobile
SESS_U00707_3_0,U00707,2026-06-04 10:00:00,mobile
SESS_U00709_3_0,U00709,2026-06-04 17:00:00,mobile
SESS_U00709_3_1,U00709,2026-06-04 14:00:00,tablet
SESS_U00712_3_0,U00712,2026-06-04 15:00:00,mobile
SESS_U00715_3_0,U00715,2026-06-04 19:00:00,mobile
SESS_U00718_3_0,U00718,2026-06-04 08:00:00,desktop
SESS_U00725_3_0,U00725,2026-06-04 14:00:00,mobile
SESS_U00727_3_0,U00727,2026-06-04 20:00:00,mobile
SESS_U00731_3_0,U00731,2026-06-04 10:00:00,mobile
SESS_U00733_3_0,U00733,2026-06-04 21:00:00,desktop
SESS_U00737_3_0,U00737,2026-06-04 16:00:00,mobile
SESS_U00740_3_0,U00740,2026-06-04 07:00:00,desktop
SESS_U00745_3_0,U00745,2026-06-04 11:00:00,mobile
SESS_U00750_3_0,U00750,2026-06-04 10:00:00,desktop
SESS_U00750_3_1,U00750,2026-06-04 16:00:00,desktop
SESS_U00752_3_0,U00752,2026-06-04 10:00:00,desktop
SESS_U00756_3_0,U00756,2026-06-04 09:00:00,mobile
SESS_U00758_3_0,U00758,2026-06-04 11:00:00,mobile
SESS_U00758_3_1,U00758,2026-06-04 17:00:00,desktop
SESS_U00760_3_0,U00760,2026-06-04 21:00:00,mobile
SESS_U00761_3_0,U00761,2026-06-04 19:00:00,mobile
SESS_U00762_3_0,U00762,2026-06-04 11:00:00,desktop
SESS_U00765_3_0,U00765,2026-06-04 22:00:00,desktop
SESS_U00772_3_0,U00772,2026-06-04 14:00:00,mobile
SESS_U00775_3_0,U00775,2026-06-04 15:00:00,desktop
SESS_U00776_3_0,U00776,2026-06-04 12:00:00,mobile
SESS_U00778_3_0,U00778,2026-06-04 19:00:00,mobile
SESS_U00779_3_0,U00779,2026-06-04 15:00:00,mobile
SESS_U00782_3_0,U00782,2026-06-04 09:00:00,mobile
SESS_U00783_3_0,U00783,2026-06-04 11:00:00,tablet
SESS_U00784_3_0,U00784,2026-06-04 21:00:00,mobile
SESS_U00787_3_0,U00787,2026-06-04 19:00:00,desktop
SESS_U00793_3_0,U00793,2026-06-04 15:00:00,mobile
SESS_U00796_3_0,U00796,2026-06-04 14:00:00,mobile
SESS_U00797_3_0,U00797,2026-06-04 08:00:00,mobile
SESS_U00003_4_0,U00003,2026-06-05 22:00:00,desktop
SESS_U00004_4_0,U00004,2026-06-05 16:00:00,mobile
SESS_U00005_4_0,U00005,2026-06-05 11:00:00,mobile
SESS_U00009_4_0,U00009,2026-06-05 16:00:00,mobile
SESS_U00010_4_0,U00010,2026-06-05 21:00:00,desktop
SESS_U00017_4_0,U00017,2026-06-05 13:00:00,tablet
SESS_U00025_4_0,U00025,2026-06-05 22:00:00,desktop
SESS_U00031_4_0,U00031,2026-06-05 12:00:00,mobile
SESS_U00032_4_0,U00032,2026-06-05 18:00:00,mobile
SESS_U00043_4_0,U00043,2026-06-05 21:00:00,desktop
SESS_U00044_4_0,U00044,2026-06-05 14:00:00,desktop
SESS_U00045_4_0,U00045,2026-06-05 11:00:00,desktop
SESS_U00045_4_1,U00045,2026-06-05 20:00:00,mobile
SESS_U00050_4_0,U00050,2026-06-05 08:00:00,mobile
SESS_U00051_4_0,U00051,2026-06-05 07:00:00,mobile
SESS_U00052_4_0,U00052,2026-06-05 18:00:00,desktop
SESS_U00058_4_0,U00058,2026-06-05 12:00:00,mobile
SESS_U00059_4_0,U00059,2026-06-05 18:00:00,mobile
SESS_U00060_4_0,U00060,2026-06-05 16:00:00,desktop
SESS_U00069_4_0,U00069,2026-06-05 13:00:00,mobile
SESS_U00069_4_1,U00069,2026-06-05 18:00:00,mobile
SESS_U00076_4_0,U00076,2026-06-05 19:00:00,mobile
SESS_U00081_4_0,U00081,2026-06-05 14:00:00,mobile
SESS_U00082_4_0,U00082,2026-06-05 09:00:00,mobile
SESS_U00087_4_0,U00087,2026-06-05 17:00:00,mobile
SESS_U00088_4_0,U00088,2026-06-05 16:00:00,mobile
SESS_U00089_4_0,U00089,2026-06-05 20:00:00,mobile
SESS_U00089_4_1,U00089,2026-06-05 14:00:00,mobile
SESS_U00100_4_0,U00100,2026-06-05 16:00:00,mobile
SESS_U00100_4_1,U00100,2026-06-05 17:00:00,mobile
SESS_U00102_4_0,U00102,2026-06-05 09:00:00,mobile
SESS_U00104_4_0,U00104,2026-06-05 07:00:00,desktop
SESS_U00107_4_0,U00107,2026-06-05 17:00:00,desktop
SESS_U00107_4_1,U00107,2026-06-05 18:00:00,mobile
SESS_U00108_4_0,U00108,2026-06-05 10:00:00,desktop
SESS_U00109_4_0,U00109,2026-06-05 16:00:00,mobile
SESS_U00112_4_0,U00112,2026-06-05 07:00:00,desktop
SESS_U00113_4_0,U00113,2026-06-05 07:00:00,desktop
SESS_U00125_4_0,U00125,2026-06-05 18:00:00,mobile
SESS_U00127_4_0,U00127,2026-06-05 09:00:00,mobile
SESS_U00128_4_0,U00128,2026-06-05 08:00:00,desktop
SESS_U00131_4_0,U00131,2026-06-05 15:00:00,desktop
SESS_U00132_4_0,U00132,2026-06-05 21:00:00,mobile
SESS_U00134_4_0,U00134,2026-06-05 07:00:00,mobile
SESS_U00135_4_0,U00135,2026-06-05 12:00:00,mobile
SESS_U00135_4_1,U00135,2026-06-05 09:00:00,mobile
SESS_U00144_4_0,U00144,2026-06-05 20:00:00,mobile
SESS_U00144_4_1,U00144,2026-06-05 14:00:00,tablet
SESS_U00146_4_0,U00146,2026-06-05 22:00:00,desktop
SESS_U00152_4_0,U00152,2026-06-05 19:00:00,tablet
SESS_U00161_4_0,U00161,2026-06-05 14:00:00,mobile
SESS_U00166_4_0,U00166,2026-06-05 13:00:00,mobile
SESS_U00170_4_0,U00170,2026-06-05 09:00:00,desktop
SESS_U00171_4_0,U00171,2026-06-05 12:00:00,mobile
SESS_U00174_4_0,U00174,2026-06-05 15:00:00,mobile
SESS_U00177_4_0,U00177,2026-06-05 14:00:00,mobile
SESS_U00184_4_0,U00184,2026-06-05 17:00:00,desktop
SESS_U00191_4_0,U00191,2026-06-05 11:00:00,desktop
SESS_U00192_4_0,U00192,2026-06-05 10:00:00,mobile
SESS_U00195_4_0,U00195,2026-06-05 21:00:00,mobile
SESS_U00198_4_0,U00198,2026-06-05 22:00:00,mobile
SESS_U00199_4_0,U00199,2026-06-05 08:00:00,mobile
SESS_U00201_4_0,U00201,2026-06-05 12:00:00,mobile
SESS_U00205_4_0,U00205,2026-06-05 11:00:00,desktop
SESS_U00211_4_0,U00211,2026-06-05 20:00:00,mobile
SESS_U00214_4_0,U00214,2026-06-05 09:00:00,desktop
SESS_U00215_4_0,U00215,2026-06-05 15:00:00,mobile
SESS_U00216_4_0,U00216,2026-06-05 21:00:00,mobile
SESS_U00218_4_0,U00218,2026-06-05 09:00:00,mobile
SESS_U00223_4_0,U00223,2026-06-05 20:00:00,mobile
SESS_U00226_4_0,U00226,2026-06-05 15:00:00,desktop
SESS_U00227_4_0,U00227,2026-06-05 11:00:00,desktop
SESS_U00228_4_0,U00228,2026-06-05 10:00:00,desktop
SESS_U00232_4_0,U00232,2026-06-05 19:00:00,mobile
SESS_U00233_4_0,U00233,2026-06-05 12:00:00,desktop
SESS_U00239_4_0,U00239,2026-06-05 21:00:00,mobile
SESS_U00247_4_0,U00247,2026-06-05 07:00:00,mobile
SESS_U00249_4_0,U00249,2026-06-05 09:00:00,desktop
SESS_U00249_4_1,U00249,2026-06-05 18:00:00,desktop
SESS_U00251_4_0,U00251,2026-06-05 14:00:00,desktop
SESS_U00257_4_0,U00257,2026-06-05 07:00:00,desktop
SESS_U00258_4_0,U00258,2026-06-05 21:00:00,mobile
SESS_U00263_4_0,U00263,2026-06-05 20:00:00,mobile
SESS_U00264_4_0,U00264,2026-06-05 16:00:00,mobile
SESS_U00266_4_0,U00266,2026-06-05 21:00:00,mobile
SESS_U00268_4_0,U00268,2026-06-05 09:00:00,desktop
SESS_U00269_4_0,U00269,2026-06-05 15:00:00,mobile
SESS_U00271_4_0,U00271,2026-06-05 11:00:00,mobile
SESS_U00273_4_0,U00273,2026-06-05 20:00:00,mobile
SESS_U00274_4_0,U00274,2026-06-05 19:00:00,desktop
SESS_U00277_4_0,U00277,2026-06-05 15:00:00,mobile
SESS_U00281_4_0,U00281,2026-06-05 20:00:00,desktop
SESS_U00285_4_0,U00285,2026-06-05 14:00:00,mobile
SESS_U00286_4_0,U00286,2026-06-05 09:00:00,mobile
SESS_U00296_4_0,U00296,2026-06-05 08:00:00,mobile
SESS_U00303_4_0,U00303,2026-06-05 14:00:00,mobile
SESS_U00307_4_0,U00307,2026-06-05 07:00:00,mobile
SESS_U00308_4_0,U00308,2026-06-05 20:00:00,mobile
SESS_U00308_4_1,U00308,2026-06-05 12:00:00,tablet
SESS_U00313_4_0,U00313,2026-06-05 17:00:00,desktop
SESS_U00313_4_1,U00313,2026-06-05 11:00:00,desktop
SESS_U00314_4_0,U00314,2026-06-05 17:00:00,desktop
SESS_U00318_4_0,U00318,2026-06-05 17:00:00,tablet
SESS_U00321_4_0,U00321,2026-06-05 18:00:00,desktop
SESS_U00322_4_0,U00322,2026-06-05 15:00:00,mobile
SESS_U00322_4_1,U00322,2026-06-05 22:00:00,desktop
SESS_U00326_4_0,U00326,2026-06-05 11:00:00,mobile
SESS_U00326_4_1,U00326,2026-06-05 16:00:00,mobile
SESS_U00330_4_0,U00330,2026-06-05 09:00:00,desktop
SESS_U00330_4_1,U00330,2026-06-05 08:00:00,mobile
SESS_U00333_4_0,U00333,2026-06-05 10:00:00,mobile
SESS_U00335_4_0,U00335,2026-06-05 21:00:00,mobile
SESS_U00336_4_0,U00336,2026-06-05 13:00:00,mobile
SESS_U00337_4_0,U00337,2026-06-05 14:00:00,desktop
SESS_U00343_4_0,U00343,2026-06-05 21:00:00,mobile
SESS_U00347_4_0,U00347,2026-06-05 14:00:00,desktop
SESS_U00348_4_0,U00348,2026-06-05 12:00:00,desktop
SESS_U00349_4_0,U00349,2026-06-05 07:00:00,mobile
SESS_U00358_4_0,U00358,2026-06-05 21:00:00,mobile
SESS_U00362_4_0,U00362,2026-06-05 12:00:00,mobile
SESS_U00362_4_1,U00362,2026-06-05 18:00:00,desktop
SESS_U00364_4_0,U00364,2026-06-05 07:00:00,mobile
SESS_U00364_4_1,U00364,2026-06-05 09:00:00,mobile
SESS_U00366_4_0,U00366,2026-06-05 14:00:00,mobile
SESS_U00366_4_1,U00366,2026-06-05 08:00:00,desktop
SESS_U00367_4_0,U00367,2026-06-05 17:00:00,mobile
SESS_U00370_4_0,U00370,2026-06-05 14:00:00,mobile
SESS_U00371_4_0,U00371,2026-06-05 13:00:00,mobile
SESS_U00372_4_0,U00372,2026-06-05 09:00:00,desktop
SESS_U00374_4_0,U00374,2026-06-05 21:00:00,desktop
SESS_U00374_4_1,U00374,2026-06-05 12:00:00,desktop
SESS_U00375_4_0,U00375,2026-06-05 09:00:00,desktop
SESS_U00377_4_0,U00377,2026-06-05 15:00:00,desktop
SESS_U00377_4_1,U00377,2026-06-05 17:00:00,desktop
SESS_U00381_4_0,U00381,2026-06-05 07:00:00,mobile
SESS_U00382_4_0,U00382,2026-06-05 18:00:00,mobile
SESS_U00384_4_0,U00384,2026-06-05 19:00:00,mobile
SESS_U00388_4_0,U00388,2026-06-05 07:00:00,mobile
SESS_U00391_4_0,U00391,2026-06-05 21:00:00,mobile
SESS_U00392_4_0,U00392,2026-06-05 15:00:00,desktop
SESS_U00396_4_0,U00396,2026-06-05 19:00:00,mobile
SESS_U00401_4_0,U00401,2026-06-05 09:00:00,mobile
SESS_U00403_4_0,U00403,2026-06-05 08:00:00,desktop
SESS_U00406_4_0,U00406,2026-06-05 08:00:00,mobile
SESS_U00410_4_0,U00410,2026-06-05 16:00:00,mobile
SESS_U00418_4_0,U00418,2026-06-05 15:00:00,mobile
SESS_U00421_4_0,U00421,2026-06-05 08:00:00,mobile
SESS_U00423_4_0,U00423,2026-06-05 20:00:00,desktop
SESS_U00424_4_0,U00424,2026-06-05 12:00:00,mobile
SESS_U00426_4_0,U00426,2026-06-05 17:00:00,desktop
SESS_U00426_4_1,U00426,2026-06-05 10:00:00,desktop
SESS_U00432_4_0,U00432,2026-06-05 22:00:00,desktop
SESS_U00433_4_0,U00433,2026-06-05 08:00:00,mobile
SESS_U00437_4_0,U00437,2026-06-05 17:00:00,mobile
SESS_U00444_4_0,U00444,2026-06-05 17:00:00,tablet
SESS_U00444_4_1,U00444,2026-06-05 11:00:00,mobile
SESS_U00446_4_0,U00446,2026-06-05 22:00:00,mobile
SESS_U00447_4_0,U00447,2026-06-05 18:00:00,mobile
SESS_U00451_4_0,U00451,2026-06-05 13:00:00,desktop
SESS_U00457_4_0,U00457,2026-06-05 10:00:00,mobile
SESS_U00458_4_0,U00458,2026-06-05 15:00:00,mobile
SESS_U00460_4_0,U00460,2026-06-05 13:00:00,mobile
SESS_U00463_4_0,U00463,2026-06-05 07:00:00,mobile
SESS_U00464_4_0,U00464,2026-06-05 07:00:00,mobile
SESS_U00468_4_0,U00468,2026-06-05 10:00:00,desktop
SESS_U00472_4_0,U00472,2026-06-05 15:00:00,mobile
SESS_U00474_4_0,U00474,2026-06-05 14:00:00,mobile
SESS_U00475_4_0,U00475,2026-06-05 21:00:00,desktop
SESS_U00476_4_0,U00476,2026-06-05 13:00:00,mobile
SESS_U00477_4_0,U00477,2026-06-05 07:00:00,desktop
SESS_U00478_4_0,U00478,2026-06-05 11:00:00,mobile
SESS_U00478_4_1,U00478,2026-06-05 19:00:00,mobile
SESS_U00487_4_0,U00487,2026-06-05 16:00:00,mobile
SESS_U00487_4_1,U00487,2026-06-05 08:00:00,mobile
SESS_U00490_4_0,U00490,2026-06-05 19:00:00,desktop
SESS_U00490_4_1,U00490,2026-06-05 17:00:00,mobile
SESS_U00502_4_0,U00502,2026-06-05 17:00:00,desktop
SESS_U00503_4_0,U00503,2026-06-05 07:00:00,mobile
SESS_U00504_4_0,U00504,2026-06-05 10:00:00,mobile
SESS_U00507_4_0,U00507,2026-06-05 07:00:00,mobile
SESS_U00509_4_0,U00509,2026-06-05 19:00:00,desktop
SESS_U00511_4_0,U00511,2026-06-05 12:00:00,mobile
SESS_U00513_4_0,U00513,2026-06-05 13:00:00,desktop
SESS_U00523_4_0,U00523,2026-06-05 07:00:00,mobile
SESS_U00533_4_0,U00533,2026-06-05 21:00:00,mobile
SESS_U00535_4_0,U00535,2026-06-05 10:00:00,desktop
SESS_U00536_4_0,U00536,2026-06-05 21:00:00,desktop
SESS_U00539_4_0,U00539,2026-06-05 17:00:00,mobile
SESS_U00541_4_0,U00541,2026-06-05 13:00:00,mobile
SESS_U00547_4_0,U00547,2026-06-05 19:00:00,mobile
SESS_U00547_4_1,U00547,2026-06-05 12:00:00,mobile
SESS_U00548_4_0,U00548,2026-06-05 18:00:00,mobile
SESS_U00548_4_1,U00548,2026-06-05 08:00:00,desktop
SESS_U00550_4_0,U00550,2026-06-05 14:00:00,desktop
SESS_U00551_4_0,U00551,2026-06-05 18:00:00,mobile
SESS_U00557_4_0,U00557,2026-06-05 20:00:00,desktop
SESS_U00559_4_0,U00559,2026-06-05 12:00:00,desktop
SESS_U00559_4_1,U00559,2026-06-05 22:00:00,mobile
SESS_U00562_4_0,U00562,2026-06-05 13:00:00,mobile
SESS_U00562_4_1,U00562,2026-06-05 13:00:00,desktop
SESS_U00563_4_0,U00563,2026-06-05 10:00:00,mobile
SESS_U00563_4_1,U00563,2026-06-05 21:00:00,desktop
SESS_U00564_4_0,U00564,2026-06-05 20:00:00,mobile
SESS_U00565_4_0,U00565,2026-06-05 17:00:00,desktop
SESS_U00572_4_0,U00572,2026-06-05 22:00:00,mobile
SESS_U00572_4_1,U00572,2026-06-05 09:00:00,mobile
SESS_U00573_4_0,U00573,2026-06-05 15:00:00,desktop
SESS_U00578_4_0,U00578,2026-06-05 19:00:00,desktop
SESS_U00582_4_0,U00582,2026-06-05 16:00:00,desktop
SESS_U00593_4_0,U00593,2026-06-05 22:00:00,mobile
SESS_U00595_4_0,U00595,2026-06-05 21:00:00,mobile
SESS_U00595_4_1,U00595,2026-06-05 17:00:00,mobile
SESS_U00597_4_0,U00597,2026-06-05 09:00:00,desktop
SESS_U00599_4_0,U00599,2026-06-05 15:00:00,mobile
SESS_U00601_4_0,U00601,2026-06-05 11:00:00,desktop
SESS_U00608_4_0,U00608,2026-06-05 13:00:00,desktop
SESS_U00611_4_0,U00611,2026-06-05 14:00:00,mobile
SESS_U00611_4_1,U00611,2026-06-05 15:00:00,mobile
SESS_U00612_4_0,U00612,2026-06-05 07:00:00,mobile
SESS_U00613_4_0,U00613,2026-06-05 07:00:00,mobile
SESS_U00622_4_0,U00622,2026-06-05 19:00:00,desktop
SESS_U00623_4_0,U00623,2026-06-05 21:00:00,desktop
SESS_U00627_4_0,U00627,2026-06-05 16:00:00,mobile
SESS_U00630_4_0,U00630,2026-06-05 20:00:00,desktop
SESS_U00631_4_0,U00631,2026-06-05 08:00:00,mobile
SESS_U00632_4_0,U00632,2026-06-05 11:00:00,desktop
SESS_U00633_4_0,U00633,2026-06-05 10:00:00,mobile
SESS_U00641_4_0,U00641,2026-06-05 15:00:00,desktop
SESS_U00643_4_0,U00643,2026-06-05 19:00:00,desktop
SESS_U00655_4_0,U00655,2026-06-05 22:00:00,mobile
SESS_U00655_4_1,U00655,2026-06-05 18:00:00,mobile
SESS_U00660_4_0,U00660,2026-06-05 14:00:00,desktop
SESS_U00673_4_0,U00673,2026-06-05 22:00:00,mobile
SESS_U00675_4_0,U00675,2026-06-05 09:00:00,mobile
SESS_U00677_4_0,U00677,2026-06-05 07:00:00,desktop
SESS_U00680_4_0,U00680,2026-06-05 20:00:00,mobile
SESS_U00684_4_0,U00684,2026-06-05 07:00:00,desktop
SESS_U00687_4_0,U00687,2026-06-05 11:00:00,mobile
SESS_U00692_4_0,U00692,2026-06-05 21:00:00,mobile
SESS_U00695_4_0,U00695,2026-06-05 13:00:00,tablet
SESS_U00696_4_0,U00696,2026-06-05 14:00:00,mobile
SESS_U00703_4_0,U00703,2026-06-05 15:00:00,desktop
SESS_U00704_4_0,U00704,2026-06-05 14:00:00,mobile
SESS_U00705_4_0,U00705,2026-06-05 15:00:00,mobile
SESS_U00711_4_0,U00711,2026-06-05 14:00:00,mobile
SESS_U00712_4_0,U00712,2026-06-05 08:00:00,mobile
SESS_U00713_4_0,U00713,2026-06-05 22:00:00,mobile
SESS_U00715_4_0,U00715,2026-06-05 10:00:00,tablet
SESS_U00716_4_0,U00716,2026-06-05 10:00:00,mobile
SESS_U00720_4_0,U00720,2026-06-05 19:00:00,desktop
SESS_U00721_4_0,U00721,2026-06-05 08:00:00,mobile
SESS_U00726_4_0,U00726,2026-06-05 11:00:00,mobile
SESS_U00729_4_0,U00729,2026-06-05 18:00:00,tablet
SESS_U00729_4_1,U00729,2026-06-05 17:00:00,mobile
SESS_U00734_4_0,U00734,2026-06-05 11:00:00,mobile
SESS_U00735_4_0,U00735,2026-06-05 11:00:00,mobile
SESS_U00735_4_1,U00735,2026-06-05 12:00:00,mobile
SESS_U00736_4_0,U00736,2026-06-05 13:00:00,mobile
SESS_U00738_4_0,U00738,2026-06-05 18:00:00,mobile
SESS_U00740_4_0,U00740,2026-06-05 10:00:00,desktop
SESS_U00741_4_0,U00741,2026-06-05 17:00:00,desktop
SESS_U00750_4_0,U00750,2026-06-05 16:00:00,desktop
SESS_U00752_4_0,U00752,2026-06-05 22:00:00,desktop
SESS_U00753_4_0,U00753,2026-06-05 08:00:00,desktop
SESS_U00754_4_0,U00754,2026-06-05 18:00:00,mobile
SESS_U00755_4_0,U00755,2026-06-05 21:00:00,mobile
SESS_U00757_4_0,U00757,2026-06-05 20:00:00,mobile
SESS_U00758_4_0,U00758,2026-06-05 15:00:00,mobile
SESS_U00759_4_0,U00759,2026-06-05 07:00:00,mobile
SESS_U00760_4_0,U00760,2026-06-05 15:00:00,mobile
SESS_U00761_4_0,U00761,2026-06-05 16:00:00,tablet
SESS_U00762_4_0,U00762,2026-06-05 08:00:00,mobile
SESS_U00763_4_0,U00763,2026-06-05 17:00:00,tablet
SESS_U00765_4_0,U00765,2026-06-05 20:00:00,desktop
SESS_U00767_4_0,U00767,2026-06-05 22:00:00,desktop
SESS_U00769_4_0,U00769,2026-06-05 07:00:00,mobile
SESS_U00770_4_0,U00770,2026-06-05 21:00:00,desktop
SESS_U00772_4_0,U00772,2026-06-05 21:00:00,tablet
SESS_U00773_4_0,U00773,2026-06-05 09:00:00,mobile
SESS_U00778_4_0,U00778,2026-06-05 10:00:00,mobile
SESS_U00783_4_0,U00783,2026-06-05 10:00:00,mobile
SESS_U00783_4_1,U00783,2026-06-05 07:00:00,mobile
SESS_U00793_4_0,U00793,2026-06-05 19:00:00,tablet
SESS_U00795_4_0,U00795,2026-06-05 07:00:00,mobile
SESS_U00795_4_1,U00795,2026-06-05 17:00:00,mobile
SESS_U00002_5_0,U00002,2026-06-06 15:00:00,mobile
SESS_U00005_5_0,U00005,2026-06-06 09:00:00,mobile
SESS_U00008_5_0,U00008,2026-06-06 08:00:00,tablet
SESS_U00008_5_1,U00008,2026-06-06 09:00:00,mobile
SESS_U00010_5_0,U00010,2026-06-06 16:00:00,mobile
SESS_U00013_5_0,U00013,2026-06-06 21:00:00,mobile
SESS_U00013_5_1,U00013,2026-06-06 18:00:00,desktop
SESS_U00018_5_0,U00018,2026-06-06 14:00:00,desktop
SESS_U00019_5_0,U00019,2026-06-06 22:00:00,desktop
SESS_U00023_5_0,U00023,2026-06-06 09:00:00,tablet
SESS_U00023_5_1,U00023,2026-06-06 22:00:00,desktop
SESS_U00027_5_0,U00027,2026-06-06 19:00:00,mobile
SESS_U00027_5_1,U00027,2026-06-06 18:00:00,desktop
SESS_U00029_5_0,U00029,2026-06-06 21:00:00,mobile
SESS_U00031_5_0,U00031,2026-06-06 15:00:00,mobile
SESS_U00034_5_0,U00034,2026-06-06 08:00:00,mobile
SESS_U00039_5_0,U00039,2026-06-06 10:00:00,mobile
SESS_U00040_5_0,U00040,2026-06-06 16:00:00,mobile
SESS_U00043_5_0,U00043,2026-06-06 14:00:00,desktop
SESS_U00045_5_0,U00045,2026-06-06 20:00:00,desktop
SESS_U00046_5_0,U00046,2026-06-06 11:00:00,mobile
SESS_U00048_5_0,U00048,2026-06-06 22:00:00,desktop
SESS_U00049_5_0,U00049,2026-06-06 16:00:00,desktop
SESS_U00050_5_0,U00050,2026-06-06 15:00:00,mobile
SESS_U00055_5_0,U00055,2026-06-06 17:00:00,mobile
SESS_U00057_5_0,U00057,2026-06-06 16:00:00,mobile
SESS_U00057_5_1,U00057,2026-06-06 22:00:00,mobile
SESS_U00059_5_0,U00059,2026-06-06 15:00:00,mobile
SESS_U00061_5_0,U00061,2026-06-06 16:00:00,desktop
SESS_U00068_5_0,U00068,2026-06-06 15:00:00,desktop
SESS_U00070_5_0,U00070,2026-06-06 18:00:00,mobile
SESS_U00070_5_1,U00070,2026-06-06 10:00:00,tablet
SESS_U00074_5_0,U00074,2026-06-06 16:00:00,mobile
SESS_U00089_5_0,U00089,2026-06-06 15:00:00,mobile
SESS_U00091_5_0,U00091,2026-06-06 16:00:00,mobile
SESS_U00104_5_0,U00104,2026-06-06 22:00:00,mobile
SESS_U00107_5_0,U00107,2026-06-06 09:00:00,tablet
SESS_U00112_5_0,U00112,2026-06-06 12:00:00,mobile
SESS_U00112_5_1,U00112,2026-06-06 11:00:00,desktop
SESS_U00114_5_0,U00114,2026-06-06 09:00:00,mobile
SESS_U00116_5_0,U00116,2026-06-06 11:00:00,desktop
SESS_U00117_5_0,U00117,2026-06-06 09:00:00,desktop
SESS_U00117_5_1,U00117,2026-06-06 15:00:00,desktop
SESS_U00121_5_0,U00121,2026-06-06 09:00:00,mobile
SESS_U00121_5_1,U00121,2026-06-06 20:00:00,mobile
SESS_U00122_5_0,U00122,2026-06-06 09:00:00,mobile
SESS_U00130_5_0,U00130,2026-06-06 12:00:00,mobile
SESS_U00138_5_0,U00138,2026-06-06 11:00:00,desktop
SESS_U00142_5_0,U00142,2026-06-06 16:00:00,mobile
SESS_U00144_5_0,U00144,2026-06-06 10:00:00,mobile
SESS_U00148_5_0,U00148,2026-06-06 15:00:00,mobile
SESS_U00149_5_0,U00149,2026-06-06 12:00:00,mobile
SESS_U00149_5_1,U00149,2026-06-06 16:00:00,mobile
SESS_U00151_5_0,U00151,2026-06-06 08:00:00,mobile
SESS_U00157_5_0,U00157,2026-06-06 15:00:00,mobile
SESS_U00158_5_0,U00158,2026-06-06 12:00:00,mobile
SESS_U00168_5_0,U00168,2026-06-06 17:00:00,mobile
SESS_U00172_5_0,U00172,2026-06-06 15:00:00,mobile
SESS_U00175_5_0,U00175,2026-06-06 08:00:00,desktop
SESS_U00181_5_0,U00181,2026-06-06 22:00:00,mobile
SESS_U00184_5_0,U00184,2026-06-06 18:00:00,mobile
SESS_U00185_5_0,U00185,2026-06-06 09:00:00,mobile
SESS_U00186_5_0,U00186,2026-06-06 17:00:00,desktop
SESS_U00187_5_0,U00187,2026-06-06 15:00:00,mobile
SESS_U00188_5_0,U00188,2026-06-06 14:00:00,desktop
SESS_U00189_5_0,U00189,2026-06-06 11:00:00,mobile
SESS_U00191_5_0,U00191,2026-06-06 16:00:00,mobile
SESS_U00194_5_0,U00194,2026-06-06 08:00:00,mobile
SESS_U00195_5_0,U00195,2026-06-06 11:00:00,mobile
SESS_U00196_5_0,U00196,2026-06-06 16:00:00,desktop
SESS_U00197_5_0,U00197,2026-06-06 16:00:00,mobile
SESS_U00198_5_0,U00198,2026-06-06 21:00:00,desktop
SESS_U00201_5_0,U00201,2026-06-06 07:00:00,mobile
SESS_U00202_5_0,U00202,2026-06-06 13:00:00,mobile
SESS_U00204_5_0,U00204,2026-06-06 13:00:00,desktop
SESS_U00207_5_0,U00207,2026-06-06 19:00:00,desktop
SESS_U00207_5_1,U00207,2026-06-06 16:00:00,mobile
SESS_U00210_5_0,U00210,2026-06-06 21:00:00,tablet
SESS_U00211_5_0,U00211,2026-06-06 21:00:00,mobile
SESS_U00213_5_0,U00213,2026-06-06 17:00:00,desktop
SESS_U00216_5_0,U00216,2026-06-06 08:00:00,desktop
SESS_U00216_5_1,U00216,2026-06-06 16:00:00,mobile
SESS_U00217_5_0,U00217,2026-06-06 20:00:00,mobile
SESS_U00221_5_0,U00221,2026-06-06 18:00:00,mobile
SESS_U00226_5_0,U00226,2026-06-06 07:00:00,desktop
SESS_U00227_5_0,U00227,2026-06-06 21:00:00,mobile
SESS_U00228_5_0,U00228,2026-06-06 19:00:00,mobile
SESS_U00231_5_0,U00231,2026-06-06 14:00:00,desktop
SESS_U00232_5_0,U00232,2026-06-06 15:00:00,desktop
SESS_U00240_5_0,U00240,2026-06-06 16:00:00,mobile
SESS_U00240_5_1,U00240,2026-06-06 09:00:00,mobile
SESS_U00241_5_0,U00241,2026-06-06 12:00:00,mobile
SESS_U00242_5_0,U00242,2026-06-06 21:00:00,desktop
SESS_U00243_5_0,U00243,2026-06-06 20:00:00,desktop
SESS_U00243_5_1,U00243,2026-06-06 22:00:00,mobile
SESS_U00252_5_0,U00252,2026-06-06 19:00:00,desktop
SESS_U00252_5_1,U00252,2026-06-06 08:00:00,desktop
SESS_U00258_5_0,U00258,2026-06-06 10:00:00,mobile
SESS_U00267_5_0,U00267,2026-06-06 14:00:00,mobile
SESS_U00272_5_0,U00272,2026-06-06 07:00:00,mobile
SESS_U00274_5_0,U00274,2026-06-06 12:00:00,mobile
SESS_U00275_5_0,U00275,2026-06-06 15:00:00,mobile
SESS_U00277_5_0,U00277,2026-06-06 20:00:00,mobile
SESS_U00281_5_0,U00281,2026-06-06 07:00:00,mobile
SESS_U00282_5_0,U00282,2026-06-06 11:00:00,mobile
SESS_U00289_5_0,U00289,2026-06-06 21:00:00,mobile
SESS_U00293_5_0,U00293,2026-06-06 13:00:00,desktop
SESS_U00297_5_0,U00297,2026-06-06 16:00:00,mobile
SESS_U00303_5_0,U00303,2026-06-06 18:00:00,mobile
SESS_U00306_5_0,U00306,2026-06-06 19:00:00,mobile
SESS_U00306_5_1,U00306,2026-06-06 13:00:00,desktop
SESS_U00311_5_0,U00311,2026-06-06 09:00:00,mobile
SESS_U00311_5_1,U00311,2026-06-06 16:00:00,desktop
SESS_U00314_5_0,U00314,2026-06-06 13:00:00,mobile
SESS_U00325_5_0,U00325,2026-06-06 16:00:00,desktop
SESS_U00329_5_0,U00329,2026-06-06 16:00:00,mobile
SESS_U00330_5_0,U00330,2026-06-06 20:00:00,mobile
SESS_U00331_5_0,U00331,2026-06-06 17:00:00,mobile
SESS_U00338_5_0,U00338,2026-06-06 12:00:00,mobile
SESS_U00340_5_0,U00340,2026-06-06 20:00:00,mobile
SESS_U00346_5_0,U00346,2026-06-06 17:00:00,mobile
SESS_U00348_5_0,U00348,2026-06-06 08:00:00,mobile
SESS_U00351_5_0,U00351,2026-06-06 10:00:00,mobile
SESS_U00353_5_0,U00353,2026-06-06 17:00:00,desktop
SESS_U00354_5_0,U00354,2026-06-06 12:00:00,mobile
SESS_U00355_5_0,U00355,2026-06-06 10:00:00,mobile
SESS_U00359_5_0,U00359,2026-06-06 18:00:00,mobile
SESS_U00362_5_0,U00362,2026-06-06 19:00:00,mobile
SESS_U00368_5_0,U00368,2026-06-06 13:00:00,desktop
SESS_U00369_5_0,U00369,2026-06-06 07:00:00,desktop
SESS_U00370_5_0,U00370,2026-06-06 07:00:00,mobile
SESS_U00374_5_0,U00374,2026-06-06 20:00:00,desktop
SESS_U00375_5_0,U00375,2026-06-06 21:00:00,mobile
SESS_U00382_5_0,U00382,2026-06-06 20:00:00,mobile
SESS_U00383_5_0,U00383,2026-06-06 09:00:00,desktop
SESS_U00384_5_0,U00384,2026-06-06 10:00:00,mobile
SESS_U00385_5_0,U00385,2026-06-06 13:00:00,mobile
SESS_U00386_5_0,U00386,2026-06-06 12:00:00,mobile
SESS_U00392_5_0,U00392,2026-06-06 12:00:00,mobile
SESS_U00393_5_0,U00393,2026-06-06 11:00:00,desktop
SESS_U00396_5_0,U00396,2026-06-06 12:00:00,desktop
SESS_U00397_5_0,U00397,2026-06-06 19:00:00,desktop
SESS_U00397_5_1,U00397,2026-06-06 08:00:00,mobile
SESS_U00402_5_0,U00402,2026-06-06 18:00:00,desktop
SESS_U00404_5_0,U00404,2026-06-06 15:00:00,desktop
SESS_U00406_5_0,U00406,2026-06-06 21:00:00,mobile
SESS_U00416_5_0,U00416,2026-06-06 14:00:00,mobile
SESS_U00420_5_0,U00420,2026-06-06 21:00:00,mobile
SESS_U00427_5_0,U00427,2026-06-06 18:00:00,mobile
SESS_U00429_5_0,U00429,2026-06-06 19:00:00,mobile
SESS_U00429_5_1,U00429,2026-06-06 21:00:00,mobile
SESS_U00432_5_0,U00432,2026-06-06 18:00:00,mobile
SESS_U00433_5_0,U00433,2026-06-06 16:00:00,mobile
SESS_U00443_5_0,U00443,2026-06-06 10:00:00,mobile
SESS_U00444_5_0,U00444,2026-06-06 09:00:00,mobile
SESS_U00444_5_1,U00444,2026-06-06 10:00:00,desktop
SESS_U00446_5_0,U00446,2026-06-06 13:00:00,mobile
SESS_U00449_5_0,U00449,2026-06-06 07:00:00,mobile
SESS_U00456_5_0,U00456,2026-06-06 07:00:00,mobile
SESS_U00457_5_0,U00457,2026-06-06 15:00:00,mobile
SESS_U00466_5_0,U00466,2026-06-06 07:00:00,mobile
SESS_U00467_5_0,U00467,2026-06-06 09:00:00,mobile
SESS_U00473_5_0,U00473,2026-06-06 20:00:00,mobile
SESS_U00493_5_0,U00493,2026-06-06 19:00:00,mobile
SESS_U00495_5_0,U00495,2026-06-06 12:00:00,desktop
SESS_U00496_5_0,U00496,2026-06-06 07:00:00,desktop
SESS_U00499_5_0,U00499,2026-06-06 22:00:00,desktop
SESS_U00499_5_1,U00499,2026-06-06 20:00:00,mobile
SESS_U00500_5_0,U00500,2026-06-06 13:00:00,desktop
SESS_U00509_5_0,U00509,2026-06-06 18:00:00,tablet
SESS_U00511_5_0,U00511,2026-06-06 10:00:00,mobile
SESS_U00513_5_0,U00513,2026-06-06 20:00:00,mobile
SESS_U00517_5_0,U00517,2026-06-06 22:00:00,desktop
SESS_U00528_5_0,U00528,2026-06-06 09:00:00,tablet
SESS_U00534_5_0,U00534,2026-06-06 18:00:00,desktop
SESS_U00534_5_1,U00534,2026-06-06 19:00:00,desktop
SESS_U00537_5_0,U00537,2026-06-06 18:00:00,mobile
SESS_U00540_5_0,U00540,2026-06-06 17:00:00,mobile
SESS_U00542_5_0,U00542,2026-06-06 18:00:00,mobile
SESS_U00545_5_0,U00545,2026-06-06 10:00:00,tablet
SESS_U00545_5_1,U00545,2026-06-06 20:00:00,mobile
SESS_U00546_5_0,U00546,2026-06-06 22:00:00,desktop
SESS_U00549_5_0,U00549,2026-06-06 17:00:00,mobile
SESS_U00556_5_0,U00556,2026-06-06 21:00:00,desktop
SESS_U00560_5_0,U00560,2026-06-06 22:00:00,desktop
SESS_U00561_5_0,U00561,2026-06-06 18:00:00,desktop
SESS_U00563_5_0,U00563,2026-06-06 09:00:00,mobile
SESS_U00564_5_0,U00564,2026-06-06 10:00:00,mobile
SESS_U00564_5_1,U00564,2026-06-06 14:00:00,mobile
SESS_U00565_5_0,U00565,2026-06-06 21:00:00,mobile
SESS_U00568_5_0,U00568,2026-06-06 18:00:00,mobile
SESS_U00570_5_0,U00570,2026-06-06 14:00:00,tablet
SESS_U00577_5_0,U00577,2026-06-06 22:00:00,desktop
SESS_U00577_5_1,U00577,2026-06-06 21:00:00,desktop
SESS_U00582_5_0,U00582,2026-06-06 12:00:00,mobile
SESS_U00586_5_0,U00586,2026-06-06 16:00:00,mobile
SESS_U00588_5_0,U00588,2026-06-06 19:00:00,desktop
SESS_U00590_5_0,U00590,2026-06-06 07:00:00,desktop
SESS_U00591_5_0,U00591,2026-06-06 10:00:00,mobile
SESS_U00592_5_0,U00592,2026-06-06 15:00:00,desktop
SESS_U00596_5_0,U00596,2026-06-06 08:00:00,mobile
SESS_U00597_5_0,U00597,2026-06-06 07:00:00,mobile
SESS_U00599_5_0,U00599,2026-06-06 17:00:00,mobile
SESS_U00602_5_0,U00602,2026-06-06 14:00:00,mobile
SESS_U00606_5_0,U00606,2026-06-06 16:00:00,desktop
SESS_U00610_5_0,U00610,2026-06-06 12:00:00,desktop
SESS_U00613_5_0,U00613,2026-06-06 11:00:00,mobile
SESS_U00614_5_0,U00614,2026-06-06 18:00:00,mobile
SESS_U00615_5_0,U00615,2026-06-06 13:00:00,mobile
SESS_U00619_5_0,U00619,2026-06-06 14:00:00,desktop
SESS_U00621_5_0,U00621,2026-06-06 10:00:00,mobile
SESS_U00622_5_0,U00622,2026-06-06 21:00:00,tablet
SESS_U00623_5_0,U00623,2026-06-06 20:00:00,mobile
SESS_U00627_5_0,U00627,2026-06-06 14:00:00,desktop
SESS_U00632_5_0,U00632,2026-06-06 22:00:00,mobile
SESS_U00633_5_0,U00633,2026-06-06 21:00:00,desktop
SESS_U00633_5_1,U00633,2026-06-06 09:00:00,mobile
SESS_U00634_5_0,U00634,2026-06-06 10:00:00,mobile
SESS_U00635_5_0,U00635,2026-06-06 11:00:00,desktop
SESS_U00635_5_1,U00635,2026-06-06 20:00:00,mobile
SESS_U00637_5_0,U00637,2026-06-06 12:00:00,mobile
SESS_U00640_5_0,U00640,2026-06-06 17:00:00,desktop
SESS_U00640_5_1,U00640,2026-06-06 20:00:00,mobile
SESS_U00642_5_0,U00642,2026-06-06 09:00:00,mobile
SESS_U00647_5_0,U00647,2026-06-06 09:00:00,tablet
SESS_U00649_5_0,U00649,2026-06-06 22:00:00,mobile
SESS_U00650_5_0,U00650,2026-06-06 16:00:00,desktop
SESS_U00653_5_0,U00653,2026-06-06 18:00:00,mobile
SESS_U00654_5_0,U00654,2026-06-06 10:00:00,desktop
SESS_U00656_5_0,U00656,2026-06-06 12:00:00,desktop
SESS_U00661_5_0,U00661,2026-06-06 18:00:00,mobile
SESS_U00661_5_1,U00661,2026-06-06 18:00:00,mobile
SESS_U00673_5_0,U00673,2026-06-06 20:00:00,tablet
SESS_U00675_5_0,U00675,2026-06-06 22:00:00,desktop
SESS_U00676_5_0,U00676,2026-06-06 12:00:00,mobile
SESS_U00676_5_1,U00676,2026-06-06 09:00:00,desktop
SESS_U00677_5_0,U00677,2026-06-06 18:00:00,mobile
SESS_U00678_5_0,U00678,2026-06-06 18:00:00,mobile
SESS_U00683_5_0,U00683,2026-06-06 18:00:00,mobile
SESS_U00688_5_0,U00688,2026-06-06 21:00:00,mobile
SESS_U00689_5_0,U00689,2026-06-06 15:00:00,mobile
SESS_U00693_5_0,U00693,2026-06-06 14:00:00,desktop
SESS_U00694_5_0,U00694,2026-06-06 07:00:00,tablet
SESS_U00706_5_0,U00706,2026-06-06 13:00:00,desktop
SESS_U00707_5_0,U00707,2026-06-06 09:00:00,desktop
SESS_U00712_5_0,U00712,2026-06-06 21:00:00,mobile
SESS_U00719_5_0,U00719,2026-06-06 18:00:00,mobile
SESS_U00722_5_0,U00722,2026-06-06 12:00:00,mobile
SESS_U00723_5_0,U00723,2026-06-06 20:00:00,mobile
SESS_U00726_5_0,U00726,2026-06-06 16:00:00,desktop
SESS_U00730_5_0,U00730,2026-06-06 18:00:00,mobile
SESS_U00733_5_0,U00733,2026-06-06 16:00:00,mobile
SESS_U00740_5_0,U00740,2026-06-06 18:00:00,desktop
SESS_U00743_5_0,U00743,2026-06-06 18:00:00,mobile
SESS_U00746_5_0,U00746,2026-06-06 07:00:00,desktop
SESS_U00754_5_0,U00754,2026-06-06 16:00:00,desktop
SESS_U00758_5_0,U00758,2026-06-06 19:00:00,mobile
SESS_U00759_5_0,U00759,2026-06-06 21:00:00,mobile
SESS_U00761_5_0,U00761,2026-06-06 07:00:00,mobile
SESS_U00761_5_1,U00761,2026-06-06 16:00:00,desktop
SESS_U00762_5_0,U00762,2026-06-06 15:00:00,desktop
SESS_U00763_5_0,U00763,2026-06-06 22:00:00,mobile
SESS_U00765_5_0,U00765,2026-06-06 11:00:00,mobile
SESS_U00765_5_1,U00765,2026-06-06 17:00:00,tablet
SESS_U00766_5_0,U00766,2026-06-06 14:00:00,mobile
SESS_U00768_5_0,U00768,2026-06-06 14:00:00,mobile
SESS_U00772_5_0,U00772,2026-06-06 18:00:00,mobile
SESS_U00774_5_0,U00774,2026-06-06 08:00:00,mobile
SESS_U00781_5_0,U00781,2026-06-06 22:00:00,mobile
SESS_U00784_5_0,U00784,2026-06-06 22:00:00,desktop
SESS_U00787_5_0,U00787,2026-06-06 20:00:00,mobile
SESS_U00787_5_1,U00787,2026-06-06 09:00:00,desktop
SESS_U00793_5_0,U00793,2026-06-06 22:00:00,mobile
SESS_U00793_5_1,U00793,2026-06-06 17:00:00,desktop
SESS_U00797_5_0,U00797,2026-06-06 07:00:00,tablet
SESS_U00799_5_0,U00799,2026-06-06 09:00:00,mobile
SESS_U00004_6_0,U00004,2026-06-07 08:00:00,tablet
SESS_U00004_6_1,U00004,2026-06-07 11:00:00,mobile
SESS_U00008_6_0,U00008,2026-06-07 15:00:00,mobile
SESS_U00009_6_0,U00009,2026-06-07 16:00:00,mobile
SESS_U00011_6_0,U00011,2026-06-07 20:00:00,desktop
SESS_U00017_6_0,U00017,2026-06-07 22:00:00,mobile
SESS_U00021_6_0,U00021,2026-06-07 10:00:00,mobile
SESS_U00026_6_0,U00026,2026-06-07 22:00:00,mobile
SESS_U00034_6_0,U00034,2026-06-07 10:00:00,tablet
SESS_U00034_6_1,U00034,2026-06-07 09:00:00,desktop
SESS_U00037_6_0,U00037,2026-06-07 12:00:00,desktop
SESS_U00038_6_0,U00038,2026-06-07 09:00:00,desktop
SESS_U00040_6_0,U00040,2026-06-07 20:00:00,mobile
SESS_U00051_6_0,U00051,2026-06-07 22:00:00,mobile
SESS_U00053_6_0,U00053,2026-06-07 08:00:00,desktop
SESS_U00053_6_1,U00053,2026-06-07 16:00:00,desktop
SESS_U00054_6_0,U00054,2026-06-07 16:00:00,mobile
SESS_U00058_6_0,U00058,2026-06-07 08:00:00,mobile
SESS_U00058_6_1,U00058,2026-06-07 12:00:00,mobile
SESS_U00059_6_0,U00059,2026-06-07 15:00:00,desktop
SESS_U00084_6_0,U00084,2026-06-07 20:00:00,mobile
SESS_U00084_6_1,U00084,2026-06-07 07:00:00,desktop
SESS_U00088_6_0,U00088,2026-06-07 19:00:00,mobile
SESS_U00088_6_1,U00088,2026-06-07 14:00:00,desktop
SESS_U00092_6_0,U00092,2026-06-07 17:00:00,mobile
SESS_U00101_6_0,U00101,2026-06-07 22:00:00,desktop
SESS_U00104_6_0,U00104,2026-06-07 07:00:00,mobile
SESS_U00105_6_0,U00105,2026-06-07 16:00:00,desktop
SESS_U00106_6_0,U00106,2026-06-07 15:00:00,mobile
SESS_U00107_6_0,U00107,2026-06-07 16:00:00,mobile
SESS_U00107_6_1,U00107,2026-06-07 09:00:00,desktop
SESS_U00109_6_0,U00109,2026-06-07 21:00:00,tablet
SESS_U00110_6_0,U00110,2026-06-07 08:00:00,desktop
SESS_U00112_6_0,U00112,2026-06-07 19:00:00,desktop
SESS_U00114_6_0,U00114,2026-06-07 07:00:00,mobile
SESS_U00117_6_0,U00117,2026-06-07 22:00:00,desktop
SESS_U00117_6_1,U00117,2026-06-07 20:00:00,mobile
SESS_U00119_6_0,U00119,2026-06-07 07:00:00,mobile
SESS_U00121_6_0,U00121,2026-06-07 13:00:00,mobile
SESS_U00122_6_0,U00122,2026-06-07 07:00:00,tablet
SESS_U00126_6_0,U00126,2026-06-07 19:00:00,desktop
SESS_U00129_6_0,U00129,2026-06-07 07:00:00,mobile
SESS_U00132_6_0,U00132,2026-06-07 08:00:00,mobile
SESS_U00134_6_0,U00134,2026-06-07 07:00:00,tablet
SESS_U00136_6_0,U00136,2026-06-07 10:00:00,mobile
SESS_U00138_6_0,U00138,2026-06-07 11:00:00,desktop
SESS_U00142_6_0,U00142,2026-06-07 14:00:00,desktop
SESS_U00143_6_0,U00143,2026-06-07 07:00:00,mobile
SESS_U00143_6_1,U00143,2026-06-07 13:00:00,mobile
SESS_U00145_6_0,U00145,2026-06-07 16:00:00,mobile
SESS_U00147_6_0,U00147,2026-06-07 14:00:00,desktop
SESS_U00152_6_0,U00152,2026-06-07 16:00:00,desktop
SESS_U00155_6_0,U00155,2026-06-07 20:00:00,mobile
SESS_U00161_6_0,U00161,2026-06-07 12:00:00,mobile
SESS_U00162_6_0,U00162,2026-06-07 22:00:00,mobile
SESS_U00163_6_0,U00163,2026-06-07 07:00:00,desktop
SESS_U00165_6_0,U00165,2026-06-07 13:00:00,mobile
SESS_U00170_6_0,U00170,2026-06-07 19:00:00,desktop
SESS_U00173_6_0,U00173,2026-06-07 21:00:00,desktop
SESS_U00181_6_0,U00181,2026-06-07 21:00:00,desktop
SESS_U00192_6_0,U00192,2026-06-07 16:00:00,mobile
SESS_U00193_6_0,U00193,2026-06-07 16:00:00,mobile
SESS_U00197_6_0,U00197,2026-06-07 16:00:00,desktop
SESS_U00202_6_0,U00202,2026-06-07 09:00:00,desktop
SESS_U00207_6_0,U00207,2026-06-07 07:00:00,mobile
SESS_U00208_6_0,U00208,2026-06-07 13:00:00,tablet
SESS_U00210_6_0,U00210,2026-06-07 09:00:00,mobile
SESS_U00213_6_0,U00213,2026-06-07 20:00:00,desktop
SESS_U00213_6_1,U00213,2026-06-07 11:00:00,mobile
SESS_U00221_6_0,U00221,2026-06-07 08:00:00,desktop
SESS_U00221_6_1,U00221,2026-06-07 14:00:00,mobile
SESS_U00222_6_0,U00222,2026-06-07 14:00:00,desktop
SESS_U00224_6_0,U00224,2026-06-07 21:00:00,desktop
SESS_U00228_6_0,U00228,2026-06-07 22:00:00,mobile
SESS_U00233_6_0,U00233,2026-06-07 07:00:00,mobile
SESS_U00237_6_0,U00237,2026-06-07 12:00:00,mobile
SESS_U00240_6_0,U00240,2026-06-07 16:00:00,mobile
SESS_U00241_6_0,U00241,2026-06-07 10:00:00,desktop
SESS_U00242_6_0,U00242,2026-06-07 17:00:00,mobile
SESS_U00245_6_0,U00245,2026-06-07 17:00:00,desktop
SESS_U00248_6_0,U00248,2026-06-07 11:00:00,mobile
SESS_U00250_6_0,U00250,2026-06-07 09:00:00,desktop
SESS_U00251_6_0,U00251,2026-06-07 12:00:00,mobile
SESS_U00255_6_0,U00255,2026-06-07 15:00:00,mobile
SESS_U00259_6_0,U00259,2026-06-07 20:00:00,desktop
SESS_U00259_6_1,U00259,2026-06-07 22:00:00,mobile
SESS_U00262_6_0,U00262,2026-06-07 13:00:00,desktop
SESS_U00264_6_0,U00264,2026-06-07 08:00:00,mobile
SESS_U00265_6_0,U00265,2026-06-07 22:00:00,mobile
SESS_U00265_6_1,U00265,2026-06-07 11:00:00,tablet
SESS_U00271_6_0,U00271,2026-06-07 11:00:00,desktop
SESS_U00274_6_0,U00274,2026-06-07 18:00:00,tablet
SESS_U00274_6_1,U00274,2026-06-07 14:00:00,mobile
SESS_U00277_6_0,U00277,2026-06-07 15:00:00,mobile
SESS_U00280_6_0,U00280,2026-06-07 11:00:00,desktop
SESS_U00280_6_1,U00280,2026-06-07 11:00:00,mobile
SESS_U00285_6_0,U00285,2026-06-07 19:00:00,mobile
SESS_U00286_6_0,U00286,2026-06-07 15:00:00,desktop
SESS_U00288_6_0,U00288,2026-06-07 19:00:00,mobile
SESS_U00290_6_0,U00290,2026-06-07 21:00:00,mobile
SESS_U00292_6_0,U00292,2026-06-07 21:00:00,desktop
SESS_U00294_6_0,U00294,2026-06-07 08:00:00,tablet
SESS_U00298_6_0,U00298,2026-06-07 13:00:00,mobile
SESS_U00298_6_1,U00298,2026-06-07 09:00:00,desktop
SESS_U00306_6_0,U00306,2026-06-07 13:00:00,mobile
SESS_U00313_6_0,U00313,2026-06-07 14:00:00,mobile
SESS_U00316_6_0,U00316,2026-06-07 17:00:00,mobile
SESS_U00321_6_0,U00321,2026-06-07 22:00:00,desktop
SESS_U00326_6_0,U00326,2026-06-07 08:00:00,mobile
SESS_U00327_6_0,U00327,2026-06-07 15:00:00,desktop
SESS_U00330_6_0,U00330,2026-06-07 13:00:00,mobile
SESS_U00331_6_0,U00331,2026-06-07 13:00:00,mobile
SESS_U00334_6_0,U00334,2026-06-07 16:00:00,mobile
SESS_U00336_6_0,U00336,2026-06-07 12:00:00,mobile
SESS_U00338_6_0,U00338,2026-06-07 14:00:00,desktop
SESS_U00341_6_0,U00341,2026-06-07 10:00:00,desktop
SESS_U00342_6_0,U00342,2026-06-07 12:00:00,mobile
SESS_U00345_6_0,U00345,2026-06-07 22:00:00,mobile
SESS_U00346_6_0,U00346,2026-06-07 15:00:00,tablet
SESS_U00346_6_1,U00346,2026-06-07 14:00:00,mobile
SESS_U00355_6_0,U00355,2026-06-07 07:00:00,mobile
SESS_U00358_6_0,U00358,2026-06-07 16:00:00,desktop
SESS_U00361_6_0,U00361,2026-06-07 12:00:00,desktop
SESS_U00361_6_1,U00361,2026-06-07 07:00:00,desktop
SESS_U00362_6_0,U00362,2026-06-07 18:00:00,desktop
SESS_U00364_6_0,U00364,2026-06-07 15:00:00,mobile
SESS_U00365_6_0,U00365,2026-06-07 09:00:00,mobile
SESS_U00374_6_0,U00374,2026-06-07 17:00:00,mobile
SESS_U00376_6_0,U00376,2026-06-07 17:00:00,mobile
SESS_U00386_6_0,U00386,2026-06-07 08:00:00,mobile
SESS_U00391_6_0,U00391,2026-06-07 21:00:00,mobile
SESS_U00394_6_0,U00394,2026-06-07 14:00:00,desktop
SESS_U00396_6_0,U00396,2026-06-07 20:00:00,mobile
SESS_U00396_6_1,U00396,2026-06-07 13:00:00,mobile
SESS_U00398_6_0,U00398,2026-06-07 08:00:00,mobile
SESS_U00398_6_1,U00398,2026-06-07 17:00:00,desktop
SESS_U00399_6_0,U00399,2026-06-07 19:00:00,mobile
SESS_U00404_6_0,U00404,2026-06-07 08:00:00,desktop
SESS_U00411_6_0,U00411,2026-06-07 10:00:00,mobile
SESS_U00413_6_0,U00413,2026-06-07 21:00:00,desktop
SESS_U00417_6_0,U00417,2026-06-07 08:00:00,desktop
SESS_U00417_6_1,U00417,2026-06-07 09:00:00,mobile
SESS_U00419_6_0,U00419,2026-06-07 16:00:00,mobile
SESS_U00422_6_0,U00422,2026-06-07 16:00:00,mobile
SESS_U00424_6_0,U00424,2026-06-07 08:00:00,mobile
SESS_U00426_6_0,U00426,2026-06-07 18:00:00,mobile
SESS_U00436_6_0,U00436,2026-06-07 12:00:00,tablet
SESS_U00439_6_0,U00439,2026-06-07 20:00:00,mobile
SESS_U00442_6_0,U00442,2026-06-07 17:00:00,desktop
SESS_U00453_6_0,U00453,2026-06-07 12:00:00,mobile
SESS_U00454_6_0,U00454,2026-06-07 12:00:00,tablet
SESS_U00456_6_0,U00456,2026-06-07 11:00:00,desktop
SESS_U00460_6_0,U00460,2026-06-07 12:00:00,mobile
SESS_U00462_6_0,U00462,2026-06-07 07:00:00,desktop
SESS_U00467_6_0,U00467,2026-06-07 11:00:00,tablet
SESS_U00469_6_0,U00469,2026-06-07 08:00:00,desktop
SESS_U00470_6_0,U00470,2026-06-07 11:00:00,mobile
SESS_U00472_6_0,U00472,2026-06-07 17:00:00,mobile
SESS_U00473_6_0,U00473,2026-06-07 22:00:00,mobile
SESS_U00474_6_0,U00474,2026-06-07 11:00:00,mobile
SESS_U00474_6_1,U00474,2026-06-07 11:00:00,desktop
SESS_U00486_6_0,U00486,2026-06-07 15:00:00,mobile
SESS_U00488_6_0,U00488,2026-06-07 17:00:00,mobile
SESS_U00488_6_1,U00488,2026-06-07 09:00:00,mobile
SESS_U00489_6_0,U00489,2026-06-07 19:00:00,mobile
SESS_U00491_6_0,U00491,2026-06-07 14:00:00,desktop
SESS_U00492_6_0,U00492,2026-06-07 21:00:00,desktop
SESS_U00496_6_0,U00496,2026-06-07 14:00:00,desktop
SESS_U00500_6_0,U00500,2026-06-07 19:00:00,mobile
SESS_U00501_6_0,U00501,2026-06-07 11:00:00,desktop
SESS_U00502_6_0,U00502,2026-06-07 16:00:00,mobile
SESS_U00503_6_0,U00503,2026-06-07 15:00:00,mobile
SESS_U00504_6_0,U00504,2026-06-07 15:00:00,mobile
SESS_U00504_6_1,U00504,2026-06-07 14:00:00,desktop
SESS_U00512_6_0,U00512,2026-06-07 22:00:00,mobile
SESS_U00518_6_0,U00518,2026-06-07 17:00:00,desktop
SESS_U00521_6_0,U00521,2026-06-07 22:00:00,mobile
SESS_U00531_6_0,U00531,2026-06-07 14:00:00,mobile
SESS_U00533_6_0,U00533,2026-06-07 11:00:00,mobile
SESS_U00534_6_0,U00534,2026-06-07 12:00:00,mobile
SESS_U00538_6_0,U00538,2026-06-07 15:00:00,mobile
SESS_U00538_6_1,U00538,2026-06-07 19:00:00,mobile
SESS_U00540_6_0,U00540,2026-06-07 18:00:00,mobile
SESS_U00546_6_0,U00546,2026-06-07 19:00:00,mobile
SESS_U00551_6_0,U00551,2026-06-07 12:00:00,mobile
SESS_U00557_6_0,U00557,2026-06-07 18:00:00,mobile
SESS_U00558_6_0,U00558,2026-06-07 10:00:00,tablet
SESS_U00562_6_0,U00562,2026-06-07 20:00:00,mobile
SESS_U00564_6_0,U00564,2026-06-07 14:00:00,mobile
SESS_U00568_6_0,U00568,2026-06-07 07:00:00,tablet
SESS_U00571_6_0,U00571,2026-06-07 16:00:00,mobile
SESS_U00587_6_0,U00587,2026-06-07 19:00:00,mobile
SESS_U00587_6_1,U00587,2026-06-07 13:00:00,mobile
SESS_U00590_6_0,U00590,2026-06-07 11:00:00,desktop
SESS_U00593_6_0,U00593,2026-06-07 12:00:00,desktop
SESS_U00595_6_0,U00595,2026-06-07 22:00:00,mobile
SESS_U00595_6_1,U00595,2026-06-07 15:00:00,mobile
SESS_U00596_6_0,U00596,2026-06-07 08:00:00,desktop
SESS_U00597_6_0,U00597,2026-06-07 08:00:00,mobile
SESS_U00598_6_0,U00598,2026-06-07 08:00:00,mobile
SESS_U00598_6_1,U00598,2026-06-07 14:00:00,mobile
SESS_U00603_6_0,U00603,2026-06-07 21:00:00,desktop
SESS_U00611_6_0,U00611,2026-06-07 19:00:00,desktop
SESS_U00611_6_1,U00611,2026-06-07 16:00:00,mobile
SESS_U00613_6_0,U00613,2026-06-07 10:00:00,mobile
SESS_U00617_6_0,U00617,2026-06-07 17:00:00,mobile
SESS_U00632_6_0,U00632,2026-06-07 16:00:00,mobile
SESS_U00635_6_0,U00635,2026-06-07 14:00:00,desktop
SESS_U00638_6_0,U00638,2026-06-07 20:00:00,mobile
SESS_U00642_6_0,U00642,2026-06-07 21:00:00,mobile
SESS_U00651_6_0,U00651,2026-06-07 12:00:00,mobile
SESS_U00653_6_0,U00653,2026-06-07 13:00:00,desktop
SESS_U00653_6_1,U00653,2026-06-07 16:00:00,mobile
SESS_U00661_6_0,U00661,2026-06-07 17:00:00,desktop
SESS_U00662_6_0,U00662,2026-06-07 15:00:00,mobile
SESS_U00665_6_0,U00665,2026-06-07 12:00:00,mobile
SESS_U00667_6_0,U00667,2026-06-07 08:00:00,mobile
SESS_U00668_6_0,U00668,2026-06-07 13:00:00,mobile
SESS_U00668_6_1,U00668,2026-06-07 15:00:00,desktop
SESS_U00669_6_0,U00669,2026-06-07 20:00:00,desktop
SESS_U00670_6_0,U00670,2026-06-07 12:00:00,mobile
SESS_U00671_6_0,U00671,2026-06-07 14:00:00,desktop
SESS_U00672_6_0,U00672,2026-06-07 10:00:00,tablet
SESS_U00674_6_0,U00674,2026-06-07 18:00:00,mobile
SESS_U00675_6_0,U00675,2026-06-07 18:00:00,desktop
SESS_U00682_6_0,U00682,2026-06-07 19:00:00,desktop
SESS_U00692_6_0,U00692,2026-06-07 19:00:00,mobile
SESS_U00692_6_1,U00692,2026-06-07 13:00:00,mobile
SESS_U00707_6_0,U00707,2026-06-07 11:00:00,mobile
SESS_U00708_6_0,U00708,2026-06-07 08:00:00,mobile
SESS_U00712_6_0,U00712,2026-06-07 15:00:00,desktop
SESS_U00714_6_0,U00714,2026-06-07 08:00:00,mobile
SESS_U00717_6_0,U00717,2026-06-07 21:00:00,desktop
SESS_U00721_6_0,U00721,2026-06-07 14:00:00,desktop
SESS_U00721_6_1,U00721,2026-06-07 17:00:00,mobile
SESS_U00722_6_0,U00722,2026-06-07 08:00:00,mobile
SESS_U00722_6_1,U00722,2026-06-07 22:00:00,tablet
SESS_U00727_6_0,U00727,2026-06-07 22:00:00,tablet
SESS_U00729_6_0,U00729,2026-06-07 19:00:00,mobile
SESS_U00729_6_1,U00729,2026-06-07 21:00:00,desktop
SESS_U00730_6_0,U00730,2026-06-07 20:00:00,mobile
SESS_U00735_6_0,U00735,2026-06-07 19:00:00,desktop
SESS_U00736_6_0,U00736,2026-06-07 10:00:00,mobile
SESS_U00737_6_0,U00737,2026-06-07 18:00:00,desktop
SESS_U00744_6_0,U00744,2026-06-07 13:00:00,desktop
SESS_U00749_6_0,U00749,2026-06-07 22:00:00,mobile
SESS_U00749_6_1,U00749,2026-06-07 19:00:00,tablet
SESS_U00752_6_0,U00752,2026-06-07 11:00:00,tablet
SESS_U00754_6_0,U00754,2026-06-07 16:00:00,mobile
SESS_U00764_6_0,U00764,2026-06-07 09:00:00,desktop
SESS_U00770_6_0,U00770,2026-06-07 17:00:00,desktop
SESS_U00774_6_0,U00774,2026-06-07 18:00:00,mobile
SESS_U00778_6_0,U00778,2026-06-07 08:00:00,mobile
SESS_U00779_6_0,U00779,2026-06-07 14:00:00,desktop
SESS_U00783_6_0,U00783,2026-06-07 19:00:00,desktop
SESS_U00784_6_0,U00784,2026-06-07 16:00:00,mobile
SESS_U00790_6_0,U00790,2026-06-07 20:00:00,mobile
SESS_U00001_7_0,U00001,2026-06-08 17:00:00,desktop
SESS_U00003_7_0,U00003,2026-06-08 19:00:00,mobile
SESS_U00004_7_0,U00004,2026-06-08 21:00:00,mobile
SESS_U00016_7_0,U00016,2026-06-08 07:00:00,mobile
SESS_U00019_7_0,U00019,2026-06-08 21:00:00,mobile
SESS_U00025_7_0,U00025,2026-06-08 10:00:00,mobile
SESS_U00026_7_0,U00026,2026-06-08 18:00:00,desktop
SESS_U00028_7_0,U00028,2026-06-08 16:00:00,desktop
SESS_U00030_7_0,U00030,2026-06-08 09:00:00,mobile
SESS_U00031_7_0,U00031,2026-06-08 09:00:00,mobile
SESS_U00037_7_0,U00037,2026-06-08 20:00:00,desktop
SESS_U00038_7_0,U00038,2026-06-08 16:00:00,desktop
SESS_U00043_7_0,U00043,2026-06-08 16:00:00,mobile
SESS_U00044_7_0,U00044,2026-06-08 11:00:00,desktop
SESS_U00061_7_0,U00061,2026-06-08 09:00:00,desktop
SESS_U00063_7_0,U00063,2026-06-08 15:00:00,mobile
SESS_U00063_7_1,U00063,2026-06-08 12:00:00,mobile
SESS_U00066_7_0,U00066,2026-06-08 21:00:00,mobile
SESS_U00067_7_0,U00067,2026-06-08 20:00:00,mobile
SESS_U00068_7_0,U00068,2026-06-08 10:00:00,desktop
SESS_U00069_7_0,U00069,2026-06-08 12:00:00,desktop
SESS_U00071_7_0,U00071,2026-06-08 14:00:00,desktop
SESS_U00076_7_0,U00076,2026-06-08 11:00:00,mobile
SESS_U00084_7_0,U00084,2026-06-08 08:00:00,mobile
SESS_U00086_7_0,U00086,2026-06-08 07:00:00,mobile
SESS_U00087_7_0,U00087,2026-06-08 19:00:00,mobile
SESS_U00088_7_0,U00088,2026-06-08 07:00:00,mobile
SESS_U00092_7_0,U00092,2026-06-08 17:00:00,desktop
SESS_U00099_7_0,U00099,2026-06-08 22:00:00,desktop
SESS_U00103_7_0,U00103,2026-06-08 22:00:00,desktop
SESS_U00104_7_0,U00104,2026-06-08 07:00:00,desktop
SESS_U00108_7_0,U00108,2026-06-08 22:00:00,desktop
SESS_U00108_7_1,U00108,2026-06-08 13:00:00,mobile
SESS_U00112_7_0,U00112,2026-06-08 21:00:00,desktop
SESS_U00118_7_0,U00118,2026-06-08 07:00:00,desktop
SESS_U00118_7_1,U00118,2026-06-08 13:00:00,mobile
SESS_U00121_7_0,U00121,2026-06-08 11:00:00,mobile
SESS_U00124_7_0,U00124,2026-06-08 07:00:00,desktop
SESS_U00128_7_0,U00128,2026-06-08 21:00:00,mobile
SESS_U00135_7_0,U00135,2026-06-08 20:00:00,desktop
SESS_U00142_7_0,U00142,2026-06-08 20:00:00,desktop
SESS_U00144_7_0,U00144,2026-06-08 07:00:00,mobile
SESS_U00146_7_0,U00146,2026-06-08 12:00:00,desktop
SESS_U00151_7_0,U00151,2026-06-08 08:00:00,mobile
SESS_U00154_7_0,U00154,2026-06-08 21:00:00,mobile
SESS_U00155_7_0,U00155,2026-06-08 19:00:00,desktop
SESS_U00160_7_0,U00160,2026-06-08 10:00:00,mobile
SESS_U00168_7_0,U00168,2026-06-08 07:00:00,tablet
SESS_U00169_7_0,U00169,2026-06-08 15:00:00,mobile
SESS_U00172_7_0,U00172,2026-06-08 18:00:00,mobile
SESS_U00180_7_0,U00180,2026-06-08 07:00:00,mobile
SESS_U00180_7_1,U00180,2026-06-08 07:00:00,mobile
SESS_U00183_7_0,U00183,2026-06-08 14:00:00,desktop
SESS_U00184_7_0,U00184,2026-06-08 20:00:00,mobile
SESS_U00184_7_1,U00184,2026-06-08 10:00:00,mobile
SESS_U00185_7_0,U00185,2026-06-08 16:00:00,mobile
SESS_U00186_7_0,U00186,2026-06-08 09:00:00,desktop
SESS_U00191_7_0,U00191,2026-06-08 20:00:00,desktop
SESS_U00191_7_1,U00191,2026-06-08 09:00:00,mobile
SESS_U00192_7_0,U00192,2026-06-08 20:00:00,mobile
SESS_U00194_7_0,U00194,2026-06-08 12:00:00,mobile
SESS_U00199_7_0,U00199,2026-06-08 13:00:00,mobile
SESS_U00201_7_0,U00201,2026-06-08 07:00:00,mobile
SESS_U00203_7_0,U00203,2026-06-08 16:00:00,mobile
SESS_U00205_7_0,U00205,2026-06-08 20:00:00,mobile
SESS_U00205_7_1,U00205,2026-06-08 10:00:00,mobile
SESS_U00211_7_0,U00211,2026-06-08 12:00:00,mobile
SESS_U00212_7_0,U00212,2026-06-08 08:00:00,desktop
SESS_U00215_7_0,U00215,2026-06-08 09:00:00,mobile
SESS_U00217_7_0,U00217,2026-06-08 20:00:00,mobile
SESS_U00219_7_0,U00219,2026-06-08 21:00:00,mobile
SESS_U00219_7_1,U00219,2026-06-08 15:00:00,mobile
SESS_U00224_7_0,U00224,2026-06-08 16:00:00,mobile
SESS_U00225_7_0,U00225,2026-06-08 09:00:00,mobile
SESS_U00226_7_0,U00226,2026-06-08 22:00:00,mobile
SESS_U00226_7_1,U00226,2026-06-08 21:00:00,desktop
SESS_U00227_7_0,U00227,2026-06-08 07:00:00,mobile
SESS_U00228_7_0,U00228,2026-06-08 13:00:00,desktop
SESS_U00234_7_0,U00234,2026-06-08 15:00:00,desktop
SESS_U00239_7_0,U00239,2026-06-08 16:00:00,desktop
SESS_U00239_7_1,U00239,2026-06-08 12:00:00,desktop
SESS_U00244_7_0,U00244,2026-06-08 20:00:00,mobile
SESS_U00245_7_0,U00245,2026-06-08 19:00:00,mobile
SESS_U00246_7_0,U00246,2026-06-08 14:00:00,mobile
SESS_U00253_7_0,U00253,2026-06-08 21:00:00,mobile
SESS_U00254_7_0,U00254,2026-06-08 17:00:00,desktop
SESS_U00254_7_1,U00254,2026-06-08 20:00:00,mobile
SESS_U00258_7_0,U00258,2026-06-08 07:00:00,desktop
SESS_U00258_7_1,U00258,2026-06-08 16:00:00,mobile
SESS_U00261_7_0,U00261,2026-06-08 07:00:00,mobile
SESS_U00264_7_0,U00264,2026-06-08 09:00:00,desktop
SESS_U00266_7_0,U00266,2026-06-08 08:00:00,mobile
SESS_U00268_7_0,U00268,2026-06-08 08:00:00,mobile
SESS_U00278_7_0,U00278,2026-06-08 12:00:00,mobile
SESS_U00280_7_0,U00280,2026-06-08 21:00:00,mobile
SESS_U00284_7_0,U00284,2026-06-08 07:00:00,mobile
SESS_U00294_7_0,U00294,2026-06-08 11:00:00,desktop
SESS_U00295_7_0,U00295,2026-06-08 18:00:00,desktop
SESS_U00296_7_0,U00296,2026-06-08 19:00:00,mobile
SESS_U00298_7_0,U00298,2026-06-08 07:00:00,mobile
SESS_U00304_7_0,U00304,2026-06-08 22:00:00,mobile
SESS_U00304_7_1,U00304,2026-06-08 15:00:00,desktop
SESS_U00306_7_0,U00306,2026-06-08 09:00:00,desktop
SESS_U00307_7_0,U00307,2026-06-08 18:00:00,desktop
SESS_U00309_7_0,U00309,2026-06-08 17:00:00,mobile
SESS_U00313_7_0,U00313,2026-06-08 13:00:00,mobile
SESS_U00314_7_0,U00314,2026-06-08 20:00:00,desktop
SESS_U00314_7_1,U00314,2026-06-08 18:00:00,tablet
SESS_U00316_7_0,U00316,2026-06-08 14:00:00,mobile
SESS_U00316_7_1,U00316,2026-06-08 14:00:00,mobile
SESS_U00317_7_0,U00317,2026-06-08 19:00:00,mobile
SESS_U00319_7_0,U00319,2026-06-08 17:00:00,mobile
SESS_U00321_7_0,U00321,2026-06-08 17:00:00,desktop
SESS_U00321_7_1,U00321,2026-06-08 13:00:00,mobile
SESS_U00327_7_0,U00327,2026-06-08 12:00:00,desktop
SESS_U00330_7_0,U00330,2026-06-08 19:00:00,desktop
SESS_U00331_7_0,U00331,2026-06-08 18:00:00,mobile
SESS_U00331_7_1,U00331,2026-06-08 16:00:00,mobile
SESS_U00333_7_0,U00333,2026-06-08 07:00:00,mobile
SESS_U00339_7_0,U00339,2026-06-08 21:00:00,desktop
SESS_U00347_7_0,U00347,2026-06-08 21:00:00,mobile
SESS_U00349_7_0,U00349,2026-06-08 22:00:00,desktop
SESS_U00349_7_1,U00349,2026-06-08 11:00:00,desktop
SESS_U00355_7_0,U00355,2026-06-08 22:00:00,desktop
SESS_U00357_7_0,U00357,2026-06-08 18:00:00,mobile
SESS_U00358_7_0,U00358,2026-06-08 11:00:00,mobile
SESS_U00358_7_1,U00358,2026-06-08 10:00:00,desktop
SESS_U00360_7_0,U00360,2026-06-08 12:00:00,desktop
SESS_U00360_7_1,U00360,2026-06-08 07:00:00,desktop
SESS_U00361_7_0,U00361,2026-06-08 19:00:00,mobile
SESS_U00364_7_0,U00364,2026-06-08 17:00:00,mobile
SESS_U00370_7_0,U00370,2026-06-08 14:00:00,mobile
SESS_U00370_7_1,U00370,2026-06-08 13:00:00,desktop
SESS_U00373_7_0,U00373,2026-06-08 22:00:00,desktop
SESS_U00376_7_0,U00376,2026-06-08 17:00:00,mobile
SESS_U00380_7_0,U00380,2026-06-08 07:00:00,mobile
SESS_U00382_7_0,U00382,2026-06-08 07:00:00,desktop
SESS_U00386_7_0,U00386,2026-06-08 09:00:00,mobile
SESS_U00386_7_1,U00386,2026-06-08 14:00:00,mobile
SESS_U00390_7_0,U00390,2026-06-08 17:00:00,mobile
SESS_U00391_7_0,U00391,2026-06-08 22:00:00,mobile
SESS_U00393_7_0,U00393,2026-06-08 10:00:00,mobile
SESS_U00393_7_1,U00393,2026-06-08 07:00:00,mobile
SESS_U00394_7_0,U00394,2026-06-08 08:00:00,mobile
SESS_U00395_7_0,U00395,2026-06-08 16:00:00,mobile
SESS_U00398_7_0,U00398,2026-06-08 09:00:00,mobile
SESS_U00398_7_1,U00398,2026-06-08 14:00:00,desktop
SESS_U00400_7_0,U00400,2026-06-08 21:00:00,mobile
SESS_U00400_7_1,U00400,2026-06-08 20:00:00,mobile
SESS_U00401_7_0,U00401,2026-06-08 11:00:00,mobile
SESS_U00401_7_1,U00401,2026-06-08 10:00:00,mobile
SESS_U00402_7_0,U00402,2026-06-08 18:00:00,mobile
SESS_U00403_7_0,U00403,2026-06-08 19:00:00,mobile
SESS_U00405_7_0,U00405,2026-06-08 08:00:00,desktop
SESS_U00413_7_0,U00413,2026-06-08 08:00:00,mobile
SESS_U00414_7_0,U00414,2026-06-08 13:00:00,mobile
SESS_U00420_7_0,U00420,2026-06-08 13:00:00,desktop
SESS_U00425_7_0,U00425,2026-06-08 14:00:00,mobile
SESS_U00429_7_0,U00429,2026-06-08 12:00:00,mobile
SESS_U00430_7_0,U00430,2026-06-08 09:00:00,mobile
SESS_U00430_7_1,U00430,2026-06-08 17:00:00,mobile
SESS_U00433_7_0,U00433,2026-06-08 21:00:00,mobile
SESS_U00434_7_0,U00434,2026-06-08 07:00:00,mobile
SESS_U00443_7_0,U00443,2026-06-08 12:00:00,mobile
SESS_U00443_7_1,U00443,2026-06-08 18:00:00,desktop
SESS_U00450_7_0,U00450,2026-06-08 22:00:00,tablet
SESS_U00458_7_0,U00458,2026-06-08 19:00:00,mobile
SESS_U00462_7_0,U00462,2026-06-08 14:00:00,mobile
SESS_U00463_7_0,U00463,2026-06-08 08:00:00,mobile
SESS_U00467_7_0,U00467,2026-06-08 10:00:00,desktop
SESS_U00468_7_0,U00468,2026-06-08 12:00:00,mobile
SESS_U00474_7_0,U00474,2026-06-08 14:00:00,mobile
SESS_U00474_7_1,U00474,2026-06-08 21:00:00,mobile
SESS_U00486_7_0,U00486,2026-06-08 21:00:00,mobile
SESS_U00487_7_0,U00487,2026-06-08 10:00:00,mobile
SESS_U00492_7_0,U00492,2026-06-08 10:00:00,mobile
SESS_U00495_7_0,U00495,2026-06-08 19:00:00,mobile
SESS_U00495_7_1,U00495,2026-06-08 11:00:00,mobile
SESS_U00499_7_0,U00499,2026-06-08 13:00:00,desktop
SESS_U00504_7_0,U00504,2026-06-08 09:00:00,mobile
SESS_U00510_7_0,U00510,2026-06-08 09:00:00,mobile
SESS_U00517_7_0,U00517,2026-06-08 18:00:00,mobile
SESS_U00523_7_0,U00523,2026-06-08 08:00:00,desktop
SESS_U00525_7_0,U00525,2026-06-08 22:00:00,mobile
SESS_U00526_7_0,U00526,2026-06-08 16:00:00,mobile
SESS_U00527_7_0,U00527,2026-06-08 19:00:00,mobile
SESS_U00533_7_0,U00533,2026-06-08 16:00:00,mobile
SESS_U00534_7_0,U00534,2026-06-08 20:00:00,mobile
SESS_U00534_7_1,U00534,2026-06-08 21:00:00,desktop
SESS_U00537_7_0,U00537,2026-06-08 17:00:00,mobile
SESS_U00544_7_0,U00544,2026-06-08 13:00:00,tablet
SESS_U00545_7_0,U00545,2026-06-08 22:00:00,mobile
SESS_U00545_7_1,U00545,2026-06-08 18:00:00,mobile
SESS_U00552_7_0,U00552,2026-06-08 11:00:00,mobile
SESS_U00555_7_0,U00555,2026-06-08 13:00:00,mobile
SESS_U00560_7_0,U00560,2026-06-08 12:00:00,desktop
SESS_U00560_7_1,U00560,2026-06-08 07:00:00,mobile
SESS_U00562_7_0,U00562,2026-06-08 09:00:00,mobile
SESS_U00563_7_0,U00563,2026-06-08 08:00:00,mobile
SESS_U00564_7_0,U00564,2026-06-08 15:00:00,mobile
SESS_U00564_7_1,U00564,2026-06-08 14:00:00,desktop
SESS_U00567_7_0,U00567,2026-06-08 10:00:00,desktop
SESS_U00568_7_0,U00568,2026-06-08 14:00:00,tablet
SESS_U00568_7_1,U00568,2026-06-08 09:00:00,mobile
SESS_U00571_7_0,U00571,2026-06-08 17:00:00,mobile
SESS_U00571_7_1,U00571,2026-06-08 10:00:00,mobile
SESS_U00577_7_0,U00577,2026-06-08 21:00:00,mobile
SESS_U00578_7_0,U00578,2026-06-08 16:00:00,mobile
SESS_U00579_7_0,U00579,2026-06-08 15:00:00,desktop
SESS_U00581_7_0,U00581,2026-06-08 11:00:00,mobile
SESS_U00583_7_0,U00583,2026-06-08 13:00:00,mobile
SESS_U00584_7_0,U00584,2026-06-08 20:00:00,mobile
SESS_U00585_7_0,U00585,2026-06-08 13:00:00,mobile
SESS_U00587_7_0,U00587,2026-06-08 09:00:00,mobile
SESS_U00588_7_0,U00588,2026-06-08 09:00:00,mobile
SESS_U00588_7_1,U00588,2026-06-08 18:00:00,mobile
SESS_U00591_7_0,U00591,2026-06-08 07:00:00,desktop
SESS_U00592_7_0,U00592,2026-06-08 09:00:00,mobile
SESS_U00593_7_0,U00593,2026-06-08 12:00:00,desktop
SESS_U00594_7_0,U00594,2026-06-08 21:00:00,desktop
SESS_U00596_7_0,U00596,2026-06-08 14:00:00,mobile
SESS_U00597_7_0,U00597,2026-06-08 13:00:00,mobile
SESS_U00597_7_1,U00597,2026-06-08 20:00:00,mobile
SESS_U00599_7_0,U00599,2026-06-08 19:00:00,mobile
SESS_U00599_7_1,U00599,2026-06-08 12:00:00,mobile
SESS_U00600_7_0,U00600,2026-06-08 22:00:00,mobile
SESS_U00601_7_0,U00601,2026-06-08 18:00:00,tablet
SESS_U00601_7_1,U00601,2026-06-08 14:00:00,mobile
SESS_U00605_7_0,U00605,2026-06-08 13:00:00,mobile
SESS_U00606_7_0,U00606,2026-06-08 12:00:00,desktop
SESS_U00608_7_0,U00608,2026-06-08 17:00:00,desktop
SESS_U00608_7_1,U00608,2026-06-08 21:00:00,mobile
SESS_U00611_7_0,U00611,2026-06-08 09:00:00,mobile
SESS_U00614_7_0,U00614,2026-06-08 10:00:00,tablet
SESS_U00615_7_0,U00615,2026-06-08 09:00:00,desktop
SESS_U00616_7_0,U00616,2026-06-08 14:00:00,mobile
SESS_U00617_7_0,U00617,2026-06-08 07:00:00,mobile
SESS_U00617_7_1,U00617,2026-06-08 10:00:00,mobile
SESS_U00618_7_0,U00618,2026-06-08 08:00:00,mobile
SESS_U00622_7_0,U00622,2026-06-08 08:00:00,mobile
SESS_U00623_7_0,U00623,2026-06-08 18:00:00,mobile
SESS_U00624_7_0,U00624,2026-06-08 19:00:00,mobile
SESS_U00625_7_0,U00625,2026-06-08 15:00:00,desktop
SESS_U00628_7_0,U00628,2026-06-08 18:00:00,desktop
SESS_U00630_7_0,U00630,2026-06-08 19:00:00,mobile
SESS_U00637_7_0,U00637,2026-06-08 08:00:00,desktop
SESS_U00638_7_0,U00638,2026-06-08 17:00:00,mobile
SESS_U00641_7_0,U00641,2026-06-08 13:00:00,mobile
SESS_U00645_7_0,U00645,2026-06-08 22:00:00,mobile
SESS_U00646_7_0,U00646,2026-06-08 10:00:00,desktop
SESS_U00646_7_1,U00646,2026-06-08 16:00:00,desktop
SESS_U00647_7_0,U00647,2026-06-08 18:00:00,desktop
SESS_U00651_7_0,U00651,2026-06-08 22:00:00,mobile
SESS_U00652_7_0,U00652,2026-06-08 20:00:00,mobile
SESS_U00653_7_0,U00653,2026-06-08 19:00:00,desktop
SESS_U00654_7_0,U00654,2026-06-08 10:00:00,desktop
SESS_U00656_7_0,U00656,2026-06-08 19:00:00,mobile
SESS_U00659_7_0,U00659,2026-06-08 09:00:00,mobile
SESS_U00663_7_0,U00663,2026-06-08 22:00:00,mobile
SESS_U00663_7_1,U00663,2026-06-08 20:00:00,desktop
SESS_U00666_7_0,U00666,2026-06-08 13:00:00,desktop
SESS_U00668_7_0,U00668,2026-06-08 20:00:00,desktop
SESS_U00670_7_0,U00670,2026-06-08 18:00:00,desktop
SESS_U00671_7_0,U00671,2026-06-08 08:00:00,desktop
SESS_U00677_7_0,U00677,2026-06-08 17:00:00,desktop
SESS_U00680_7_0,U00680,2026-06-08 15:00:00,desktop
SESS_U00684_7_0,U00684,2026-06-08 07:00:00,desktop
SESS_U00687_7_0,U00687,2026-06-08 14:00:00,mobile
SESS_U00694_7_0,U00694,2026-06-08 17:00:00,mobile
SESS_U00703_7_0,U00703,2026-06-08 18:00:00,desktop
SESS_U00704_7_0,U00704,2026-06-08 16:00:00,desktop
SESS_U00705_7_0,U00705,2026-06-08 19:00:00,mobile
SESS_U00706_7_0,U00706,2026-06-08 08:00:00,desktop
SESS_U00708_7_0,U00708,2026-06-08 20:00:00,desktop
SESS_U00710_7_0,U00710,2026-06-08 09:00:00,mobile
SESS_U00713_7_0,U00713,2026-06-08 21:00:00,desktop
SESS_U00714_7_0,U00714,2026-06-08 12:00:00,mobile
SESS_U00719_7_0,U00719,2026-06-08 07:00:00,mobile
SESS_U00721_7_0,U00721,2026-06-08 13:00:00,desktop
SESS_U00721_7_1,U00721,2026-06-08 18:00:00,desktop
SESS_U00725_7_0,U00725,2026-06-08 14:00:00,mobile
SESS_U00730_7_0,U00730,2026-06-08 08:00:00,desktop
SESS_U00743_7_0,U00743,2026-06-08 13:00:00,mobile
SESS_U00746_7_0,U00746,2026-06-08 15:00:00,mobile
SESS_U00750_7_0,U00750,2026-06-08 21:00:00,mobile
SESS_U00750_7_1,U00750,2026-06-08 18:00:00,mobile
SESS_U00756_7_0,U00756,2026-06-08 14:00:00,mobile
SESS_U00757_7_0,U00757,2026-06-08 20:00:00,desktop
SESS_U00759_7_0,U00759,2026-06-08 20:00:00,mobile
SESS_U00759_7_1,U00759,2026-06-08 22:00:00,mobile
SESS_U00764_7_0,U00764,2026-06-08 11:00:00,desktop
SESS_U00765_7_0,U00765,2026-06-08 10:00:00,mobile
SESS_U00766_7_0,U00766,2026-06-08 20:00:00,mobile
SESS_U00766_7_1,U00766,2026-06-08 21:00:00,mobile
SESS_U00768_7_0,U00768,2026-06-08 18:00:00,desktop
SESS_U00771_7_0,U00771,2026-06-08 07:00:00,mobile
SESS_U00772_7_0,U00772,2026-06-08 18:00:00,desktop
SESS_U00777_7_0,U00777,2026-06-08 08:00:00,mobile
SESS_U00780_7_0,U00780,2026-06-08 19:00:00,mobile
SESS_U00787_7_0,U00787,2026-06-08 21:00:00,mobile
SESS_U00787_7_1,U00787,2026-06-08 21:00:00,mobile
SESS_U00789_7_0,U00789,2026-06-08 15:00:00,desktop
SESS_U00792_7_0,U00792,2026-06-08 09:00:00,desktop
SESS_U00792_7_1,U00792,2026-06-08 18:00:00,mobile
SESS_U00793_7_0,U00793,2026-06-08 12:00:00,mobile
SESS_U00795_7_0,U00795,2026-06-08 11:00:00,mobile
SESS_U00799_7_0,U00799,2026-06-08 10:00:00,mobile
SESS_U00001_8_0,U00001,2026-06-09 20:00:00,desktop
SESS_U00002_8_0,U00002,2026-06-09 19:00:00,desktop
SESS_U00003_8_0,U00003,2026-06-09 19:00:00,mobile
SESS_U00004_8_0,U00004,2026-06-09 08:00:00,mobile
SESS_U00005_8_0,U00005,2026-06-09 12:00:00,mobile
SESS_U00009_8_0,U00009,2026-06-09 22:00:00,desktop
SESS_U00011_8_0,U00011,2026-06-09 18:00:00,desktop
SESS_U00012_8_0,U00012,2026-06-09 07:00:00,mobile
SESS_U00014_8_0,U00014,2026-06-09 13:00:00,mobile
SESS_U00015_8_0,U00015,2026-06-09 09:00:00,desktop
SESS_U00029_8_0,U00029,2026-06-09 17:00:00,tablet
SESS_U00033_8_0,U00033,2026-06-09 21:00:00,mobile
SESS_U00034_8_0,U00034,2026-06-09 11:00:00,mobile
SESS_U00037_8_0,U00037,2026-06-09 11:00:00,desktop
SESS_U00037_8_1,U00037,2026-06-09 11:00:00,mobile
SESS_U00039_8_0,U00039,2026-06-09 11:00:00,desktop
SESS_U00043_8_0,U00043,2026-06-09 17:00:00,mobile
SESS_U00047_8_0,U00047,2026-06-09 10:00:00,mobile
SESS_U00049_8_0,U00049,2026-06-09 08:00:00,mobile
SESS_U00050_8_0,U00050,2026-06-09 21:00:00,mobile
SESS_U00052_8_0,U00052,2026-06-09 07:00:00,desktop
SESS_U00061_8_0,U00061,2026-06-09 20:00:00,desktop
SESS_U00061_8_1,U00061,2026-06-09 14:00:00,desktop
SESS_U00071_8_0,U00071,2026-06-09 16:00:00,mobile
SESS_U00072_8_0,U00072,2026-06-09 15:00:00,mobile
SESS_U00077_8_0,U00077,2026-06-09 21:00:00,desktop
SESS_U00078_8_0,U00078,2026-06-09 20:00:00,mobile
SESS_U00079_8_0,U00079,2026-06-09 15:00:00,mobile
SESS_U00081_8_0,U00081,2026-06-09 18:00:00,desktop
SESS_U00082_8_0,U00082,2026-06-09 22:00:00,mobile
SESS_U00083_8_0,U00083,2026-06-09 21:00:00,mobile
SESS_U00092_8_0,U00092,2026-06-09 14:00:00,tablet
SESS_U00093_8_0,U00093,2026-06-09 20:00:00,mobile
SESS_U00093_8_1,U00093,2026-06-09 16:00:00,mobile
SESS_U00098_8_0,U00098,2026-06-09 11:00:00,desktop
SESS_U00100_8_0,U00100,2026-06-09 16:00:00,desktop
SESS_U00100_8_1,U00100,2026-06-09 08:00:00,desktop
SESS_U00106_8_0,U00106,2026-06-09 21:00:00,desktop
SESS_U00106_8_1,U00106,2026-06-09 10:00:00,mobile
SESS_U00108_8_0,U00108,2026-06-09 07:00:00,mobile
SESS_U00111_8_0,U00111,2026-06-09 11:00:00,desktop
SESS_U00111_8_1,U00111,2026-06-09 21:00:00,desktop
SESS_U00113_8_0,U00113,2026-06-09 13:00:00,mobile
SESS_U00117_8_0,U00117,2026-06-09 12:00:00,mobile
SESS_U00136_8_0,U00136,2026-06-09 11:00:00,mobile
SESS_U00142_8_0,U00142,2026-06-09 11:00:00,desktop
SESS_U00143_8_0,U00143,2026-06-09 13:00:00,mobile
SESS_U00144_8_0,U00144,2026-06-09 14:00:00,mobile
SESS_U00146_8_0,U00146,2026-06-09 08:00:00,mobile
SESS_U00149_8_0,U00149,2026-06-09 09:00:00,desktop
SESS_U00150_8_0,U00150,2026-06-09 16:00:00,desktop
SESS_U00156_8_0,U00156,2026-06-09 22:00:00,mobile
SESS_U00158_8_0,U00158,2026-06-09 19:00:00,desktop
SESS_U00162_8_0,U00162,2026-06-09 21:00:00,mobile
SESS_U00169_8_0,U00169,2026-06-09 14:00:00,desktop
SESS_U00171_8_0,U00171,2026-06-09 11:00:00,mobile
SESS_U00172_8_0,U00172,2026-06-09 08:00:00,mobile
SESS_U00173_8_0,U00173,2026-06-09 09:00:00,mobile
SESS_U00175_8_0,U00175,2026-06-09 13:00:00,mobile
SESS_U00181_8_0,U00181,2026-06-09 11:00:00,mobile
SESS_U00181_8_1,U00181,2026-06-09 17:00:00,mobile
SESS_U00185_8_0,U00185,2026-06-09 09:00:00,desktop
SESS_U00185_8_1,U00185,2026-06-09 16:00:00,desktop
SESS_U00197_8_0,U00197,2026-06-09 20:00:00,mobile
SESS_U00201_8_0,U00201,2026-06-09 16:00:00,tablet
SESS_U00207_8_0,U00207,2026-06-09 20:00:00,mobile
SESS_U00210_8_0,U00210,2026-06-09 17:00:00,desktop
SESS_U00218_8_0,U00218,2026-06-09 08:00:00,mobile
SESS_U00224_8_0,U00224,2026-06-09 09:00:00,desktop
SESS_U00237_8_0,U00237,2026-06-09 14:00:00,desktop
SESS_U00244_8_0,U00244,2026-06-09 21:00:00,desktop
SESS_U00246_8_0,U00246,2026-06-09 10:00:00,mobile
SESS_U00249_8_0,U00249,2026-06-09 11:00:00,mobile
SESS_U00250_8_0,U00250,2026-06-09 11:00:00,mobile
SESS_U00252_8_0,U00252,2026-06-09 13:00:00,tablet
SESS_U00258_8_0,U00258,2026-06-09 19:00:00,desktop
SESS_U00266_8_0,U00266,2026-06-09 13:00:00,desktop
SESS_U00272_8_0,U00272,2026-06-09 09:00:00,mobile
SESS_U00273_8_0,U00273,2026-06-09 21:00:00,tablet
SESS_U00274_8_0,U00274,2026-06-09 14:00:00,mobile
SESS_U00275_8_0,U00275,2026-06-09 22:00:00,mobile
SESS_U00282_8_0,U00282,2026-06-09 13:00:00,mobile
SESS_U00292_8_0,U00292,2026-06-09 16:00:00,desktop
SESS_U00294_8_0,U00294,2026-06-09 10:00:00,desktop
SESS_U00297_8_0,U00297,2026-06-09 14:00:00,mobile
SESS_U00299_8_0,U00299,2026-06-09 21:00:00,mobile
SESS_U00299_8_1,U00299,2026-06-09 18:00:00,desktop
SESS_U00302_8_0,U00302,2026-06-09 16:00:00,mobile
SESS_U00304_8_0,U00304,2026-06-09 13:00:00,desktop
SESS_U00304_8_1,U00304,2026-06-09 16:00:00,mobile
SESS_U00305_8_0,U00305,2026-06-09 16:00:00,mobile
SESS_U00308_8_0,U00308,2026-06-09 14:00:00,mobile
SESS_U00313_8_0,U00313,2026-06-09 09:00:00,mobile
SESS_U00313_8_1,U00313,2026-06-09 11:00:00,desktop
SESS_U00317_8_0,U00317,2026-06-09 13:00:00,desktop
SESS_U00322_8_0,U00322,2026-06-09 20:00:00,tablet
SESS_U00324_8_0,U00324,2026-06-09 19:00:00,mobile
SESS_U00328_8_0,U00328,2026-06-09 16:00:00,mobile
SESS_U00330_8_0,U00330,2026-06-09 13:00:00,mobile
SESS_U00333_8_0,U00333,2026-06-09 08:00:00,mobile
SESS_U00334_8_0,U00334,2026-06-09 15:00:00,desktop
SESS_U00337_8_0,U00337,2026-06-09 11:00:00,mobile
SESS_U00342_8_0,U00342,2026-06-09 10:00:00,desktop
SESS_U00344_8_0,U00344,2026-06-09 21:00:00,tablet
SESS_U00348_8_0,U00348,2026-06-09 08:00:00,desktop
SESS_U00355_8_0,U00355,2026-06-09 19:00:00,desktop
SESS_U00357_8_0,U00357,2026-06-09 16:00:00,desktop
SESS_U00357_8_1,U00357,2026-06-09 18:00:00,mobile
SESS_U00361_8_0,U00361,2026-06-09 20:00:00,mobile
SESS_U00363_8_0,U00363,2026-06-09 17:00:00,tablet
SESS_U00372_8_0,U00372,2026-06-09 12:00:00,mobile
SESS_U00373_8_0,U00373,2026-06-09 18:00:00,desktop
SESS_U00374_8_0,U00374,2026-06-09 17:00:00,mobile
SESS_U00376_8_0,U00376,2026-06-09 17:00:00,mobile
SESS_U00379_8_0,U00379,2026-06-09 15:00:00,desktop
SESS_U00383_8_0,U00383,2026-06-09 08:00:00,mobile
SESS_U00386_8_0,U00386,2026-06-09 19:00:00,desktop
SESS_U00386_8_1,U00386,2026-06-09 13:00:00,desktop
SESS_U00387_8_0,U00387,2026-06-09 18:00:00,mobile
SESS_U00387_8_1,U00387,2026-06-09 17:00:00,desktop
SESS_U00389_8_0,U00389,2026-06-09 18:00:00,mobile
SESS_U00391_8_0,U00391,2026-06-09 07:00:00,mobile
SESS_U00399_8_0,U00399,2026-06-09 12:00:00,mobile
SESS_U00400_8_0,U00400,2026-06-09 08:00:00,mobile
SESS_U00404_8_0,U00404,2026-06-09 15:00:00,mobile
SESS_U00404_8_1,U00404,2026-06-09 20:00:00,desktop
SESS_U00405_8_0,U00405,2026-06-09 09:00:00,mobile
SESS_U00406_8_0,U00406,2026-06-09 16:00:00,mobile
SESS_U00406_8_1,U00406,2026-06-09 15:00:00,desktop
SESS_U00407_8_0,U00407,2026-06-09 14:00:00,mobile
SESS_U00415_8_0,U00415,2026-06-09 10:00:00,desktop
SESS_U00421_8_0,U00421,2026-06-09 13:00:00,mobile
SESS_U00422_8_0,U00422,2026-06-09 09:00:00,mobile
SESS_U00423_8_0,U00423,2026-06-09 14:00:00,mobile
SESS_U00426_8_0,U00426,2026-06-09 19:00:00,desktop
SESS_U00427_8_0,U00427,2026-06-09 15:00:00,mobile
SESS_U00432_8_0,U00432,2026-06-09 14:00:00,mobile
SESS_U00434_8_0,U00434,2026-06-09 19:00:00,mobile
SESS_U00435_8_0,U00435,2026-06-09 07:00:00,desktop
SESS_U00436_8_0,U00436,2026-06-09 15:00:00,mobile
SESS_U00440_8_0,U00440,2026-06-09 19:00:00,desktop
SESS_U00442_8_0,U00442,2026-06-09 16:00:00,mobile
SESS_U00443_8_0,U00443,2026-06-09 20:00:00,desktop
SESS_U00445_8_0,U00445,2026-06-09 08:00:00,mobile
SESS_U00450_8_0,U00450,2026-06-09 07:00:00,mobile
SESS_U00461_8_0,U00461,2026-06-09 10:00:00,mobile
SESS_U00468_8_0,U00468,2026-06-09 13:00:00,desktop
SESS_U00472_8_0,U00472,2026-06-09 19:00:00,mobile
SESS_U00479_8_0,U00479,2026-06-09 17:00:00,mobile
SESS_U00479_8_1,U00479,2026-06-09 15:00:00,mobile
SESS_U00480_8_0,U00480,2026-06-09 15:00:00,mobile
SESS_U00489_8_0,U00489,2026-06-09 17:00:00,desktop
SESS_U00490_8_0,U00490,2026-06-09 11:00:00,mobile
SESS_U00490_8_1,U00490,2026-06-09 17:00:00,desktop
SESS_U00495_8_0,U00495,2026-06-09 09:00:00,desktop
SESS_U00496_8_0,U00496,2026-06-09 10:00:00,desktop
SESS_U00497_8_0,U00497,2026-06-09 19:00:00,desktop
SESS_U00498_8_0,U00498,2026-06-09 18:00:00,mobile
SESS_U00499_8_0,U00499,2026-06-09 16:00:00,mobile
SESS_U00500_8_0,U00500,2026-06-09 12:00:00,mobile
SESS_U00501_8_0,U00501,2026-06-09 22:00:00,mobile
SESS_U00506_8_0,U00506,2026-06-09 13:00:00,mobile
SESS_U00509_8_0,U00509,2026-06-09 12:00:00,mobile
SESS_U00512_8_0,U00512,2026-06-09 22:00:00,mobile
SESS_U00515_8_0,U00515,2026-06-09 14:00:00,mobile
SESS_U00516_8_0,U00516,2026-06-09 21:00:00,mobile
SESS_U00518_8_0,U00518,2026-06-09 15:00:00,mobile
SESS_U00520_8_0,U00520,2026-06-09 12:00:00,desktop
SESS_U00521_8_0,U00521,2026-06-09 20:00:00,desktop
SESS_U00525_8_0,U00525,2026-06-09 17:00:00,desktop
SESS_U00527_8_0,U00527,2026-06-09 15:00:00,desktop
SESS_U00533_8_0,U00533,2026-06-09 12:00:00,mobile
SESS_U00537_8_0,U00537,2026-06-09 16:00:00,desktop
SESS_U00540_8_0,U00540,2026-06-09 19:00:00,desktop
SESS_U00546_8_0,U00546,2026-06-09 10:00:00,desktop
SESS_U00548_8_0,U00548,2026-06-09 12:00:00,desktop
SESS_U00553_8_0,U00553,2026-06-09 09:00:00,mobile
SESS_U00557_8_0,U00557,2026-06-09 16:00:00,mobile
SESS_U00557_8_1,U00557,2026-06-09 08:00:00,desktop
SESS_U00558_8_0,U00558,2026-06-09 11:00:00,desktop
SESS_U00558_8_1,U00558,2026-06-09 10:00:00,mobile
SESS_U00565_8_0,U00565,2026-06-09 17:00:00,mobile
SESS_U00568_8_0,U00568,2026-06-09 20:00:00,desktop
SESS_U00573_8_0,U00573,2026-06-09 20:00:00,mobile
SESS_U00573_8_1,U00573,2026-06-09 12:00:00,tablet
SESS_U00574_8_0,U00574,2026-06-09 16:00:00,desktop
SESS_U00574_8_1,U00574,2026-06-09 13:00:00,mobile
SESS_U00580_8_0,U00580,2026-06-09 12:00:00,mobile
SESS_U00584_8_0,U00584,2026-06-09 20:00:00,mobile
SESS_U00585_8_0,U00585,2026-06-09 14:00:00,desktop
SESS_U00587_8_0,U00587,2026-06-09 07:00:00,desktop
SESS_U00592_8_0,U00592,2026-06-09 09:00:00,tablet
SESS_U00593_8_0,U00593,2026-06-09 14:00:00,mobile
SESS_U00600_8_0,U00600,2026-06-09 20:00:00,desktop
SESS_U00609_8_0,U00609,2026-06-09 20:00:00,desktop
SESS_U00611_8_0,U00611,2026-06-09 21:00:00,desktop
SESS_U00615_8_0,U00615,2026-06-09 12:00:00,tablet
SESS_U00619_8_0,U00619,2026-06-09 17:00:00,desktop
SESS_U00621_8_0,U00621,2026-06-09 20:00:00,mobile
SESS_U00621_8_1,U00621,2026-06-09 13:00:00,mobile
SESS_U00626_8_0,U00626,2026-06-09 13:00:00,mobile
SESS_U00630_8_0,U00630,2026-06-09 11:00:00,mobile
SESS_U00632_8_0,U00632,2026-06-09 15:00:00,mobile
SESS_U00638_8_0,U00638,2026-06-09 07:00:00,mobile
SESS_U00639_8_0,U00639,2026-06-09 16:00:00,desktop
SESS_U00645_8_0,U00645,2026-06-09 12:00:00,mobile
SESS_U00647_8_0,U00647,2026-06-09 22:00:00,mobile
SESS_U00648_8_0,U00648,2026-06-09 11:00:00,desktop
SESS_U00653_8_0,U00653,2026-06-09 12:00:00,mobile
SESS_U00655_8_0,U00655,2026-06-09 08:00:00,mobile
SESS_U00665_8_0,U00665,2026-06-09 18:00:00,mobile
SESS_U00669_8_0,U00669,2026-06-09 22:00:00,mobile
SESS_U00670_8_0,U00670,2026-06-09 09:00:00,desktop
SESS_U00671_8_0,U00671,2026-06-09 12:00:00,mobile
SESS_U00671_8_1,U00671,2026-06-09 13:00:00,desktop
SESS_U00672_8_0,U00672,2026-06-09 13:00:00,tablet
SESS_U00676_8_0,U00676,2026-06-09 08:00:00,desktop
SESS_U00682_8_0,U00682,2026-06-09 13:00:00,desktop
SESS_U00688_8_0,U00688,2026-06-09 21:00:00,mobile
SESS_U00693_8_0,U00693,2026-06-09 18:00:00,desktop
SESS_U00697_8_0,U00697,2026-06-09 09:00:00,desktop
SESS_U00699_8_0,U00699,2026-06-09 17:00:00,desktop
SESS_U00704_8_0,U00704,2026-06-09 14:00:00,desktop
SESS_U00706_8_0,U00706,2026-06-09 09:00:00,mobile
SESS_U00708_8_0,U00708,2026-06-09 17:00:00,desktop
SESS_U00711_8_0,U00711,2026-06-09 17:00:00,mobile
SESS_U00720_8_0,U00720,2026-06-09 14:00:00,mobile
SESS_U00721_8_0,U00721,2026-06-09 17:00:00,mobile
SESS_U00726_8_0,U00726,2026-06-09 08:00:00,mobile
SESS_U00727_8_0,U00727,2026-06-09 13:00:00,mobile
SESS_U00729_8_0,U00729,2026-06-09 18:00:00,desktop
SESS_U00730_8_0,U00730,2026-06-09 11:00:00,mobile
SESS_U00732_8_0,U00732,2026-06-09 11:00:00,mobile
SESS_U00734_8_0,U00734,2026-06-09 16:00:00,mobile
SESS_U00736_8_0,U00736,2026-06-09 17:00:00,mobile
SESS_U00739_8_0,U00739,2026-06-09 17:00:00,desktop
SESS_U00740_8_0,U00740,2026-06-09 17:00:00,mobile
SESS_U00743_8_0,U00743,2026-06-09 14:00:00,mobile
SESS_U00745_8_0,U00745,2026-06-09 09:00:00,desktop
SESS_U00747_8_0,U00747,2026-06-09 10:00:00,mobile
SESS_U00751_8_0,U00751,2026-06-09 14:00:00,mobile
SESS_U00753_8_0,U00753,2026-06-09 22:00:00,mobile
SESS_U00756_8_0,U00756,2026-06-09 20:00:00,mobile
SESS_U00759_8_0,U00759,2026-06-09 11:00:00,desktop
SESS_U00768_8_0,U00768,2026-06-09 11:00:00,mobile
SESS_U00770_8_0,U00770,2026-06-09 10:00:00,mobile
SESS_U00773_8_0,U00773,2026-06-09 09:00:00,mobile
SESS_U00781_8_0,U00781,2026-06-09 18:00:00,mobile
SESS_U00783_8_0,U00783,2026-06-09 12:00:00,mobile
SESS_U00790_8_0,U00790,2026-06-09 11:00:00,mobile
SESS_U00791_8_0,U00791,2026-06-09 09:00:00,desktop
SESS_U00792_8_0,U00792,2026-06-09 22:00:00,mobile
SESS_U00794_8_0,U00794,2026-06-09 15:00:00,desktop
SESS_U00797_8_0,U00797,2026-06-09 14:00:00,mobile
SESS_U00798_8_0,U00798,2026-06-09 08:00:00,desktop
SESS_U00799_8_0,U00799,2026-06-09 07:00:00,desktop
SESS_U00002_9_0,U00002,2026-06-10 19:00:00,desktop
SESS_U00003_9_0,U00003,2026-06-10 13:00:00,mobile
SESS_U00011_9_0,U00011,2026-06-10 14:00:00,desktop
SESS_U00012_9_0,U00012,2026-06-10 19:00:00,desktop
SESS_U00018_9_0,U00018,2026-06-10 11:00:00,mobile
SESS_U00027_9_0,U00027,2026-06-10 07:00:00,desktop
SESS_U00028_9_0,U00028,2026-06-10 11:00:00,mobile
SESS_U00031_9_0,U00031,2026-06-10 20:00:00,mobile
SESS_U00032_9_0,U00032,2026-06-10 17:00:00,tablet
SESS_U00033_9_0,U00033,2026-06-10 12:00:00,mobile
SESS_U00035_9_0,U00035,2026-06-10 11:00:00,desktop
SESS_U00036_9_0,U00036,2026-06-10 13:00:00,mobile
SESS_U00037_9_0,U00037,2026-06-10 15:00:00,desktop
SESS_U00038_9_0,U00038,2026-06-10 14:00:00,mobile
SESS_U00048_9_0,U00048,2026-06-10 21:00:00,desktop
SESS_U00049_9_0,U00049,2026-06-10 11:00:00,desktop
SESS_U00050_9_0,U00050,2026-06-10 10:00:00,desktop
SESS_U00050_9_1,U00050,2026-06-10 19:00:00,desktop
SESS_U00052_9_0,U00052,2026-06-10 21:00:00,mobile
SESS_U00053_9_0,U00053,2026-06-10 20:00:00,mobile
SESS_U00055_9_0,U00055,2026-06-10 13:00:00,mobile
SESS_U00056_9_0,U00056,2026-06-10 21:00:00,mobile
SESS_U00056_9_1,U00056,2026-06-10 21:00:00,mobile
SESS_U00060_9_0,U00060,2026-06-10 14:00:00,desktop
SESS_U00060_9_1,U00060,2026-06-10 09:00:00,tablet
SESS_U00063_9_0,U00063,2026-06-10 09:00:00,mobile
SESS_U00065_9_0,U00065,2026-06-10 18:00:00,desktop
SESS_U00068_9_0,U00068,2026-06-10 21:00:00,desktop
SESS_U00085_9_0,U00085,2026-06-10 15:00:00,mobile
SESS_U00088_9_0,U00088,2026-06-10 20:00:00,desktop
SESS_U00088_9_1,U00088,2026-06-10 20:00:00,mobile
SESS_U00089_9_0,U00089,2026-06-10 16:00:00,mobile
SESS_U00095_9_0,U00095,2026-06-10 09:00:00,mobile
SESS_U00100_9_0,U00100,2026-06-10 19:00:00,desktop
SESS_U00105_9_0,U00105,2026-06-10 21:00:00,mobile
SESS_U00107_9_0,U00107,2026-06-10 12:00:00,mobile
SESS_U00109_9_0,U00109,2026-06-10 08:00:00,mobile
SESS_U00110_9_0,U00110,2026-06-10 19:00:00,mobile
SESS_U00110_9_1,U00110,2026-06-10 13:00:00,mobile
SESS_U00115_9_0,U00115,2026-06-10 11:00:00,mobile
SESS_U00121_9_0,U00121,2026-06-10 14:00:00,mobile
SESS_U00127_9_0,U00127,2026-06-10 07:00:00,mobile
SESS_U00127_9_1,U00127,2026-06-10 11:00:00,desktop
SESS_U00133_9_0,U00133,2026-06-10 09:00:00,desktop
SESS_U00134_9_0,U00134,2026-06-10 19:00:00,mobile
SESS_U00135_9_0,U00135,2026-06-10 09:00:00,mobile
SESS_U00140_9_0,U00140,2026-06-10 07:00:00,mobile
SESS_U00142_9_0,U00142,2026-06-10 19:00:00,mobile
SESS_U00143_9_0,U00143,2026-06-10 16:00:00,mobile
SESS_U00156_9_0,U00156,2026-06-10 13:00:00,mobile
SESS_U00165_9_0,U00165,2026-06-10 08:00:00,mobile
SESS_U00167_9_0,U00167,2026-06-10 13:00:00,mobile
SESS_U00169_9_0,U00169,2026-06-10 11:00:00,mobile
SESS_U00170_9_0,U00170,2026-06-10 13:00:00,desktop
SESS_U00182_9_0,U00182,2026-06-10 11:00:00,desktop
SESS_U00187_9_0,U00187,2026-06-10 20:00:00,mobile
SESS_U00190_9_0,U00190,2026-06-10 09:00:00,desktop
SESS_U00197_9_0,U00197,2026-06-10 17:00:00,mobile
SESS_U00197_9_1,U00197,2026-06-10 10:00:00,desktop
SESS_U00200_9_0,U00200,2026-06-10 16:00:00,tablet
SESS_U00205_9_0,U00205,2026-06-10 15:00:00,mobile
SESS_U00216_9_0,U00216,2026-06-10 21:00:00,mobile
SESS_U00217_9_0,U00217,2026-06-10 19:00:00,mobile
SESS_U00221_9_0,U00221,2026-06-10 13:00:00,tablet
SESS_U00222_9_0,U00222,2026-06-10 19:00:00,mobile
SESS_U00226_9_0,U00226,2026-06-10 19:00:00,desktop
SESS_U00233_9_0,U00233,2026-06-10 15:00:00,mobile
SESS_U00234_9_0,U00234,2026-06-10 07:00:00,desktop
SESS_U00240_9_0,U00240,2026-06-10 16:00:00,desktop
SESS_U00244_9_0,U00244,2026-06-10 07:00:00,mobile
SESS_U00244_9_1,U00244,2026-06-10 08:00:00,mobile
SESS_U00246_9_0,U00246,2026-06-10 09:00:00,desktop
SESS_U00246_9_1,U00246,2026-06-10 10:00:00,desktop
SESS_U00248_9_0,U00248,2026-06-10 11:00:00,mobile
SESS_U00251_9_0,U00251,2026-06-10 16:00:00,desktop
SESS_U00253_9_0,U00253,2026-06-10 22:00:00,desktop
SESS_U00254_9_0,U00254,2026-06-10 21:00:00,desktop
SESS_U00256_9_0,U00256,2026-06-10 21:00:00,desktop
SESS_U00268_9_0,U00268,2026-06-10 09:00:00,desktop
SESS_U00276_9_0,U00276,2026-06-10 11:00:00,mobile
SESS_U00276_9_1,U00276,2026-06-10 10:00:00,mobile
SESS_U00277_9_0,U00277,2026-06-10 17:00:00,desktop
SESS_U00280_9_0,U00280,2026-06-10 20:00:00,mobile
SESS_U00282_9_0,U00282,2026-06-10 17:00:00,mobile
SESS_U00286_9_0,U00286,2026-06-10 07:00:00,desktop
SESS_U00287_9_0,U00287,2026-06-10 11:00:00,mobile
SESS_U00290_9_0,U00290,2026-06-10 15:00:00,mobile
SESS_U00291_9_0,U00291,2026-06-10 19:00:00,desktop
SESS_U00295_9_0,U00295,2026-06-10 19:00:00,desktop
SESS_U00296_9_0,U00296,2026-06-10 08:00:00,mobile
SESS_U00297_9_0,U00297,2026-06-10 17:00:00,desktop
SESS_U00299_9_0,U00299,2026-06-10 09:00:00,mobile
SESS_U00299_9_1,U00299,2026-06-10 09:00:00,mobile
SESS_U00301_9_0,U00301,2026-06-10 13:00:00,mobile
SESS_U00304_9_0,U00304,2026-06-10 20:00:00,mobile
SESS_U00305_9_0,U00305,2026-06-10 14:00:00,desktop
SESS_U00307_9_0,U00307,2026-06-10 09:00:00,desktop
SESS_U00309_9_0,U00309,2026-06-10 17:00:00,mobile
SESS_U00310_9_0,U00310,2026-06-10 09:00:00,desktop
SESS_U00311_9_0,U00311,2026-06-10 14:00:00,desktop
SESS_U00313_9_0,U00313,2026-06-10 17:00:00,mobile
SESS_U00317_9_0,U00317,2026-06-10 08:00:00,desktop
SESS_U00318_9_0,U00318,2026-06-10 15:00:00,mobile
SESS_U00327_9_0,U00327,2026-06-10 22:00:00,desktop
SESS_U00329_9_0,U00329,2026-06-10 09:00:00,desktop
SESS_U00334_9_0,U00334,2026-06-10 18:00:00,desktop
SESS_U00336_9_0,U00336,2026-06-10 21:00:00,mobile
SESS_U00340_9_0,U00340,2026-06-10 16:00:00,desktop
SESS_U00340_9_1,U00340,2026-06-10 12:00:00,mobile
SESS_U00345_9_0,U00345,2026-06-10 17:00:00,mobile
SESS_U00346_9_0,U00346,2026-06-10 21:00:00,desktop
SESS_U00348_9_0,U00348,2026-06-10 22:00:00,mobile
SESS_U00349_9_0,U00349,2026-06-10 14:00:00,desktop
SESS_U00350_9_0,U00350,2026-06-10 12:00:00,mobile
SESS_U00362_9_0,U00362,2026-06-10 10:00:00,desktop
SESS_U00364_9_0,U00364,2026-06-10 11:00:00,mobile
SESS_U00368_9_0,U00368,2026-06-10 08:00:00,mobile
SESS_U00369_9_0,U00369,2026-06-10 17:00:00,mobile
SESS_U00372_9_0,U00372,2026-06-10 21:00:00,mobile
SESS_U00375_9_0,U00375,2026-06-10 09:00:00,mobile
SESS_U00376_9_0,U00376,2026-06-10 07:00:00,desktop
SESS_U00379_9_0,U00379,2026-06-10 22:00:00,mobile
SESS_U00385_9_0,U00385,2026-06-10 08:00:00,mobile
SESS_U00385_9_1,U00385,2026-06-10 07:00:00,mobile
SESS_U00387_9_0,U00387,2026-06-10 12:00:00,tablet
SESS_U00390_9_0,U00390,2026-06-10 18:00:00,mobile
SESS_U00398_9_0,U00398,2026-06-10 09:00:00,mobile
SESS_U00398_9_1,U00398,2026-06-10 14:00:00,desktop
SESS_U00399_9_0,U00399,2026-06-10 16:00:00,mobile
SESS_U00401_9_0,U00401,2026-06-10 11:00:00,mobile
SESS_U00403_9_0,U00403,2026-06-10 14:00:00,mobile
SESS_U00404_9_0,U00404,2026-06-10 07:00:00,desktop
SESS_U00405_9_0,U00405,2026-06-10 21:00:00,mobile
SESS_U00411_9_0,U00411,2026-06-10 13:00:00,desktop
SESS_U00414_9_0,U00414,2026-06-10 11:00:00,tablet
SESS_U00415_9_0,U00415,2026-06-10 20:00:00,mobile
SESS_U00424_9_0,U00424,2026-06-10 11:00:00,mobile
SESS_U00425_9_0,U00425,2026-06-10 13:00:00,mobile
SESS_U00425_9_1,U00425,2026-06-10 17:00:00,mobile
SESS_U00426_9_0,U00426,2026-06-10 14:00:00,mobile
SESS_U00430_9_0,U00430,2026-06-10 20:00:00,desktop
SESS_U00431_9_0,U00431,2026-06-10 11:00:00,mobile
SESS_U00434_9_0,U00434,2026-06-10 16:00:00,desktop
SESS_U00438_9_0,U00438,2026-06-10 16:00:00,mobile
SESS_U00439_9_0,U00439,2026-06-10 18:00:00,mobile
SESS_U00439_9_1,U00439,2026-06-10 12:00:00,desktop
SESS_U00443_9_0,U00443,2026-06-10 11:00:00,desktop
SESS_U00448_9_0,U00448,2026-06-10 10:00:00,desktop
SESS_U00450_9_0,U00450,2026-06-10 16:00:00,mobile
SESS_U00451_9_0,U00451,2026-06-10 15:00:00,mobile
SESS_U00456_9_0,U00456,2026-06-10 11:00:00,desktop
SESS_U00456_9_1,U00456,2026-06-10 07:00:00,desktop
SESS_U00457_9_0,U00457,2026-06-10 18:00:00,mobile
SESS_U00459_9_0,U00459,2026-06-10 13:00:00,mobile
SESS_U00459_9_1,U00459,2026-06-10 17:00:00,desktop
SESS_U00460_9_0,U00460,2026-06-10 14:00:00,mobile
SESS_U00461_9_0,U00461,2026-06-10 19:00:00,mobile
SESS_U00462_9_0,U00462,2026-06-10 11:00:00,mobile
SESS_U00464_9_0,U00464,2026-06-10 08:00:00,mobile
SESS_U00476_9_0,U00476,2026-06-10 17:00:00,desktop
SESS_U00481_9_0,U00481,2026-06-10 17:00:00,mobile
SESS_U00482_9_0,U00482,2026-06-10 21:00:00,mobile
SESS_U00483_9_0,U00483,2026-06-10 20:00:00,desktop
SESS_U00486_9_0,U00486,2026-06-10 16:00:00,desktop
SESS_U00491_9_0,U00491,2026-06-10 19:00:00,mobile
SESS_U00500_9_0,U00500,2026-06-10 17:00:00,mobile
SESS_U00501_9_0,U00501,2026-06-10 19:00:00,mobile
SESS_U00504_9_0,U00504,2026-06-10 19:00:00,mobile
SESS_U00505_9_0,U00505,2026-06-10 15:00:00,mobile
SESS_U00505_9_1,U00505,2026-06-10 07:00:00,desktop
SESS_U00509_9_0,U00509,2026-06-10 08:00:00,mobile
SESS_U00514_9_0,U00514,2026-06-10 22:00:00,desktop
SESS_U00516_9_0,U00516,2026-06-10 19:00:00,mobile
SESS_U00519_9_0,U00519,2026-06-10 15:00:00,mobile
SESS_U00519_9_1,U00519,2026-06-10 14:00:00,mobile
SESS_U00521_9_0,U00521,2026-06-10 19:00:00,mobile
SESS_U00525_9_0,U00525,2026-06-10 19:00:00,mobile
SESS_U00528_9_0,U00528,2026-06-10 08:00:00,mobile
SESS_U00536_9_0,U00536,2026-06-10 15:00:00,desktop
SESS_U00536_9_1,U00536,2026-06-10 15:00:00,desktop
SESS_U00538_9_0,U00538,2026-06-10 16:00:00,mobile
SESS_U00541_9_0,U00541,2026-06-10 10:00:00,desktop
SESS_U00542_9_0,U00542,2026-06-10 08:00:00,desktop
SESS_U00544_9_0,U00544,2026-06-10 13:00:00,mobile
SESS_U00549_9_0,U00549,2026-06-10 13:00:00,mobile
SESS_U00549_9_1,U00549,2026-06-10 09:00:00,mobile
SESS_U00552_9_0,U00552,2026-06-10 10:00:00,desktop
SESS_U00552_9_1,U00552,2026-06-10 11:00:00,mobile
SESS_U00555_9_0,U00555,2026-06-10 18:00:00,mobile
SESS_U00557_9_0,U00557,2026-06-10 18:00:00,desktop
SESS_U00557_9_1,U00557,2026-06-10 22:00:00,mobile
SESS_U00558_9_0,U00558,2026-06-10 21:00:00,desktop
SESS_U00565_9_0,U00565,2026-06-10 13:00:00,desktop
SESS_U00565_9_1,U00565,2026-06-10 09:00:00,mobile
SESS_U00571_9_0,U00571,2026-06-10 07:00:00,mobile
SESS_U00573_9_0,U00573,2026-06-10 22:00:00,desktop
SESS_U00576_9_0,U00576,2026-06-10 09:00:00,mobile
SESS_U00579_9_0,U00579,2026-06-10 14:00:00,desktop
SESS_U00582_9_0,U00582,2026-06-10 16:00:00,mobile
SESS_U00583_9_0,U00583,2026-06-10 14:00:00,mobile
SESS_U00586_9_0,U00586,2026-06-10 13:00:00,mobile
SESS_U00586_9_1,U00586,2026-06-10 14:00:00,mobile
SESS_U00592_9_0,U00592,2026-06-10 17:00:00,desktop
SESS_U00597_9_0,U00597,2026-06-10 15:00:00,mobile
SESS_U00602_9_0,U00602,2026-06-10 11:00:00,desktop
SESS_U00602_9_1,U00602,2026-06-10 14:00:00,mobile
SESS_U00604_9_0,U00604,2026-06-10 18:00:00,mobile
SESS_U00605_9_0,U00605,2026-06-10 07:00:00,desktop
SESS_U00606_9_0,U00606,2026-06-10 07:00:00,mobile
SESS_U00609_9_0,U00609,2026-06-10 10:00:00,mobile
SESS_U00614_9_0,U00614,2026-06-10 13:00:00,mobile
SESS_U00619_9_0,U00619,2026-06-10 07:00:00,tablet
SESS_U00622_9_0,U00622,2026-06-10 10:00:00,mobile
SESS_U00622_9_1,U00622,2026-06-10 19:00:00,mobile
SESS_U00628_9_0,U00628,2026-06-10 13:00:00,mobile
SESS_U00628_9_1,U00628,2026-06-10 18:00:00,mobile
SESS_U00629_9_0,U00629,2026-06-10 13:00:00,desktop
SESS_U00632_9_0,U00632,2026-06-10 22:00:00,mobile
SESS_U00633_9_0,U00633,2026-06-10 08:00:00,desktop
SESS_U00633_9_1,U00633,2026-06-10 18:00:00,desktop
SESS_U00652_9_0,U00652,2026-06-10 14:00:00,tablet
SESS_U00652_9_1,U00652,2026-06-10 13:00:00,mobile
SESS_U00657_9_0,U00657,2026-06-10 07:00:00,desktop
SESS_U00658_9_0,U00658,2026-06-10 11:00:00,mobile
SESS_U00666_9_0,U00666,2026-06-10 13:00:00,desktop
SESS_U00667_9_0,U00667,2026-06-10 13:00:00,mobile
SESS_U00668_9_0,U00668,2026-06-10 07:00:00,mobile
SESS_U00670_9_0,U00670,2026-06-10 15:00:00,mobile
SESS_U00675_9_0,U00675,2026-06-10 15:00:00,desktop
SESS_U00676_9_0,U00676,2026-06-10 16:00:00,mobile
SESS_U00678_9_0,U00678,2026-06-10 12:00:00,mobile
SESS_U00681_9_0,U00681,2026-06-10 18:00:00,desktop
SESS_U00683_9_0,U00683,2026-06-10 15:00:00,desktop
SESS_U00688_9_0,U00688,2026-06-10 22:00:00,mobile
SESS_U00689_9_0,U00689,2026-06-10 20:00:00,mobile
SESS_U00696_9_0,U00696,2026-06-10 13:00:00,mobile
SESS_U00701_9_0,U00701,2026-06-10 13:00:00,desktop
SESS_U00706_9_0,U00706,2026-06-10 08:00:00,mobile
SESS_U00719_9_0,U00719,2026-06-10 07:00:00,desktop
SESS_U00720_9_0,U00720,2026-06-10 18:00:00,desktop
SESS_U00721_9_0,U00721,2026-06-10 22:00:00,tablet
SESS_U00721_9_1,U00721,2026-06-10 09:00:00,mobile
SESS_U00722_9_0,U00722,2026-06-10 22:00:00,mobile
SESS_U00723_9_0,U00723,2026-06-10 08:00:00,mobile
SESS_U00724_9_0,U00724,2026-06-10 22:00:00,mobile
SESS_U00725_9_0,U00725,2026-06-10 22:00:00,mobile
SESS_U00727_9_0,U00727,2026-06-10 12:00:00,mobile
SESS_U00730_9_0,U00730,2026-06-10 21:00:00,mobile
SESS_U00733_9_0,U00733,2026-06-10 13:00:00,mobile
SESS_U00736_9_0,U00736,2026-06-10 14:00:00,mobile
SESS_U00748_9_0,U00748,2026-06-10 14:00:00,desktop
SESS_U00749_9_0,U00749,2026-06-10 10:00:00,desktop
SESS_U00750_9_0,U00750,2026-06-10 17:00:00,tablet
SESS_U00752_9_0,U00752,2026-06-10 09:00:00,mobile
SESS_U00773_9_0,U00773,2026-06-10 14:00:00,desktop
SESS_U00773_9_1,U00773,2026-06-10 08:00:00,desktop
SESS_U00776_9_0,U00776,2026-06-10 14:00:00,desktop
SESS_U00786_9_0,U00786,2026-06-10 11:00:00,mobile
SESS_U00786_9_1,U00786,2026-06-10 17:00:00,desktop
SESS_U00789_9_0,U00789,2026-06-10 15:00:00,desktop
SESS_U00790_9_0,U00790,2026-06-10 17:00:00,mobile
SESS_U00791_9_0,U00791,2026-06-10 10:00:00,mobile
SESS_U00798_9_0,U00798,2026-06-10 09:00:00,mobile
SESS_U00798_9_1,U00798,2026-06-10 22:00:00,desktop
SESS_U00800_9_0,U00800,2026-06-10 15:00:00,mobile
SESS_U00800_9_1,U00800,2026-06-10 08:00:00,mobile
SESS_U00001_10_0,U00001,2026-06-11 14:00:00,mobile
SESS_U00003_10_0,U00003,2026-06-11 18:00:00,desktop
SESS_U00003_10_1,U00003,2026-06-11 09:00:00,mobile
SESS_U00009_10_0,U00009,2026-06-11 12:00:00,desktop
SESS_U00011_10_0,U00011,2026-06-11 16:00:00,tablet
SESS_U00016_10_0,U00016,2026-06-11 11:00:00,mobile
SESS_U00017_10_0,U00017,2026-06-11 20:00:00,desktop
SESS_U00019_10_0,U00019,2026-06-11 19:00:00,mobile
SESS_U00023_10_0,U00023,2026-06-11 17:00:00,mobile
SESS_U00024_10_0,U00024,2026-06-11 18:00:00,mobile
SESS_U00024_10_1,U00024,2026-06-11 10:00:00,desktop
SESS_U00027_10_0,U00027,2026-06-11 22:00:00,desktop
SESS_U00027_10_1,U00027,2026-06-11 22:00:00,desktop
SESS_U00029_10_0,U00029,2026-06-11 11:00:00,mobile
SESS_U00033_10_0,U00033,2026-06-11 15:00:00,desktop
SESS_U00033_10_1,U00033,2026-06-11 12:00:00,mobile
SESS_U00038_10_0,U00038,2026-06-11 16:00:00,mobile
SESS_U00040_10_0,U00040,2026-06-11 17:00:00,desktop
SESS_U00041_10_0,U00041,2026-06-11 21:00:00,mobile
SESS_U00045_10_0,U00045,2026-06-11 21:00:00,desktop
SESS_U00047_10_0,U00047,2026-06-11 17:00:00,mobile
SESS_U00051_10_0,U00051,2026-06-11 20:00:00,desktop
SESS_U00055_10_0,U00055,2026-06-11 07:00:00,mobile
SESS_U00055_10_1,U00055,2026-06-11 12:00:00,mobile
SESS_U00056_10_0,U00056,2026-06-11 13:00:00,mobile
SESS_U00059_10_0,U00059,2026-06-11 13:00:00,tablet
SESS_U00061_10_0,U00061,2026-06-11 18:00:00,mobile
SESS_U00064_10_0,U00064,2026-06-11 15:00:00,mobile
SESS_U00065_10_0,U00065,2026-06-11 12:00:00,desktop
SESS_U00068_10_0,U00068,2026-06-11 18:00:00,mobile
SESS_U00069_10_0,U00069,2026-06-11 12:00:00,desktop
SESS_U00075_10_0,U00075,2026-06-11 14:00:00,mobile
SESS_U00079_10_0,U00079,2026-06-11 08:00:00,desktop
SESS_U00081_10_0,U00081,2026-06-11 10:00:00,mobile
SESS_U00082_10_0,U00082,2026-06-11 17:00:00,desktop
SESS_U00085_10_0,U00085,2026-06-11 20:00:00,mobile
SESS_U00086_10_0,U00086,2026-06-11 15:00:00,desktop
SESS_U00088_10_0,U00088,2026-06-11 19:00:00,mobile
SESS_U00088_10_1,U00088,2026-06-11 20:00:00,desktop
SESS_U00090_10_0,U00090,2026-06-11 13:00:00,mobile
SESS_U00091_10_0,U00091,2026-06-11 12:00:00,mobile
SESS_U00096_10_0,U00096,2026-06-11 13:00:00,mobile
SESS_U00097_10_0,U00097,2026-06-11 19:00:00,desktop
SESS_U00104_10_0,U00104,2026-06-11 07:00:00,mobile
SESS_U00109_10_0,U00109,2026-06-11 19:00:00,mobile
SESS_U00110_10_0,U00110,2026-06-11 07:00:00,desktop
SESS_U00113_10_0,U00113,2026-06-11 19:00:00,desktop
SESS_U00116_10_0,U00116,2026-06-11 12:00:00,mobile
SESS_U00120_10_0,U00120,2026-06-11 12:00:00,desktop
SESS_U00130_10_0,U00130,2026-06-11 19:00:00,mobile
SESS_U00130_10_1,U00130,2026-06-11 13:00:00,mobile
SESS_U00132_10_0,U00132,2026-06-11 21:00:00,mobile
SESS_U00134_10_0,U00134,2026-06-11 10:00:00,desktop
SESS_U00134_10_1,U00134,2026-06-11 11:00:00,tablet
SESS_U00135_10_0,U00135,2026-06-11 08:00:00,mobile
SESS_U00135_10_1,U00135,2026-06-11 19:00:00,mobile
SESS_U00137_10_0,U00137,2026-06-11 12:00:00,tablet
SESS_U00143_10_0,U00143,2026-06-11 15:00:00,desktop
SESS_U00144_10_0,U00144,2026-06-11 21:00:00,mobile
SESS_U00148_10_0,U00148,2026-06-11 09:00:00,desktop
SESS_U00152_10_0,U00152,2026-06-11 21:00:00,mobile
SESS_U00152_10_1,U00152,2026-06-11 18:00:00,mobile
SESS_U00153_10_0,U00153,2026-06-11 16:00:00,mobile
SESS_U00154_10_0,U00154,2026-06-11 14:00:00,desktop
SESS_U00159_10_0,U00159,2026-06-11 20:00:00,desktop
SESS_U00159_10_1,U00159,2026-06-11 08:00:00,mobile
SESS_U00167_10_0,U00167,2026-06-11 22:00:00,desktop
SESS_U00175_10_0,U00175,2026-06-11 17:00:00,mobile
SESS_U00180_10_0,U00180,2026-06-11 17:00:00,mobile
SESS_U00181_10_0,U00181,2026-06-11 10:00:00,desktop
SESS_U00194_10_0,U00194,2026-06-11 10:00:00,mobile
SESS_U00195_10_0,U00195,2026-06-11 19:00:00,desktop
SESS_U00195_10_1,U00195,2026-06-11 13:00:00,desktop
SESS_U00203_10_0,U00203,2026-06-11 15:00:00,tablet
SESS_U00203_10_1,U00203,2026-06-11 20:00:00,mobile
SESS_U00205_10_0,U00205,2026-06-11 10:00:00,mobile
SESS_U00206_10_0,U00206,2026-06-11 18:00:00,mobile
SESS_U00206_10_1,U00206,2026-06-11 09:00:00,mobile
SESS_U00207_10_0,U00207,2026-06-11 18:00:00,desktop
SESS_U00215_10_0,U00215,2026-06-11 13:00:00,mobile
SESS_U00217_10_0,U00217,2026-06-11 13:00:00,desktop
SESS_U00220_10_0,U00220,2026-06-11 17:00:00,mobile
SESS_U00222_10_0,U00222,2026-06-11 12:00:00,mobile
SESS_U00224_10_0,U00224,2026-06-11 10:00:00,tablet
SESS_U00227_10_0,U00227,2026-06-11 19:00:00,desktop
SESS_U00228_10_0,U00228,2026-06-11 18:00:00,mobile
SESS_U00234_10_0,U00234,2026-06-11 10:00:00,mobile
SESS_U00237_10_0,U00237,2026-06-11 21:00:00,desktop
SESS_U00239_10_0,U00239,2026-06-11 08:00:00,desktop
SESS_U00241_10_0,U00241,2026-06-11 12:00:00,mobile
SESS_U00244_10_0,U00244,2026-06-11 13:00:00,mobile
SESS_U00245_10_0,U00245,2026-06-11 08:00:00,mobile
SESS_U00249_10_0,U00249,2026-06-11 20:00:00,desktop
SESS_U00250_10_0,U00250,2026-06-11 15:00:00,mobile
SESS_U00252_10_0,U00252,2026-06-11 17:00:00,mobile
SESS_U00253_10_0,U00253,2026-06-11 18:00:00,mobile
SESS_U00254_10_0,U00254,2026-06-11 14:00:00,desktop
SESS_U00254_10_1,U00254,2026-06-11 09:00:00,mobile
SESS_U00257_10_0,U00257,2026-06-11 08:00:00,mobile
SESS_U00260_10_0,U00260,2026-06-11 14:00:00,desktop
SESS_U00262_10_0,U00262,2026-06-11 16:00:00,desktop
SESS_U00263_10_0,U00263,2026-06-11 21:00:00,mobile
SESS_U00265_10_0,U00265,2026-06-11 08:00:00,mobile
SESS_U00266_10_0,U00266,2026-06-11 15:00:00,desktop
SESS_U00280_10_0,U00280,2026-06-11 14:00:00,mobile
SESS_U00286_10_0,U00286,2026-06-11 16:00:00,desktop
SESS_U00288_10_0,U00288,2026-06-11 21:00:00,desktop
SESS_U00292_10_0,U00292,2026-06-11 07:00:00,mobile
SESS_U00294_10_0,U00294,2026-06-11 21:00:00,desktop
SESS_U00295_10_0,U00295,2026-06-11 12:00:00,mobile
SESS_U00298_10_0,U00298,2026-06-11 10:00:00,mobile
SESS_U00300_10_0,U00300,2026-06-11 14:00:00,desktop
SESS_U00301_10_0,U00301,2026-06-11 16:00:00,mobile
SESS_U00308_10_0,U00308,2026-06-11 13:00:00,mobile
SESS_U00310_10_0,U00310,2026-06-11 14:00:00,mobile
SESS_U00311_10_0,U00311,2026-06-11 12:00:00,mobile
SESS_U00316_10_0,U00316,2026-06-11 10:00:00,mobile
SESS_U00319_10_0,U00319,2026-06-11 16:00:00,mobile
SESS_U00322_10_0,U00322,2026-06-11 13:00:00,mobile
SESS_U00327_10_0,U00327,2026-06-11 13:00:00,mobile
SESS_U00328_10_0,U00328,2026-06-11 13:00:00,desktop
SESS_U00333_10_0,U00333,2026-06-11 13:00:00,mobile
SESS_U00334_10_0,U00334,2026-06-11 20:00:00,mobile
SESS_U00340_10_0,U00340,2026-06-11 13:00:00,desktop
SESS_U00342_10_0,U00342,2026-06-11 17:00:00,mobile
SESS_U00345_10_0,U00345,2026-06-11 22:00:00,mobile
SESS_U00348_10_0,U00348,2026-06-11 17:00:00,mobile
SESS_U00351_10_0,U00351,2026-06-11 08:00:00,mobile
SESS_U00356_10_0,U00356,2026-06-11 13:00:00,mobile
SESS_U00357_10_0,U00357,2026-06-11 17:00:00,mobile
SESS_U00358_10_0,U00358,2026-06-11 07:00:00,mobile
SESS_U00358_10_1,U00358,2026-06-11 10:00:00,desktop
SESS_U00360_10_0,U00360,2026-06-11 09:00:00,desktop
SESS_U00364_10_0,U00364,2026-06-11 08:00:00,mobile
SESS_U00372_10_0,U00372,2026-06-11 17:00:00,mobile
SESS_U00372_10_1,U00372,2026-06-11 11:00:00,mobile
SESS_U00376_10_0,U00376,2026-06-11 20:00:00,desktop
SESS_U00377_10_0,U00377,2026-06-11 12:00:00,mobile
SESS_U00380_10_0,U00380,2026-06-11 19:00:00,desktop
SESS_U00387_10_0,U00387,2026-06-11 20:00:00,mobile
SESS_U00387_10_1,U00387,2026-06-11 09:00:00,tablet
SESS_U00393_10_0,U00393,2026-06-11 16:00:00,desktop
SESS_U00394_10_0,U00394,2026-06-11 22:00:00,mobile
SESS_U00396_10_0,U00396,2026-06-11 18:00:00,desktop
SESS_U00399_10_0,U00399,2026-06-11 15:00:00,mobile
SESS_U00401_10_0,U00401,2026-06-11 11:00:00,desktop
SESS_U00404_10_0,U00404,2026-06-11 13:00:00,desktop
SESS_U00406_10_0,U00406,2026-06-11 16:00:00,mobile
SESS_U00412_10_0,U00412,2026-06-11 12:00:00,mobile
SESS_U00416_10_0,U00416,2026-06-11 17:00:00,desktop
SESS_U00418_10_0,U00418,2026-06-11 14:00:00,desktop
SESS_U00421_10_0,U00421,2026-06-11 10:00:00,mobile
SESS_U00422_10_0,U00422,2026-06-11 21:00:00,mobile
SESS_U00428_10_0,U00428,2026-06-11 08:00:00,desktop
SESS_U00429_10_0,U00429,2026-06-11 17:00:00,mobile
SESS_U00430_10_0,U00430,2026-06-11 12:00:00,mobile
SESS_U00440_10_0,U00440,2026-06-11 10:00:00,desktop
SESS_U00442_10_0,U00442,2026-06-11 18:00:00,mobile
SESS_U00442_10_1,U00442,2026-06-11 19:00:00,mobile
SESS_U00444_10_0,U00444,2026-06-11 08:00:00,desktop
SESS_U00449_10_0,U00449,2026-06-11 22:00:00,mobile
SESS_U00452_10_0,U00452,2026-06-11 08:00:00,desktop
SESS_U00457_10_0,U00457,2026-06-11 12:00:00,mobile
SESS_U00458_10_0,U00458,2026-06-11 21:00:00,mobile
SESS_U00460_10_0,U00460,2026-06-11 20:00:00,tablet
SESS_U00461_10_0,U00461,2026-06-11 17:00:00,desktop
SESS_U00463_10_0,U00463,2026-06-11 13:00:00,desktop
SESS_U00465_10_0,U00465,2026-06-11 19:00:00,desktop
SESS_U00467_10_0,U00467,2026-06-11 21:00:00,mobile
SESS_U00472_10_0,U00472,2026-06-11 11:00:00,mobile
SESS_U00472_10_1,U00472,2026-06-11 19:00:00,mobile
SESS_U00476_10_0,U00476,2026-06-11 12:00:00,mobile
SESS_U00477_10_0,U00477,2026-06-11 20:00:00,mobile
SESS_U00480_10_0,U00480,2026-06-11 21:00:00,mobile
SESS_U00484_10_0,U00484,2026-06-11 22:00:00,mobile
SESS_U00485_10_0,U00485,2026-06-11 10:00:00,desktop
SESS_U00487_10_0,U00487,2026-06-11 07:00:00,tablet
SESS_U00488_10_0,U00488,2026-06-11 13:00:00,mobile
SESS_U00488_10_1,U00488,2026-06-11 21:00:00,mobile
SESS_U00491_10_0,U00491,2026-06-11 18:00:00,mobile
SESS_U00495_10_0,U00495,2026-06-11 08:00:00,desktop
SESS_U00497_10_0,U00497,2026-06-11 12:00:00,mobile
SESS_U00501_10_0,U00501,2026-06-11 17:00:00,desktop
SESS_U00503_10_0,U00503,2026-06-11 18:00:00,mobile
SESS_U00508_10_0,U00508,2026-06-11 18:00:00,mobile
SESS_U00510_10_0,U00510,2026-06-11 07:00:00,mobile
SESS_U00515_10_0,U00515,2026-06-11 13:00:00,desktop
SESS_U00518_10_0,U00518,2026-06-11 15:00:00,mobile
SESS_U00519_10_0,U00519,2026-06-11 16:00:00,mobile
SESS_U00521_10_0,U00521,2026-06-11 19:00:00,mobile
SESS_U00525_10_0,U00525,2026-06-11 13:00:00,mobile
SESS_U00526_10_0,U00526,2026-06-11 12:00:00,mobile
SESS_U00530_10_0,U00530,2026-06-11 18:00:00,mobile
SESS_U00531_10_0,U00531,2026-06-11 22:00:00,desktop
SESS_U00532_10_0,U00532,2026-06-11 08:00:00,desktop
SESS_U00533_10_0,U00533,2026-06-11 22:00:00,mobile
SESS_U00535_10_0,U00535,2026-06-11 20:00:00,mobile
SESS_U00536_10_0,U00536,2026-06-11 18:00:00,desktop
SESS_U00536_10_1,U00536,2026-06-11 08:00:00,desktop
SESS_U00539_10_0,U00539,2026-06-11 12:00:00,mobile
SESS_U00542_10_0,U00542,2026-06-11 21:00:00,mobile
SESS_U00544_10_0,U00544,2026-06-11 08:00:00,mobile
SESS_U00544_10_1,U00544,2026-06-11 14:00:00,mobile
SESS_U00548_10_0,U00548,2026-06-11 15:00:00,mobile
SESS_U00548_10_1,U00548,2026-06-11 21:00:00,mobile
SESS_U00551_10_0,U00551,2026-06-11 16:00:00,desktop
SESS_U00557_10_0,U00557,2026-06-11 15:00:00,mobile
SESS_U00560_10_0,U00560,2026-06-11 19:00:00,desktop
SESS_U00566_10_0,U00566,2026-06-11 07:00:00,mobile
SESS_U00567_10_0,U00567,2026-06-11 12:00:00,mobile
SESS_U00569_10_0,U00569,2026-06-11 12:00:00,desktop
SESS_U00570_10_0,U00570,2026-06-11 18:00:00,mobile
SESS_U00570_10_1,U00570,2026-06-11 22:00:00,desktop
SESS_U00577_10_0,U00577,2026-06-11 22:00:00,mobile
SESS_U00579_10_0,U00579,2026-06-11 16:00:00,desktop
SESS_U00581_10_0,U00581,2026-06-11 17:00:00,tablet
SESS_U00582_10_0,U00582,2026-06-11 07:00:00,mobile
SESS_U00584_10_0,U00584,2026-06-11 09:00:00,desktop
SESS_U00587_10_0,U00587,2026-06-11 07:00:00,mobile
SESS_U00588_10_0,U00588,2026-06-11 21:00:00,mobile
SESS_U00591_10_0,U00591,2026-06-11 21:00:00,desktop
SESS_U00592_10_0,U00592,2026-06-11 11:00:00,desktop
SESS_U00596_10_0,U00596,2026-06-11 21:00:00,mobile
SESS_U00597_10_0,U00597,2026-06-11 22:00:00,desktop
SESS_U00597_10_1,U00597,2026-06-11 20:00:00,desktop
SESS_U00599_10_0,U00599,2026-06-11 17:00:00,mobile
SESS_U00600_10_0,U00600,2026-06-11 09:00:00,mobile
SESS_U00607_10_0,U00607,2026-06-11 11:00:00,mobile
SESS_U00608_10_0,U00608,2026-06-11 19:00:00,desktop
SESS_U00608_10_1,U00608,2026-06-11 22:00:00,desktop
SESS_U00612_10_0,U00612,2026-06-11 21:00:00,tablet
SESS_U00622_10_0,U00622,2026-06-11 16:00:00,mobile
SESS_U00631_10_0,U00631,2026-06-11 07:00:00,mobile
SESS_U00634_10_0,U00634,2026-06-11 17:00:00,desktop
SESS_U00634_10_1,U00634,2026-06-11 18:00:00,mobile
SESS_U00636_10_0,U00636,2026-06-11 21:00:00,desktop
SESS_U00637_10_0,U00637,2026-06-11 18:00:00,mobile
SESS_U00646_10_0,U00646,2026-06-11 07:00:00,desktop
SESS_U00654_10_0,U00654,2026-06-11 07:00:00,desktop
SESS_U00654_10_1,U00654,2026-06-11 19:00:00,mobile
SESS_U00658_10_0,U00658,2026-06-11 12:00:00,mobile
SESS_U00659_10_0,U00659,2026-06-11 12:00:00,mobile
SESS_U00665_10_0,U00665,2026-06-11 17:00:00,mobile
SESS_U00666_10_0,U00666,2026-06-11 11:00:00,mobile
SESS_U00669_10_0,U00669,2026-06-11 08:00:00,tablet
SESS_U00670_10_0,U00670,2026-06-11 20:00:00,mobile
SESS_U00673_10_0,U00673,2026-06-11 19:00:00,desktop
SESS_U00674_10_0,U00674,2026-06-11 22:00:00,mobile
SESS_U00676_10_0,U00676,2026-06-11 22:00:00,mobile
SESS_U00679_10_0,U00679,2026-06-11 14:00:00,mobile
SESS_U00680_10_0,U00680,2026-06-11 07:00:00,mobile
SESS_U00681_10_0,U00681,2026-06-11 17:00:00,mobile
SESS_U00681_10_1,U00681,2026-06-11 07:00:00,mobile
SESS_U00682_10_0,U00682,2026-06-11 09:00:00,mobile
SESS_U00683_10_0,U00683,2026-06-11 07:00:00,mobile
SESS_U00684_10_0,U00684,2026-06-11 15:00:00,desktop
SESS_U00684_10_1,U00684,2026-06-11 11:00:00,mobile
SESS_U00691_10_0,U00691,2026-06-11 11:00:00,mobile
SESS_U00693_10_0,U00693,2026-06-11 09:00:00,desktop
SESS_U00695_10_0,U00695,2026-06-11 09:00:00,desktop
SESS_U00696_10_0,U00696,2026-06-11 09:00:00,mobile
SESS_U00705_10_0,U00705,2026-06-11 17:00:00,desktop
SESS_U00705_10_1,U00705,2026-06-11 12:00:00,mobile
SESS_U00706_10_0,U00706,2026-06-11 17:00:00,mobile
SESS_U00708_10_0,U00708,2026-06-11 13:00:00,tablet
SESS_U00708_10_1,U00708,2026-06-11 17:00:00,mobile
SESS_U00711_10_0,U00711,2026-06-11 22:00:00,mobile
SESS_U00713_10_0,U00713,2026-06-11 15:00:00,desktop
SESS_U00716_10_0,U00716,2026-06-11 21:00:00,desktop
SESS_U00719_10_0,U00719,2026-06-11 21:00:00,desktop
SESS_U00720_10_0,U00720,2026-06-11 16:00:00,mobile
SESS_U00726_10_0,U00726,2026-06-11 12:00:00,mobile
SESS_U00735_10_0,U00735,2026-06-11 08:00:00,mobile
SESS_U00737_10_0,U00737,2026-06-11 07:00:00,desktop
SESS_U00741_10_0,U00741,2026-06-11 17:00:00,mobile
SESS_U00752_10_0,U00752,2026-06-11 17:00:00,mobile
SESS_U00757_10_0,U00757,2026-06-11 20:00:00,desktop
SESS_U00758_10_0,U00758,2026-06-11 17:00:00,mobile
SESS_U00759_10_0,U00759,2026-06-11 08:00:00,mobile
SESS_U00760_10_0,U00760,2026-06-11 15:00:00,mobile
SESS_U00761_10_0,U00761,2026-06-11 21:00:00,mobile
SESS_U00763_10_0,U00763,2026-06-11 20:00:00,desktop
SESS_U00765_10_0,U00765,2026-06-11 21:00:00,mobile
SESS_U00768_10_0,U00768,2026-06-11 10:00:00,desktop
SESS_U00769_10_0,U00769,2026-06-11 14:00:00,tablet
SESS_U00776_10_0,U00776,2026-06-11 19:00:00,desktop
SESS_U00777_10_0,U00777,2026-06-11 21:00:00,mobile
SESS_U00780_10_0,U00780,2026-06-11 22:00:00,mobile
SESS_U00781_10_0,U00781,2026-06-11 22:00:00,desktop
SESS_U00782_10_0,U00782,2026-06-11 12:00:00,desktop
SESS_U00783_10_0,U00783,2026-06-11 12:00:00,desktop
SESS_U00790_10_0,U00790,2026-06-11 12:00:00,desktop
SESS_U00791_10_0,U00791,2026-06-11 18:00:00,mobile
SESS_U00793_10_0,U00793,2026-06-11 20:00:00,desktop
SESS_U00793_10_1,U00793,2026-06-11 08:00:00,tablet
SESS_U00799_10_0,U00799,2026-06-11 09:00:00,mobile
SESS_U00799_10_1,U00799,2026-06-11 12:00:00,mobile
SESS_U00002_11_0,U00002,2026-06-12 18:00:00,mobile
SESS_U00002_11_1,U00002,2026-06-12 11:00:00,mobile
SESS_U00003_11_0,U00003,2026-06-12 10:00:00,desktop
SESS_U00004_11_0,U00004,2026-06-12 08:00:00,desktop
SESS_U00005_11_0,U00005,2026-06-12 10:00:00,mobile
SESS_U00005_11_1,U00005,2026-06-12 12:00:00,mobile
SESS_U00009_11_0,U00009,2026-06-12 19:00:00,tablet
SESS_U00012_11_0,U00012,2026-06-12 09:00:00,mobile
SESS_U00017_11_0,U00017,2026-06-12 14:00:00,mobile
SESS_U00017_11_1,U00017,2026-06-12 14:00:00,mobile
SESS_U00020_11_0,U00020,2026-06-12 15:00:00,mobile
SESS_U00021_11_0,U00021,2026-06-12 15:00:00,desktop
SESS_U00026_11_0,U00026,2026-06-12 22:00:00,mobile
SESS_U00028_11_0,U00028,2026-06-12 12:00:00,mobile
SESS_U00030_11_0,U00030,2026-06-12 12:00:00,tablet
SESS_U00033_11_0,U00033,2026-06-12 08:00:00,desktop
SESS_U00034_11_0,U00034,2026-06-12 19:00:00,mobile
SESS_U00036_11_0,U00036,2026-06-12 13:00:00,mobile
SESS_U00038_11_0,U00038,2026-06-12 19:00:00,desktop
SESS_U00039_11_0,U00039,2026-06-12 10:00:00,mobile
SESS_U00051_11_0,U00051,2026-06-12 10:00:00,desktop
SESS_U00052_11_0,U00052,2026-06-12 11:00:00,mobile
SESS_U00052_11_1,U00052,2026-06-12 19:00:00,desktop
SESS_U00053_11_0,U00053,2026-06-12 17:00:00,mobile
SESS_U00055_11_0,U00055,2026-06-12 19:00:00,desktop
SESS_U00057_11_0,U00057,2026-06-12 20:00:00,mobile
SESS_U00060_11_0,U00060,2026-06-12 11:00:00,mobile
SESS_U00061_11_0,U00061,2026-06-12 14:00:00,mobile
SESS_U00066_11_0,U00066,2026-06-12 11:00:00,mobile
SESS_U00077_11_0,U00077,2026-06-12 08:00:00,desktop
SESS_U00081_11_0,U00081,2026-06-12 20:00:00,desktop
SESS_U00086_11_0,U00086,2026-06-12 17:00:00,mobile
SESS_U00088_11_0,U00088,2026-06-12 18:00:00,mobile
SESS_U00088_11_1,U00088,2026-06-12 08:00:00,mobile
SESS_U00092_11_0,U00092,2026-06-12 22:00:00,mobile
SESS_U00095_11_0,U00095,2026-06-12 20:00:00,mobile
SESS_U00106_11_0,U00106,2026-06-12 10:00:00,mobile
SESS_U00109_11_0,U00109,2026-06-12 11:00:00,mobile
SESS_U00110_11_0,U00110,2026-06-12 11:00:00,mobile
SESS_U00112_11_0,U00112,2026-06-12 16:00:00,mobile
SESS_U00115_11_0,U00115,2026-06-12 19:00:00,mobile
SESS_U00115_11_1,U00115,2026-06-12 19:00:00,mobile
SESS_U00117_11_0,U00117,2026-06-12 15:00:00,tablet
SESS_U00118_11_0,U00118,2026-06-12 08:00:00,mobile
SESS_U00118_11_1,U00118,2026-06-12 08:00:00,mobile
SESS_U00127_11_0,U00127,2026-06-12 18:00:00,mobile
SESS_U00128_11_0,U00128,2026-06-12 07:00:00,desktop
SESS_U00133_11_0,U00133,2026-06-12 18:00:00,mobile
SESS_U00136_11_0,U00136,2026-06-12 16:00:00,mobile
SESS_U00136_11_1,U00136,2026-06-12 21:00:00,desktop
SESS_U00140_11_0,U00140,2026-06-12 14:00:00,desktop
SESS_U00141_11_0,U00141,2026-06-12 08:00:00,mobile
SESS_U00142_11_0,U00142,2026-06-12 09:00:00,mobile
SESS_U00148_11_0,U00148,2026-06-12 18:00:00,mobile
SESS_U00149_11_0,U00149,2026-06-12 18:00:00,desktop
SESS_U00149_11_1,U00149,2026-06-12 07:00:00,mobile
SESS_U00151_11_0,U00151,2026-06-12 09:00:00,mobile
SESS_U00152_11_0,U00152,2026-06-12 11:00:00,desktop
SESS_U00156_11_0,U00156,2026-06-12 19:00:00,mobile
SESS_U00157_11_0,U00157,2026-06-12 07:00:00,mobile
SESS_U00158_11_0,U00158,2026-06-12 11:00:00,mobile
SESS_U00158_11_1,U00158,2026-06-12 18:00:00,mobile
SESS_U00159_11_0,U00159,2026-06-12 13:00:00,mobile
SESS_U00161_11_0,U00161,2026-06-12 08:00:00,mobile
SESS_U00165_11_0,U00165,2026-06-12 09:00:00,mobile
SESS_U00166_11_0,U00166,2026-06-12 19:00:00,mobile
SESS_U00170_11_0,U00170,2026-06-12 09:00:00,mobile
SESS_U00171_11_0,U00171,2026-06-12 20:00:00,mobile
SESS_U00176_11_0,U00176,2026-06-12 21:00:00,mobile
SESS_U00181_11_0,U00181,2026-06-12 22:00:00,mobile
SESS_U00183_11_0,U00183,2026-06-12 08:00:00,mobile
SESS_U00188_11_0,U00188,2026-06-12 07:00:00,desktop
SESS_U00194_11_0,U00194,2026-06-12 11:00:00,mobile
SESS_U00198_11_0,U00198,2026-06-12 18:00:00,desktop
SESS_U00199_11_0,U00199,2026-06-12 11:00:00,tablet
SESS_U00204_11_0,U00204,2026-06-12 13:00:00,mobile
SESS_U00209_11_0,U00209,2026-06-12 11:00:00,tablet
SESS_U00209_11_1,U00209,2026-06-12 16:00:00,desktop
SESS_U00210_11_0,U00210,2026-06-12 21:00:00,mobile
SESS_U00213_11_0,U00213,2026-06-12 11:00:00,mobile
SESS_U00213_11_1,U00213,2026-06-12 07:00:00,desktop
SESS_U00214_11_0,U00214,2026-06-12 19:00:00,desktop
SESS_U00216_11_0,U00216,2026-06-12 08:00:00,desktop
SESS_U00218_11_0,U00218,2026-06-12 18:00:00,mobile
SESS_U00219_11_0,U00219,2026-06-12 10:00:00,mobile
SESS_U00220_11_0,U00220,2026-06-12 19:00:00,desktop
SESS_U00221_11_0,U00221,2026-06-12 17:00:00,desktop
SESS_U00222_11_0,U00222,2026-06-12 10:00:00,mobile
SESS_U00222_11_1,U00222,2026-06-12 11:00:00,tablet
SESS_U00224_11_0,U00224,2026-06-12 15:00:00,mobile
SESS_U00224_11_1,U00224,2026-06-12 19:00:00,tablet
SESS_U00226_11_0,U00226,2026-06-12 11:00:00,desktop
SESS_U00226_11_1,U00226,2026-06-12 14:00:00,mobile
SESS_U00230_11_0,U00230,2026-06-12 18:00:00,mobile
SESS_U00236_11_0,U00236,2026-06-12 17:00:00,mobile
SESS_U00237_11_0,U00237,2026-06-12 16:00:00,mobile
SESS_U00237_11_1,U00237,2026-06-12 10:00:00,desktop
SESS_U00241_11_0,U00241,2026-06-12 16:00:00,desktop
SESS_U00244_11_0,U00244,2026-06-12 15:00:00,mobile
SESS_U00246_11_0,U00246,2026-06-12 16:00:00,mobile
SESS_U00247_11_0,U00247,2026-06-12 12:00:00,mobile
SESS_U00251_11_0,U00251,2026-06-12 08:00:00,desktop
SESS_U00252_11_0,U00252,2026-06-12 09:00:00,desktop
SESS_U00253_11_0,U00253,2026-06-12 08:00:00,mobile
SESS_U00255_11_0,U00255,2026-06-12 07:00:00,mobile
SESS_U00256_11_0,U00256,2026-06-12 15:00:00,mobile
SESS_U00262_11_0,U00262,2026-06-12 22:00:00,mobile
SESS_U00265_11_0,U00265,2026-06-12 19:00:00,mobile
SESS_U00270_11_0,U00270,2026-06-12 07:00:00,desktop
SESS_U00271_11_0,U00271,2026-06-12 09:00:00,mobile
SESS_U00279_11_0,U00279,2026-06-12 10:00:00,desktop
SESS_U00284_11_0,U00284,2026-06-12 11:00:00,mobile
SESS_U00287_11_0,U00287,2026-06-12 10:00:00,mobile
SESS_U00287_11_1,U00287,2026-06-12 14:00:00,mobile
SESS_U00292_11_0,U00292,2026-06-12 17:00:00,mobile
SESS_U00293_11_0,U00293,2026-06-12 14:00:00,desktop
SESS_U00295_11_0,U00295,2026-06-12 22:00:00,mobile
SESS_U00298_11_0,U00298,2026-06-12 16:00:00,desktop
SESS_U00299_11_0,U00299,2026-06-12 17:00:00,tablet
SESS_U00302_11_0,U00302,2026-06-12 16:00:00,desktop
SESS_U00303_11_0,U00303,2026-06-12 10:00:00,desktop
SESS_U00305_11_0,U00305,2026-06-12 10:00:00,desktop
SESS_U00309_11_0,U00309,2026-06-12 11:00:00,desktop
SESS_U00310_11_0,U00310,2026-06-12 19:00:00,desktop
SESS_U00319_11_0,U00319,2026-06-12 21:00:00,desktop
SESS_U00321_11_0,U00321,2026-06-12 11:00:00,desktop
SESS_U00330_11_0,U00330,2026-06-12 07:00:00,mobile
SESS_U00333_11_0,U00333,2026-06-12 18:00:00,desktop
SESS_U00333_11_1,U00333,2026-06-12 16:00:00,mobile
SESS_U00337_11_0,U00337,2026-06-12 12:00:00,tablet
SESS_U00339_11_0,U00339,2026-06-12 21:00:00,desktop
SESS_U00340_11_0,U00340,2026-06-12 12:00:00,mobile
SESS_U00341_11_0,U00341,2026-06-12 21:00:00,mobile
SESS_U00343_11_0,U00343,2026-06-12 10:00:00,mobile
SESS_U00344_11_0,U00344,2026-06-12 11:00:00,mobile
SESS_U00348_11_0,U00348,2026-06-12 10:00:00,mobile
SESS_U00351_11_0,U00351,2026-06-12 18:00:00,mobile
SESS_U00351_11_1,U00351,2026-06-12 16:00:00,mobile
SESS_U00354_11_0,U00354,2026-06-12 13:00:00,mobile
SESS_U00355_11_0,U00355,2026-06-12 21:00:00,mobile
SESS_U00358_11_0,U00358,2026-06-12 10:00:00,mobile
SESS_U00370_11_0,U00370,2026-06-12 11:00:00,mobile
SESS_U00371_11_0,U00371,2026-06-12 07:00:00,tablet
SESS_U00374_11_0,U00374,2026-06-12 20:00:00,mobile
SESS_U00375_11_0,U00375,2026-06-12 13:00:00,mobile
SESS_U00379_11_0,U00379,2026-06-12 08:00:00,desktop
SESS_U00383_11_0,U00383,2026-06-12 10:00:00,mobile
SESS_U00387_11_0,U00387,2026-06-12 15:00:00,mobile
SESS_U00394_11_0,U00394,2026-06-12 08:00:00,desktop
SESS_U00395_11_0,U00395,2026-06-12 12:00:00,desktop
SESS_U00395_11_1,U00395,2026-06-12 08:00:00,mobile
SESS_U00396_11_0,U00396,2026-06-12 13:00:00,mobile
SESS_U00398_11_0,U00398,2026-06-12 15:00:00,mobile
SESS_U00399_11_0,U00399,2026-06-12 11:00:00,mobile
SESS_U00400_11_0,U00400,2026-06-12 14:00:00,mobile
SESS_U00405_11_0,U00405,2026-06-12 18:00:00,mobile
SESS_U00405_11_1,U00405,2026-06-12 14:00:00,desktop
SESS_U00406_11_0,U00406,2026-06-12 20:00:00,mobile
SESS_U00407_11_0,U00407,2026-06-12 13:00:00,desktop
SESS_U00409_11_0,U00409,2026-06-12 08:00:00,desktop
SESS_U00411_11_0,U00411,2026-06-12 16:00:00,mobile
SESS_U00412_11_0,U00412,2026-06-12 18:00:00,mobile
SESS_U00412_11_1,U00412,2026-06-12 07:00:00,desktop
SESS_U00415_11_0,U00415,2026-06-12 09:00:00,desktop
SESS_U00416_11_0,U00416,2026-06-12 19:00:00,mobile
SESS_U00416_11_1,U00416,2026-06-12 22:00:00,mobile
SESS_U00417_11_0,U00417,2026-06-12 20:00:00,mobile
SESS_U00420_11_0,U00420,2026-06-12 15:00:00,desktop
SESS_U00420_11_1,U00420,2026-06-12 13:00:00,mobile
SESS_U00422_11_0,U00422,2026-06-12 09:00:00,desktop
SESS_U00424_11_0,U00424,2026-06-12 11:00:00,desktop
SESS_U00425_11_0,U00425,2026-06-12 17:00:00,mobile
SESS_U00430_11_0,U00430,2026-06-12 11:00:00,mobile
SESS_U00432_11_0,U00432,2026-06-12 16:00:00,mobile
SESS_U00434_11_0,U00434,2026-06-12 11:00:00,mobile
SESS_U00436_11_0,U00436,2026-06-12 15:00:00,mobile
SESS_U00442_11_0,U00442,2026-06-12 22:00:00,mobile
SESS_U00442_11_1,U00442,2026-06-12 09:00:00,mobile
SESS_U00445_11_0,U00445,2026-06-12 17:00:00,mobile
SESS_U00449_11_0,U00449,2026-06-12 15:00:00,mobile
SESS_U00458_11_0,U00458,2026-06-12 10:00:00,mobile
SESS_U00459_11_0,U00459,2026-06-12 10:00:00,mobile
SESS_U00462_11_0,U00462,2026-06-12 20:00:00,mobile
SESS_U00464_11_0,U00464,2026-06-12 19:00:00,desktop
SESS_U00466_11_0,U00466,2026-06-12 19:00:00,desktop
SESS_U00467_11_0,U00467,2026-06-12 15:00:00,mobile
SESS_U00469_11_0,U00469,2026-06-12 17:00:00,mobile
SESS_U00478_11_0,U00478,2026-06-12 18:00:00,desktop
SESS_U00480_11_0,U00480,2026-06-12 19:00:00,mobile
SESS_U00486_11_0,U00486,2026-06-12 19:00:00,mobile
SESS_U00490_11_0,U00490,2026-06-12 17:00:00,desktop
SESS_U00491_11_0,U00491,2026-06-12 18:00:00,desktop
SESS_U00493_11_0,U00493,2026-06-12 21:00:00,mobile
SESS_U00499_11_0,U00499,2026-06-12 07:00:00,mobile
SESS_U00502_11_0,U00502,2026-06-12 14:00:00,desktop
SESS_U00503_11_0,U00503,2026-06-12 19:00:00,desktop
SESS_U00513_11_0,U00513,2026-06-12 13:00:00,desktop
SESS_U00515_11_0,U00515,2026-06-12 10:00:00,desktop
SESS_U00522_11_0,U00522,2026-06-12 09:00:00,mobile
SESS_U00529_11_0,U00529,2026-06-12 18:00:00,mobile
SESS_U00530_11_0,U00530,2026-06-12 19:00:00,desktop
SESS_U00530_11_1,U00530,2026-06-12 12:00:00,mobile
SESS_U00532_11_0,U00532,2026-06-12 12:00:00,mobile
SESS_U00535_11_0,U00535,2026-06-12 22:00:00,mobile
SESS_U00537_11_0,U00537,2026-06-12 19:00:00,desktop
SESS_U00538_11_0,U00538,2026-06-12 17:00:00,mobile
SESS_U00539_11_0,U00539,2026-06-12 07:00:00,mobile
SESS_U00546_11_0,U00546,2026-06-12 07:00:00,desktop
SESS_U00547_11_0,U00547,2026-06-12 07:00:00,desktop
SESS_U00547_11_1,U00547,2026-06-12 11:00:00,mobile
SESS_U00550_11_0,U00550,2026-06-12 16:00:00,desktop
SESS_U00555_11_0,U00555,2026-06-12 18:00:00,mobile
SESS_U00560_11_0,U00560,2026-06-12 17:00:00,mobile
SESS_U00562_11_0,U00562,2026-06-12 12:00:00,mobile
SESS_U00563_11_0,U00563,2026-06-12 18:00:00,desktop
SESS_U00563_11_1,U00563,2026-06-12 18:00:00,desktop
SESS_U00564_11_0,U00564,2026-06-12 11:00:00,mobile
SESS_U00567_11_0,U00567,2026-06-12 07:00:00,mobile
SESS_U00569_11_0,U00569,2026-06-12 14:00:00,mobile
SESS_U00570_11_0,U00570,2026-06-12 08:00:00,mobile
SESS_U00572_11_0,U00572,2026-06-12 08:00:00,desktop
SESS_U00573_11_0,U00573,2026-06-12 11:00:00,mobile
SESS_U00574_11_0,U00574,2026-06-12 16:00:00,desktop
SESS_U00578_11_0,U00578,2026-06-12 08:00:00,desktop
SESS_U00583_11_0,U00583,2026-06-12 13:00:00,mobile
SESS_U00583_11_1,U00583,2026-06-12 18:00:00,mobile
SESS_U00594_11_0,U00594,2026-06-12 22:00:00,mobile
SESS_U00594_11_1,U00594,2026-06-12 11:00:00,desktop
SESS_U00597_11_0,U00597,2026-06-12 17:00:00,desktop
SESS_U00600_11_0,U00600,2026-06-12 13:00:00,mobile
SESS_U00602_11_0,U00602,2026-06-12 20:00:00,desktop
SESS_U00604_11_0,U00604,2026-06-12 09:00:00,mobile
SESS_U00611_11_0,U00611,2026-06-12 19:00:00,mobile
SESS_U00611_11_1,U00611,2026-06-12 22:00:00,mobile
SESS_U00614_11_0,U00614,2026-06-12 11:00:00,mobile
SESS_U00618_11_0,U00618,2026-06-12 18:00:00,desktop
SESS_U00618_11_1,U00618,2026-06-12 08:00:00,mobile
SESS_U00619_11_0,U00619,2026-06-12 22:00:00,desktop
SESS_U00635_11_0,U00635,2026-06-12 15:00:00,desktop
SESS_U00637_11_0,U00637,2026-06-12 18:00:00,mobile
SESS_U00639_11_0,U00639,2026-06-12 08:00:00,mobile
SESS_U00643_11_0,U00643,2026-06-12 08:00:00,desktop
SESS_U00647_11_0,U00647,2026-06-12 18:00:00,tablet
SESS_U00649_11_0,U00649,2026-06-12 20:00:00,mobile
SESS_U00655_11_0,U00655,2026-06-12 20:00:00,tablet
SESS_U00662_11_0,U00662,2026-06-12 21:00:00,desktop
SESS_U00665_11_0,U00665,2026-06-12 18:00:00,desktop
SESS_U00667_11_0,U00667,2026-06-12 13:00:00,mobile
SESS_U00667_11_1,U00667,2026-06-12 19:00:00,desktop
SESS_U00670_11_0,U00670,2026-06-12 12:00:00,desktop
SESS_U00679_11_0,U00679,2026-06-12 21:00:00,desktop
SESS_U00681_11_0,U00681,2026-06-12 09:00:00,mobile
SESS_U00684_11_0,U00684,2026-06-12 09:00:00,mobile
SESS_U00688_11_0,U00688,2026-06-12 19:00:00,desktop
SESS_U00689_11_0,U00689,2026-06-12 18:00:00,mobile
SESS_U00691_11_0,U00691,2026-06-12 21:00:00,desktop
SESS_U00694_11_0,U00694,2026-06-12 22:00:00,mobile
SESS_U00695_11_0,U00695,2026-06-12 11:00:00,desktop
SESS_U00696_11_0,U00696,2026-06-12 13:00:00,mobile
SESS_U00699_11_0,U00699,2026-06-12 17:00:00,mobile
SESS_U00705_11_0,U00705,2026-06-12 18:00:00,mobile
SESS_U00707_11_0,U00707,2026-06-12 15:00:00,tablet
SESS_U00707_11_1,U00707,2026-06-12 14:00:00,mobile
SESS_U00708_11_0,U00708,2026-06-12 22:00:00,desktop
SESS_U00715_11_0,U00715,2026-06-12 12:00:00,mobile
SESS_U00715_11_1,U00715,2026-06-12 10:00:00,desktop
SESS_U00717_11_0,U00717,2026-06-12 17:00:00,mobile
SESS_U00720_11_0,U00720,2026-06-12 10:00:00,desktop
SESS_U00720_11_1,U00720,2026-06-12 09:00:00,mobile
SESS_U00722_11_0,U00722,2026-06-12 12:00:00,mobile
SESS_U00726_11_0,U00726,2026-06-12 12:00:00,mobile
SESS_U00728_11_0,U00728,2026-06-12 08:00:00,desktop
SESS_U00733_11_0,U00733,2026-06-12 11:00:00,mobile
SESS_U00735_11_0,U00735,2026-06-12 08:00:00,mobile
SESS_U00738_11_0,U00738,2026-06-12 12:00:00,tablet
SESS_U00740_11_0,U00740,2026-06-12 18:00:00,tablet
SESS_U00741_11_0,U00741,2026-06-12 10:00:00,tablet
SESS_U00743_11_0,U00743,2026-06-12 09:00:00,tablet
SESS_U00743_11_1,U00743,2026-06-12 10:00:00,mobile
SESS_U00745_11_0,U00745,2026-06-12 21:00:00,desktop
SESS_U00746_11_0,U00746,2026-06-12 19:00:00,desktop
SESS_U00746_11_1,U00746,2026-06-12 16:00:00,mobile
SESS_U00747_11_0,U00747,2026-06-12 12:00:00,mobile
SESS_U00749_11_0,U00749,2026-06-12 15:00:00,desktop
SESS_U00750_11_0,U00750,2026-06-12 07:00:00,mobile
SESS_U00756_11_0,U00756,2026-06-12 20:00:00,mobile
SESS_U00759_11_0,U00759,2026-06-12 18:00:00,mobile
SESS_U00760_11_0,U00760,2026-06-12 12:00:00,mobile
SESS_U00762_11_0,U00762,2026-06-12 11:00:00,desktop
SESS_U00765_11_0,U00765,2026-06-12 13:00:00,tablet
SESS_U00767_11_0,U00767,2026-06-12 16:00:00,mobile
SESS_U00771_11_0,U00771,2026-06-12 20:00:00,desktop
SESS_U00773_11_0,U00773,2026-06-12 17:00:00,mobile
SESS_U00775_11_0,U00775,2026-06-12 12:00:00,desktop
SESS_U00776_11_0,U00776,2026-06-12 11:00:00,desktop
SESS_U00777_11_0,U00777,2026-06-12 11:00:00,mobile
SESS_U00779_11_0,U00779,2026-06-12 16:00:00,mobile
SESS_U00780_11_0,U00780,2026-06-12 17:00:00,mobile
SESS_U00782_11_0,U00782,2026-06-12 09:00:00,mobile
SESS_U00782_11_1,U00782,2026-06-12 18:00:00,mobile
SESS_U00783_11_0,U00783,2026-06-12 21:00:00,mobile
SESS_U00793_11_0,U00793,2026-06-12 07:00:00,mobile
SESS_U00797_11_0,U00797,2026-06-12 12:00:00,mobile
SESS_U00002_12_0,U00002,2026-06-13 15:00:00,mobile
SESS_U00011_12_0,U00011,2026-06-13 21:00:00,mobile
SESS_U00013_12_0,U00013,2026-06-13 08:00:00,desktop
SESS_U00015_12_0,U00015,2026-06-13 16:00:00,tablet
SESS_U00016_12_0,U00016,2026-06-13 08:00:00,desktop
SESS_U00016_12_1,U00016,2026-06-13 11:00:00,desktop
SESS_U00018_12_0,U00018,2026-06-13 09:00:00,mobile
SESS_U00021_12_0,U00021,2026-06-13 14:00:00,mobile
SESS_U00022_12_0,U00022,2026-06-13 21:00:00,mobile
SESS_U00025_12_0,U00025,2026-06-13 17:00:00,mobile
SESS_U00026_12_0,U00026,2026-06-13 22:00:00,mobile
SESS_U00033_12_0,U00033,2026-06-13 21:00:00,mobile
SESS_U00033_12_1,U00033,2026-06-13 19:00:00,mobile
SESS_U00034_12_0,U00034,2026-06-13 21:00:00,desktop
SESS_U00041_12_0,U00041,2026-06-13 16:00:00,desktop
SESS_U00041_12_1,U00041,2026-06-13 22:00:00,mobile
SESS_U00043_12_0,U00043,2026-06-13 13:00:00,mobile
SESS_U00045_12_0,U00045,2026-06-13 20:00:00,mobile
SESS_U00049_12_0,U00049,2026-06-13 11:00:00,mobile
SESS_U00051_12_0,U00051,2026-06-13 12:00:00,mobile
SESS_U00056_12_0,U00056,2026-06-13 11:00:00,mobile
SESS_U00057_12_0,U00057,2026-06-13 08:00:00,desktop
SESS_U00059_12_0,U00059,2026-06-13 17:00:00,desktop
SESS_U00059_12_1,U00059,2026-06-13 14:00:00,tablet
SESS_U00060_12_0,U00060,2026-06-13 19:00:00,mobile
SESS_U00087_12_0,U00087,2026-06-13 10:00:00,desktop
SESS_U00089_12_0,U00089,2026-06-13 13:00:00,mobile
SESS_U00091_12_0,U00091,2026-06-13 16:00:00,mobile
SESS_U00092_12_0,U00092,2026-06-13 20:00:00,mobile
SESS_U00093_12_0,U00093,2026-06-13 11:00:00,mobile
SESS_U00096_12_0,U00096,2026-06-13 10:00:00,desktop
SESS_U00098_12_0,U00098,2026-06-13 21:00:00,mobile
SESS_U00098_12_1,U00098,2026-06-13 13:00:00,tablet
SESS_U00101_12_0,U00101,2026-06-13 16:00:00,desktop
SESS_U00102_12_0,U00102,2026-06-13 15:00:00,mobile
SESS_U00102_12_1,U00102,2026-06-13 10:00:00,mobile
SESS_U00103_12_0,U00103,2026-06-13 14:00:00,desktop
SESS_U00106_12_0,U00106,2026-06-13 20:00:00,mobile
SESS_U00108_12_0,U00108,2026-06-13 14:00:00,desktop
SESS_U00112_12_0,U00112,2026-06-13 19:00:00,mobile
SESS_U00116_12_0,U00116,2026-06-13 20:00:00,mobile
SESS_U00117_12_0,U00117,2026-06-13 14:00:00,mobile
SESS_U00121_12_0,U00121,2026-06-13 16:00:00,tablet
SESS_U00122_12_0,U00122,2026-06-13 15:00:00,desktop
SESS_U00136_12_0,U00136,2026-06-13 14:00:00,mobile
SESS_U00138_12_0,U00138,2026-06-13 08:00:00,mobile
SESS_U00141_12_0,U00141,2026-06-13 16:00:00,desktop
SESS_U00142_12_0,U00142,2026-06-13 22:00:00,desktop
SESS_U00143_12_0,U00143,2026-06-13 15:00:00,mobile
SESS_U00145_12_0,U00145,2026-06-13 08:00:00,mobile
SESS_U00145_12_1,U00145,2026-06-13 13:00:00,tablet
SESS_U00151_12_0,U00151,2026-06-13 11:00:00,desktop
SESS_U00152_12_0,U00152,2026-06-13 09:00:00,tablet
SESS_U00154_12_0,U00154,2026-06-13 07:00:00,desktop
SESS_U00155_12_0,U00155,2026-06-13 10:00:00,mobile
SESS_U00156_12_0,U00156,2026-06-13 18:00:00,mobile
SESS_U00157_12_0,U00157,2026-06-13 16:00:00,mobile
SESS_U00169_12_0,U00169,2026-06-13 20:00:00,desktop
SESS_U00169_12_1,U00169,2026-06-13 07:00:00,mobile
SESS_U00179_12_0,U00179,2026-06-13 18:00:00,mobile
SESS_U00180_12_0,U00180,2026-06-13 07:00:00,mobile
SESS_U00183_12_0,U00183,2026-06-13 19:00:00,mobile
SESS_U00184_12_0,U00184,2026-06-13 11:00:00,mobile
SESS_U00185_12_0,U00185,2026-06-13 16:00:00,mobile
SESS_U00186_12_0,U00186,2026-06-13 19:00:00,mobile
SESS_U00192_12_0,U00192,2026-06-13 10:00:00,mobile
SESS_U00198_12_0,U00198,2026-06-13 13:00:00,desktop
SESS_U00198_12_1,U00198,2026-06-13 14:00:00,desktop
SESS_U00200_12_0,U00200,2026-06-13 11:00:00,mobile
SESS_U00202_12_0,U00202,2026-06-13 12:00:00,mobile
SESS_U00215_12_0,U00215,2026-06-13 07:00:00,desktop
SESS_U00220_12_0,U00220,2026-06-13 19:00:00,desktop
SESS_U00222_12_0,U00222,2026-06-13 15:00:00,mobile
SESS_U00222_12_1,U00222,2026-06-13 09:00:00,desktop
SESS_U00227_12_0,U00227,2026-06-13 14:00:00,desktop
SESS_U00228_12_0,U00228,2026-06-13 16:00:00,desktop
SESS_U00232_12_0,U00232,2026-06-13 15:00:00,desktop
SESS_U00234_12_0,U00234,2026-06-13 10:00:00,mobile
SESS_U00236_12_0,U00236,2026-06-13 11:00:00,mobile
SESS_U00236_12_1,U00236,2026-06-13 08:00:00,desktop
SESS_U00237_12_0,U00237,2026-06-13 09:00:00,desktop
SESS_U00242_12_0,U00242,2026-06-13 11:00:00,mobile
SESS_U00245_12_0,U00245,2026-06-13 22:00:00,desktop
SESS_U00245_12_1,U00245,2026-06-13 22:00:00,desktop
SESS_U00246_12_0,U00246,2026-06-13 10:00:00,mobile
SESS_U00249_12_0,U00249,2026-06-13 10:00:00,mobile
SESS_U00249_12_1,U00249,2026-06-13 19:00:00,desktop
SESS_U00270_12_0,U00270,2026-06-13 18:00:00,desktop
SESS_U00270_12_1,U00270,2026-06-13 17:00:00,mobile
SESS_U00276_12_0,U00276,2026-06-13 09:00:00,mobile
SESS_U00279_12_0,U00279,2026-06-13 08:00:00,mobile
SESS_U00279_12_1,U00279,2026-06-13 11:00:00,mobile
SESS_U00282_12_0,U00282,2026-06-13 07:00:00,mobile
SESS_U00287_12_0,U00287,2026-06-13 22:00:00,desktop
SESS_U00290_12_0,U00290,2026-06-13 14:00:00,mobile
SESS_U00291_12_0,U00291,2026-06-13 09:00:00,mobile
SESS_U00293_12_0,U00293,2026-06-13 19:00:00,mobile
SESS_U00296_12_0,U00296,2026-06-13 12:00:00,mobile
SESS_U00297_12_0,U00297,2026-06-13 08:00:00,desktop
SESS_U00297_12_1,U00297,2026-06-13 16:00:00,desktop
SESS_U00298_12_0,U00298,2026-06-13 22:00:00,desktop
SESS_U00299_12_0,U00299,2026-06-13 19:00:00,mobile
SESS_U00301_12_0,U00301,2026-06-13 21:00:00,mobile
SESS_U00305_12_0,U00305,2026-06-13 17:00:00,mobile
SESS_U00306_12_0,U00306,2026-06-13 19:00:00,mobile
SESS_U00308_12_0,U00308,2026-06-13 09:00:00,mobile
SESS_U00310_12_0,U00310,2026-06-13 18:00:00,mobile
SESS_U00311_12_0,U00311,2026-06-13 07:00:00,mobile
SESS_U00313_12_0,U00313,2026-06-13 13:00:00,desktop
SESS_U00320_12_0,U00320,2026-06-13 20:00:00,desktop
SESS_U00321_12_0,U00321,2026-06-13 10:00:00,mobile
SESS_U00323_12_0,U00323,2026-06-13 09:00:00,mobile
SESS_U00327_12_0,U00327,2026-06-13 10:00:00,mobile
SESS_U00330_12_0,U00330,2026-06-13 18:00:00,desktop
SESS_U00332_12_0,U00332,2026-06-13 11:00:00,tablet
SESS_U00335_12_0,U00335,2026-06-13 21:00:00,mobile
SESS_U00338_12_0,U00338,2026-06-13 20:00:00,desktop
SESS_U00341_12_0,U00341,2026-06-13 19:00:00,desktop
SESS_U00342_12_0,U00342,2026-06-13 18:00:00,tablet
SESS_U00343_12_0,U00343,2026-06-13 20:00:00,mobile
SESS_U00358_12_0,U00358,2026-06-13 21:00:00,tablet
SESS_U00359_12_0,U00359,2026-06-13 18:00:00,mobile
SESS_U00360_12_0,U00360,2026-06-13 20:00:00,desktop
SESS_U00364_12_0,U00364,2026-06-13 21:00:00,mobile
SESS_U00367_12_0,U00367,2026-06-13 17:00:00,mobile
SESS_U00370_12_0,U00370,2026-06-13 09:00:00,tablet
SESS_U00371_12_0,U00371,2026-06-13 08:00:00,tablet
SESS_U00372_12_0,U00372,2026-06-13 18:00:00,mobile
SESS_U00378_12_0,U00378,2026-06-13 12:00:00,tablet
SESS_U00379_12_0,U00379,2026-06-13 07:00:00,desktop
SESS_U00380_12_0,U00380,2026-06-13 08:00:00,mobile
SESS_U00383_12_0,U00383,2026-06-13 20:00:00,mobile
SESS_U00388_12_0,U00388,2026-06-13 15:00:00,mobile
SESS_U00388_12_1,U00388,2026-06-13 07:00:00,tablet
SESS_U00390_12_0,U00390,2026-06-13 17:00:00,mobile
SESS_U00393_12_0,U00393,2026-06-13 17:00:00,desktop
SESS_U00394_12_0,U00394,2026-06-13 18:00:00,tablet
SESS_U00395_12_0,U00395,2026-06-13 13:00:00,desktop
SESS_U00408_12_0,U00408,2026-06-13 15:00:00,mobile
SESS_U00409_12_0,U00409,2026-06-13 20:00:00,mobile
SESS_U00409_12_1,U00409,2026-06-13 21:00:00,desktop
SESS_U00410_12_0,U00410,2026-06-13 19:00:00,mobile
SESS_U00410_12_1,U00410,2026-06-13 20:00:00,mobile
SESS_U00416_12_0,U00416,2026-06-13 19:00:00,mobile
SESS_U00417_12_0,U00417,2026-06-13 19:00:00,desktop
SESS_U00419_12_0,U00419,2026-06-13 15:00:00,mobile
SESS_U00420_12_0,U00420,2026-06-13 22:00:00,desktop
SESS_U00421_12_0,U00421,2026-06-13 22:00:00,mobile
SESS_U00429_12_0,U00429,2026-06-13 18:00:00,mobile
SESS_U00431_12_0,U00431,2026-06-13 21:00:00,desktop
SESS_U00432_12_0,U00432,2026-06-13 11:00:00,desktop
SESS_U00436_12_0,U00436,2026-06-13 11:00:00,mobile
SESS_U00437_12_0,U00437,2026-06-13 13:00:00,mobile
SESS_U00438_12_0,U00438,2026-06-13 21:00:00,mobile
SESS_U00444_12_0,U00444,2026-06-13 20:00:00,desktop
SESS_U00454_12_0,U00454,2026-06-13 20:00:00,tablet
SESS_U00456_12_0,U00456,2026-06-13 19:00:00,mobile
SESS_U00460_12_0,U00460,2026-06-13 11:00:00,mobile
SESS_U00463_12_0,U00463,2026-06-13 10:00:00,mobile
SESS_U00463_12_1,U00463,2026-06-13 15:00:00,desktop
SESS_U00465_12_0,U00465,2026-06-13 11:00:00,desktop
SESS_U00471_12_0,U00471,2026-06-13 19:00:00,mobile
SESS_U00472_12_0,U00472,2026-06-13 19:00:00,mobile
SESS_U00473_12_0,U00473,2026-06-13 08:00:00,desktop
SESS_U00477_12_0,U00477,2026-06-13 18:00:00,desktop
SESS_U00481_12_0,U00481,2026-06-13 10:00:00,desktop
SESS_U00490_12_0,U00490,2026-06-13 18:00:00,desktop
SESS_U00491_12_0,U00491,2026-06-13 13:00:00,desktop
SESS_U00498_12_0,U00498,2026-06-13 17:00:00,desktop
SESS_U00500_12_0,U00500,2026-06-13 11:00:00,mobile
SESS_U00503_12_0,U00503,2026-06-13 12:00:00,mobile
SESS_U00507_12_0,U00507,2026-06-13 12:00:00,mobile
SESS_U00510_12_0,U00510,2026-06-13 13:00:00,mobile
SESS_U00516_12_0,U00516,2026-06-13 16:00:00,mobile
SESS_U00520_12_0,U00520,2026-06-13 14:00:00,tablet
SESS_U00521_12_0,U00521,2026-06-13 07:00:00,mobile
SESS_U00523_12_0,U00523,2026-06-13 18:00:00,mobile
SESS_U00529_12_0,U00529,2026-06-13 08:00:00,desktop
SESS_U00535_12_0,U00535,2026-06-13 12:00:00,desktop
SESS_U00542_12_0,U00542,2026-06-13 19:00:00,mobile
SESS_U00542_12_1,U00542,2026-06-13 13:00:00,desktop
SESS_U00544_12_0,U00544,2026-06-13 14:00:00,desktop
SESS_U00556_12_0,U00556,2026-06-13 19:00:00,mobile
SESS_U00557_12_0,U00557,2026-06-13 13:00:00,mobile
SESS_U00561_12_0,U00561,2026-06-13 20:00:00,mobile
SESS_U00563_12_0,U00563,2026-06-13 22:00:00,desktop
SESS_U00566_12_0,U00566,2026-06-13 20:00:00,mobile
SESS_U00575_12_0,U00575,2026-06-13 15:00:00,mobile
SESS_U00578_12_0,U00578,2026-06-13 12:00:00,mobile
SESS_U00579_12_0,U00579,2026-06-13 15:00:00,mobile
SESS_U00584_12_0,U00584,2026-06-13 11:00:00,desktop
SESS_U00585_12_0,U00585,2026-06-13 16:00:00,mobile
SESS_U00589_12_0,U00589,2026-06-13 10:00:00,mobile
SESS_U00591_12_0,U00591,2026-06-13 15:00:00,desktop
SESS_U00597_12_0,U00597,2026-06-13 12:00:00,desktop
SESS_U00600_12_0,U00600,2026-06-13 19:00:00,desktop
SESS_U00603_12_0,U00603,2026-06-13 18:00:00,mobile
SESS_U00603_12_1,U00603,2026-06-13 15:00:00,desktop
SESS_U00610_12_0,U00610,2026-06-13 15:00:00,mobile
SESS_U00616_12_0,U00616,2026-06-13 19:00:00,tablet
SESS_U00616_12_1,U00616,2026-06-13 14:00:00,desktop
SESS_U00617_12_0,U00617,2026-06-13 09:00:00,mobile
SESS_U00617_12_1,U00617,2026-06-13 19:00:00,mobile
SESS_U00622_12_0,U00622,2026-06-13 12:00:00,desktop
SESS_U00623_12_0,U00623,2026-06-13 18:00:00,desktop
SESS_U00627_12_0,U00627,2026-06-13 13:00:00,mobile
SESS_U00632_12_0,U00632,2026-06-13 08:00:00,mobile
SESS_U00634_12_0,U00634,2026-06-13 10:00:00,desktop
SESS_U00636_12_0,U00636,2026-06-13 14:00:00,mobile
SESS_U00638_12_0,U00638,2026-06-13 10:00:00,tablet
SESS_U00640_12_0,U00640,2026-06-13 22:00:00,desktop
SESS_U00640_12_1,U00640,2026-06-13 07:00:00,mobile
SESS_U00641_12_0,U00641,2026-06-13 15:00:00,mobile
SESS_U00642_12_0,U00642,2026-06-13 16:00:00,desktop
SESS_U00646_12_0,U00646,2026-06-13 20:00:00,mobile
SESS_U00650_12_0,U00650,2026-06-13 19:00:00,desktop
SESS_U00653_12_0,U00653,2026-06-13 17:00:00,desktop
SESS_U00656_12_0,U00656,2026-06-13 18:00:00,mobile
SESS_U00659_12_0,U00659,2026-06-13 14:00:00,desktop
SESS_U00663_12_0,U00663,2026-06-13 16:00:00,mobile
SESS_U00664_12_0,U00664,2026-06-13 11:00:00,mobile
SESS_U00668_12_0,U00668,2026-06-13 11:00:00,mobile
SESS_U00671_12_0,U00671,2026-06-13 21:00:00,mobile
SESS_U00671_12_1,U00671,2026-06-13 15:00:00,mobile
SESS_U00676_12_0,U00676,2026-06-13 21:00:00,desktop
SESS_U00676_12_1,U00676,2026-06-13 17:00:00,mobile
SESS_U00677_12_0,U00677,2026-06-13 19:00:00,mobile
SESS_U00682_12_0,U00682,2026-06-13 21:00:00,mobile
SESS_U00698_12_0,U00698,2026-06-13 22:00:00,mobile
SESS_U00706_12_0,U00706,2026-06-13 16:00:00,mobile
SESS_U00707_12_0,U00707,2026-06-13 16:00:00,mobile
SESS_U00714_12_0,U00714,2026-06-13 07:00:00,desktop
SESS_U00715_12_0,U00715,2026-06-13 17:00:00,mobile
SESS_U00720_12_0,U00720,2026-06-13 22:00:00,desktop
SESS_U00722_12_0,U00722,2026-06-13 14:00:00,desktop
SESS_U00726_12_0,U00726,2026-06-13 21:00:00,mobile
SESS_U00728_12_0,U00728,2026-06-13 16:00:00,mobile
SESS_U00737_12_0,U00737,2026-06-13 10:00:00,mobile
SESS_U00739_12_0,U00739,2026-06-13 16:00:00,mobile
SESS_U00739_12_1,U00739,2026-06-13 17:00:00,mobile
SESS_U00745_12_0,U00745,2026-06-13 19:00:00,mobile
SESS_U00746_12_0,U00746,2026-06-13 08:00:00,mobile
SESS_U00748_12_0,U00748,2026-06-13 22:00:00,mobile
SESS_U00753_12_0,U00753,2026-06-13 15:00:00,mobile
SESS_U00755_12_0,U00755,2026-06-13 19:00:00,desktop
SESS_U00757_12_0,U00757,2026-06-13 14:00:00,mobile
SESS_U00758_12_0,U00758,2026-06-13 12:00:00,desktop
SESS_U00759_12_0,U00759,2026-06-13 17:00:00,desktop
SESS_U00759_12_1,U00759,2026-06-13 10:00:00,mobile
SESS_U00760_12_0,U00760,2026-06-13 13:00:00,mobile
SESS_U00762_12_0,U00762,2026-06-13 18:00:00,mobile
SESS_U00767_12_0,U00767,2026-06-13 22:00:00,desktop
SESS_U00768_12_0,U00768,2026-06-13 11:00:00,mobile
SESS_U00773_12_0,U00773,2026-06-13 19:00:00,desktop
SESS_U00774_12_0,U00774,2026-06-13 22:00:00,mobile
SESS_U00775_12_0,U00775,2026-06-13 14:00:00,mobile
SESS_U00775_12_1,U00775,2026-06-13 09:00:00,mobile
SESS_U00777_12_0,U00777,2026-06-13 14:00:00,mobile
SESS_U00784_12_0,U00784,2026-06-13 11:00:00,mobile
SESS_U00786_12_0,U00786,2026-06-13 08:00:00,mobile
SESS_U00790_12_0,U00790,2026-06-13 10:00:00,mobile
SESS_U00794_12_0,U00794,2026-06-13 14:00:00,desktop
SESS_U00798_12_0,U00798,2026-06-13 20:00:00,desktop
SESS_U00002_13_0,U00002,2026-06-14 15:00:00,mobile
SESS_U00003_13_0,U00003,2026-06-14 09:00:00,desktop
SESS_U00028_13_0,U00028,2026-06-14 11:00:00,mobile
SESS_U00033_13_0,U00033,2026-06-14 21:00:00,desktop
SESS_U00039_13_0,U00039,2026-06-14 22:00:00,mobile
SESS_U00039_13_1,U00039,2026-06-14 21:00:00,mobile
SESS_U00053_13_0,U00053,2026-06-14 16:00:00,mobile
SESS_U00056_13_0,U00056,2026-06-14 15:00:00,desktop
SESS_U00058_13_0,U00058,2026-06-14 22:00:00,desktop
SESS_U00058_13_1,U00058,2026-06-14 20:00:00,mobile
SESS_U00062_13_0,U00062,2026-06-14 13:00:00,mobile
SESS_U00065_13_0,U00065,2026-06-14 10:00:00,desktop
SESS_U00066_13_0,U00066,2026-06-14 16:00:00,tablet
SESS_U00067_13_0,U00067,2026-06-14 12:00:00,mobile
SESS_U00068_13_0,U00068,2026-06-14 11:00:00,mobile
SESS_U00069_13_0,U00069,2026-06-14 18:00:00,mobile
SESS_U00076_13_0,U00076,2026-06-14 08:00:00,mobile
SESS_U00082_13_0,U00082,2026-06-14 09:00:00,mobile
SESS_U00085_13_0,U00085,2026-06-14 08:00:00,mobile
SESS_U00089_13_0,U00089,2026-06-14 13:00:00,desktop
SESS_U00090_13_0,U00090,2026-06-14 15:00:00,desktop
SESS_U00093_13_0,U00093,2026-06-14 22:00:00,mobile
SESS_U00094_13_0,U00094,2026-06-14 20:00:00,desktop
SESS_U00105_13_0,U00105,2026-06-14 22:00:00,desktop
SESS_U00111_13_0,U00111,2026-06-14 08:00:00,tablet
SESS_U00114_13_0,U00114,2026-06-14 11:00:00,mobile
SESS_U00116_13_0,U00116,2026-06-14 09:00:00,mobile
SESS_U00119_13_0,U00119,2026-06-14 07:00:00,mobile
SESS_U00124_13_0,U00124,2026-06-14 21:00:00,mobile
SESS_U00127_13_0,U00127,2026-06-14 10:00:00,desktop
SESS_U00129_13_0,U00129,2026-06-14 21:00:00,desktop
SESS_U00132_13_0,U00132,2026-06-14 09:00:00,mobile
SESS_U00134_13_0,U00134,2026-06-14 07:00:00,mobile
SESS_U00134_13_1,U00134,2026-06-14 10:00:00,mobile
SESS_U00140_13_0,U00140,2026-06-14 16:00:00,desktop
SESS_U00145_13_0,U00145,2026-06-14 17:00:00,desktop
SESS_U00149_13_0,U00149,2026-06-14 22:00:00,desktop
SESS_U00151_13_0,U00151,2026-06-14 19:00:00,mobile
SESS_U00162_13_0,U00162,2026-06-14 14:00:00,mobile
SESS_U00166_13_0,U00166,2026-06-14 08:00:00,mobile
SESS_U00166_13_1,U00166,2026-06-14 07:00:00,mobile
SESS_U00170_13_0,U00170,2026-06-14 13:00:00,desktop
SESS_U00172_13_0,U00172,2026-06-14 14:00:00,desktop
SESS_U00173_13_0,U00173,2026-06-14 21:00:00,mobile
SESS_U00174_13_0,U00174,2026-06-14 13:00:00,desktop
SESS_U00175_13_0,U00175,2026-06-14 09:00:00,mobile
SESS_U00176_13_0,U00176,2026-06-14 08:00:00,mobile
SESS_U00179_13_0,U00179,2026-06-14 22:00:00,mobile
SESS_U00180_13_0,U00180,2026-06-14 07:00:00,desktop
SESS_U00184_13_0,U00184,2026-06-14 07:00:00,desktop
SESS_U00185_13_0,U00185,2026-06-14 11:00:00,mobile
SESS_U00187_13_0,U00187,2026-06-14 08:00:00,desktop
SESS_U00188_13_0,U00188,2026-06-14 12:00:00,mobile
SESS_U00196_13_0,U00196,2026-06-14 10:00:00,mobile
SESS_U00196_13_1,U00196,2026-06-14 09:00:00,mobile
SESS_U00200_13_0,U00200,2026-06-14 18:00:00,desktop
SESS_U00202_13_0,U00202,2026-06-14 13:00:00,desktop
SESS_U00214_13_0,U00214,2026-06-14 18:00:00,mobile
SESS_U00216_13_0,U00216,2026-06-14 21:00:00,desktop
SESS_U00221_13_0,U00221,2026-06-14 08:00:00,mobile
SESS_U00221_13_1,U00221,2026-06-14 09:00:00,mobile
SESS_U00229_13_0,U00229,2026-06-14 09:00:00,mobile
SESS_U00232_13_0,U00232,2026-06-14 14:00:00,mobile
SESS_U00232_13_1,U00232,2026-06-14 18:00:00,mobile
SESS_U00233_13_0,U00233,2026-06-14 07:00:00,desktop
SESS_U00237_13_0,U00237,2026-06-14 15:00:00,desktop
SESS_U00239_13_0,U00239,2026-06-14 11:00:00,mobile
SESS_U00240_13_0,U00240,2026-06-14 17:00:00,desktop
SESS_U00243_13_0,U00243,2026-06-14 11:00:00,desktop
SESS_U00246_13_0,U00246,2026-06-14 16:00:00,mobile
SESS_U00246_13_1,U00246,2026-06-14 11:00:00,mobile
SESS_U00254_13_0,U00254,2026-06-14 10:00:00,mobile
SESS_U00261_13_0,U00261,2026-06-14 11:00:00,desktop
SESS_U00263_13_0,U00263,2026-06-14 08:00:00,mobile
SESS_U00263_13_1,U00263,2026-06-14 13:00:00,mobile
SESS_U00269_13_0,U00269,2026-06-14 13:00:00,mobile
SESS_U00272_13_0,U00272,2026-06-14 17:00:00,desktop
SESS_U00276_13_0,U00276,2026-06-14 15:00:00,mobile
SESS_U00279_13_0,U00279,2026-06-14 11:00:00,desktop
SESS_U00279_13_1,U00279,2026-06-14 12:00:00,desktop
SESS_U00280_13_0,U00280,2026-06-14 13:00:00,desktop
SESS_U00282_13_0,U00282,2026-06-14 21:00:00,desktop
SESS_U00286_13_0,U00286,2026-06-14 12:00:00,mobile
SESS_U00290_13_0,U00290,2026-06-14 10:00:00,mobile
SESS_U00293_13_0,U00293,2026-06-14 10:00:00,mobile
SESS_U00301_13_0,U00301,2026-06-14 18:00:00,mobile
SESS_U00310_13_0,U00310,2026-06-14 12:00:00,mobile
SESS_U00310_13_1,U00310,2026-06-14 20:00:00,desktop
SESS_U00311_13_0,U00311,2026-06-14 22:00:00,desktop
SESS_U00313_13_0,U00313,2026-06-14 20:00:00,desktop
SESS_U00314_13_0,U00314,2026-06-14 17:00:00,mobile
SESS_U00316_13_0,U00316,2026-06-14 17:00:00,desktop
SESS_U00321_13_0,U00321,2026-06-14 13:00:00,mobile
SESS_U00326_13_0,U00326,2026-06-14 09:00:00,desktop
SESS_U00330_13_0,U00330,2026-06-14 19:00:00,mobile
SESS_U00331_13_0,U00331,2026-06-14 19:00:00,mobile
SESS_U00339_13_0,U00339,2026-06-14 08:00:00,desktop
SESS_U00344_13_0,U00344,2026-06-14 12:00:00,mobile
SESS_U00345_13_0,U00345,2026-06-14 16:00:00,tablet
SESS_U00352_13_0,U00352,2026-06-14 21:00:00,desktop
SESS_U00357_13_0,U00357,2026-06-14 08:00:00,mobile
SESS_U00364_13_0,U00364,2026-06-14 11:00:00,mobile
SESS_U00364_13_1,U00364,2026-06-14 22:00:00,desktop
SESS_U00365_13_0,U00365,2026-06-14 10:00:00,mobile
SESS_U00367_13_0,U00367,2026-06-14 14:00:00,mobile
SESS_U00378_13_0,U00378,2026-06-14 17:00:00,tablet
SESS_U00380_13_0,U00380,2026-06-14 17:00:00,mobile
SESS_U00384_13_0,U00384,2026-06-14 16:00:00,mobile
SESS_U00384_13_1,U00384,2026-06-14 08:00:00,mobile
SESS_U00385_13_0,U00385,2026-06-14 18:00:00,mobile
SESS_U00390_13_0,U00390,2026-06-14 20:00:00,desktop
SESS_U00391_13_0,U00391,2026-06-14 12:00:00,mobile
SESS_U00392_13_0,U00392,2026-06-14 13:00:00,mobile
SESS_U00399_13_0,U00399,2026-06-14 16:00:00,desktop
SESS_U00400_13_0,U00400,2026-06-14 12:00:00,mobile
SESS_U00403_13_0,U00403,2026-06-14 07:00:00,desktop
SESS_U00404_13_0,U00404,2026-06-14 16:00:00,mobile
SESS_U00405_13_0,U00405,2026-06-14 09:00:00,mobile
SESS_U00406_13_0,U00406,2026-06-14 10:00:00,mobile
SESS_U00410_13_0,U00410,2026-06-14 22:00:00,desktop
SESS_U00410_13_1,U00410,2026-06-14 21:00:00,desktop
SESS_U00411_13_0,U00411,2026-06-14 08:00:00,desktop
SESS_U00413_13_0,U00413,2026-06-14 07:00:00,mobile
SESS_U00414_13_0,U00414,2026-06-14 17:00:00,mobile
SESS_U00416_13_0,U00416,2026-06-14 22:00:00,mobile
SESS_U00417_13_0,U00417,2026-06-14 12:00:00,desktop
SESS_U00419_13_0,U00419,2026-06-14 09:00:00,mobile
SESS_U00421_13_0,U00421,2026-06-14 11:00:00,desktop
SESS_U00422_13_0,U00422,2026-06-14 19:00:00,desktop
SESS_U00422_13_1,U00422,2026-06-14 07:00:00,desktop
SESS_U00428_13_0,U00428,2026-06-14 09:00:00,mobile
SESS_U00432_13_0,U00432,2026-06-14 22:00:00,mobile
SESS_U00433_13_0,U00433,2026-06-14 09:00:00,mobile
SESS_U00439_13_0,U00439,2026-06-14 08:00:00,mobile
SESS_U00439_13_1,U00439,2026-06-14 16:00:00,desktop
SESS_U00440_13_0,U00440,2026-06-14 11:00:00,mobile
SESS_U00441_13_0,U00441,2026-06-14 15:00:00,mobile
SESS_U00441_13_1,U00441,2026-06-14 12:00:00,mobile
SESS_U00447_13_0,U00447,2026-06-14 18:00:00,mobile
SESS_U00449_13_0,U00449,2026-06-14 09:00:00,mobile
SESS_U00457_13_0,U00457,2026-06-14 08:00:00,mobile
SESS_U00459_13_0,U00459,2026-06-14 09:00:00,mobile
SESS_U00463_13_0,U00463,2026-06-14 11:00:00,desktop
SESS_U00467_13_0,U00467,2026-06-14 08:00:00,desktop
SESS_U00468_13_0,U00468,2026-06-14 12:00:00,mobile
SESS_U00470_13_0,U00470,2026-06-14 17:00:00,mobile
SESS_U00471_13_0,U00471,2026-06-14 11:00:00,mobile
SESS_U00471_13_1,U00471,2026-06-14 09:00:00,mobile
SESS_U00473_13_0,U00473,2026-06-14 10:00:00,desktop
SESS_U00477_13_0,U00477,2026-06-14 19:00:00,desktop
SESS_U00482_13_0,U00482,2026-06-14 20:00:00,desktop
SESS_U00483_13_0,U00483,2026-06-14 13:00:00,desktop
SESS_U00484_13_0,U00484,2026-06-14 18:00:00,mobile
SESS_U00486_13_0,U00486,2026-06-14 10:00:00,mobile
SESS_U00487_13_0,U00487,2026-06-14 14:00:00,mobile
SESS_U00488_13_0,U00488,2026-06-14 12:00:00,mobile
SESS_U00489_13_0,U00489,2026-06-14 22:00:00,desktop
SESS_U00490_13_0,U00490,2026-06-14 19:00:00,mobile
SESS_U00491_13_0,U00491,2026-06-14 18:00:00,mobile
SESS_U00495_13_0,U00495,2026-06-14 10:00:00,desktop
SESS_U00495_13_1,U00495,2026-06-14 18:00:00,mobile
SESS_U00507_13_0,U00507,2026-06-14 21:00:00,mobile
SESS_U00507_13_1,U00507,2026-06-14 15:00:00,desktop
SESS_U00518_13_0,U00518,2026-06-14 11:00:00,desktop
SESS_U00519_13_0,U00519,2026-06-14 22:00:00,desktop
SESS_U00519_13_1,U00519,2026-06-14 18:00:00,mobile
SESS_U00524_13_0,U00524,2026-06-14 15:00:00,desktop
SESS_U00525_13_0,U00525,2026-06-14 18:00:00,desktop
SESS_U00527_13_0,U00527,2026-06-14 16:00:00,mobile
SESS_U00531_13_0,U00531,2026-06-14 07:00:00,mobile
SESS_U00534_13_0,U00534,2026-06-14 15:00:00,desktop
SESS_U00537_13_0,U00537,2026-06-14 20:00:00,desktop
SESS_U00537_13_1,U00537,2026-06-14 17:00:00,mobile
SESS_U00542_13_0,U00542,2026-06-14 09:00:00,tablet
SESS_U00544_13_0,U00544,2026-06-14 22:00:00,mobile
SESS_U00545_13_0,U00545,2026-06-14 16:00:00,mobile
SESS_U00545_13_1,U00545,2026-06-14 12:00:00,desktop
SESS_U00546_13_0,U00546,2026-06-14 07:00:00,mobile
SESS_U00548_13_0,U00548,2026-06-14 16:00:00,desktop
SESS_U00549_13_0,U00549,2026-06-14 07:00:00,desktop
SESS_U00557_13_0,U00557,2026-06-14 18:00:00,desktop
SESS_U00559_13_0,U00559,2026-06-14 09:00:00,mobile
SESS_U00562_13_0,U00562,2026-06-14 20:00:00,mobile
SESS_U00564_13_0,U00564,2026-06-14 07:00:00,mobile
SESS_U00565_13_0,U00565,2026-06-14 19:00:00,mobile
SESS_U00565_13_1,U00565,2026-06-14 07:00:00,mobile
SESS_U00577_13_0,U00577,2026-06-14 10:00:00,mobile
SESS_U00582_13_0,U00582,2026-06-14 11:00:00,desktop
SESS_U00585_13_0,U00585,2026-06-14 08:00:00,mobile
SESS_U00588_13_0,U00588,2026-06-14 20:00:00,desktop
SESS_U00589_13_0,U00589,2026-06-14 12:00:00,mobile
SESS_U00595_13_0,U00595,2026-06-14 20:00:00,tablet
SESS_U00601_13_0,U00601,2026-06-14 21:00:00,mobile
SESS_U00606_13_0,U00606,2026-06-14 21:00:00,mobile
SESS_U00607_13_0,U00607,2026-06-14 15:00:00,desktop
SESS_U00608_13_0,U00608,2026-06-14 10:00:00,mobile
SESS_U00611_13_0,U00611,2026-06-14 22:00:00,mobile
SESS_U00618_13_0,U00618,2026-06-14 17:00:00,mobile
SESS_U00618_13_1,U00618,2026-06-14 14:00:00,mobile
SESS_U00620_13_0,U00620,2026-06-14 14:00:00,desktop
SESS_U00620_13_1,U00620,2026-06-14 12:00:00,desktop
SESS_U00624_13_0,U00624,2026-06-14 09:00:00,desktop
SESS_U00626_13_0,U00626,2026-06-14 09:00:00,mobile
SESS_U00632_13_0,U00632,2026-06-14 17:00:00,desktop
SESS_U00635_13_0,U00635,2026-06-14 10:00:00,mobile
SESS_U00638_13_0,U00638,2026-06-14 20:00:00,desktop
SESS_U00640_13_0,U00640,2026-06-14 13:00:00,mobile
SESS_U00641_13_0,U00641,2026-06-14 14:00:00,desktop
SESS_U00642_13_0,U00642,2026-06-14 07:00:00,desktop
SESS_U00645_13_0,U00645,2026-06-14 11:00:00,desktop
SESS_U00646_13_0,U00646,2026-06-14 07:00:00,mobile
SESS_U00649_13_0,U00649,2026-06-14 12:00:00,desktop
SESS_U00650_13_0,U00650,2026-06-14 14:00:00,mobile
SESS_U00654_13_0,U00654,2026-06-14 12:00:00,mobile
SESS_U00659_13_0,U00659,2026-06-14 07:00:00,mobile
SESS_U00661_13_0,U00661,2026-06-14 12:00:00,desktop
SESS_U00661_13_1,U00661,2026-06-14 20:00:00,desktop
SESS_U00662_13_0,U00662,2026-06-14 12:00:00,mobile
SESS_U00662_13_1,U00662,2026-06-14 13:00:00,mobile
SESS_U00671_13_0,U00671,2026-06-14 11:00:00,desktop
SESS_U00672_13_0,U00672,2026-06-14 21:00:00,mobile
SESS_U00672_13_1,U00672,2026-06-14 19:00:00,desktop
SESS_U00673_13_0,U00673,2026-06-14 14:00:00,desktop
SESS_U00678_13_0,U00678,2026-06-14 08:00:00,desktop
SESS_U00679_13_0,U00679,2026-06-14 15:00:00,desktop
SESS_U00683_13_0,U00683,2026-06-14 14:00:00,mobile
SESS_U00684_13_0,U00684,2026-06-14 17:00:00,mobile
SESS_U00684_13_1,U00684,2026-06-14 18:00:00,mobile
SESS_U00692_13_0,U00692,2026-06-14 19:00:00,mobile
SESS_U00692_13_1,U00692,2026-06-14 16:00:00,mobile
SESS_U00698_13_0,U00698,2026-06-14 22:00:00,desktop
SESS_U00699_13_0,U00699,2026-06-14 11:00:00,desktop
SESS_U00703_13_0,U00703,2026-06-14 10:00:00,mobile
SESS_U00704_13_0,U00704,2026-06-14 13:00:00,desktop
SESS_U00704_13_1,U00704,2026-06-14 20:00:00,mobile
SESS_U00712_13_0,U00712,2026-06-14 13:00:00,mobile
SESS_U00714_13_0,U00714,2026-06-14 08:00:00,desktop
SESS_U00715_13_0,U00715,2026-06-14 18:00:00,mobile
SESS_U00715_13_1,U00715,2026-06-14 10:00:00,desktop
SESS_U00717_13_0,U00717,2026-06-14 19:00:00,mobile
SESS_U00718_13_0,U00718,2026-06-14 07:00:00,desktop
SESS_U00719_13_0,U00719,2026-06-14 18:00:00,mobile
SESS_U00719_13_1,U00719,2026-06-14 17:00:00,mobile
SESS_U00725_13_0,U00725,2026-06-14 14:00:00,mobile
SESS_U00726_13_0,U00726,2026-06-14 20:00:00,mobile
SESS_U00727_13_0,U00727,2026-06-14 09:00:00,desktop
SESS_U00731_13_0,U00731,2026-06-14 10:00:00,desktop
SESS_U00731_13_1,U00731,2026-06-14 13:00:00,mobile
SESS_U00736_13_0,U00736,2026-06-14 07:00:00,mobile
SESS_U00749_13_0,U00749,2026-06-14 21:00:00,mobile
SESS_U00753_13_0,U00753,2026-06-14 10:00:00,mobile
SESS_U00754_13_0,U00754,2026-06-14 12:00:00,desktop
SESS_U00756_13_0,U00756,2026-06-14 16:00:00,mobile
SESS_U00760_13_0,U00760,2026-06-14 21:00:00,mobile
SESS_U00760_13_1,U00760,2026-06-14 21:00:00,desktop
SESS_U00762_13_0,U00762,2026-06-14 16:00:00,desktop
SESS_U00763_13_0,U00763,2026-06-14 21:00:00,desktop
SESS_U00764_13_0,U00764,2026-06-14 21:00:00,mobile
SESS_U00765_13_0,U00765,2026-06-14 10:00:00,desktop
SESS_U00770_13_0,U00770,2026-06-14 11:00:00,mobile
SESS_U00775_13_0,U00775,2026-06-14 14:00:00,mobile
SESS_U00776_13_0,U00776,2026-06-14 20:00:00,mobile
SESS_U00781_13_0,U00781,2026-06-14 15:00:00,mobile
SESS_U00787_13_0,U00787,2026-06-14 10:00:00,desktop
SESS_U00795_13_0,U00795,2026-06-14 19:00:00,desktop
SESS_U00795_13_1,U00795,2026-06-14 22:00:00,desktop
SESS_U00798_13_0,U00798,2026-06-14 11:00:00,tablet
SESS_U00800_13_0,U00800,2026-06-14 09:00:00,mobile
